delivery_id,order_id,rider_id,assigned_at,picked_up_at,delivered_at,actual_delivery_minutes
1,1,3,2026-01-17 12:35:24,2026-01-17 13:02:24,2026-01-17 13:23:24,52
2,2,33,2026-01-05 12:28:54,2026-01-05 12:54:54,2026-01-05 13:16:54,52
3,3,69,2026-01-09 23:45:54,2026-01-10 00:15:54,2026-01-10 00:31:54,49
4,4,74,2026-01-24 19:58:54,2026-01-24 20:16:54,2026-01-24 20:30:54,36
5,5,39,2026-01-31 13:25:26,2026-01-31 13:56:26,2026-01-31 14:33:26,72
6,6,30,2026-01-03 22:14:24,2026-01-03 22:45:24,2026-01-03 23:03:24,53
7,7,22,2026-01-23 01:01:05,2026-01-23 01:13:05,2026-01-23 01:39:05,40
8,8,78,2026-01-15 22:27:37,2026-01-15 22:52:37,2026-01-15 23:20:37,57
9,10,25,2026-01-27 16:58:32,2026-01-27 17:27:32,2026-01-27 17:45:32,51
10,11,108,2026-01-03 12:11:55,2026-01-03 12:34:55,2026-01-03 12:47:55,40
11,12,112,2026-01-25 15:37:26,2026-01-25 16:02:26,2026-01-25 16:29:26,56
12,13,76,2026-01-12 14:14:43,2026-01-12 14:44:43,2026-01-12 15:11:43,58
13,14,110,2026-01-22 09:03:38,2026-01-22 09:19:38,2026-01-22 09:37:38,38
14,15,112,2026-01-26 21:43:54,2026-01-26 22:10:54,2026-01-26 22:40:54,58
15,16,11,2026-01-05 21:07:57,2026-01-05 21:36:57,2026-01-05 21:59:57,54
16,17,89,2026-01-07 22:47:39,2026-01-07 23:16:39,2026-01-07 23:46:39,62
17,19,38,2026-01-02 14:55:20,2026-01-02 15:24:20,2026-01-02 15:40:20,48
18,20,83,2026-01-20 03:45:45,2026-01-20 04:09:45,2026-01-20 04:29:45,47
19,21,94,2026-01-06 16:00:14,2026-01-06 16:28:14,2026-01-06 16:45:14,49
20,22,16,2026-01-30 21:21:12,2026-01-30 22:02:12,2026-01-30 22:17:12,60
21,23,105,2026-01-23 01:49:02,2026-01-23 02:18:02,2026-01-23 02:38:02,51
22,24,7,2026-01-29 22:23:08,2026-01-29 22:56:08,2026-01-29 23:14:08,52
23,25,4,2026-01-26 12:59:02,2026-01-26 13:26:02,2026-01-26 13:44:02,48
24,26,78,2026-01-22 12:50:15,2026-01-22 13:22:15,2026-01-22 13:41:15,54
25,27,41,2026-01-21 21:14:06,2026-01-21 21:47:06,2026-01-21 22:17:06,64
26,28,112,2026-01-24 00:34:43,2026-01-24 01:00:43,2026-01-24 01:20:43,47
27,29,95,2026-01-28 00:42:55,2026-01-28 00:55:55,2026-01-28 01:10:55,32
28,30,54,2026-01-18 23:12:35,2026-01-18 23:39:35,2026-01-19 00:00:35,52
29,31,99,2026-01-25 20:57:36,2026-01-25 21:28:36,2026-01-25 21:44:36,49
30,32,74,2026-01-21 21:47:58,2026-01-21 22:26:58,2026-01-21 22:50:58,66
31,33,44,2026-01-20 15:57:48,2026-01-20 16:21:48,2026-01-20 16:41:48,48
32,34,20,2026-01-09 03:55:19,2026-01-09 04:15:19,2026-01-09 04:35:19,42
33,35,81,2026-01-04 15:48:34,2026-01-04 16:05:34,2026-01-04 16:29:34,42
34,36,71,2026-01-29 17:07:14,2026-01-29 17:46:14,2026-01-29 18:00:14,57
35,37,23,2026-01-02 23:48:41,2026-01-03 00:06:41,2026-01-03 00:25:41,38
36,38,13,2026-01-02 21:39:13,2026-01-02 22:15:13,2026-01-02 22:43:13,67
37,39,43,2026-01-17 04:27:41,2026-01-17 04:50:41,2026-01-17 05:09:41,46
38,40,70,2026-01-26 13:18:33,2026-01-26 13:45:33,2026-01-26 14:05:33,48
39,41,97,2026-01-26 13:31:13,2026-01-26 14:12:13,2026-01-26 14:35:13,68
40,42,83,2026-01-12 14:41:05,2026-01-12 15:07:05,2026-01-12 15:33:05,54
41,43,65,2026-01-14 20:11:20,2026-01-14 20:32:20,2026-01-14 20:45:20,38
42,44,58,2026-01-04 23:06:38,2026-01-04 23:43:38,2026-01-05 00:00:38,56
43,45,82,2026-01-30 20:56:57,2026-01-30 21:26:57,2026-01-30 21:50:57,55
44,47,104,2026-01-31 12:02:20,2026-01-31 12:26:20,2026-01-31 12:51:20,53
45,48,111,2026-01-07 13:08:52,2026-01-07 13:29:52,2026-01-07 13:48:52,42
46,49,11,2026-01-18 20:47:24,2026-01-18 21:12:24,2026-01-18 21:40:24,54
47,50,36,2026-01-21 21:44:37,2026-01-21 22:24:37,2026-01-21 22:46:37,65
48,52,64,2026-01-02 13:44:53,2026-01-02 14:09:53,2026-01-02 14:40:53,57
49,53,88,2026-01-28 06:27:46,2026-01-28 06:48:46,2026-01-28 07:10:46,47
50,54,9,2026-01-31 23:00:27,2026-01-31 23:33:27,2026-01-31 23:51:27,53
51,55,21,2026-01-04 13:57:32,2026-01-04 14:21:32,2026-01-04 14:42:32,47
52,56,80,2026-01-11 22:43:30,2026-01-11 23:20:30,2026-01-11 23:44:30,63
53,57,62,2026-01-28 08:42:45,2026-01-28 09:17:45,2026-01-28 09:35:45,56
54,58,14,2026-01-04 13:04:11,2026-01-04 13:37:11,2026-01-04 14:03:11,62
55,59,66,2026-01-06 22:46:54,2026-01-06 23:16:54,2026-01-06 23:32:54,48
56,60,6,2026-01-18 03:12:09,2026-01-18 03:36:09,2026-01-18 03:56:09,47
57,61,51,2026-01-20 10:43:41,2026-01-20 11:08:41,2026-01-20 11:26:41,44
58,62,65,2026-01-03 04:49:56,2026-01-03 05:14:56,2026-01-03 05:32:56,46
59,63,88,2026-01-31 13:12:29,2026-01-31 13:43:29,2026-01-31 14:08:29,60
60,64,67,2026-01-12 18:11:46,2026-01-12 18:35:46,2026-01-12 18:48:46,38
61,65,27,2026-01-17 14:53:23,2026-01-17 15:21:23,2026-01-17 15:42:23,52
62,67,119,2026-01-30 21:20:56,2026-01-30 21:42:56,2026-01-30 22:02:56,44
63,68,112,2026-01-14 22:43:53,2026-01-14 23:11:53,2026-01-14 23:31:53,52
64,69,92,2026-01-30 06:21:35,2026-01-30 06:52:35,2026-01-30 07:15:35,58
65,70,62,2026-01-10 00:57:15,2026-01-10 01:30:15,2026-01-10 01:55:15,59
66,71,82,2026-01-28 19:30:01,2026-01-28 19:50:01,2026-01-28 20:02:01,35
67,72,58,2026-01-06 10:47:57,2026-01-06 11:19:57,2026-01-06 11:37:57,54
68,74,45,2026-01-23 22:02:10,2026-01-23 22:37:10,2026-01-23 23:08:10,68
69,75,6,2026-01-08 12:44:46,2026-01-08 13:04:46,2026-01-08 13:20:46,37
70,76,67,2026-01-20 12:43:23,2026-01-20 13:07:23,2026-01-20 13:32:23,52
71,77,24,2026-01-14 08:36:39,2026-01-14 09:02:39,2026-01-14 09:21:39,47
72,78,93,2026-01-11 22:35:43,2026-01-11 23:04:43,2026-01-11 23:33:43,61
73,79,28,2026-01-10 05:58:37,2026-01-10 06:25:37,2026-01-10 06:44:37,49
74,80,3,2026-01-26 21:46:50,2026-01-26 22:18:50,2026-01-26 22:40:50,56
75,81,94,2026-01-10 12:38:47,2026-01-10 13:05:47,2026-01-10 13:26:47,52
76,83,32,2026-01-09 16:55:39,2026-01-09 17:19:39,2026-01-09 17:34:39,43
77,84,101,2026-01-11 23:12:33,2026-01-11 23:43:33,2026-01-12 00:09:33,61
78,85,95,2026-01-16 06:27:04,2026-01-16 06:58:04,2026-01-16 07:15:04,51
79,87,24,2026-01-04 13:39:29,2026-01-04 14:11:29,2026-01-04 14:32:29,54
80,88,22,2026-01-21 22:09:39,2026-01-21 22:45:39,2026-01-21 23:03:39,56
81,89,43,2026-01-24 22:34:51,2026-01-24 23:04:51,2026-01-24 23:22:51,51
82,90,82,2026-01-16 23:59:38,2026-01-17 00:35:38,2026-01-17 00:53:38,57
83,91,92,2026-01-27 16:57:43,2026-01-27 17:21:43,2026-01-27 17:37:43,43
84,92,32,2026-01-04 14:11:32,2026-01-04 14:51:32,2026-01-04 15:15:32,65
85,94,57,2026-01-29 13:48:25,2026-01-29 14:15:25,2026-01-29 14:39:25,54
86,95,55,2026-01-22 23:10:21,2026-01-22 23:33:21,2026-01-22 23:49:21,41
87,96,47,2026-01-21 23:29:23,2026-01-21 23:53:23,2026-01-22 00:11:23,43
88,97,11,2026-01-06 12:49:01,2026-01-06 13:17:01,2026-01-06 13:38:01,52
89,98,89,2026-01-07 12:07:37,2026-01-07 12:30:37,2026-01-07 12:46:37,43
90,99,102,2026-01-22 21:28:15,2026-01-22 22:15:15,2026-01-22 22:36:15,69
91,100,89,2026-01-21 15:22:28,2026-01-21 15:46:28,2026-01-21 16:06:28,46
92,101,101,2026-01-03 21:10:24,2026-01-03 21:42:24,2026-01-03 22:05:24,56
93,102,82,2026-01-22 22:37:30,2026-01-22 23:04:30,2026-01-22 23:29:30,53
94,103,101,2026-01-26 22:39:58,2026-01-26 23:17:58,2026-01-26 23:41:58,63
95,104,33,2026-01-23 07:28:05,2026-01-23 07:55:05,2026-01-23 08:18:05,51
96,105,90,2026-01-09 00:55:02,2026-01-09 01:09:02,2026-01-09 01:27:02,36
97,106,73,2026-01-24 04:35:40,2026-01-24 05:01:40,2026-01-24 05:20:40,47
98,107,50,2026-01-08 23:13:34,2026-01-08 23:40:34,2026-01-08 23:57:34,45
99,108,47,2026-01-15 15:27:49,2026-01-15 15:54:49,2026-01-15 16:07:49,41
100,110,56,2026-01-21 13:31:03,2026-01-21 14:05:03,2026-01-21 14:30:03,60
101,111,101,2026-01-12 14:04:57,2026-01-12 14:42:57,2026-01-12 14:59:57,58
102,112,66,2026-01-13 14:03:40,2026-01-13 14:46:40,2026-01-13 15:12:40,70
103,113,6,2026-01-18 11:35:29,2026-01-18 11:51:29,2026-01-18 12:11:29,37
104,114,16,2026-01-23 21:39:44,2026-01-23 22:19:44,2026-01-23 22:43:44,65
105,116,8,2026-01-12 21:37:36,2026-01-12 22:02:36,2026-01-12 22:17:36,42
106,117,73,2026-01-07 21:56:37,2026-01-07 22:35:37,2026-01-07 23:05:37,73
107,118,46,2026-01-16 20:10:38,2026-01-16 20:48:38,2026-01-16 20:59:38,53
108,119,34,2026-01-06 19:43:33,2026-01-06 20:06:33,2026-01-06 20:28:33,46
109,122,36,2026-01-19 13:58:43,2026-01-19 14:28:43,2026-01-19 14:50:43,56
110,123,24,2026-01-19 14:17:42,2026-01-19 14:48:42,2026-01-19 15:22:42,68
111,124,102,2026-01-11 15:13:37,2026-01-11 15:37:37,2026-01-11 16:03:37,53
112,126,19,2026-01-24 19:26:59,2026-01-24 19:47:59,2026-01-24 20:06:59,43
113,127,89,2026-01-04 12:32:19,2026-01-04 12:49:19,2026-01-04 13:05:19,35
114,128,41,2026-01-09 12:18:58,2026-01-09 12:42:58,2026-01-09 13:01:58,44
115,129,34,2026-01-28 10:57:49,2026-01-28 11:19:49,2026-01-28 11:31:49,37
116,131,93,2026-01-05 12:32:29,2026-01-05 12:58:29,2026-01-05 13:19:29,51
117,133,90,2026-01-13 20:46:09,2026-01-13 21:12:09,2026-01-13 21:26:09,41
118,134,11,2026-01-05 16:42:00,2026-01-05 17:16:00,2026-01-05 17:37:00,57
119,135,110,2026-01-21 13:20:03,2026-01-21 13:48:03,2026-01-21 14:14:03,58
120,136,84,2026-01-21 08:55:44,2026-01-21 09:21:44,2026-01-21 09:34:44,43
121,137,3,2026-01-24 13:48:50,2026-01-24 14:20:50,2026-01-24 14:39:50,55
122,138,52,2026-01-16 13:53:19,2026-01-16 14:27:19,2026-01-16 14:48:19,58
123,139,61,2026-01-13 02:44:38,2026-01-13 03:13:38,2026-01-13 03:33:38,53
124,140,61,2026-01-13 13:22:38,2026-01-13 13:52:38,2026-01-13 14:16:38,55
125,141,1,2026-01-11 20:46:39,2026-01-11 21:04:39,2026-01-11 21:28:39,46
126,142,85,2026-01-24 09:16:57,2026-01-24 09:56:57,2026-01-24 10:10:57,55
127,143,16,2026-01-13 13:24:04,2026-01-13 14:02:04,2026-01-13 14:30:04,69
128,144,26,2026-01-23 20:13:53,2026-01-23 20:29:53,2026-01-23 20:49:53,37
129,145,27,2026-01-17 15:15:21,2026-01-17 15:29:21,2026-01-17 15:50:21,36
130,147,25,2026-01-05 23:43:49,2026-01-06 00:11:49,2026-01-06 00:32:49,53
131,148,85,2026-01-20 14:00:07,2026-01-20 14:22:07,2026-01-20 14:39:07,40
132,149,85,2026-01-01 23:04:02,2026-01-01 23:25:02,2026-01-01 23:37:02,37
133,150,120,2026-01-30 23:44:13,2026-01-31 00:09:13,2026-01-31 00:30:13,50
134,151,7,2026-01-01 03:14:24,2026-01-01 03:40:24,2026-01-01 04:04:24,53
135,152,44,2026-01-06 15:03:04,2026-01-06 15:23:04,2026-01-06 15:38:04,36
136,153,117,2026-01-09 21:05:29,2026-01-09 21:42:29,2026-01-09 22:14:29,71
137,154,2,2026-01-28 14:55:01,2026-01-28 15:35:01,2026-01-28 16:01:01,69
138,155,120,2026-01-31 00:19:02,2026-01-31 00:37:02,2026-01-31 00:49:02,31
139,156,57,2026-01-08 14:52:01,2026-01-08 15:19:01,2026-01-08 15:43:01,53
140,157,106,2026-01-01 20:46:09,2026-01-01 21:06:09,2026-01-01 21:25:09,43
141,158,106,2026-01-06 12:52:48,2026-01-06 13:10:48,2026-01-06 13:24:48,34
142,159,85,2026-01-20 20:46:54,2026-01-20 21:09:54,2026-01-20 21:33:54,48
143,160,38,2026-01-09 14:30:20,2026-01-09 15:11:20,2026-01-09 15:41:20,74
144,161,23,2026-01-25 20:53:59,2026-01-25 21:23:59,2026-01-25 21:44:59,53
145,162,14,2026-01-31 22:04:57,2026-01-31 22:36:57,2026-01-31 23:07:57,67
146,163,87,2026-01-03 13:50:30,2026-01-03 14:24:30,2026-01-03 14:43:30,54
147,164,38,2026-01-03 14:43:02,2026-01-03 15:13:02,2026-01-03 15:44:02,63
148,165,119,2026-01-04 14:47:45,2026-01-04 15:25:45,2026-01-04 15:44:45,59
149,166,29,2026-01-15 14:56:14,2026-01-15 15:15:14,2026-01-15 15:39:14,47
150,167,37,2026-01-01 10:18:25,2026-01-01 10:57:25,2026-01-01 11:11:25,56
151,168,10,2026-01-31 10:28:47,2026-01-31 10:38:47,2026-01-31 11:00:47,35
152,169,83,2026-01-03 15:14:36,2026-01-03 15:34:36,2026-01-03 15:55:36,42
153,170,106,2026-01-31 00:29:45,2026-01-31 00:58:45,2026-01-31 01:13:45,48
154,171,1,2026-01-26 21:34:05,2026-01-26 22:05:05,2026-01-26 22:36:05,64
155,172,93,2026-01-25 21:13:01,2026-01-25 21:48:01,2026-01-25 22:11:01,61
156,173,1,2026-01-12 09:18:02,2026-01-12 09:40:02,2026-01-12 10:04:02,49
157,174,117,2026-01-30 10:50:20,2026-01-30 11:28:20,2026-01-30 11:43:20,57
158,175,58,2026-01-29 14:58:04,2026-01-29 15:27:04,2026-01-29 15:54:04,58
159,176,84,2026-01-02 23:09:33,2026-01-02 23:29:33,2026-01-02 23:47:33,42
160,177,49,2026-01-16 17:35:12,2026-01-16 18:04:12,2026-01-16 18:33:12,59
161,178,62,2026-01-12 03:58:31,2026-01-12 04:25:31,2026-01-12 04:36:31,39
162,179,85,2026-01-20 22:44:56,2026-01-20 23:13:56,2026-01-20 23:26:56,43
163,180,76,2026-01-11 12:23:58,2026-01-11 12:49:58,2026-01-11 13:11:58,51
164,181,48,2026-01-09 14:46:42,2026-01-09 15:11:42,2026-01-09 15:39:42,57
165,182,1,2026-01-19 12:14:21,2026-01-19 12:43:21,2026-01-19 12:56:21,46
166,183,82,2026-01-15 21:17:36,2026-01-15 21:36:36,2026-01-15 21:56:36,40
167,184,57,2026-01-19 00:05:15,2026-01-19 00:31:15,2026-01-19 00:56:15,53
168,185,36,2026-01-01 12:29:42,2026-01-01 12:43:42,2026-01-01 12:56:42,28
169,186,103,2026-01-17 21:36:37,2026-01-17 22:14:37,2026-01-17 22:31:37,58
170,187,82,2026-01-28 21:50:59,2026-01-28 22:32:59,2026-01-28 23:01:59,74
171,188,26,2026-01-05 12:23:49,2026-01-05 12:52:49,2026-01-05 13:15:49,54
172,189,80,2026-01-13 21:14:10,2026-01-13 21:40:10,2026-01-13 22:18:10,65
173,190,2,2026-01-07 05:28:02,2026-01-07 06:00:02,2026-01-07 06:23:02,58
174,191,52,2026-01-05 21:25:47,2026-01-05 22:00:47,2026-01-05 22:18:47,56
175,192,2,2026-01-14 13:49:31,2026-01-14 14:19:31,2026-01-14 14:47:31,60
176,193,33,2026-01-09 13:46:44,2026-01-09 14:31:44,2026-01-09 15:01:44,76
177,194,114,2026-01-13 12:19:34,2026-01-13 12:41:34,2026-01-13 13:03:34,48
178,195,78,2026-01-14 21:52:26,2026-01-14 22:31:26,2026-01-14 22:48:26,59
179,196,120,2026-01-04 21:18:55,2026-01-04 21:45:55,2026-01-04 22:11:55,55
180,197,70,2026-01-19 22:16:13,2026-01-19 22:48:13,2026-01-19 23:04:13,52
181,198,61,2026-01-26 21:56:12,2026-01-26 22:41:12,2026-01-26 23:02:12,68
182,199,21,2026-01-26 23:30:07,2026-01-26 23:55:07,2026-01-27 00:10:07,44
183,201,100,2026-01-12 07:16:38,2026-01-12 07:38:38,2026-01-12 07:53:38,39
184,202,5,2026-01-20 01:16:16,2026-01-20 01:42:16,2026-01-20 01:54:16,42
185,203,86,2026-01-05 13:31:18,2026-01-05 14:05:18,2026-01-05 14:33:18,65
186,204,12,2026-01-16 18:07:08,2026-01-16 18:40:08,2026-01-16 19:04:08,59
187,205,25,2026-01-31 08:22:55,2026-01-31 09:02:55,2026-01-31 09:15:55,56
188,206,20,2026-01-24 13:27:04,2026-01-24 14:05:04,2026-01-24 14:31:04,66
189,207,88,2026-01-23 01:06:25,2026-01-23 01:30:25,2026-01-23 01:45:25,43
190,208,68,2026-01-16 15:55:22,2026-01-16 16:17:22,2026-01-16 16:31:22,40
191,209,91,2026-01-13 10:15:24,2026-01-13 10:38:24,2026-01-13 10:59:24,48
192,210,72,2026-01-13 21:43:51,2026-01-13 22:13:51,2026-01-13 22:35:51,54
193,211,71,2026-01-28 23:48:43,2026-01-29 00:05:43,2026-01-29 00:28:43,44
194,212,36,2026-01-22 23:06:17,2026-01-22 23:37:17,2026-01-23 00:01:17,56
195,213,94,2026-01-27 21:07:51,2026-01-27 21:29:51,2026-01-27 21:47:51,44
196,214,81,2026-01-15 14:00:00,2026-01-15 14:30:00,2026-01-15 14:48:00,49
197,215,38,2026-01-19 13:38:46,2026-01-19 14:13:46,2026-01-19 14:31:46,54
198,216,84,2026-01-17 07:41:51,2026-01-17 08:00:51,2026-01-17 08:16:51,37
199,217,103,2026-01-21 21:06:46,2026-01-21 21:34:46,2026-01-21 21:59:46,56
200,218,44,2026-01-22 09:12:37,2026-01-22 09:24:37,2026-01-22 09:35:37,25
201,219,116,2026-01-23 20:59:35,2026-01-23 21:30:35,2026-01-23 21:48:35,50
202,221,39,2026-01-26 19:21:46,2026-01-26 19:46:46,2026-01-26 20:07:46,49
203,222,17,2026-01-14 14:29:58,2026-01-14 15:11:58,2026-01-14 15:30:58,64
204,223,96,2026-01-16 09:58:35,2026-01-16 10:24:35,2026-01-16 10:34:35,40
205,224,109,2026-01-10 03:01:30,2026-01-10 03:35:30,2026-01-10 04:05:30,68
206,226,106,2026-01-22 22:13:47,2026-01-22 22:50:47,2026-01-22 23:20:47,71
207,227,42,2026-01-14 21:08:52,2026-01-14 21:47:52,2026-01-14 22:12:52,66
208,228,11,2026-01-22 21:23:12,2026-01-22 21:47:12,2026-01-22 22:18:12,59
209,229,24,2026-01-19 11:30:21,2026-01-19 12:00:21,2026-01-19 12:15:21,49
210,230,57,2026-01-10 20:24:21,2026-01-10 20:45:21,2026-01-10 20:55:21,35
211,231,54,2026-01-27 13:42:57,2026-01-27 14:04:57,2026-01-27 14:21:57,40
212,232,115,2026-01-09 15:43:27,2026-01-09 16:09:27,2026-01-09 16:26:27,46
213,233,89,2026-01-07 12:46:25,2026-01-07 13:26:25,2026-01-07 13:36:25,51
214,234,25,2026-01-14 22:37:50,2026-01-14 23:08:50,2026-01-14 23:37:50,62
215,235,89,2026-01-01 01:51:30,2026-01-01 02:11:30,2026-01-01 02:36:30,46
216,236,18,2026-01-25 14:24:10,2026-01-25 14:46:10,2026-01-25 15:01:10,41
217,237,15,2026-01-01 21:52:30,2026-01-01 22:17:30,2026-01-01 22:42:30,54
218,238,5,2026-01-22 13:04:03,2026-01-22 13:37:03,2026-01-22 13:55:03,53
219,239,42,2026-01-26 08:37:33,2026-01-26 08:56:33,2026-01-26 09:08:33,34
220,240,40,2026-01-14 06:50:36,2026-01-14 07:08:36,2026-01-14 07:22:36,34
221,241,40,2026-01-07 07:36:49,2026-01-07 07:54:49,2026-01-07 08:13:49,41
222,242,19,2026-01-26 21:37:17,2026-01-26 22:04:17,2026-01-26 22:20:17,47
223,244,9,2026-01-25 15:50:15,2026-01-25 16:15:15,2026-01-25 16:37:15,49
224,245,77,2026-01-17 13:01:38,2026-01-17 13:25:38,2026-01-17 13:54:38,57
225,246,82,2026-01-09 13:17:27,2026-01-09 13:59:27,2026-01-09 14:23:27,68
226,247,90,2026-01-29 06:56:34,2026-01-29 07:31:34,2026-01-29 07:51:34,56
227,248,37,2026-01-29 15:38:26,2026-01-29 16:01:26,2026-01-29 16:13:26,38
228,249,1,2026-01-07 14:13:24,2026-01-07 14:42:24,2026-01-07 15:16:24,65
229,252,68,2026-01-14 15:25:21,2026-01-14 15:51:21,2026-01-14 16:14:21,53
230,253,34,2026-01-02 14:36:11,2026-01-02 15:18:11,2026-01-02 15:41:11,68
231,254,56,2026-01-06 15:10:35,2026-01-06 15:35:35,2026-01-06 15:48:35,40
232,255,35,2026-01-01 13:52:17,2026-01-01 14:22:17,2026-01-01 14:51:17,62
233,256,16,2026-01-04 07:12:11,2026-01-04 07:34:11,2026-01-04 07:48:11,38
234,257,119,2026-01-06 19:48:00,2026-01-06 20:18:00,2026-01-06 20:32:00,45
235,259,50,2026-01-21 22:27:48,2026-01-21 22:52:48,2026-01-21 23:26:48,60
236,260,89,2026-01-13 22:27:15,2026-01-13 23:09:15,2026-01-13 23:34:15,69
237,261,114,2026-01-17 12:15:06,2026-01-17 12:32:06,2026-01-17 12:52:06,40
238,262,8,2026-01-10 08:59:09,2026-01-10 09:22:09,2026-01-10 09:39:09,41
239,263,102,2026-01-04 11:56:30,2026-01-04 12:25:30,2026-01-04 12:38:30,43
240,264,102,2026-01-06 03:55:05,2026-01-06 04:27:05,2026-01-06 04:52:05,59
241,265,119,2026-01-27 20:47:00,2026-01-27 21:06:00,2026-01-27 21:22:00,36
242,266,102,2026-01-15 14:56:23,2026-01-15 15:21:23,2026-01-15 15:42:23,47
243,268,10,2026-01-24 13:10:14,2026-01-24 13:39:14,2026-01-24 14:08:14,60
244,270,51,2026-01-12 23:23:22,2026-01-12 23:56:22,2026-01-13 00:15:22,53
245,271,59,2026-01-12 16:15:58,2026-01-12 16:33:58,2026-01-12 16:47:58,35
246,272,80,2026-01-31 18:00:01,2026-01-31 18:18:01,2026-01-31 18:38:01,40
247,273,29,2026-01-23 14:12:31,2026-01-23 14:51:31,2026-01-23 15:11:31,61
248,274,48,2026-01-16 13:25:02,2026-01-16 14:12:02,2026-01-16 14:31:02,69
249,275,88,2026-01-23 05:28:43,2026-01-23 05:53:43,2026-01-23 06:15:43,48
250,276,73,2026-01-22 13:12:03,2026-01-22 13:55:03,2026-01-22 14:15:03,67
251,277,108,2026-01-15 21:08:33,2026-01-15 21:29:33,2026-01-15 21:52:33,47
252,278,69,2026-01-06 16:17:06,2026-01-06 16:40:06,2026-01-06 16:50:06,37
253,279,117,2026-01-15 15:22:33,2026-01-15 15:57:33,2026-01-15 16:15:33,55
254,281,37,2026-01-22 15:03:46,2026-01-22 15:33:46,2026-01-22 16:01:46,62
255,282,9,2026-01-22 13:37:15,2026-01-22 14:06:15,2026-01-22 14:30:15,57
256,283,75,2026-01-05 07:03:58,2026-01-05 07:30:58,2026-01-05 07:45:58,43
257,284,73,2026-01-31 21:41:49,2026-01-31 22:13:49,2026-01-31 22:35:49,57
258,286,37,2026-01-05 14:07:38,2026-01-05 14:42:38,2026-01-05 15:00:38,54
259,287,40,2026-01-08 21:57:33,2026-01-08 22:30:33,2026-01-08 22:51:33,55
260,288,17,2026-01-18 14:28:22,2026-01-18 14:57:22,2026-01-18 15:15:22,50
261,289,86,2026-01-06 10:10:56,2026-01-06 10:28:56,2026-01-06 10:56:56,47
262,290,92,2026-01-18 01:34:59,2026-01-18 02:00:59,2026-01-18 02:33:59,60
263,291,28,2026-01-27 01:50:51,2026-01-27 02:12:51,2026-01-27 02:41:51,54
264,292,50,2026-01-25 23:11:45,2026-01-25 23:32:45,2026-01-25 23:47:45,39
265,294,46,2026-01-05 22:33:53,2026-01-05 23:11:53,2026-01-05 23:25:53,55
266,295,80,2026-01-23 01:44:16,2026-01-23 02:01:16,2026-01-23 02:13:16,32
267,296,113,2026-01-31 06:08:07,2026-01-31 06:30:07,2026-01-31 06:56:07,49
268,297,110,2026-01-02 14:21:03,2026-01-02 14:47:03,2026-01-02 15:14:03,57
269,299,22,2026-01-19 11:27:00,2026-01-19 12:01:00,2026-01-19 12:21:00,57
270,300,13,2026-01-01 23:01:58,2026-01-01 23:33:58,2026-01-01 23:54:58,57
271,301,101,2026-01-24 17:02:44,2026-01-24 17:25:44,2026-01-24 17:37:44,39
272,302,45,2026-01-13 20:59:41,2026-01-13 21:17:41,2026-01-13 21:46:41,51
273,303,96,2026-01-15 13:27:09,2026-01-15 14:00:09,2026-01-15 14:21:09,56
274,304,109,2026-01-31 10:14:35,2026-01-31 10:42:35,2026-01-31 10:56:35,43
275,305,116,2026-01-14 22:29:52,2026-01-14 22:54:52,2026-01-14 23:19:52,54
276,306,114,2026-01-09 13:05:15,2026-01-09 13:37:15,2026-01-09 14:00:15,58
277,307,36,2026-01-11 14:03:53,2026-01-11 14:39:53,2026-01-11 15:10:53,71
278,308,69,2026-01-30 09:52:31,2026-01-30 10:20:31,2026-01-30 10:39:31,50
279,309,111,2026-01-19 20:40:05,2026-01-19 21:03:05,2026-01-19 21:28:05,52
280,311,16,2026-01-10 15:03:48,2026-01-10 15:34:48,2026-01-10 15:56:48,57
281,312,102,2026-01-11 21:36:33,2026-01-11 22:10:33,2026-01-11 22:36:33,64
282,313,92,2026-01-08 02:06:08,2026-01-08 02:29:08,2026-01-08 02:58:08,56
283,314,65,2026-01-19 14:49:16,2026-01-19 15:20:16,2026-01-19 15:41:16,53
284,315,6,2026-01-28 03:59:06,2026-01-28 04:30:06,2026-01-28 04:42:06,46
285,316,20,2026-01-21 21:09:11,2026-01-21 21:33:11,2026-01-21 22:06:11,61
286,317,93,2026-01-03 15:38:31,2026-01-03 16:04:31,2026-01-03 16:19:31,45
287,318,13,2026-01-05 13:03:34,2026-01-05 13:38:34,2026-01-05 14:11:34,70
288,320,110,2026-01-28 15:11:03,2026-01-28 15:34:03,2026-01-28 15:58:03,51
289,321,26,2026-01-20 12:50:32,2026-01-20 13:11:32,2026-01-20 13:25:32,36
290,322,56,2026-01-18 21:02:33,2026-01-18 21:39:33,2026-01-18 22:02:33,61
291,323,24,2026-01-28 14:27:31,2026-01-28 15:01:31,2026-01-28 15:24:31,61
292,324,96,2026-01-20 01:51:42,2026-01-20 02:09:42,2026-01-20 02:30:42,41
293,325,89,2026-01-01 20:55:21,2026-01-01 21:22:21,2026-01-01 21:42:21,50
294,326,14,2026-01-02 01:26:06,2026-01-02 01:55:06,2026-01-02 02:27:06,62
295,328,108,2026-01-23 23:31:43,2026-01-23 23:57:43,2026-01-24 00:15:43,47
296,329,56,2026-01-08 14:08:08,2026-01-08 14:30:08,2026-01-08 14:52:08,45
297,330,65,2026-01-24 14:40:23,2026-01-24 15:13:23,2026-01-24 15:39:23,60
298,331,99,2026-01-18 13:24:21,2026-01-18 13:55:21,2026-01-18 14:23:21,63
299,332,103,2026-01-23 23:55:28,2026-01-24 00:26:28,2026-01-24 00:46:28,55
300,333,41,2026-01-08 23:30:07,2026-01-08 23:56:07,2026-01-09 00:20:07,53
301,334,114,2026-01-17 17:02:20,2026-01-17 17:41:20,2026-01-17 17:54:20,56
302,335,3,2026-01-15 15:21:34,2026-01-15 15:45:34,2026-01-15 16:07:34,49
303,336,31,2026-01-25 12:42:15,2026-01-25 13:10:15,2026-01-25 13:30:15,49
304,337,19,2026-01-29 21:54:53,2026-01-29 22:18:53,2026-01-29 22:47:53,56
305,338,82,2026-01-04 23:31:31,2026-01-05 00:04:31,2026-01-05 00:20:31,52
306,339,7,2026-01-20 20:06:35,2026-01-20 20:33:35,2026-01-20 20:48:35,44
307,340,82,2026-01-24 17:31:09,2026-01-24 17:59:09,2026-01-24 18:18:09,49
308,342,54,2026-01-01 21:47:42,2026-01-01 22:22:42,2026-01-01 22:42:42,58
309,343,92,2026-01-05 10:06:06,2026-01-05 10:19:06,2026-01-05 10:31:06,28
310,344,65,2026-01-03 20:13:34,2026-01-03 20:40:34,2026-01-03 20:53:34,44
311,345,101,2026-01-14 01:46:33,2026-01-14 02:07:33,2026-01-14 02:17:33,33
312,346,120,2026-01-07 21:54:10,2026-01-07 22:18:10,2026-01-07 22:40:10,48
313,347,97,2026-01-28 08:05:15,2026-01-28 08:33:15,2026-01-28 08:52:15,50
314,348,53,2026-01-22 23:28:17,2026-01-22 23:41:17,2026-01-22 23:53:17,26
315,349,108,2026-01-27 03:01:06,2026-01-27 03:24:06,2026-01-27 03:41:06,43
316,350,64,2026-01-22 14:01:13,2026-01-22 14:29:13,2026-01-22 15:05:13,67
317,351,17,2026-01-31 23:51:55,2026-02-01 00:28:55,2026-02-01 00:47:55,58
318,352,89,2026-01-18 13:09:42,2026-01-18 13:40:42,2026-01-18 13:55:42,47
319,353,107,2026-01-16 23:38:28,2026-01-16 23:58:28,2026-01-17 00:18:28,44
320,354,77,2026-01-22 10:56:20,2026-01-22 11:18:20,2026-01-22 11:32:20,40
321,355,9,2026-01-31 07:02:19,2026-01-31 07:31:19,2026-01-31 08:00:19,59
322,356,76,2026-01-22 14:04:29,2026-01-22 14:51:29,2026-01-22 15:08:29,67
323,357,43,2026-01-08 00:32:17,2026-01-08 01:08:17,2026-01-08 01:33:17,65
324,358,44,2026-01-04 13:57:10,2026-01-04 14:36:10,2026-01-04 14:52:10,58
325,359,22,2026-01-27 22:05:42,2026-01-27 22:41:42,2026-01-27 22:59:42,57
326,360,102,2026-01-04 04:12:13,2026-01-04 04:50:13,2026-01-04 05:06:13,56
327,362,80,2026-01-15 20:31:52,2026-01-15 20:56:52,2026-01-15 21:10:52,40
328,363,78,2026-01-12 01:23:17,2026-01-12 01:48:17,2026-01-12 02:02:17,42
329,364,27,2026-01-01 13:55:13,2026-01-01 14:39:13,2026-01-01 15:04:13,73
330,365,39,2026-01-28 02:42:15,2026-01-28 03:21:15,2026-01-28 03:47:15,69
331,366,89,2026-01-19 12:18:05,2026-01-19 12:47:05,2026-01-19 13:04:05,48
332,367,50,2026-01-26 11:01:54,2026-01-26 11:25:54,2026-01-26 11:41:54,44
333,368,104,2026-01-10 23:38:51,2026-01-11 00:04:51,2026-01-11 00:22:51,45
334,369,117,2026-01-02 21:36:13,2026-01-02 22:11:13,2026-01-02 22:42:13,70
335,370,98,2026-01-09 21:45:41,2026-01-09 22:10:41,2026-01-09 22:34:41,51
336,371,87,2026-01-27 20:06:11,2026-01-27 20:36:11,2026-01-27 20:58:11,53
337,372,106,2026-01-20 06:13:32,2026-01-20 06:34:32,2026-01-20 06:58:32,49
338,373,115,2026-01-30 11:13:34,2026-01-30 11:40:34,2026-01-30 11:50:34,39
339,374,26,2026-01-26 20:11:23,2026-01-26 20:41:23,2026-01-26 21:10:23,60
340,375,66,2026-01-12 13:57:10,2026-01-12 14:35:10,2026-01-12 14:50:10,55
341,376,114,2026-01-11 09:07:18,2026-01-11 09:24:18,2026-01-11 09:44:18,40
342,377,82,2026-01-11 14:40:30,2026-01-11 15:03:30,2026-01-11 15:23:30,45
343,378,55,2026-01-24 09:46:21,2026-01-24 10:22:21,2026-01-24 10:37:21,54
344,379,37,2026-01-03 21:52:55,2026-01-03 22:30:55,2026-01-03 22:52:55,64
345,380,11,2026-01-09 21:52:45,2026-01-09 22:23:45,2026-01-09 22:43:45,53
346,381,55,2026-01-10 14:10:47,2026-01-10 14:51:47,2026-01-10 15:10:47,62
347,382,72,2026-01-24 09:38:17,2026-01-24 10:06:17,2026-01-24 10:35:17,61
348,383,50,2026-01-10 04:59:48,2026-01-10 05:30:48,2026-01-10 05:52:48,57
349,385,39,2026-01-08 20:08:35,2026-01-08 20:28:35,2026-01-08 20:49:35,45
350,386,13,2026-01-19 14:00:51,2026-01-19 14:24:51,2026-01-19 14:49:51,51
351,387,11,2026-01-10 14:43:38,2026-01-10 15:19:38,2026-01-10 15:40:38,58
352,388,102,2026-01-15 05:31:57,2026-01-15 05:54:57,2026-01-15 06:14:57,44
353,389,41,2026-01-03 00:49:10,2026-01-03 01:16:10,2026-01-03 01:33:10,47
354,390,47,2026-01-07 17:50:13,2026-01-07 18:11:13,2026-01-07 18:33:13,46
355,391,102,2026-01-04 22:49:07,2026-01-04 23:15:07,2026-01-04 23:47:07,59
356,392,116,2026-01-23 15:52:53,2026-01-23 16:18:53,2026-01-23 16:38:53,47
357,393,34,2026-01-26 22:51:17,2026-01-26 23:19:17,2026-01-26 23:50:17,63
358,394,69,2026-01-06 14:50:18,2026-01-06 15:16:18,2026-01-06 15:40:18,53
359,395,88,2026-01-21 13:41:40,2026-01-21 14:14:40,2026-01-21 14:32:40,54
360,396,29,2026-01-06 23:52:45,2026-01-07 00:22:45,2026-01-07 00:40:45,50
361,397,104,2026-01-27 14:26:59,2026-01-27 15:05:59,2026-01-27 15:22:59,59
362,398,87,2026-01-08 22:45:04,2026-01-08 23:24:04,2026-01-08 23:50:04,67
363,399,51,2026-01-05 15:55:13,2026-01-05 16:13:13,2026-01-05 16:37:13,43
364,400,83,2026-01-19 13:12:47,2026-01-19 13:41:47,2026-01-19 13:56:47,46
365,401,115,2026-01-07 01:55:39,2026-01-07 02:24:39,2026-01-07 02:44:39,50
366,402,116,2026-01-08 19:52:24,2026-01-08 20:15:24,2026-01-08 20:27:24,38
367,403,78,2026-01-22 14:25:10,2026-01-22 14:55:10,2026-01-22 15:17:10,55
368,404,83,2026-01-08 22:19:51,2026-01-08 22:53:51,2026-01-08 23:24:51,68
369,405,101,2026-01-20 17:58:04,2026-01-20 18:19:04,2026-01-20 18:32:04,36
370,406,50,2026-01-06 23:55:31,2026-01-07 00:19:31,2026-01-07 00:42:31,49
371,407,32,2026-01-20 13:10:21,2026-01-20 13:54:21,2026-01-20 14:20:21,73
372,408,12,2026-01-30 13:14:25,2026-01-30 13:44:25,2026-01-30 14:10:25,59
373,409,87,2026-01-15 20:11:17,2026-01-15 20:30:17,2026-01-15 20:42:17,35
374,410,118,2026-01-07 14:59:02,2026-01-07 15:40:02,2026-01-07 16:08:02,71
375,411,62,2026-01-09 11:41:23,2026-01-09 12:15:23,2026-01-09 12:30:23,50
376,413,51,2026-01-20 12:29:35,2026-01-20 12:46:35,2026-01-20 13:02:35,36
377,414,63,2026-01-10 15:16:40,2026-01-10 15:38:40,2026-01-10 15:50:40,37
378,415,63,2026-01-19 21:06:28,2026-01-19 21:33:28,2026-01-19 21:47:28,45
379,416,3,2026-01-21 20:02:23,2026-01-21 20:28:23,2026-01-21 20:52:23,52
380,417,47,2026-01-30 22:17:11,2026-01-30 22:45:11,2026-01-30 23:05:11,51
381,418,86,2026-01-01 00:40:27,2026-01-01 01:01:27,2026-01-01 01:17:27,40
382,419,58,2026-01-18 13:04:38,2026-01-18 13:41:38,2026-01-18 13:54:38,52
383,421,35,2026-01-28 11:42:29,2026-01-28 12:11:29,2026-01-28 12:33:29,55
384,422,114,2026-01-25 21:28:00,2026-01-25 22:00:00,2026-01-25 22:20:00,53
385,423,69,2026-01-18 22:04:40,2026-01-18 22:32:40,2026-01-18 22:44:40,42
386,424,30,2026-01-29 07:36:54,2026-01-29 08:05:54,2026-01-29 08:27:54,55
387,426,99,2026-01-20 12:58:05,2026-01-20 13:23:05,2026-01-20 13:45:05,48
388,427,117,2026-01-15 22:11:46,2026-01-15 22:36:46,2026-01-15 22:52:46,45
389,428,37,2026-01-11 21:21:35,2026-01-11 21:59:35,2026-01-11 22:30:35,70
390,429,88,2026-01-18 08:21:37,2026-01-18 08:52:37,2026-01-18 09:18:37,61
391,430,101,2026-01-14 22:27:08,2026-01-14 22:58:08,2026-01-14 23:23:08,60
392,431,84,2026-01-14 12:29:53,2026-01-14 12:54:53,2026-01-14 13:11:53,45
393,432,31,2026-01-12 22:32:13,2026-01-12 23:06:13,2026-01-12 23:27:13,57
394,433,110,2026-01-18 13:29:19,2026-01-18 14:09:19,2026-01-18 14:36:19,71
395,434,47,2026-01-11 21:41:46,2026-01-11 22:21:46,2026-01-11 22:44:46,65
396,435,57,2026-01-07 20:40:00,2026-01-07 21:03:00,2026-01-07 21:23:00,47
397,436,107,2026-01-01 15:27:24,2026-01-01 16:00:24,2026-01-01 16:16:24,53
398,437,62,2026-01-08 14:42:09,2026-01-08 15:15:09,2026-01-08 15:37:09,56
399,438,9,2026-01-09 00:04:03,2026-01-09 00:28:03,2026-01-09 00:47:03,45
400,439,25,2026-01-02 13:45:36,2026-01-02 14:15:36,2026-01-02 14:36:36,54
401,440,114,2026-01-25 10:43:40,2026-01-25 11:02:40,2026-01-25 11:16:40,34
402,441,64,2026-01-30 13:15:56,2026-01-30 13:45:56,2026-01-30 14:00:56,47
403,442,110,2026-01-14 14:25:37,2026-01-14 15:08:37,2026-01-14 15:36:37,75
404,443,8,2026-01-14 21:57:32,2026-01-14 22:30:32,2026-01-14 22:52:32,56
405,444,69,2026-01-12 21:17:56,2026-01-12 21:58:56,2026-01-12 22:12:56,59
406,446,28,2026-01-23 01:41:21,2026-01-23 02:07:21,2026-01-23 02:23:21,46
407,447,7,2026-01-21 12:47:16,2026-01-21 13:09:16,2026-01-21 13:26:16,42
408,449,47,2026-01-29 01:52:29,2026-01-29 02:24:29,2026-01-29 02:48:29,57
409,450,48,2026-01-15 21:40:26,2026-01-15 22:08:26,2026-01-15 22:35:26,57
410,451,108,2026-01-09 14:06:52,2026-01-09 14:44:52,2026-01-09 15:08:52,63
411,452,29,2026-01-06 00:59:59,2026-01-06 01:31:59,2026-01-06 01:51:59,55
412,453,116,2026-01-06 13:27:12,2026-01-06 14:04:12,2026-01-06 14:22:12,58
413,454,83,2026-01-21 03:03:36,2026-01-21 03:38:36,2026-01-21 04:07:36,68
414,455,42,2026-01-31 21:21:44,2026-01-31 21:44:44,2026-01-31 21:58:44,40
415,457,115,2026-01-12 21:46:31,2026-01-12 22:17:31,2026-01-12 22:39:31,55
416,458,82,2026-01-09 18:30:47,2026-01-09 18:58:47,2026-01-09 19:13:47,47
417,459,98,2026-01-02 12:39:32,2026-01-02 13:12:32,2026-01-02 13:34:32,56
418,460,104,2026-01-18 17:10:42,2026-01-18 17:41:42,2026-01-18 17:55:42,48
419,461,105,2026-01-29 12:37:44,2026-01-29 13:12:44,2026-01-29 13:30:44,56
420,462,28,2026-01-02 10:53:57,2026-01-02 11:18:57,2026-01-02 11:39:57,47
421,463,54,2026-01-23 14:13:11,2026-01-23 14:46:11,2026-01-23 15:07:11,55
422,464,83,2026-01-16 12:59:06,2026-01-16 13:19:06,2026-01-16 13:43:06,45
423,465,7,2026-01-20 13:21:30,2026-01-20 13:52:30,2026-01-20 14:14:30,56
424,466,120,2026-01-31 00:02:43,2026-01-31 00:21:43,2026-01-31 00:42:43,43
425,467,75,2026-01-03 13:12:23,2026-01-03 13:49:23,2026-01-03 14:06:23,57
426,468,95,2026-01-06 22:36:30,2026-01-06 23:13:30,2026-01-06 23:32:30,58
427,469,84,2026-01-03 22:15:57,2026-01-03 22:38:57,2026-01-03 23:09:57,57
428,470,65,2026-01-12 16:18:32,2026-01-12 16:36:32,2026-01-12 16:50:32,34
429,471,14,2026-01-21 22:02:29,2026-01-21 22:40:29,2026-01-21 22:57:29,59
430,472,22,2026-01-28 22:14:31,2026-01-28 22:48:31,2026-01-28 23:09:31,58
431,473,43,2026-01-10 21:11:57,2026-01-10 21:45:57,2026-01-10 22:11:57,61
432,474,6,2026-01-01 14:52:13,2026-01-01 15:21:13,2026-01-01 15:48:13,58
433,475,115,2026-01-05 20:32:58,2026-01-05 20:59:58,2026-01-05 21:24:58,55
434,476,96,2026-01-29 22:09:29,2026-01-29 22:50:29,2026-01-29 23:17:29,72
435,477,102,2026-01-26 13:57:27,2026-01-26 14:24:27,2026-01-26 14:51:27,58
436,478,28,2026-01-17 20:17:54,2026-01-17 20:39:54,2026-01-17 20:56:54,40
437,479,35,2026-01-06 23:50:47,2026-01-07 00:10:47,2026-01-07 00:26:47,38
438,480,23,2026-01-10 13:15:14,2026-01-10 13:56:14,2026-01-10 14:21:14,69
439,481,55,2026-01-15 14:48:46,2026-01-15 15:19:46,2026-01-15 15:42:46,57
440,482,70,2026-01-23 15:37:23,2026-01-23 15:57:23,2026-01-23 16:11:23,37
441,483,67,2026-01-03 15:20:04,2026-01-03 15:57:04,2026-01-03 16:18:04,59
442,484,14,2026-01-08 12:20:35,2026-01-08 12:39:35,2026-01-08 12:54:35,35
443,485,16,2026-01-24 00:00:59,2026-01-24 00:37:59,2026-01-24 01:01:59,65
444,486,36,2026-01-21 23:47:42,2026-01-22 00:23:42,2026-01-22 00:44:42,61
445,487,18,2026-01-19 23:50:06,2026-01-20 00:08:06,2026-01-20 00:19:06,33
446,488,94,2026-01-23 21:38:52,2026-01-23 22:17:52,2026-01-23 22:50:52,73
447,490,13,2026-01-31 22:38:11,2026-01-31 23:10:11,2026-01-31 23:38:11,61
448,491,27,2026-01-10 21:12:27,2026-01-10 21:56:27,2026-01-10 22:19:27,71
449,493,54,2026-01-02 13:37:10,2026-01-02 14:05:10,2026-01-02 14:31:10,55
450,495,93,2026-01-06 14:40:51,2026-01-06 15:09:51,2026-01-06 15:22:51,43
451,496,70,2026-01-04 17:16:32,2026-01-04 17:42:32,2026-01-04 17:56:32,41
452,497,71,2026-01-13 23:44:04,2026-01-14 00:11:04,2026-01-14 00:28:04,46
453,498,110,2026-01-07 21:24:48,2026-01-07 21:50:48,2026-01-07 22:08:48,45
454,499,115,2026-01-30 14:25:27,2026-01-30 15:09:27,2026-01-30 15:29:27,65
455,500,119,2026-01-27 20:42:03,2026-01-27 21:06:03,2026-01-27 21:36:03,58
456,502,71,2026-01-15 21:34:31,2026-01-15 22:05:31,2026-01-15 22:30:31,57
457,504,78,2026-01-06 07:13:04,2026-01-06 07:40:04,2026-01-06 08:00:04,49
458,505,84,2026-01-29 16:51:47,2026-01-29 17:21:47,2026-01-29 17:46:47,57
459,506,117,2026-01-11 21:41:21,2026-01-11 22:05:21,2026-01-11 22:33:21,54
460,507,65,2026-01-12 20:19:51,2026-01-12 20:39:51,2026-01-12 20:52:51,34
461,509,78,2026-01-21 22:41:26,2026-01-21 23:15:26,2026-01-21 23:36:26,58
462,510,76,2026-01-30 22:26:31,2026-01-30 22:54:31,2026-01-30 23:18:31,53
463,511,27,2026-01-29 13:10:49,2026-01-29 13:40:49,2026-01-29 14:02:49,53
464,512,14,2026-01-21 21:39:45,2026-01-21 22:07:45,2026-01-21 22:29:45,53
465,514,108,2026-01-16 21:09:02,2026-01-16 21:50:02,2026-01-16 22:09:02,62
466,515,37,2026-01-31 09:28:13,2026-01-31 09:48:13,2026-01-31 10:08:13,42
467,516,85,2026-01-11 09:35:54,2026-01-11 10:01:54,2026-01-11 10:15:54,43
468,517,41,2026-01-24 13:09:08,2026-01-24 13:31:08,2026-01-24 13:54:08,46
469,518,72,2026-01-06 12:18:45,2026-01-06 12:44:45,2026-01-06 13:06:45,50
470,519,70,2026-01-11 15:08:35,2026-01-11 15:33:35,2026-01-11 15:46:35,41
471,520,53,2026-01-27 20:12:06,2026-01-27 20:40:06,2026-01-27 20:58:06,48
472,521,95,2026-01-26 13:32:53,2026-01-26 14:08:53,2026-01-26 14:22:53,54
473,522,78,2026-01-04 17:13:37,2026-01-04 17:40:37,2026-01-04 18:06:37,57
474,523,43,2026-01-26 21:14:39,2026-01-26 21:48:39,2026-01-26 22:14:39,61
475,524,64,2026-01-05 01:28:28,2026-01-05 01:53:28,2026-01-05 02:17:28,51
476,525,71,2026-01-01 15:54:25,2026-01-01 16:23:25,2026-01-01 16:39:25,47
477,526,33,2026-01-15 09:47:24,2026-01-15 10:16:24,2026-01-15 10:37:24,53
478,527,25,2026-01-23 22:03:53,2026-01-23 22:49:53,2026-01-23 23:14:53,72
479,528,40,2026-01-05 14:25:01,2026-01-05 14:54:01,2026-01-05 15:20:01,59
480,529,79,2026-01-10 20:04:56,2026-01-10 20:34:56,2026-01-10 20:54:56,53
481,530,104,2026-01-23 23:34:32,2026-01-23 23:56:32,2026-01-24 00:11:32,38
482,531,107,2026-01-23 21:35:27,2026-01-23 22:23:27,2026-01-23 22:46:27,73
483,532,1,2026-01-17 21:42:34,2026-01-17 22:15:34,2026-01-17 22:40:34,61
484,533,110,2026-01-02 20:30:55,2026-01-02 20:48:55,2026-01-02 21:04:55,35
485,534,96,2026-01-20 13:47:50,2026-01-20 14:10:50,2026-01-20 14:24:50,41
486,535,82,2026-01-17 13:51:15,2026-01-17 14:15:15,2026-01-17 14:33:15,44
487,536,107,2026-01-12 23:30:49,2026-01-12 23:50:49,2026-01-13 00:08:49,41
488,537,104,2026-01-18 15:42:24,2026-01-18 16:04:24,2026-01-18 16:28:24,50
489,538,49,2026-01-14 01:23:58,2026-01-14 01:38:58,2026-01-14 01:56:58,36
490,539,76,2026-01-31 13:27:17,2026-01-31 13:54:17,2026-01-31 14:13:17,50
491,540,18,2026-01-15 13:45:38,2026-01-15 14:17:38,2026-01-15 14:42:38,59
492,541,21,2026-01-23 08:40:24,2026-01-23 09:06:24,2026-01-23 09:26:24,49
493,542,120,2026-01-17 17:39:06,2026-01-17 18:11:06,2026-01-17 18:28:06,51
494,543,97,2026-01-21 14:42:09,2026-01-21 15:11:09,2026-01-21 15:37:09,56
495,544,21,2026-01-10 03:03:05,2026-01-10 03:19:05,2026-01-10 03:33:05,33
496,545,34,2026-01-05 22:09:43,2026-01-05 22:47:43,2026-01-05 23:02:43,54
497,546,20,2026-01-31 18:52:00,2026-01-31 19:21:00,2026-01-31 19:36:00,48
498,547,44,2026-01-29 15:37:41,2026-01-29 16:11:41,2026-01-29 16:25:41,51
499,548,56,2026-01-21 05:56:37,2026-01-21 06:17:37,2026-01-21 06:40:37,46
500,549,3,2026-01-02 23:24:00,2026-01-02 23:48:00,2026-01-03 00:14:00,53
501,550,17,2026-01-23 23:00:23,2026-01-23 23:38:23,2026-01-24 00:11:23,72
502,551,90,2026-01-29 13:02:10,2026-01-29 13:27:10,2026-01-29 13:42:10,44
503,553,14,2026-01-06 23:55:51,2026-01-07 00:26:51,2026-01-07 00:51:51,59
504,554,88,2026-01-26 20:29:02,2026-01-26 20:52:02,2026-01-26 21:11:02,46
505,555,96,2026-01-20 22:02:36,2026-01-20 22:38:36,2026-01-20 22:56:36,55
506,556,88,2026-01-19 21:40:47,2026-01-19 22:10:47,2026-01-19 22:32:47,56
507,557,78,2026-01-04 09:23:19,2026-01-04 09:54:19,2026-01-04 10:12:19,50
508,558,34,2026-01-26 22:22:14,2026-01-26 23:00:14,2026-01-26 23:28:14,67
509,559,37,2026-01-04 14:19:50,2026-01-04 14:55:50,2026-01-04 15:29:50,72
510,560,49,2026-01-29 08:43:58,2026-01-29 09:10:58,2026-01-29 09:32:58,52
511,561,46,2026-01-24 13:22:08,2026-01-24 13:54:08,2026-01-24 14:15:08,54
512,562,110,2026-01-02 14:17:43,2026-01-02 14:47:43,2026-01-02 15:02:43,47
513,563,30,2026-01-12 21:35:49,2026-01-12 21:59:49,2026-01-12 22:23:49,51
514,564,114,2026-01-31 18:37:13,2026-01-31 19:01:13,2026-01-31 19:14:13,41
515,565,24,2026-01-31 15:23:03,2026-01-31 16:03:03,2026-01-31 16:28:03,69
516,566,14,2026-01-24 16:06:20,2026-01-24 16:45:20,2026-01-24 16:59:20,55
517,567,107,2026-01-08 12:10:09,2026-01-08 12:37:09,2026-01-08 13:05:09,58
518,569,93,2026-01-19 03:10:48,2026-01-19 03:40:48,2026-01-19 04:04:48,57
519,570,18,2026-01-19 22:30:22,2026-01-19 22:54:22,2026-01-19 23:15:22,48
520,571,105,2026-01-04 14:15:11,2026-01-04 14:39:11,2026-01-04 14:59:11,47
521,572,3,2026-01-18 14:00:52,2026-01-18 14:22:52,2026-01-18 14:51:52,52
522,573,25,2026-01-24 21:17:57,2026-01-24 21:58:57,2026-01-24 22:19:57,66
523,574,29,2026-01-23 14:39:50,2026-01-23 15:12:50,2026-01-23 15:35:50,60
524,575,19,2026-01-16 15:38:17,2026-01-16 16:04:17,2026-01-16 16:27:17,51
525,576,46,2026-01-05 21:35:10,2026-01-05 22:10:10,2026-01-05 22:39:10,66
526,577,93,2026-01-19 05:04:21,2026-01-19 05:32:21,2026-01-19 05:45:21,43
527,578,84,2026-01-25 14:36:35,2026-01-25 15:13:35,2026-01-25 15:41:35,66
528,580,101,2026-01-02 21:27:39,2026-01-02 22:02:39,2026-01-02 22:21:39,56
529,582,17,2026-01-11 19:31:50,2026-01-11 19:56:50,2026-01-11 20:16:50,49
530,583,67,2026-01-07 22:12:09,2026-01-07 22:46:09,2026-01-07 23:07:09,59
531,584,66,2026-01-12 13:08:28,2026-01-12 13:46:28,2026-01-12 14:10:28,65
532,585,56,2026-01-13 18:18:28,2026-01-13 18:43:28,2026-01-13 19:12:28,57
533,586,89,2026-01-25 12:05:44,2026-01-25 12:37:44,2026-01-25 12:55:44,53
534,587,116,2026-01-08 17:01:24,2026-01-08 17:29:24,2026-01-08 17:46:24,49
535,588,21,2026-01-07 14:37:28,2026-01-07 15:02:28,2026-01-07 15:24:28,49
536,589,67,2026-01-18 00:16:14,2026-01-18 00:53:14,2026-01-18 01:10:14,55
537,590,109,2026-01-02 23:47:07,2026-01-03 00:13:07,2026-01-03 00:30:07,46
538,591,13,2026-01-21 23:55:21,2026-01-22 00:11:21,2026-01-22 00:33:21,41
539,592,14,2026-01-24 13:46:19,2026-01-24 14:25:19,2026-01-24 14:53:19,71
540,593,100,2026-01-12 14:04:20,2026-01-12 14:32:20,2026-01-12 15:03:20,63
541,594,101,2026-01-09 18:36:28,2026-01-09 19:09:28,2026-01-09 19:23:28,49
542,595,118,2026-01-27 13:40:29,2026-01-27 14:09:29,2026-01-27 14:40:29,63
543,596,90,2026-01-24 13:36:45,2026-01-24 14:10:45,2026-01-24 14:45:45,71
544,597,71,2026-01-26 20:51:21,2026-01-26 21:28:21,2026-01-26 21:52:21,65
545,599,14,2026-01-18 08:05:17,2026-01-18 08:33:17,2026-01-18 08:54:17,53
546,600,72,2026-01-17 21:51:55,2026-01-17 22:21:55,2026-01-17 22:50:55,60
547,601,58,2026-01-08 04:21:34,2026-01-08 05:02:34,2026-01-08 05:17:34,60
548,602,84,2026-01-03 13:44:56,2026-01-03 14:28:56,2026-01-03 14:51:56,69
549,603,12,2026-01-17 02:37:48,2026-01-17 03:03:48,2026-01-17 03:29:48,56
550,605,112,2026-01-26 16:30:14,2026-01-26 16:49:14,2026-01-26 17:03:14,35
551,607,47,2026-01-17 22:41:38,2026-01-17 23:11:38,2026-01-17 23:33:38,53
552,608,74,2026-01-07 20:46:16,2026-01-07 21:14:16,2026-01-07 21:42:16,59
553,609,40,2026-01-19 07:19:53,2026-01-19 07:47:53,2026-01-19 08:08:53,50
554,610,59,2026-01-26 22:30:43,2026-01-26 22:58:43,2026-01-26 23:26:43,57
555,612,2,2026-01-20 12:21:57,2026-01-20 12:52:57,2026-01-20 13:16:57,58
556,613,33,2026-01-20 04:48:15,2026-01-20 05:03:15,2026-01-20 05:17:15,32
557,614,30,2026-01-14 21:47:32,2026-01-14 22:03:32,2026-01-14 22:26:32,43
558,616,25,2026-01-28 14:44:05,2026-01-28 15:20:05,2026-01-28 15:49:05,67
559,617,22,2026-01-22 07:20:20,2026-01-22 07:51:20,2026-01-22 08:11:20,52
560,618,106,2026-01-16 14:46:24,2026-01-16 15:22:24,2026-01-16 15:43:24,58
561,619,23,2026-01-30 21:47:57,2026-01-30 22:30:57,2026-01-30 22:54:57,70
562,620,60,2026-01-15 13:25:34,2026-01-15 13:50:34,2026-01-15 14:23:34,62
563,621,111,2026-01-18 15:37:42,2026-01-18 15:57:42,2026-01-18 16:10:42,36
564,622,24,2026-01-15 21:37:47,2026-01-15 22:19:47,2026-01-15 22:36:47,63
565,623,41,2026-01-22 12:08:34,2026-01-22 12:40:34,2026-01-22 12:59:34,53
566,625,71,2026-01-18 14:55:20,2026-01-18 15:23:20,2026-01-18 15:46:20,55
567,626,9,2026-01-23 22:55:01,2026-01-23 23:23:01,2026-01-23 23:46:01,54
568,627,64,2026-01-09 14:32:39,2026-01-09 15:05:39,2026-01-09 15:29:39,60
569,628,56,2026-01-29 15:49:33,2026-01-29 16:15:33,2026-01-29 16:32:33,46
570,630,3,2026-01-21 14:38:41,2026-01-21 15:16:41,2026-01-21 15:41:41,66
571,632,24,2026-01-04 22:37:11,2026-01-04 23:05:11,2026-01-04 23:29:11,56
572,633,30,2026-01-03 23:24:49,2026-01-04 00:03:49,2026-01-04 00:29:49,67
573,634,21,2026-01-08 21:17:13,2026-01-08 21:53:13,2026-01-08 22:19:13,65
574,636,46,2026-01-28 15:12:02,2026-01-28 15:35:02,2026-01-28 15:56:02,46
575,637,112,2026-01-20 21:24:22,2026-01-20 21:54:22,2026-01-20 22:21:22,59
576,638,107,2026-01-18 18:08:59,2026-01-18 18:20:59,2026-01-18 18:45:59,41
577,639,40,2026-01-03 21:39:33,2026-01-03 22:05:33,2026-01-03 22:35:33,58
578,641,113,2026-01-27 22:38:00,2026-01-27 23:20:00,2026-01-27 23:42:00,65
579,642,47,2026-01-05 15:24:42,2026-01-05 15:54:42,2026-01-05 16:08:42,47
580,643,8,2026-01-16 21:14:56,2026-01-16 21:47:56,2026-01-16 22:16:56,63
581,644,72,2026-01-01 12:46:56,2026-01-01 13:18:56,2026-01-01 13:29:56,47
582,645,62,2026-01-08 14:54:35,2026-01-08 15:25:35,2026-01-08 15:42:35,49
583,646,93,2026-01-18 21:43:31,2026-01-18 22:08:31,2026-01-18 22:33:31,51
584,647,71,2026-01-12 09:52:38,2026-01-12 10:18:38,2026-01-12 10:34:38,46
585,648,41,2026-01-13 15:50:04,2026-01-13 16:18:04,2026-01-13 16:31:04,43
586,650,51,2026-01-27 00:47:11,2026-01-27 01:07:11,2026-01-27 01:19:11,34
587,651,28,2026-01-22 22:15:36,2026-01-22 22:44:36,2026-01-22 23:12:36,60
588,652,49,2026-01-29 23:16:10,2026-01-29 23:30:10,2026-01-29 23:49:10,34
589,653,34,2026-01-05 17:18:03,2026-01-05 17:44:03,2026-01-05 17:58:03,41
590,654,90,2026-01-10 22:30:11,2026-01-10 22:53:11,2026-01-10 23:11:11,44
591,655,35,2026-01-02 10:54:01,2026-01-02 11:24:01,2026-01-02 11:50:01,60
592,656,33,2026-01-17 20:06:13,2026-01-17 20:30:13,2026-01-17 21:02:13,60
593,657,33,2026-01-17 14:04:03,2026-01-17 14:39:03,2026-01-17 15:08:03,65
594,658,58,2026-01-15 21:10:48,2026-01-15 21:43:48,2026-01-15 22:03:48,54
595,659,111,2026-01-15 13:49:34,2026-01-15 14:22:34,2026-01-15 14:51:34,65
596,660,5,2026-01-19 10:43:38,2026-01-19 11:12:38,2026-01-19 11:32:38,51
597,662,39,2026-01-22 22:19:55,2026-01-22 22:43:55,2026-01-22 23:01:55,44
598,663,47,2026-01-09 20:51:06,2026-01-09 21:13:06,2026-01-09 21:28:06,38
599,664,46,2026-01-21 20:58:19,2026-01-21 21:25:19,2026-01-21 21:39:19,42
600,665,6,2026-01-08 20:48:17,2026-01-08 21:22:17,2026-01-08 21:41:17,57
601,666,28,2026-01-15 13:57:30,2026-01-15 14:29:30,2026-01-15 14:50:30,55
602,667,97,2026-01-21 23:13:58,2026-01-21 23:40:58,2026-01-22 00:00:58,51
603,668,51,2026-01-31 20:14:47,2026-01-31 20:36:47,2026-01-31 20:54:47,41
604,669,79,2026-01-17 13:54:21,2026-01-17 14:31:21,2026-01-17 14:50:21,59
605,670,53,2026-01-31 15:38:40,2026-01-31 16:00:40,2026-01-31 16:22:40,47
606,671,60,2026-01-14 12:33:06,2026-01-14 13:04:06,2026-01-14 13:21:06,51
607,672,61,2026-01-20 02:02:21,2026-01-20 02:27:21,2026-01-20 02:46:21,48
608,673,44,2026-01-06 23:13:29,2026-01-06 23:34:29,2026-01-06 23:50:29,38
609,674,13,2026-01-08 08:47:48,2026-01-08 09:10:48,2026-01-08 09:31:48,47
610,675,95,2026-01-30 14:18:37,2026-01-30 14:58:37,2026-01-30 15:18:37,64
611,677,103,2026-01-20 14:43:05,2026-01-20 15:15:05,2026-01-20 15:39:05,57
612,678,90,2026-01-17 21:45:02,2026-01-17 22:20:02,2026-01-17 22:35:02,52
613,679,30,2026-01-27 20:07:12,2026-01-27 20:37:12,2026-01-27 20:57:12,52
614,680,100,2026-01-09 13:01:22,2026-01-09 13:19:22,2026-01-09 13:42:22,43
615,681,78,2026-01-18 21:52:07,2026-01-18 22:31:07,2026-01-18 22:49:07,59
616,683,98,2026-01-15 11:46:37,2026-01-15 12:08:37,2026-01-15 12:18:37,36
617,684,115,2026-01-15 15:50:22,2026-01-15 16:16:22,2026-01-15 16:49:22,60
618,685,43,2026-01-05 22:04:19,2026-01-05 22:32:19,2026-01-05 22:59:19,59
619,687,79,2026-01-27 14:29:15,2026-01-27 14:51:15,2026-01-27 15:22:15,55
620,688,33,2026-01-19 15:19:49,2026-01-19 15:39:49,2026-01-19 15:58:49,43
621,689,59,2026-01-11 05:24:07,2026-01-11 05:47:07,2026-01-11 06:07:07,44
622,690,60,2026-01-12 21:49:28,2026-01-12 22:28:28,2026-01-12 22:42:28,55
623,691,16,2026-01-15 12:28:31,2026-01-15 12:51:31,2026-01-15 13:10:31,43
624,692,11,2026-01-15 22:55:16,2026-01-15 23:22:16,2026-01-15 23:53:16,62
625,693,1,2026-01-02 14:05:49,2026-01-02 14:37:49,2026-01-02 14:54:49,50
626,694,29,2026-01-24 19:19:39,2026-01-24 19:45:39,2026-01-24 19:57:39,39
627,695,42,2026-01-14 18:33:51,2026-01-14 19:09:51,2026-01-14 19:23:51,52
628,696,16,2026-01-02 18:56:20,2026-01-02 19:24:20,2026-01-02 19:43:20,51
629,697,42,2026-01-02 15:29:19,2026-01-02 16:02:19,2026-01-02 16:16:19,51
630,698,54,2026-01-09 22:21:52,2026-01-09 22:46:52,2026-01-09 23:05:52,46
631,699,114,2026-01-31 15:50:42,2026-01-31 16:27:42,2026-01-31 16:45:42,58
632,700,113,2026-01-10 13:08:36,2026-01-10 13:44:36,2026-01-10 14:02:36,55
633,701,51,2026-01-30 13:17:26,2026-01-30 13:44:26,2026-01-30 14:01:26,46
634,702,38,2026-01-19 21:17:55,2026-01-19 21:56:55,2026-01-19 22:19:55,65
635,703,15,2026-01-08 22:58:57,2026-01-08 23:15:57,2026-01-08 23:39:57,42
636,704,117,2026-01-22 21:50:34,2026-01-22 22:26:34,2026-01-22 22:43:34,56
637,705,25,2026-01-08 21:09:02,2026-01-08 21:42:02,2026-01-08 22:07:02,62
638,706,108,2026-01-18 21:49:56,2026-01-18 22:20:56,2026-01-18 22:44:56,59
639,707,105,2026-01-17 12:58:53,2026-01-17 13:21:53,2026-01-17 13:31:53,35
640,709,120,2026-01-18 14:23:50,2026-01-18 14:52:50,2026-01-18 15:07:50,45
641,710,76,2026-01-27 12:14:41,2026-01-27 12:36:41,2026-01-27 12:55:41,43
642,711,24,2026-01-01 04:41:16,2026-01-01 05:00:16,2026-01-01 05:12:16,32
643,712,94,2026-01-28 15:00:02,2026-01-28 15:27:02,2026-01-28 16:02:02,65
644,713,33,2026-01-12 13:12:14,2026-01-12 13:48:14,2026-01-12 14:09:14,58
645,714,88,2026-01-06 13:32:52,2026-01-06 14:02:52,2026-01-06 14:25:52,54
646,715,53,2026-01-11 14:09:47,2026-01-11 14:34:47,2026-01-11 14:52:47,44
647,716,55,2026-01-13 05:46:51,2026-01-13 06:04:51,2026-01-13 06:26:51,43
648,717,116,2026-01-26 17:05:11,2026-01-26 17:27:11,2026-01-26 17:41:11,40
649,718,35,2026-01-07 11:34:23,2026-01-07 11:54:23,2026-01-07 12:14:23,43
650,719,71,2026-01-20 14:24:42,2026-01-20 14:54:42,2026-01-20 15:19:42,58
651,720,61,2026-01-10 02:21:14,2026-01-10 02:41:14,2026-01-10 03:01:14,43
652,721,6,2026-01-12 21:20:38,2026-01-12 22:03:38,2026-01-12 22:23:38,65
653,722,16,2026-01-10 22:48:41,2026-01-10 23:18:41,2026-01-10 23:42:41,55
654,723,70,2026-01-14 14:46:08,2026-01-14 15:20:08,2026-01-14 15:49:08,67
655,724,3,2026-01-17 01:21:41,2026-01-17 02:00:41,2026-01-17 02:19:41,59
656,725,97,2026-01-08 14:53:53,2026-01-08 15:28:53,2026-01-08 15:49:53,58
657,726,20,2026-01-21 23:08:34,2026-01-21 23:30:34,2026-01-21 23:42:34,36
658,727,107,2026-01-21 03:37:17,2026-01-21 03:54:17,2026-01-21 04:22:17,48
659,728,49,2026-01-28 12:58:41,2026-01-28 13:26:41,2026-01-28 13:43:41,47
660,730,42,2026-01-09 15:45:46,2026-01-09 16:12:46,2026-01-09 16:33:46,49
661,731,25,2026-01-17 09:26:38,2026-01-17 09:48:38,2026-01-17 10:06:38,41
662,732,74,2026-01-30 08:45:31,2026-01-30 09:18:31,2026-01-30 09:42:31,59
663,733,52,2026-01-23 18:19:41,2026-01-23 18:48:41,2026-01-23 19:06:41,50
664,734,79,2026-01-16 14:48:17,2026-01-16 15:23:17,2026-01-16 15:43:17,59
665,735,94,2026-01-26 12:38:36,2026-01-26 13:05:36,2026-01-26 13:19:36,42
666,736,38,2026-01-09 14:48:18,2026-01-09 15:21:18,2026-01-09 15:48:18,64
667,737,81,2026-01-15 22:16:34,2026-01-15 22:48:34,2026-01-15 23:07:34,52
668,738,61,2026-01-19 22:15:38,2026-01-19 22:37:38,2026-01-19 23:11:38,57
669,739,44,2026-01-25 21:40:54,2026-01-25 22:16:54,2026-01-25 22:36:54,57
670,740,78,2026-01-26 13:05:55,2026-01-26 13:33:55,2026-01-26 13:50:55,46
671,741,11,2026-01-10 15:25:27,2026-01-10 15:54:27,2026-01-10 16:09:27,45
672,742,79,2026-01-01 15:19:10,2026-01-01 15:44:10,2026-01-01 16:05:10,48
673,743,18,2026-01-03 19:33:39,2026-01-03 20:00:39,2026-01-03 20:24:39,54
674,744,3,2026-01-08 04:18:43,2026-01-08 04:47:43,2026-01-08 05:01:43,44
675,745,20,2026-01-05 15:50:51,2026-01-05 16:24:51,2026-01-05 16:42:51,53
676,746,63,2026-01-23 02:54:45,2026-01-23 03:19:45,2026-01-23 03:34:45,44
677,747,28,2026-01-07 22:10:10,2026-01-07 22:37:10,2026-01-07 23:04:10,56
678,748,33,2026-01-03 14:13:57,2026-01-03 14:50:57,2026-01-03 15:11:57,59
679,749,102,2026-01-23 03:33:50,2026-01-23 04:05:50,2026-01-23 04:27:50,57
680,750,20,2026-01-10 05:49:13,2026-01-10 06:07:13,2026-01-10 06:26:13,38
681,751,72,2026-01-17 13:42:22,2026-01-17 14:14:22,2026-01-17 14:37:22,56
682,752,110,2026-01-26 15:48:09,2026-01-26 16:20:09,2026-01-26 16:32:09,47
683,753,86,2026-01-11 20:42:11,2026-01-11 20:52:11,2026-01-11 21:02:11,22
684,754,26,2026-01-02 05:43:33,2026-01-02 06:09:33,2026-01-02 06:31:33,50
685,755,77,2026-01-14 02:46:51,2026-01-14 03:13:51,2026-01-14 03:30:51,48
686,756,51,2026-01-07 15:51:29,2026-01-07 16:17:29,2026-01-07 16:37:29,47
687,757,70,2026-01-13 18:14:59,2026-01-13 18:38:59,2026-01-13 18:53:59,43
688,758,69,2026-01-16 16:21:55,2026-01-16 16:46:55,2026-01-16 17:06:55,46
689,759,70,2026-01-04 15:39:21,2026-01-04 16:05:21,2026-01-04 16:17:21,42
690,760,52,2026-01-09 14:32:20,2026-01-09 14:58:20,2026-01-09 15:20:20,52
691,761,120,2026-01-07 23:23:25,2026-01-07 23:46:25,2026-01-08 00:02:25,42
692,762,78,2026-01-09 11:00:29,2026-01-09 11:20:29,2026-01-09 11:30:29,32
693,763,62,2026-01-30 14:27:12,2026-01-30 14:59:12,2026-01-30 15:14:12,51
694,764,118,2026-01-10 01:37:32,2026-01-10 01:59:32,2026-01-10 02:24:32,49
695,765,80,2026-01-26 11:01:17,2026-01-26 11:28:17,2026-01-26 11:44:17,47
696,766,26,2026-01-28 15:13:30,2026-01-28 15:36:30,2026-01-28 15:55:30,46
697,767,22,2026-01-31 23:41:29,2026-02-01 00:18:29,2026-02-01 00:34:29,54
698,768,44,2026-01-13 15:48:14,2026-01-13 16:07:14,2026-01-13 16:23:14,37
699,769,42,2026-01-18 23:11:30,2026-01-18 23:48:30,2026-01-19 00:05:30,57
700,770,35,2026-01-11 21:16:11,2026-01-11 21:42:11,2026-01-11 22:02:11,49
701,771,114,2026-01-02 19:56:45,2026-01-02 20:21:45,2026-01-02 20:36:45,42
702,772,50,2026-01-26 11:09:56,2026-01-26 11:38:56,2026-01-26 11:54:56,48
703,773,114,2026-01-30 21:24:51,2026-01-30 21:50:51,2026-01-30 22:13:51,52
704,774,79,2026-01-14 13:44:07,2026-01-14 14:22:07,2026-01-14 14:44:07,63
705,775,40,2026-01-14 23:35:56,2026-01-15 00:17:56,2026-01-15 00:43:56,69
706,776,82,2026-01-12 06:25:14,2026-01-12 06:42:14,2026-01-12 07:01:14,37
707,777,1,2026-01-19 14:22:21,2026-01-19 14:53:21,2026-01-19 15:21:21,63
708,778,81,2026-01-14 23:28:35,2026-01-14 23:54:35,2026-01-15 00:08:35,42
709,779,91,2026-01-03 20:47:18,2026-01-03 21:10:18,2026-01-03 21:28:18,45
710,780,71,2026-01-16 13:52:57,2026-01-16 14:27:57,2026-01-16 14:49:57,61
711,781,75,2026-01-20 01:19:25,2026-01-20 01:52:25,2026-01-20 02:09:25,52
712,782,40,2026-01-29 09:48:49,2026-01-29 10:08:49,2026-01-29 10:28:49,42
713,783,100,2026-01-13 22:52:09,2026-01-13 23:25:09,2026-01-13 23:49:09,60
714,784,93,2026-01-06 15:46:27,2026-01-06 16:15:27,2026-01-06 16:44:27,62
715,785,23,2026-01-16 20:51:20,2026-01-16 21:22:20,2026-01-16 21:33:20,43
716,786,3,2026-01-23 14:28:56,2026-01-23 15:10:56,2026-01-23 15:40:56,73
717,788,97,2026-01-23 19:46:08,2026-01-23 20:06:08,2026-01-23 20:19:08,37
718,789,93,2026-01-07 18:42:11,2026-01-07 19:03:11,2026-01-07 19:15:11,34
719,790,101,2026-01-11 09:26:55,2026-01-11 09:48:55,2026-01-11 10:00:55,35
720,791,86,2026-01-07 12:52:36,2026-01-07 13:21:36,2026-01-07 13:40:36,49
721,792,50,2026-01-28 14:49:54,2026-01-28 15:34:54,2026-01-28 15:52:54,66
722,793,111,2026-01-08 13:58:06,2026-01-08 14:28:06,2026-01-08 14:48:06,51
723,794,91,2026-01-29 16:21:47,2026-01-29 16:37:47,2026-01-29 16:52:47,32
724,795,48,2026-01-14 20:37:48,2026-01-14 21:01:48,2026-01-14 21:20:48,46
725,796,4,2026-01-17 21:30:12,2026-01-17 22:03:12,2026-01-17 22:27:12,58
726,797,4,2026-01-05 20:57:52,2026-01-05 21:31:52,2026-01-05 21:49:52,53
727,798,26,2026-01-03 22:53:23,2026-01-03 23:24:23,2026-01-03 23:45:23,55
728,799,43,2026-01-10 13:01:05,2026-01-10 13:26:05,2026-01-10 13:53:05,53
729,800,63,2026-01-24 01:26:08,2026-01-24 01:52:08,2026-01-24 02:12:08,47
730,801,41,2026-01-13 06:01:12,2026-01-13 06:28:12,2026-01-13 06:39:12,41
731,802,83,2026-01-09 08:36:06,2026-01-09 09:01:06,2026-01-09 09:25:06,53
732,803,35,2026-01-29 15:50:09,2026-01-29 16:12:09,2026-01-29 16:30:09,44
733,805,115,2026-01-29 21:47:38,2026-01-29 22:08:38,2026-01-29 22:30:38,44
734,806,70,2026-01-13 14:58:48,2026-01-13 15:38:48,2026-01-13 16:14:48,77
735,807,86,2026-01-16 13:06:28,2026-01-16 13:45:28,2026-01-16 14:12:28,69
736,809,50,2026-01-18 04:32:22,2026-01-18 04:53:22,2026-01-18 05:13:22,44
737,810,98,2026-01-27 13:05:58,2026-01-27 13:30:58,2026-01-27 13:49:58,46
738,811,68,2026-01-27 13:01:55,2026-01-27 13:38:55,2026-01-27 14:01:55,64
739,812,53,2026-01-22 14:41:56,2026-01-22 15:10:56,2026-01-22 15:31:56,52
740,813,34,2026-01-13 01:43:10,2026-01-13 02:06:10,2026-01-13 02:16:10,36
741,814,117,2026-01-28 12:52:30,2026-01-28 13:21:30,2026-01-28 13:40:30,49
742,815,55,2026-01-08 01:32:24,2026-01-08 02:05:24,2026-01-08 02:18:24,50
743,816,76,2026-01-30 22:15:14,2026-01-30 22:48:14,2026-01-30 23:12:14,58
744,817,61,2026-01-03 09:29:21,2026-01-03 09:50:21,2026-01-03 10:16:21,50
745,818,84,2026-01-29 22:24:52,2026-01-29 22:46:52,2026-01-29 23:07:52,44
746,819,2,2026-01-07 14:23:10,2026-01-07 14:54:10,2026-01-07 15:17:10,58
747,820,103,2026-01-22 12:16:39,2026-01-22 12:46:39,2026-01-22 13:11:39,57
748,821,98,2026-01-03 15:10:19,2026-01-03 15:26:19,2026-01-03 15:46:19,38
749,822,117,2026-01-22 22:32:56,2026-01-22 22:55:56,2026-01-22 23:13:56,42
750,823,115,2026-01-03 21:55:06,2026-01-03 22:32:06,2026-01-03 22:57:06,65
751,824,60,2026-01-21 15:12:49,2026-01-21 15:30:49,2026-01-21 15:51:49,43
752,825,87,2026-01-27 21:37:55,2026-01-27 21:58:55,2026-01-27 22:12:55,38
753,826,58,2026-01-21 20:07:51,2026-01-21 20:34:51,2026-01-21 20:47:51,42
754,827,78,2026-01-27 22:45:31,2026-01-27 23:04:31,2026-01-27 23:32:31,49
755,828,33,2026-01-01 13:47:56,2026-01-01 14:21:56,2026-01-01 14:54:56,69
756,829,77,2026-01-21 18:07:14,2026-01-21 18:32:14,2026-01-21 19:01:14,57
757,830,8,2026-01-06 23:43:35,2026-01-07 00:05:35,2026-01-07 00:24:35,43
758,831,72,2026-01-08 21:36:56,2026-01-08 22:11:56,2026-01-08 22:31:56,56
759,832,16,2026-01-06 21:11:21,2026-01-06 21:39:21,2026-01-06 22:01:21,54
760,833,97,2026-01-01 13:04:13,2026-01-01 13:40:13,2026-01-01 14:06:13,63
761,836,72,2026-01-14 16:47:41,2026-01-14 17:21:41,2026-01-14 17:35:41,49
762,837,67,2026-01-27 14:48:23,2026-01-27 15:24:23,2026-01-27 15:50:23,66
763,838,89,2026-01-23 22:32:38,2026-01-23 22:54:38,2026-01-23 23:22:38,54
764,839,120,2026-01-29 20:53:39,2026-01-29 21:25:39,2026-01-29 21:45:39,53
765,840,76,2026-01-04 15:00:53,2026-01-04 15:31:53,2026-01-04 15:48:53,52
766,841,74,2026-01-04 14:46:18,2026-01-04 15:17:18,2026-01-04 15:51:18,67
767,842,22,2026-01-07 20:57:04,2026-01-07 21:25:04,2026-01-07 21:44:04,50
768,843,119,2026-01-14 14:14:19,2026-01-14 14:47:19,2026-01-14 15:12:19,59
769,844,85,2026-01-19 02:48:29,2026-01-19 03:18:29,2026-01-19 03:38:29,54
770,845,41,2026-01-21 17:58:40,2026-01-21 18:23:40,2026-01-21 18:45:40,48
771,846,72,2026-01-01 17:12:00,2026-01-01 17:36:00,2026-01-01 18:03:00,55
772,847,43,2026-01-29 21:26:57,2026-01-29 21:54:57,2026-01-29 22:18:57,53
773,848,8,2026-01-20 13:53:26,2026-01-20 14:38:26,2026-01-20 14:59:26,68
774,849,117,2026-01-21 20:09:55,2026-01-21 20:37:55,2026-01-21 20:58:55,51
775,850,86,2026-01-04 21:19:42,2026-01-04 21:47:42,2026-01-04 22:09:42,53
776,851,7,2026-01-30 03:13:13,2026-01-30 03:33:13,2026-01-30 03:57:13,48
777,852,101,2026-01-09 14:25:30,2026-01-09 15:07:30,2026-01-09 15:34:30,71
778,853,64,2026-01-03 21:23:49,2026-01-03 21:48:49,2026-01-03 22:12:49,52
779,855,88,2026-01-14 19:10:48,2026-01-14 19:34:48,2026-01-14 19:59:48,52
780,856,10,2026-01-28 12:45:55,2026-01-28 13:07:55,2026-01-28 13:26:55,45
781,857,73,2026-01-27 13:01:34,2026-01-27 13:30:34,2026-01-27 13:52:34,53
782,858,41,2026-01-01 23:57:50,2026-01-02 00:21:50,2026-01-02 00:34:50,41
783,859,110,2026-01-19 23:46:16,2026-01-20 00:03:16,2026-01-20 00:23:16,39
784,861,102,2026-01-06 15:57:18,2026-01-06 16:24:18,2026-01-06 16:44:18,50
785,862,15,2026-01-12 15:58:02,2026-01-12 16:31:02,2026-01-12 16:47:02,51
786,863,101,2026-01-08 20:52:47,2026-01-08 21:09:47,2026-01-08 21:20:47,29
787,864,22,2026-01-22 01:24:15,2026-01-22 01:47:15,2026-01-22 01:58:15,38
788,865,62,2026-01-05 13:46:48,2026-01-05 14:24:48,2026-01-05 15:02:48,78
789,867,32,2026-01-01 15:13:57,2026-01-01 15:30:57,2026-01-01 15:46:57,35
790,869,50,2026-01-30 12:33:33,2026-01-30 13:01:33,2026-01-30 13:17:33,47
791,870,51,2026-01-28 13:14:21,2026-01-28 13:49:21,2026-01-28 14:10:21,60
792,871,40,2026-01-08 10:17:29,2026-01-08 10:56:29,2026-01-08 11:10:29,57
793,872,28,2026-01-11 21:52:02,2026-01-11 22:31:02,2026-01-11 22:52:02,63
794,873,120,2026-01-20 22:47:29,2026-01-20 23:24:29,2026-01-20 23:48:29,62
795,874,102,2026-01-12 16:42:07,2026-01-12 17:04:07,2026-01-12 17:24:07,45
796,875,27,2026-01-31 20:44:35,2026-01-31 21:12:35,2026-01-31 21:31:35,51
797,876,42,2026-01-14 14:42:23,2026-01-14 15:19:23,2026-01-14 15:42:23,64
798,877,75,2026-01-12 15:07:17,2026-01-12 15:43:17,2026-01-12 16:00:17,56
799,878,83,2026-01-06 15:34:01,2026-01-06 15:57:01,2026-01-06 16:15:01,42
800,879,56,2026-01-06 22:10:09,2026-01-06 22:46:09,2026-01-06 23:05:09,58
801,880,60,2026-01-13 14:40:39,2026-01-13 15:02:39,2026-01-13 15:38:39,60
802,881,57,2026-01-22 23:47:38,2026-01-23 00:17:38,2026-01-23 00:28:38,44
803,882,60,2026-01-27 01:42:42,2026-01-27 02:04:42,2026-01-27 02:21:42,42
804,883,26,2026-01-10 11:06:13,2026-01-10 11:32:13,2026-01-10 11:57:13,55
805,884,93,2026-01-06 21:44:04,2026-01-06 22:06:04,2026-01-06 22:28:04,46
806,885,51,2026-01-30 21:40:55,2026-01-30 22:13:55,2026-01-30 22:31:55,54
807,886,72,2026-01-19 21:21:21,2026-01-19 21:46:21,2026-01-19 22:09:21,50
808,887,19,2026-01-24 22:24:51,2026-01-24 22:52:51,2026-01-24 23:20:51,58
809,888,46,2026-01-25 16:18:49,2026-01-25 16:41:49,2026-01-25 17:07:49,51
810,889,83,2026-01-20 15:55:27,2026-01-20 16:27:27,2026-01-20 16:46:27,53
811,890,42,2026-01-06 13:41:55,2026-01-06 14:21:55,2026-01-06 14:49:55,69
812,891,50,2026-01-08 05:04:42,2026-01-08 05:18:42,2026-01-08 05:36:42,36
813,892,64,2026-01-13 23:54:21,2026-01-14 00:15:21,2026-01-14 00:26:21,35
814,893,74,2026-01-03 22:11:09,2026-01-03 22:37:09,2026-01-03 22:53:09,45
815,894,108,2026-01-10 00:02:36,2026-01-10 00:25:36,2026-01-10 00:44:36,46
816,895,19,2026-01-15 23:46:24,2026-01-16 00:05:24,2026-01-16 00:23:24,39
817,896,54,2026-01-29 10:51:54,2026-01-29 11:22:54,2026-01-29 11:42:54,52
818,897,89,2026-01-15 20:46:51,2026-01-15 21:03:51,2026-01-15 21:17:51,35
819,898,79,2026-01-02 15:24:01,2026-01-02 15:56:01,2026-01-02 16:13:01,52
820,899,45,2026-01-22 10:15:39,2026-01-22 10:32:39,2026-01-22 10:47:39,33
821,900,74,2026-01-15 22:12:13,2026-01-15 22:42:13,2026-01-15 23:08:13,60
822,901,105,2026-01-13 19:22:33,2026-01-13 19:41:33,2026-01-13 20:03:33,43
823,904,56,2026-01-18 06:34:13,2026-01-18 06:51:13,2026-01-18 07:11:13,41
824,906,4,2026-01-07 14:12:20,2026-01-07 14:39:20,2026-01-07 14:53:20,45
825,907,9,2026-01-02 14:07:45,2026-01-02 14:37:45,2026-01-02 15:07:45,64
826,908,24,2026-01-23 14:46:54,2026-01-23 15:18:54,2026-01-23 15:31:54,49
827,910,95,2026-01-01 12:29:24,2026-01-01 13:00:24,2026-01-01 13:22:24,54
828,911,92,2026-01-11 12:35:21,2026-01-11 13:14:21,2026-01-11 13:33:21,59
829,912,80,2026-01-19 02:58:33,2026-01-19 03:17:33,2026-01-19 03:33:33,38
830,913,10,2026-01-17 15:58:21,2026-01-17 16:22:21,2026-01-17 16:34:21,40
831,914,59,2026-01-10 01:04:47,2026-01-10 01:32:47,2026-01-10 01:45:47,42
832,915,23,2026-01-24 12:46:10,2026-01-24 13:08:10,2026-01-24 13:35:10,50
833,916,87,2026-01-09 12:32:32,2026-01-09 12:55:32,2026-01-09 13:11:32,43
834,917,108,2026-01-16 13:25:45,2026-01-16 13:49:45,2026-01-16 14:24:45,60
835,918,88,2026-01-17 01:13:10,2026-01-17 01:37:10,2026-01-17 02:01:10,51
836,919,42,2026-01-01 20:28:54,2026-01-01 20:47:54,2026-01-01 21:07:54,42
837,920,80,2026-01-20 22:20:55,2026-01-20 22:57:55,2026-01-20 23:20:55,64
838,921,69,2026-01-09 17:35:54,2026-01-09 18:05:54,2026-01-09 18:25:54,51
839,922,96,2026-01-02 23:09:29,2026-01-02 23:22:29,2026-01-02 23:46:29,39
840,923,50,2026-01-01 09:50:43,2026-01-01 10:18:43,2026-01-01 10:32:43,43
841,924,77,2026-01-09 15:02:25,2026-01-09 15:42:25,2026-01-09 16:09:25,70
842,925,33,2026-01-11 13:42:08,2026-01-11 14:18:08,2026-01-11 14:36:08,57
843,926,71,2026-01-06 10:25:32,2026-01-06 10:50:32,2026-01-06 11:13:32,50
844,928,115,2026-01-30 21:39:38,2026-01-30 22:08:38,2026-01-30 22:32:38,55
845,929,25,2026-01-10 21:30:54,2026-01-10 21:54:54,2026-01-10 22:16:54,47
846,930,98,2026-01-08 14:48:41,2026-01-08 15:15:41,2026-01-08 15:33:41,49
847,932,94,2026-01-20 21:24:42,2026-01-20 22:12:42,2026-01-20 22:41:42,78
848,933,39,2026-01-05 13:46:06,2026-01-05 14:24:06,2026-01-05 14:46:06,61
849,934,71,2026-01-30 12:11:22,2026-01-30 12:47:22,2026-01-30 13:03:22,53
850,937,107,2026-01-09 07:08:52,2026-01-09 07:33:52,2026-01-09 07:57:52,51
851,938,101,2026-01-02 23:57:31,2026-01-03 00:18:31,2026-01-03 00:43:31,47
852,939,50,2026-01-03 07:04:32,2026-01-03 07:23:32,2026-01-03 07:42:32,40
853,940,84,2026-01-15 05:11:04,2026-01-15 05:34:04,2026-01-15 05:48:04,41
854,941,77,2026-01-08 20:47:18,2026-01-08 21:09:18,2026-01-08 21:22:18,38
855,942,2,2026-01-02 21:01:41,2026-01-02 21:18:41,2026-01-02 21:42:41,43
856,943,41,2026-01-15 22:04:02,2026-01-15 22:37:02,2026-01-15 23:05:02,63
857,944,100,2026-01-14 22:56:35,2026-01-14 23:39:35,2026-01-15 00:00:35,65
858,945,42,2026-01-23 22:19:15,2026-01-23 22:46:15,2026-01-23 23:15:15,59
859,946,8,2026-01-27 21:38:27,2026-01-27 22:14:27,2026-01-27 22:30:27,53
860,947,102,2026-01-30 02:16:09,2026-01-30 02:50:09,2026-01-30 03:03:09,50
861,948,16,2026-01-23 09:24:17,2026-01-23 09:46:17,2026-01-23 10:20:17,57
862,949,106,2026-01-09 20:20:05,2026-01-09 20:43:05,2026-01-09 20:54:05,36
863,950,73,2026-01-27 22:27:57,2026-01-27 22:58:57,2026-01-27 23:16:57,50
864,951,102,2026-01-25 02:35:20,2026-01-25 02:59:20,2026-01-25 03:30:20,58
865,953,116,2026-01-08 22:48:15,2026-01-08 23:25:15,2026-01-08 23:53:15,68
866,954,2,2026-01-29 18:11:16,2026-01-29 18:40:16,2026-01-29 19:02:16,55
867,955,107,2026-01-06 02:08:49,2026-01-06 02:34:49,2026-01-06 02:50:49,44
868,956,72,2026-01-27 03:45:47,2026-01-27 04:17:47,2026-01-27 04:40:47,58
869,957,96,2026-01-19 03:25:20,2026-01-19 03:45:20,2026-01-19 04:06:20,45
870,958,8,2026-01-06 21:40:06,2026-01-06 22:09:06,2026-01-06 22:26:06,50
871,959,89,2026-01-15 12:49:09,2026-01-15 13:09:09,2026-01-15 13:36:09,51
872,960,82,2026-01-17 22:18:25,2026-01-17 22:46:25,2026-01-17 23:00:25,46
873,961,108,2026-01-12 22:59:20,2026-01-12 23:37:20,2026-01-12 23:58:20,60
874,962,9,2026-01-23 21:26:48,2026-01-23 21:57:48,2026-01-23 22:25:48,63
875,963,48,2026-01-21 00:19:28,2026-01-21 00:38:28,2026-01-21 00:55:28,40
876,964,34,2026-01-07 00:59:58,2026-01-07 01:15:58,2026-01-07 01:29:58,31
877,965,41,2026-01-28 22:23:29,2026-01-28 22:55:29,2026-01-28 23:17:29,58
878,966,16,2026-01-18 00:33:03,2026-01-18 00:59:03,2026-01-18 01:20:03,51
879,967,92,2026-01-25 15:02:50,2026-01-25 15:32:50,2026-01-25 15:54:50,55
880,968,5,2026-01-17 22:46:19,2026-01-17 23:13:19,2026-01-17 23:32:19,48
881,969,100,2026-01-07 12:05:49,2026-01-07 12:24:49,2026-01-07 12:43:49,40
882,970,50,2026-01-04 15:46:41,2026-01-04 16:07:41,2026-01-04 16:19:41,37
883,972,100,2026-01-31 04:32:57,2026-01-31 04:53:57,2026-01-31 05:03:57,33
884,973,61,2026-01-02 16:58:01,2026-01-02 17:28:01,2026-01-02 17:51:01,54
885,974,12,2026-01-03 21:53:35,2026-01-03 22:18:35,2026-01-03 22:41:35,52
886,975,1,2026-01-06 19:46:08,2026-01-06 20:11:08,2026-01-06 20:31:08,46
887,976,97,2026-01-12 21:20:14,2026-01-12 21:52:14,2026-01-12 22:14:14,56
888,977,46,2026-01-04 23:55:56,2026-01-05 00:23:56,2026-01-05 00:50:56,59
889,978,75,2026-01-16 07:59:27,2026-01-16 08:35:27,2026-01-16 08:55:27,59
890,979,103,2026-01-19 13:25:15,2026-01-19 13:52:15,2026-01-19 14:09:15,47
891,980,74,2026-01-25 22:30:53,2026-01-25 23:13:53,2026-01-25 23:36:53,67
892,981,70,2026-01-02 13:56:56,2026-01-02 14:23:56,2026-01-02 14:49:56,56
893,982,63,2026-01-02 21:33:22,2026-01-02 22:02:22,2026-01-02 22:25:22,54
894,983,16,2026-01-11 13:46:36,2026-01-11 14:28:36,2026-01-11 14:52:36,67
895,984,118,2026-01-30 23:46:40,2026-01-31 00:09:40,2026-01-31 00:28:40,43
896,985,72,2026-01-29 14:49:05,2026-01-29 15:20:05,2026-01-29 15:39:05,51
897,986,98,2026-01-18 22:24:32,2026-01-18 22:56:32,2026-01-18 23:20:32,59
898,987,7,2026-01-12 14:43:26,2026-01-12 15:12:26,2026-01-12 15:36:26,57
899,988,37,2026-01-05 15:19:16,2026-01-05 16:02:16,2026-01-05 16:30:16,75
900,989,21,2026-01-19 23:40:36,2026-01-20 00:06:36,2026-01-20 00:18:36,40
901,990,23,2026-01-23 01:31:13,2026-01-23 01:56:13,2026-01-23 02:14:13,47
902,992,95,2026-01-09 12:50:59,2026-01-09 13:25:59,2026-01-09 13:47:59,60
903,993,54,2026-01-21 20:18:03,2026-01-21 20:43:03,2026-01-21 21:06:03,50
904,994,53,2026-01-15 13:24:44,2026-01-15 14:02:44,2026-01-15 14:21:44,61
905,995,101,2026-01-26 23:06:17,2026-01-26 23:29:17,2026-01-26 23:52:17,50
906,996,35,2026-01-04 21:50:43,2026-01-04 22:23:43,2026-01-04 22:51:43,63
907,997,85,2026-01-15 21:59:31,2026-01-15 22:34:31,2026-01-15 22:58:31,61
908,998,111,2026-01-05 21:48:40,2026-01-05 22:23:40,2026-01-05 22:49:40,64
909,999,7,2026-01-01 21:19:19,2026-01-01 21:46:19,2026-01-01 22:05:19,47
910,1000,58,2026-01-26 15:04:21,2026-01-26 15:26:21,2026-01-26 15:44:21,42
911,1001,54,2026-01-03 09:44:12,2026-01-03 10:23:12,2026-01-03 10:37:12,57
912,1003,63,2026-01-23 17:15:57,2026-01-23 17:38:57,2026-01-23 18:02:57,51
913,1005,5,2026-01-02 12:41:27,2026-01-02 13:03:27,2026-01-02 13:16:27,36
914,1006,113,2026-01-19 13:36:33,2026-01-19 14:07:33,2026-01-19 14:27:33,54
915,1007,99,2026-01-07 21:30:08,2026-01-07 22:05:08,2026-01-07 22:22:08,53
916,1009,120,2026-01-12 02:24:36,2026-01-12 02:51:36,2026-01-12 03:14:36,52
917,1010,61,2026-01-05 09:45:27,2026-01-05 10:06:27,2026-01-05 10:31:27,50
918,1011,34,2026-01-16 13:57:08,2026-01-16 14:25:08,2026-01-16 14:39:08,43
919,1012,99,2026-01-08 12:21:49,2026-01-08 12:40:49,2026-01-08 13:03:49,45
920,1013,93,2026-01-22 10:28:05,2026-01-22 10:50:05,2026-01-22 11:04:05,38
921,1014,86,2026-01-03 23:21:17,2026-01-03 23:46:17,2026-01-04 00:03:17,45
922,1015,94,2026-01-22 21:19:58,2026-01-22 21:46:58,2026-01-22 22:19:58,62
923,1016,31,2026-01-30 11:42:02,2026-01-30 12:03:02,2026-01-30 12:19:02,40
924,1017,100,2026-01-13 14:38:55,2026-01-13 15:16:55,2026-01-13 15:44:55,70
925,1018,101,2026-01-16 14:47:17,2026-01-16 15:25:17,2026-01-16 15:48:17,62
926,1019,98,2026-01-26 14:01:47,2026-01-26 14:36:47,2026-01-26 14:54:47,57
927,1021,6,2026-01-09 22:51:25,2026-01-09 23:38:25,2026-01-10 00:04:25,75
928,1022,36,2026-01-17 15:01:49,2026-01-17 15:30:49,2026-01-17 15:48:49,51
929,1023,79,2026-01-22 12:52:58,2026-01-22 13:18:58,2026-01-22 13:34:58,45
930,1024,106,2026-01-24 22:45:06,2026-01-24 23:16:06,2026-01-24 23:39:06,58
931,1025,22,2026-01-27 12:19:21,2026-01-27 12:44:21,2026-01-27 13:05:21,48
932,1026,6,2026-01-12 13:33:08,2026-01-12 14:10:08,2026-01-12 14:32:08,61
933,1027,38,2026-01-03 21:12:55,2026-01-03 21:36:55,2026-01-03 21:58:55,48
934,1028,8,2026-01-12 22:57:54,2026-01-12 23:27:54,2026-01-12 23:41:54,45
935,1029,25,2026-01-07 21:19:13,2026-01-07 21:41:13,2026-01-07 22:12:13,55
936,1030,60,2026-01-18 05:14:08,2026-01-18 05:37:08,2026-01-18 05:52:08,42
937,1031,102,2026-01-31 23:02:14,2026-01-31 23:32:14,2026-01-31 23:53:14,54
938,1032,8,2026-01-28 21:29:07,2026-01-28 22:07:07,2026-01-28 22:34:07,68
939,1033,100,2026-01-16 13:37:17,2026-01-16 14:11:17,2026-01-16 14:36:17,62
940,1034,114,2026-01-19 02:54:49,2026-01-19 03:21:49,2026-01-19 03:31:49,41
941,1035,73,2026-01-15 13:25:49,2026-01-15 13:57:49,2026-01-15 14:20:49,58
942,1036,47,2026-01-28 20:06:24,2026-01-28 20:33:24,2026-01-28 20:52:24,49
943,1037,39,2026-01-21 21:22:44,2026-01-21 21:46:44,2026-01-21 22:11:44,51
944,1038,15,2026-01-23 12:17:36,2026-01-23 12:40:36,2026-01-23 12:58:36,45
945,1039,110,2026-01-19 23:31:27,2026-01-19 23:53:27,2026-01-20 00:13:27,46
946,1040,60,2026-01-06 13:37:44,2026-01-06 14:02:44,2026-01-06 14:18:44,43
947,1041,107,2026-01-02 12:56:13,2026-01-02 13:14:13,2026-01-02 13:37:13,45
948,1042,106,2026-01-15 13:19:07,2026-01-15 13:53:07,2026-01-15 14:09:07,53
949,1043,56,2026-01-01 12:35:35,2026-01-01 12:59:35,2026-01-01 13:15:35,42
950,1044,3,2026-01-13 22:13:09,2026-01-13 22:49:09,2026-01-13 23:10:09,60
951,1045,59,2026-01-02 13:55:00,2026-01-02 14:20:00,2026-01-02 14:45:00,53
952,1046,116,2026-01-19 05:10:44,2026-01-19 05:32:44,2026-01-19 06:02:44,56
953,1047,108,2026-01-28 17:37:30,2026-01-28 18:10:30,2026-01-28 18:27:30,54
954,1048,83,2026-01-18 15:20:22,2026-01-18 15:51:22,2026-01-18 16:05:22,46
955,1050,86,2026-01-10 22:08:07,2026-01-10 22:48:07,2026-01-10 23:10:07,65
956,1051,8,2026-01-31 21:57:35,2026-01-31 22:47:35,2026-01-31 23:15:35,80
957,1052,42,2026-01-08 21:46:41,2026-01-08 22:10:41,2026-01-08 22:40:41,56
958,1053,46,2026-01-15 22:49:01,2026-01-15 23:20:01,2026-01-15 23:34:01,46
959,1054,49,2026-01-25 21:16:24,2026-01-25 22:02:24,2026-01-25 22:38:24,83
960,1055,12,2026-01-06 12:44:01,2026-01-06 13:06:01,2026-01-06 13:22:01,40
961,1057,65,2026-01-20 12:33:36,2026-01-20 13:01:36,2026-01-20 13:23:36,54
962,1058,68,2026-01-05 07:29:46,2026-01-05 07:52:46,2026-01-05 08:10:46,42
963,1059,43,2026-01-23 03:38:56,2026-01-23 03:55:56,2026-01-23 04:13:56,37
964,1060,47,2026-01-04 22:39:53,2026-01-04 23:10:53,2026-01-04 23:38:53,61
965,1061,38,2026-01-13 01:42:28,2026-01-13 02:15:28,2026-01-13 02:25:28,44
966,1062,32,2026-01-15 23:17:26,2026-01-15 23:50:26,2026-01-16 00:08:26,54
967,1063,10,2026-01-18 22:29:38,2026-01-18 23:01:38,2026-01-18 23:20:38,55
968,1064,78,2026-01-20 22:34:02,2026-01-20 23:24:02,2026-01-20 23:43:02,71
969,1065,33,2026-01-27 14:42:16,2026-01-27 15:13:16,2026-01-27 15:47:16,68
970,1066,7,2026-01-12 23:48:54,2026-01-13 00:10:54,2026-01-13 00:22:54,35
971,1067,70,2026-01-28 09:09:03,2026-01-28 09:30:03,2026-01-28 09:42:03,34
972,1068,120,2026-01-19 15:07:40,2026-01-19 15:34:40,2026-01-19 15:56:40,51
973,1069,97,2026-01-18 23:09:22,2026-01-18 23:41:22,2026-01-19 00:03:22,57
974,1070,83,2026-01-15 22:09:34,2026-01-15 22:36:34,2026-01-15 23:00:34,55
975,1071,67,2026-01-09 05:33:58,2026-01-09 06:12:58,2026-01-09 06:24:58,52
976,1072,4,2026-01-24 12:16:34,2026-01-24 12:39:34,2026-01-24 12:57:34,44
977,1074,86,2026-01-04 13:32:15,2026-01-04 14:16:15,2026-01-04 14:36:15,67
978,1075,92,2026-01-23 22:52:45,2026-01-23 23:31:45,2026-01-23 23:54:45,64
979,1076,52,2026-01-27 12:06:23,2026-01-27 12:40:23,2026-01-27 12:52:23,49
980,1077,17,2026-01-26 22:24:45,2026-01-26 23:01:45,2026-01-26 23:28:45,67
981,1078,22,2026-01-10 17:11:07,2026-01-10 17:38:07,2026-01-10 17:58:07,51
982,1079,43,2026-01-30 20:44:57,2026-01-30 20:59:57,2026-01-30 21:17:57,37
983,1080,41,2026-01-17 15:33:09,2026-01-17 15:55:09,2026-01-17 16:05:09,34
984,1081,44,2026-01-14 12:30:40,2026-01-14 12:56:40,2026-01-14 13:11:40,42
985,1082,117,2026-01-28 23:24:33,2026-01-28 23:42:33,2026-01-29 00:00:33,40
986,1083,2,2026-01-03 12:27:26,2026-01-03 12:51:26,2026-01-03 13:03:26,40
987,1084,89,2026-01-06 20:39:21,2026-01-06 21:11:21,2026-01-06 21:24:21,48
988,1085,64,2026-01-28 14:19:41,2026-01-28 14:55:41,2026-01-28 15:07:41,52
989,1086,77,2026-01-31 14:12:41,2026-01-31 14:57:41,2026-01-31 15:19:41,68
990,1087,64,2026-01-19 21:36:19,2026-01-19 22:21:19,2026-01-19 22:46:19,73
991,1088,82,2026-01-30 22:21:38,2026-01-30 22:51:38,2026-01-30 23:10:38,52
992,1089,82,2026-01-20 17:10:47,2026-01-20 17:36:47,2026-01-20 17:53:47,45
993,1090,49,2026-01-05 13:26:20,2026-01-05 13:58:20,2026-01-05 14:18:20,55
994,1091,24,2026-01-21 20:41:10,2026-01-21 21:04:10,2026-01-21 21:23:10,46
995,1092,52,2026-01-08 23:02:24,2026-01-08 23:31:24,2026-01-08 23:50:24,50
996,1094,73,2026-01-30 12:33:49,2026-01-30 12:56:49,2026-01-30 13:10:49,41
997,1095,58,2026-01-30 13:58:46,2026-01-30 14:35:46,2026-01-30 14:55:46,59
998,1096,41,2026-01-25 13:49:11,2026-01-25 14:27:11,2026-01-25 14:40:11,52
999,1098,83,2026-01-12 21:37:26,2026-01-12 22:16:26,2026-01-12 22:39:26,65
1000,1099,17,2026-01-25 13:40:58,2026-01-25 14:13:58,2026-01-25 14:35:58,58
1001,1100,3,2026-01-05 22:13:25,2026-01-05 22:43:25,2026-01-05 23:15:25,65
1002,1101,66,2026-01-08 22:22:55,2026-01-08 22:57:55,2026-01-08 23:24:55,66
1003,1102,60,2026-01-24 10:52:39,2026-01-24 11:05:39,2026-01-24 11:23:39,34
1004,1103,80,2026-01-28 21:54:13,2026-01-28 22:45:13,2026-01-28 23:12:13,80
1005,1104,58,2026-01-22 14:14:57,2026-01-22 14:49:57,2026-01-22 15:09:57,58
1006,1105,1,2026-01-25 14:15:37,2026-01-25 14:58:37,2026-01-25 15:22:37,71
1007,1106,14,2026-01-01 08:01:45,2026-01-01 08:29:45,2026-01-01 08:45:45,47
1008,1107,61,2026-01-13 14:58:09,2026-01-13 15:45:09,2026-01-13 16:08:09,72
1009,1108,70,2026-01-22 23:24:30,2026-01-22 23:42:30,2026-01-22 23:57:30,36
1010,1109,18,2026-01-11 20:16:30,2026-01-11 20:40:30,2026-01-11 21:06:30,54
1011,1110,82,2026-01-19 21:32:53,2026-01-19 22:10:53,2026-01-19 22:35:53,66
1012,1111,36,2026-01-27 15:05:24,2026-01-27 15:21:24,2026-01-27 15:43:24,40
1013,1112,116,2026-01-12 00:56:27,2026-01-12 01:24:27,2026-01-12 01:39:27,46
1014,1113,4,2026-01-10 18:45:32,2026-01-10 19:13:32,2026-01-10 19:33:32,50
1015,1114,104,2026-01-14 14:10:59,2026-01-14 14:33:59,2026-01-14 14:52:59,43
1016,1115,75,2026-01-28 19:53:12,2026-01-28 20:18:12,2026-01-28 20:38:12,48
1017,1116,78,2026-01-22 14:40:38,2026-01-22 15:09:38,2026-01-22 15:37:38,58
1018,1117,43,2026-01-20 22:53:43,2026-01-20 23:34:43,2026-01-21 00:04:43,72
1019,1118,92,2026-01-27 13:06:41,2026-01-27 13:30:41,2026-01-27 14:05:41,60
1020,1119,78,2026-01-29 22:26:45,2026-01-29 22:50:45,2026-01-29 23:09:45,47
1021,1121,91,2026-01-31 16:30:47,2026-01-31 16:49:47,2026-01-31 17:10:47,42
1022,1122,102,2026-01-14 14:26:22,2026-01-14 14:51:22,2026-01-14 15:15:22,51
1023,1123,69,2026-01-10 15:16:48,2026-01-10 15:50:48,2026-01-10 16:10:48,58
1024,1124,55,2026-01-07 21:39:09,2026-01-07 22:13:09,2026-01-07 22:44:09,69
1025,1125,23,2026-01-12 08:06:19,2026-01-12 08:30:19,2026-01-12 08:47:19,43
1026,1126,102,2026-01-15 13:39:31,2026-01-15 14:13:31,2026-01-15 14:37:31,60
1027,1127,66,2026-01-06 22:33:36,2026-01-06 23:02:36,2026-01-06 23:18:36,47
1028,1128,33,2026-01-05 13:35:06,2026-01-05 14:09:06,2026-01-05 14:35:06,61
1029,1129,74,2026-01-14 23:21:47,2026-01-14 23:55:47,2026-01-15 00:23:47,65
1030,1130,118,2026-01-10 02:06:45,2026-01-10 02:33:45,2026-01-10 02:49:45,46
1031,1131,80,2026-01-02 13:25:58,2026-01-02 14:05:58,2026-01-02 14:23:58,62
1032,1132,110,2026-01-01 18:50:38,2026-01-01 19:25:38,2026-01-01 19:41:38,53
1033,1133,9,2026-01-18 00:21:03,2026-01-18 00:42:03,2026-01-18 01:00:03,41
1034,1134,78,2026-01-28 13:21:55,2026-01-28 13:47:55,2026-01-28 14:17:55,59
1035,1135,33,2026-01-03 04:27:24,2026-01-03 04:57:24,2026-01-03 05:08:24,44
1036,1136,60,2026-01-18 12:53:30,2026-01-18 13:18:30,2026-01-18 13:31:30,42
1037,1137,8,2026-01-11 08:58:39,2026-01-11 09:21:39,2026-01-11 09:43:39,48
1038,1138,71,2026-01-12 19:22:31,2026-01-12 19:54:31,2026-01-12 20:10:31,49
1039,1139,55,2026-01-05 17:24:00,2026-01-05 17:42:00,2026-01-05 17:59:00,36
1040,1140,43,2026-01-04 12:03:17,2026-01-04 12:25:17,2026-01-04 12:42:17,42
1041,1141,73,2026-01-01 22:01:53,2026-01-01 22:41:53,2026-01-01 23:02:53,64
1042,1143,32,2026-01-04 16:00:37,2026-01-04 16:26:37,2026-01-04 16:39:37,40
1043,1144,74,2026-01-25 20:33:18,2026-01-25 21:00:18,2026-01-25 21:13:18,42
1044,1145,98,2026-01-18 12:03:23,2026-01-18 12:27:23,2026-01-18 12:44:23,42
1045,1146,100,2026-01-25 19:16:17,2026-01-25 19:35:17,2026-01-25 19:48:17,34
1046,1147,43,2026-01-04 23:20:58,2026-01-04 23:43:58,2026-01-05 00:01:58,44
1047,1148,115,2026-01-05 22:00:09,2026-01-05 22:28:09,2026-01-05 22:50:09,51
1048,1149,79,2026-01-23 10:10:28,2026-01-23 10:29:28,2026-01-23 10:46:28,37
1049,1150,83,2026-01-01 22:19:06,2026-01-01 22:58:06,2026-01-01 23:31:06,76
1050,1151,12,2026-01-29 13:51:18,2026-01-29 14:19:18,2026-01-29 14:45:18,57
1051,1152,29,2026-01-16 22:54:21,2026-01-16 23:18:21,2026-01-16 23:38:21,45
1052,1153,2,2026-01-05 20:58:49,2026-01-05 21:12:49,2026-01-05 21:35:49,38
1053,1155,90,2026-01-04 15:05:00,2026-01-04 15:33:00,2026-01-04 15:47:00,46
1054,1156,103,2026-01-06 15:11:24,2026-01-06 15:53:24,2026-01-06 16:06:24,57
1055,1157,10,2026-01-26 21:46:34,2026-01-26 22:10:34,2026-01-26 22:35:34,53
1056,1158,91,2026-01-12 14:19:16,2026-01-12 14:50:16,2026-01-12 15:17:16,61
1057,1159,42,2026-01-12 12:43:15,2026-01-12 13:16:15,2026-01-12 13:28:15,48
1058,1160,65,2026-01-04 15:30:30,2026-01-04 15:53:30,2026-01-04 16:14:30,48
1059,1161,82,2026-01-03 20:01:15,2026-01-03 20:20:15,2026-01-03 20:43:15,44
1060,1162,29,2026-01-19 22:06:08,2026-01-19 22:32:08,2026-01-19 22:55:08,52
1061,1163,69,2026-01-13 15:43:38,2026-01-13 16:03:38,2026-01-13 16:28:38,46
1062,1164,37,2026-01-07 19:58:56,2026-01-07 20:20:56,2026-01-07 20:43:56,47
1063,1165,103,2026-01-23 20:51:15,2026-01-23 21:20:15,2026-01-23 21:36:15,48
1064,1166,76,2026-01-06 14:58:32,2026-01-06 15:31:32,2026-01-06 15:48:32,52
1065,1167,17,2026-01-16 23:51:42,2026-01-17 00:20:42,2026-01-17 00:35:42,47
1066,1168,60,2026-01-27 17:30:55,2026-01-27 17:55:55,2026-01-27 18:14:55,45
1067,1169,101,2026-01-06 14:30:39,2026-01-06 14:57:39,2026-01-06 15:29:39,62
1068,1170,9,2026-01-14 12:15:35,2026-01-14 12:44:35,2026-01-14 13:04:35,53
1069,1171,82,2026-01-03 02:24:05,2026-01-03 02:47:05,2026-01-03 03:05:05,43
1070,1172,51,2026-01-09 22:38:30,2026-01-09 23:13:30,2026-01-09 23:29:30,54
1071,1173,22,2026-01-30 03:28:41,2026-01-30 03:47:41,2026-01-30 04:03:41,36
1072,1174,29,2026-01-18 21:51:33,2026-01-18 22:22:33,2026-01-18 22:40:33,51
1073,1175,78,2026-01-24 13:32:01,2026-01-24 14:07:01,2026-01-24 14:28:01,58
1074,1176,8,2026-01-18 09:30:24,2026-01-18 10:00:24,2026-01-18 10:16:24,50
1075,1177,95,2026-01-01 02:28:07,2026-01-01 03:01:07,2026-01-01 03:22:07,58
1076,1178,30,2026-01-18 21:19:39,2026-01-18 21:54:39,2026-01-18 22:13:39,56
1077,1179,45,2026-01-22 13:17:30,2026-01-22 13:48:30,2026-01-22 14:10:30,57
1078,1180,32,2026-01-09 13:59:52,2026-01-09 14:24:52,2026-01-09 14:48:52,50
1079,1181,10,2026-01-27 13:27:40,2026-01-27 14:02:40,2026-01-27 14:22:40,58
1080,1183,85,2026-01-04 13:16:31,2026-01-04 13:46:31,2026-01-04 14:12:31,59
1081,1185,41,2026-01-21 22:17:51,2026-01-21 22:43:51,2026-01-21 23:01:51,47
1082,1186,75,2026-01-20 22:35:17,2026-01-20 23:14:17,2026-01-20 23:41:17,69
1083,1187,64,2026-01-04 13:00:31,2026-01-04 13:17:31,2026-01-04 13:32:31,33
1084,1188,57,2026-01-07 15:34:49,2026-01-07 15:57:49,2026-01-07 16:17:49,45
1085,1189,26,2026-01-08 13:51:23,2026-01-08 14:20:23,2026-01-08 14:45:23,56
1086,1190,27,2026-01-01 05:06:41,2026-01-01 05:44:41,2026-01-01 06:14:41,71
1087,1191,115,2026-01-22 21:55:16,2026-01-22 22:33:16,2026-01-22 23:03:16,71
1088,1192,116,2026-01-03 12:35:57,2026-01-03 12:58:57,2026-01-03 13:11:57,37
1089,1194,80,2026-01-17 12:03:51,2026-01-17 12:31:51,2026-01-17 12:54:51,52
1090,1196,95,2026-01-10 21:59:01,2026-01-10 22:29:01,2026-01-10 22:46:01,51
1091,1197,50,2026-01-27 04:09:06,2026-01-27 04:43:06,2026-01-27 05:01:06,54
1092,1198,101,2026-01-05 13:51:33,2026-01-05 14:11:33,2026-01-05 14:36:33,47
1093,1199,31,2026-01-19 15:43:55,2026-01-19 16:12:55,2026-01-19 16:22:55,42
1094,1200,117,2026-01-06 15:06:44,2026-01-06 15:23:44,2026-01-06 15:43:44,38
1095,1201,97,2026-01-14 12:43:36,2026-01-14 13:03:36,2026-01-14 13:18:36,39
1096,1202,31,2026-01-24 01:10:30,2026-01-24 01:44:30,2026-01-24 02:01:30,55
1097,1203,17,2026-01-13 21:57:44,2026-01-13 22:23:44,2026-01-13 22:48:44,53
1098,1204,5,2026-01-13 13:02:33,2026-01-13 13:29:33,2026-01-13 13:47:33,46
1099,1205,77,2026-01-05 16:06:39,2026-01-05 16:32:39,2026-01-05 16:47:39,44
1100,1206,32,2026-01-10 20:53:15,2026-01-10 21:16:15,2026-01-10 21:35:15,43
1101,1207,51,2026-01-07 21:27:36,2026-01-07 22:03:36,2026-01-07 22:30:36,65
1102,1208,84,2026-01-03 09:53:21,2026-01-03 10:06:21,2026-01-03 10:24:21,35
1103,1209,67,2026-01-11 12:55:19,2026-01-11 13:22:19,2026-01-11 13:40:19,46
1104,1210,54,2026-01-14 12:42:04,2026-01-14 13:10:04,2026-01-14 13:31:04,50
1105,1211,1,2026-01-04 23:59:30,2026-01-05 00:42:30,2026-01-05 01:01:30,65
1106,1212,72,2026-01-11 16:42:14,2026-01-11 17:09:14,2026-01-11 17:29:14,50
1107,1213,111,2026-01-15 23:24:27,2026-01-15 23:56:27,2026-01-16 00:22:27,62
1108,1214,23,2026-01-11 12:33:30,2026-01-11 12:51:30,2026-01-11 13:13:30,42
1109,1215,71,2026-01-21 15:20:38,2026-01-21 15:49:38,2026-01-21 16:09:38,52
1110,1216,119,2026-01-17 13:46:28,2026-01-17 14:14:28,2026-01-17 14:30:28,45
1111,1217,15,2026-01-22 09:39:19,2026-01-22 09:54:19,2026-01-22 10:10:19,35
1112,1218,7,2026-01-02 21:55:42,2026-01-02 22:25:42,2026-01-02 22:55:42,63
1113,1219,77,2026-01-29 15:03:33,2026-01-29 15:33:33,2026-01-29 16:02:33,63
1114,1220,74,2026-01-19 15:57:25,2026-01-19 16:23:25,2026-01-19 16:42:25,48
1115,1221,100,2026-01-22 21:46:25,2026-01-22 22:19:25,2026-01-22 22:42:25,59
1116,1222,101,2026-01-18 13:40:44,2026-01-18 14:10:44,2026-01-18 14:33:44,56
1117,1223,28,2026-01-08 11:47:22,2026-01-08 12:07:22,2026-01-08 12:26:22,43
1118,1224,26,2026-01-02 12:55:09,2026-01-02 13:14:09,2026-01-02 13:32:09,38
1119,1225,119,2026-01-14 14:39:52,2026-01-14 15:03:52,2026-01-14 15:35:52,57
1120,1226,24,2026-01-02 09:20:42,2026-01-02 10:00:42,2026-01-02 10:12:42,55
1121,1227,110,2026-01-28 07:11:30,2026-01-28 07:44:30,2026-01-28 07:58:30,49
1122,1228,116,2026-01-05 21:14:22,2026-01-05 21:43:22,2026-01-05 22:01:22,51
1123,1229,56,2026-01-17 16:46:34,2026-01-17 17:18:34,2026-01-17 17:38:34,55
1124,1230,119,2026-01-31 09:11:15,2026-01-31 09:26:15,2026-01-31 09:41:15,34
1125,1231,109,2026-01-26 12:32:25,2026-01-26 12:54:25,2026-01-26 13:10:25,40
1126,1232,101,2026-01-04 13:57:45,2026-01-04 14:27:45,2026-01-04 14:44:45,49
1127,1233,61,2026-01-08 09:25:18,2026-01-08 09:53:18,2026-01-08 10:18:18,55
1128,1234,11,2026-01-04 02:31:34,2026-01-04 03:04:34,2026-01-04 03:18:34,50
1129,1235,44,2026-01-08 14:41:56,2026-01-08 15:16:56,2026-01-08 15:39:56,60
1130,1236,116,2026-01-25 17:20:00,2026-01-25 17:53:00,2026-01-25 18:10:00,52
1131,1237,26,2026-01-24 11:58:17,2026-01-24 12:31:17,2026-01-24 12:48:17,51
1132,1238,113,2026-01-16 10:18:33,2026-01-16 10:52:33,2026-01-16 11:10:33,55
1133,1239,107,2026-01-10 23:41:33,2026-01-10 23:59:33,2026-01-11 00:11:33,31
1134,1240,5,2026-01-16 05:23:16,2026-01-16 05:39:16,2026-01-16 05:49:16,29
1135,1241,55,2026-01-31 22:24:45,2026-01-31 22:52:45,2026-01-31 23:16:45,55
1136,1242,69,2026-01-03 01:48:51,2026-01-03 02:28:51,2026-01-03 02:43:51,56
1137,1243,88,2026-01-18 15:25:18,2026-01-18 15:46:18,2026-01-18 16:05:18,44
1138,1244,110,2026-01-20 10:59:23,2026-01-20 11:32:23,2026-01-20 11:49:23,52
1139,1245,51,2026-01-10 22:38:06,2026-01-10 23:06:06,2026-01-10 23:33:06,57
1140,1246,70,2026-01-19 20:25:00,2026-01-19 20:44:00,2026-01-19 20:57:00,33
1141,1247,11,2026-01-29 19:55:45,2026-01-29 20:14:45,2026-01-29 20:28:45,35
1142,1249,40,2026-01-12 19:25:41,2026-01-12 19:45:41,2026-01-12 20:07:41,43
1143,1250,55,2026-01-30 13:19:22,2026-01-30 13:43:22,2026-01-30 14:02:22,44
1144,1251,111,2026-01-24 23:16:44,2026-01-24 23:39:44,2026-01-24 23:52:44,37
1145,1252,44,2026-01-26 13:54:49,2026-01-26 14:25:49,2026-01-26 14:48:49,57
1146,1253,54,2026-01-11 13:50:13,2026-01-11 14:29:13,2026-01-11 14:52:13,65
1147,1254,2,2026-01-06 21:35:27,2026-01-06 22:09:27,2026-01-06 22:31:27,57
1148,1255,79,2026-01-31 04:25:20,2026-01-31 04:55:20,2026-01-31 05:13:20,49
1149,1256,85,2026-01-05 12:19:30,2026-01-05 12:53:30,2026-01-05 13:06:30,49
1150,1257,31,2026-01-01 13:05:17,2026-01-01 13:49:17,2026-01-01 14:03:17,60
1151,1258,36,2026-01-01 16:48:45,2026-01-01 17:12:45,2026-01-01 17:30:45,43
1152,1259,2,2026-01-18 20:37:58,2026-01-18 20:59:58,2026-01-18 21:10:58,36
1153,1262,110,2026-01-19 15:07:12,2026-01-19 15:35:12,2026-01-19 15:58:12,54
1154,1263,37,2026-01-15 13:29:05,2026-01-15 13:59:05,2026-01-15 14:22:05,57
1155,1265,34,2026-01-30 13:20:42,2026-01-30 13:49:42,2026-01-30 14:12:42,56
1156,1266,67,2026-01-01 05:20:41,2026-01-01 05:47:41,2026-01-01 06:00:41,44
1157,1268,50,2026-01-22 18:00:37,2026-01-22 18:21:37,2026-01-22 18:47:37,48
1158,1269,72,2026-01-16 21:48:31,2026-01-16 22:36:31,2026-01-16 23:05:31,80
1159,1270,112,2026-01-22 02:25:05,2026-01-22 02:47:05,2026-01-22 03:03:05,40
1160,1271,29,2026-01-15 14:34:15,2026-01-15 15:04:15,2026-01-15 15:32:15,61
1161,1272,111,2026-01-01 22:07:22,2026-01-01 22:48:22,2026-01-01 23:19:22,75
1162,1273,39,2026-01-18 21:50:07,2026-01-18 22:15:07,2026-01-18 22:39:07,53
1163,1274,57,2026-01-14 15:43:25,2026-01-14 16:09:25,2026-01-14 16:25:25,44
1164,1275,53,2026-01-21 11:21:29,2026-01-21 11:43:29,2026-01-21 12:04:29,47
1165,1276,84,2026-01-07 14:23:26,2026-01-07 15:00:26,2026-01-07 15:25:26,65
1166,1277,10,2026-01-23 14:38:57,2026-01-23 15:10:57,2026-01-23 15:35:57,59
1167,1278,93,2026-01-11 02:19:31,2026-01-11 02:48:31,2026-01-11 03:11:31,54
1168,1279,95,2026-01-21 12:27:31,2026-01-21 12:56:31,2026-01-21 13:16:31,50
1169,1280,101,2026-01-04 18:40:22,2026-01-04 19:05:22,2026-01-04 19:18:22,40
1170,1281,83,2026-01-20 23:36:32,2026-01-21 00:01:32,2026-01-21 00:16:32,43
1171,1282,31,2026-01-31 01:01:56,2026-01-31 01:25:56,2026-01-31 01:54:56,56
1172,1283,65,2026-01-18 05:09:04,2026-01-18 05:41:04,2026-01-18 05:54:04,49
1173,1284,119,2026-01-06 00:12:01,2026-01-06 00:39:01,2026-01-06 01:02:01,54
1174,1285,11,2026-01-05 15:19:46,2026-01-05 15:53:46,2026-01-05 16:15:46,59
1175,1286,102,2026-01-17 22:58:10,2026-01-17 23:31:10,2026-01-18 00:05:10,70
1176,1287,9,2026-01-09 15:11:08,2026-01-09 15:43:08,2026-01-09 15:54:08,44
1177,1288,38,2026-01-08 14:56:07,2026-01-08 15:26:07,2026-01-08 15:56:07,62
1178,1289,41,2026-01-16 13:43:29,2026-01-16 14:18:29,2026-01-16 14:44:29,64
1179,1290,8,2026-01-21 23:33:05,2026-01-21 23:53:05,2026-01-22 00:07:05,37
1180,1291,33,2026-01-06 00:00:44,2026-01-06 00:22:44,2026-01-06 00:43:44,45
1181,1292,100,2026-01-06 23:57:07,2026-01-07 00:25:07,2026-01-07 01:04:07,71
1182,1293,98,2026-01-31 15:42:57,2026-01-31 15:56:57,2026-01-31 16:08:57,29
1183,1294,60,2026-01-23 03:10:16,2026-01-23 03:36:16,2026-01-23 03:50:16,43
1184,1295,49,2026-01-06 22:19:10,2026-01-06 23:04:10,2026-01-06 23:26:10,71
1185,1296,90,2026-01-13 14:30:19,2026-01-13 14:54:19,2026-01-13 15:22:19,56
1186,1297,2,2026-01-12 12:55:17,2026-01-12 13:21:17,2026-01-12 13:42:17,49
1187,1299,113,2026-01-12 22:31:05,2026-01-12 22:59:05,2026-01-12 23:18:05,49
1188,1300,36,2026-01-11 04:17:53,2026-01-11 04:56:53,2026-01-11 05:12:53,56
1189,1301,101,2026-01-11 14:58:59,2026-01-11 15:41:59,2026-01-11 15:55:59,60
1190,1302,64,2026-01-14 10:05:08,2026-01-14 10:29:08,2026-01-14 10:48:08,44
1191,1303,2,2026-01-21 14:31:45,2026-01-21 15:01:45,2026-01-21 15:30:45,63
1192,1304,85,2026-01-02 19:53:10,2026-01-02 20:23:10,2026-01-02 20:38:10,47
1193,1305,27,2026-01-19 12:36:42,2026-01-19 13:06:42,2026-01-19 13:18:42,45
1194,1306,35,2026-01-27 20:58:51,2026-01-27 21:31:51,2026-01-27 21:47:51,52
1195,1308,83,2026-01-11 13:27:54,2026-01-11 14:02:54,2026-01-11 14:19:54,55
1196,1309,9,2026-01-25 20:32:17,2026-01-25 20:59:17,2026-01-25 21:20:17,49
1197,1310,23,2026-01-18 23:30:36,2026-01-18 23:51:36,2026-01-19 00:03:36,36
1198,1311,56,2026-01-22 14:26:39,2026-01-22 15:01:39,2026-01-22 15:24:39,61
1199,1312,27,2026-01-24 22:00:16,2026-01-24 22:26:16,2026-01-24 22:47:16,50
1200,1313,10,2026-01-23 15:42:11,2026-01-23 16:08:11,2026-01-23 16:25:11,46
1201,1314,77,2026-01-05 15:00:06,2026-01-05 15:39:06,2026-01-05 15:55:06,58
1202,1315,39,2026-01-20 12:56:25,2026-01-20 13:19:25,2026-01-20 13:32:25,39
1203,1316,72,2026-01-01 21:17:16,2026-01-01 21:42:16,2026-01-01 22:14:16,59
1204,1317,59,2026-01-17 22:58:48,2026-01-17 23:19:48,2026-01-17 23:43:48,46
1205,1318,41,2026-01-17 21:24:23,2026-01-17 22:03:23,2026-01-17 22:36:23,74
1206,1319,102,2026-01-08 13:53:53,2026-01-08 14:34:53,2026-01-08 15:01:53,70
1207,1320,1,2026-01-29 20:28:49,2026-01-29 20:53:49,2026-01-29 21:04:49,37
1208,1321,99,2026-01-04 14:44:40,2026-01-04 15:21:40,2026-01-04 15:47:40,66
1209,1322,105,2026-01-28 13:34:26,2026-01-28 13:53:26,2026-01-28 14:20:26,50
1210,1323,12,2026-01-17 15:20:49,2026-01-17 15:34:49,2026-01-17 15:48:49,32
1211,1324,80,2026-01-09 01:43:30,2026-01-09 02:04:30,2026-01-09 02:20:30,39
1212,1325,119,2026-01-15 20:43:18,2026-01-15 21:00:18,2026-01-15 21:15:18,35
1213,1326,19,2026-01-04 17:02:30,2026-01-04 17:21:30,2026-01-04 17:35:30,34
1214,1327,86,2026-01-27 05:00:59,2026-01-27 05:25:59,2026-01-27 05:46:59,47
1215,1328,26,2026-01-07 12:49:45,2026-01-07 13:10:45,2026-01-07 13:20:45,33
1216,1329,109,2026-01-23 13:51:06,2026-01-23 14:27:06,2026-01-23 14:56:06,68
1217,1330,42,2026-01-28 21:07:40,2026-01-28 21:34:40,2026-01-28 21:58:40,52
1218,1331,58,2026-01-01 23:49:22,2026-01-02 00:13:22,2026-01-02 00:35:22,47
1219,1332,77,2026-01-03 13:53:34,2026-01-03 14:19:34,2026-01-03 14:54:34,64
1220,1333,97,2026-01-21 13:23:51,2026-01-21 13:42:51,2026-01-21 14:06:51,46
1221,1334,2,2026-01-08 21:53:14,2026-01-08 22:22:14,2026-01-08 22:45:14,56
1222,1335,60,2026-01-19 13:06:48,2026-01-19 13:45:48,2026-01-19 14:05:48,63
1223,1336,54,2026-01-11 21:32:32,2026-01-11 22:07:32,2026-01-11 22:34:32,65
1224,1337,28,2026-01-22 21:44:22,2026-01-22 22:06:22,2026-01-22 22:32:22,52
1225,1338,50,2026-01-06 02:37:02,2026-01-06 02:55:02,2026-01-06 03:15:02,42
1226,1339,2,2026-01-28 23:51:19,2026-01-29 00:25:19,2026-01-29 00:50:19,62
1227,1340,115,2026-01-20 19:03:56,2026-01-20 19:34:56,2026-01-20 20:01:56,60
1228,1341,116,2026-01-29 14:33:13,2026-01-29 15:08:13,2026-01-29 15:29:13,57
1229,1342,34,2026-01-08 23:02:52,2026-01-08 23:21:52,2026-01-08 23:35:52,34
1230,1343,47,2026-01-03 08:35:36,2026-01-03 08:59:36,2026-01-03 09:22:36,48
1231,1344,82,2026-01-07 22:52:29,2026-01-07 23:22:29,2026-01-07 23:45:29,57
1232,1345,105,2026-01-23 21:57:28,2026-01-23 22:21:28,2026-01-23 22:47:28,54
1233,1346,88,2026-01-15 14:04:40,2026-01-15 14:34:40,2026-01-15 14:46:40,46
1234,1347,64,2026-01-04 20:26:38,2026-01-04 20:57:38,2026-01-04 21:13:38,51
1235,1348,22,2026-01-04 07:28:05,2026-01-04 08:06:05,2026-01-04 08:18:05,54
1236,1350,10,2026-01-27 23:06:37,2026-01-27 23:33:37,2026-01-27 23:47:37,43
1237,1351,72,2026-01-23 08:18:32,2026-01-23 08:50:32,2026-01-23 09:14:32,57
1238,1352,28,2026-01-28 22:20:49,2026-01-28 22:54:49,2026-01-28 23:23:49,64
1239,1353,17,2026-01-23 15:44:53,2026-01-23 16:02:53,2026-01-23 16:14:53,34
1240,1354,114,2026-01-09 15:13:19,2026-01-09 15:32:19,2026-01-09 15:56:19,46
1241,1355,75,2026-01-15 22:09:46,2026-01-15 22:41:46,2026-01-15 23:02:46,55
1242,1356,100,2026-01-31 09:58:25,2026-01-31 10:25:25,2026-01-31 10:45:25,51
1243,1357,105,2026-01-02 14:31:34,2026-01-02 14:57:34,2026-01-02 15:19:34,49
1244,1358,79,2026-01-09 20:24:14,2026-01-09 20:50:14,2026-01-09 21:02:14,40
1245,1359,32,2026-01-15 20:47:10,2026-01-15 21:05:10,2026-01-15 21:25:10,42
1246,1361,92,2026-01-21 23:44:38,2026-01-22 00:00:38,2026-01-22 00:22:38,41
1247,1362,72,2026-01-11 21:45:02,2026-01-11 22:11:02,2026-01-11 22:41:02,58
1248,1364,106,2026-01-13 07:21:48,2026-01-13 07:33:48,2026-01-13 07:49:48,29
1249,1365,48,2026-01-25 05:00:36,2026-01-25 05:27:36,2026-01-25 05:51:36,53
1250,1366,112,2026-01-26 02:13:00,2026-01-26 02:42:00,2026-01-26 03:06:00,54
1251,1367,32,2026-01-23 20:08:34,2026-01-23 20:30:34,2026-01-23 20:53:34,47
1252,1368,6,2026-01-21 21:43:57,2026-01-21 22:10:57,2026-01-21 22:35:57,56
1253,1369,109,2026-01-15 20:39:58,2026-01-15 21:05:58,2026-01-15 21:26:58,51
1254,1370,94,2026-01-25 22:16:21,2026-01-25 22:51:21,2026-01-25 23:10:21,58
1255,1371,23,2026-01-18 02:30:33,2026-01-18 02:49:33,2026-01-18 03:20:33,52
1256,1372,59,2026-01-26 10:32:37,2026-01-26 10:55:37,2026-01-26 11:17:37,47
1257,1373,33,2026-01-14 17:26:24,2026-01-14 17:56:24,2026-01-14 18:18:24,55
1258,1374,55,2026-01-04 20:36:36,2026-01-04 20:55:36,2026-01-04 21:20:36,48
1259,1375,68,2026-01-20 12:34:46,2026-01-20 12:54:46,2026-01-20 13:19:46,46
1260,1376,34,2026-01-01 21:29:14,2026-01-01 21:54:14,2026-01-01 22:16:14,48
1261,1377,49,2026-01-17 14:38:37,2026-01-17 15:07:37,2026-01-17 15:43:37,69
1262,1378,3,2026-01-01 15:25:01,2026-01-01 15:38:01,2026-01-01 15:48:01,26
1263,1379,103,2026-01-14 11:53:11,2026-01-14 12:13:11,2026-01-14 12:32:11,40
1264,1380,11,2026-01-16 21:21:22,2026-01-16 21:47:22,2026-01-16 22:07:22,47
1265,1382,20,2026-01-24 14:10:51,2026-01-24 14:37:51,2026-01-24 15:03:51,56
1266,1383,5,2026-01-13 14:22:52,2026-01-13 14:54:52,2026-01-13 15:18:52,57
1267,1384,109,2026-01-06 21:36:58,2026-01-06 22:06:58,2026-01-06 22:19:58,45
1268,1385,58,2026-01-26 00:48:51,2026-01-26 01:13:51,2026-01-26 01:26:51,39
1269,1386,104,2026-01-21 02:26:37,2026-01-21 02:57:37,2026-01-21 03:20:37,55
1270,1388,90,2026-01-30 20:25:34,2026-01-30 20:54:34,2026-01-30 21:04:34,42
1271,1389,51,2026-01-28 00:25:39,2026-01-28 00:46:39,2026-01-28 01:09:39,46
1272,1390,67,2026-01-15 00:19:01,2026-01-15 00:55:01,2026-01-15 01:13:01,57
1273,1391,41,2026-01-12 23:10:32,2026-01-12 23:31:32,2026-01-12 23:55:32,47
1274,1392,35,2026-01-29 21:50:44,2026-01-29 22:19:44,2026-01-29 22:35:44,46
1275,1393,30,2026-01-14 21:58:46,2026-01-14 22:38:46,2026-01-14 23:17:46,82
1276,1394,117,2026-01-17 21:28:49,2026-01-17 22:10:49,2026-01-17 22:29:49,64
1277,1395,111,2026-01-08 12:21:13,2026-01-08 12:48:13,2026-01-08 13:24:13,65
1278,1396,4,2026-01-19 23:03:06,2026-01-19 23:31:06,2026-01-19 23:55:06,56
1279,1397,51,2026-01-22 17:48:42,2026-01-22 18:13:42,2026-01-22 18:33:42,46
1280,1398,96,2026-01-18 13:54:44,2026-01-18 14:27:44,2026-01-18 14:39:44,46
1281,1399,110,2026-01-03 16:32:32,2026-01-03 16:49:32,2026-01-03 17:07:32,36
1282,1400,114,2026-01-12 05:08:14,2026-01-12 05:32:14,2026-01-12 05:46:14,39
1283,1401,18,2026-01-11 14:06:53,2026-01-11 14:34:53,2026-01-11 14:59:53,57
1284,1403,94,2026-01-12 14:09:50,2026-01-12 14:50:50,2026-01-12 15:16:50,68
1285,1404,41,2026-01-17 16:00:40,2026-01-17 16:21:40,2026-01-17 16:42:40,45
1286,1405,101,2026-01-13 12:46:10,2026-01-13 13:14:10,2026-01-13 13:38:10,53
1287,1406,3,2026-01-17 21:08:23,2026-01-17 21:32:23,2026-01-17 21:59:23,52
1288,1407,80,2026-01-06 15:28:03,2026-01-06 15:51:03,2026-01-06 16:09:03,44
1289,1408,83,2026-01-29 14:47:38,2026-01-29 15:22:38,2026-01-29 15:59:38,75
1290,1409,14,2026-01-22 22:01:52,2026-01-22 22:30:52,2026-01-22 22:54:52,57
1291,1411,51,2026-01-23 21:54:44,2026-01-23 22:31:44,2026-01-23 22:47:44,57
1292,1412,89,2026-01-16 20:07:19,2026-01-16 20:32:19,2026-01-16 20:46:19,40
1293,1414,108,2026-01-10 22:34:21,2026-01-10 23:11:21,2026-01-10 23:38:21,68
1294,1415,70,2026-01-15 20:00:24,2026-01-15 20:29:24,2026-01-15 20:45:24,46
1295,1416,76,2026-01-14 22:52:19,2026-01-14 23:25:19,2026-01-14 23:45:19,55
1296,1417,108,2026-01-21 04:20:41,2026-01-21 04:42:41,2026-01-21 04:57:41,38
1297,1418,6,2026-01-27 14:47:19,2026-01-27 15:09:19,2026-01-27 15:28:19,43
1298,1419,11,2026-01-06 04:09:22,2026-01-06 04:42:22,2026-01-06 05:01:22,56
1299,1420,78,2026-01-22 14:40:41,2026-01-22 15:05:41,2026-01-22 15:31:41,54
1300,1421,71,2026-01-09 19:00:04,2026-01-09 19:33:04,2026-01-09 19:52:04,56
1301,1422,115,2026-01-11 20:24:45,2026-01-11 20:45:45,2026-01-11 21:12:45,49
1302,1423,118,2026-01-10 22:59:57,2026-01-10 23:31:57,2026-01-10 23:54:57,57
1303,1424,47,2026-01-29 20:34:09,2026-01-29 20:51:09,2026-01-29 21:07:09,36
1304,1425,61,2026-01-25 20:39:30,2026-01-25 21:01:30,2026-01-25 21:23:30,45
1305,1426,75,2026-01-07 13:50:46,2026-01-07 14:16:46,2026-01-07 14:37:46,50
1306,1427,68,2026-01-28 13:25:31,2026-01-28 13:54:31,2026-01-28 14:26:31,62
1307,1429,43,2026-01-31 09:52:47,2026-01-31 10:25:47,2026-01-31 10:47:47,58
1308,1430,17,2026-01-11 21:14:17,2026-01-11 21:54:17,2026-01-11 22:22:17,69
1309,1431,6,2026-01-12 22:14:22,2026-01-12 22:39:22,2026-01-12 23:02:22,49
1310,1432,73,2026-01-20 22:58:06,2026-01-20 23:31:06,2026-01-20 23:58:06,62
1311,1434,53,2026-01-31 16:45:24,2026-01-31 17:11:24,2026-01-31 17:25:24,43
1312,1435,106,2026-01-21 19:29:34,2026-01-21 20:00:34,2026-01-21 20:21:34,53
1313,1437,79,2026-01-20 10:32:45,2026-01-20 10:45:45,2026-01-20 11:00:45,30
1314,1438,21,2026-01-02 14:39:22,2026-01-02 15:13:22,2026-01-02 15:47:22,69
1315,1439,36,2026-01-30 14:04:09,2026-01-30 14:33:09,2026-01-30 14:53:09,53
1316,1440,54,2026-01-03 15:05:44,2026-01-03 15:25:44,2026-01-03 15:40:44,36
1317,1441,116,2026-01-01 22:43:49,2026-01-01 23:10:49,2026-01-01 23:34:49,55
1318,1442,40,2026-01-22 10:28:24,2026-01-22 10:53:24,2026-01-22 11:03:24,39
1319,1443,44,2026-01-08 12:43:42,2026-01-08 13:05:42,2026-01-08 13:27:42,48
1320,1444,74,2026-01-04 14:53:09,2026-01-04 15:31:09,2026-01-04 15:50:09,60
1321,1445,67,2026-01-18 12:36:11,2026-01-18 12:58:11,2026-01-18 13:09:11,36
1322,1446,14,2026-01-22 08:41:40,2026-01-22 09:10:40,2026-01-22 09:31:40,54
1323,1447,86,2026-01-14 20:22:09,2026-01-14 20:37:09,2026-01-14 20:56:09,37
1324,1448,7,2026-01-03 14:36:30,2026-01-03 15:06:30,2026-01-03 15:28:30,54
1325,1449,84,2026-01-08 22:31:32,2026-01-08 22:57:32,2026-01-08 23:31:32,64
1326,1450,93,2026-01-22 21:49:30,2026-01-22 22:22:30,2026-01-22 22:53:30,65
1327,1451,15,2026-01-18 18:56:22,2026-01-18 19:21:22,2026-01-18 19:43:22,51
1328,1452,5,2026-01-16 13:08:44,2026-01-16 13:32:44,2026-01-16 14:06:44,61
1329,1453,34,2026-01-26 00:40:37,2026-01-26 01:09:37,2026-01-26 01:26:37,50
1330,1454,105,2026-01-06 07:22:14,2026-01-06 07:41:14,2026-01-06 07:52:14,33
1331,1455,19,2026-01-09 01:21:23,2026-01-09 01:59:23,2026-01-09 02:19:23,59
1332,1456,98,2026-01-07 12:27:09,2026-01-07 13:05:09,2026-01-07 13:22:09,57
1333,1457,111,2026-01-09 18:01:31,2026-01-09 18:35:31,2026-01-09 18:49:31,50
1334,1459,52,2026-01-26 15:12:53,2026-01-26 15:41:53,2026-01-26 15:57:53,49
1335,1460,5,2026-01-07 14:36:17,2026-01-07 15:03:17,2026-01-07 15:34:17,60
1336,1461,25,2026-01-15 13:01:12,2026-01-15 13:29:12,2026-01-15 14:00:12,63
1337,1462,22,2026-01-21 04:55:14,2026-01-21 05:18:14,2026-01-21 05:37:14,43
1338,1463,65,2026-01-07 18:35:26,2026-01-07 18:57:26,2026-01-07 19:12:26,40
1339,1464,112,2026-01-16 22:34:31,2026-01-16 23:03:31,2026-01-16 23:26:31,54
1340,1465,29,2026-01-07 14:43:57,2026-01-07 15:19:57,2026-01-07 15:37:57,58
1341,1466,68,2026-01-31 21:45:10,2026-01-31 22:12:10,2026-01-31 22:38:10,56
1342,1467,75,2026-01-20 22:20:08,2026-01-20 22:48:08,2026-01-20 23:08:08,49
1343,1468,119,2026-01-14 20:40:08,2026-01-14 21:09:08,2026-01-14 21:24:08,47
1344,1469,109,2026-01-21 22:26:27,2026-01-21 22:52:27,2026-01-21 23:10:27,45
1345,1470,11,2026-01-12 14:40:55,2026-01-12 15:05:55,2026-01-12 15:25:55,48
1346,1471,100,2026-01-12 21:23:28,2026-01-12 22:03:28,2026-01-12 22:25:28,63
1347,1472,66,2026-01-04 16:15:33,2026-01-04 16:33:33,2026-01-04 16:50:33,39
1348,1473,79,2026-01-23 08:55:45,2026-01-23 09:18:45,2026-01-23 09:37:45,45
1349,1474,29,2026-01-18 20:37:11,2026-01-18 21:08:11,2026-01-18 21:31:11,57
1350,1475,104,2026-01-04 14:36:21,2026-01-04 15:05:21,2026-01-04 15:35:21,61
1351,1476,101,2026-01-07 13:54:34,2026-01-07 14:26:34,2026-01-07 14:51:34,59
1352,1477,106,2026-01-14 20:56:02,2026-01-14 21:18:02,2026-01-14 21:50:02,56
1353,1478,39,2026-01-18 13:26:28,2026-01-18 13:41:28,2026-01-18 14:07:28,43
1354,1479,26,2026-01-20 17:48:56,2026-01-20 18:17:56,2026-01-20 18:42:56,57
1355,1481,112,2026-01-30 05:47:44,2026-01-30 06:13:44,2026-01-30 06:27:44,41
1356,1482,63,2026-01-29 15:34:13,2026-01-29 16:05:13,2026-01-29 16:18:13,48
1357,1483,93,2026-01-05 03:08:15,2026-01-05 03:25:15,2026-01-05 03:55:15,48
1358,1484,111,2026-01-21 20:51:12,2026-01-21 21:18:12,2026-01-21 21:28:12,39
1359,1485,114,2026-01-11 03:28:53,2026-01-11 04:01:53,2026-01-11 04:23:53,56
1360,1486,99,2026-01-10 23:46:39,2026-01-11 00:11:39,2026-01-11 00:30:39,46
1361,1487,26,2026-01-23 09:22:05,2026-01-23 09:52:05,2026-01-23 10:10:05,49
1362,1488,101,2026-01-24 22:16:20,2026-01-24 22:52:20,2026-01-24 23:18:20,63
1363,1489,99,2026-01-02 13:58:49,2026-01-02 14:25:49,2026-01-02 14:52:49,58
1364,1490,115,2026-01-06 21:58:24,2026-01-06 22:40:24,2026-01-06 22:55:24,59
1365,1491,96,2026-01-04 07:46:26,2026-01-04 08:15:26,2026-01-04 08:28:26,44
1366,1492,12,2026-01-17 14:08:13,2026-01-17 14:40:13,2026-01-17 15:05:13,59
1367,1493,109,2026-01-10 15:10:29,2026-01-10 15:29:29,2026-01-10 15:48:29,39
1368,1494,84,2026-01-05 04:30:07,2026-01-05 04:46:07,2026-01-05 05:09:07,41
1369,1496,96,2026-01-18 12:18:33,2026-01-18 12:44:33,2026-01-18 12:57:33,42
1370,1497,96,2026-01-02 15:34:36,2026-01-02 15:57:36,2026-01-02 16:28:36,57
1371,1498,120,2026-01-16 23:40:57,2026-01-17 00:07:57,2026-01-17 00:28:57,49
1372,1499,92,2026-01-08 21:07:01,2026-01-08 21:35:01,2026-01-08 21:51:01,45
1373,1500,62,2026-01-12 14:57:48,2026-01-12 15:43:48,2026-01-12 15:58:48,63
1374,1501,11,2026-01-23 21:50:14,2026-01-23 22:19:14,2026-01-23 22:40:14,54
1375,1502,16,2026-01-17 14:04:09,2026-01-17 14:43:09,2026-01-17 15:11:09,68
1376,1503,31,2026-01-12 16:58:19,2026-01-12 17:14:19,2026-01-12 17:31:19,36
1377,1504,3,2026-01-05 14:31:28,2026-01-05 14:54:28,2026-01-05 15:27:28,60
1378,1505,104,2026-01-20 21:32:47,2026-01-20 21:47:47,2026-01-20 22:11:47,40
1379,1506,31,2026-01-12 22:35:21,2026-01-12 23:05:21,2026-01-12 23:31:21,57
1380,1507,77,2026-01-09 13:06:27,2026-01-09 13:53:27,2026-01-09 14:24:27,81
1381,1508,23,2026-01-05 23:58:37,2026-01-06 00:26:37,2026-01-06 00:39:37,42
1382,1509,100,2026-01-11 23:03:20,2026-01-11 23:41:20,2026-01-12 00:05:20,63
1383,1510,82,2026-01-02 21:43:50,2026-01-02 22:09:50,2026-01-02 22:35:50,54
1384,1511,69,2026-01-28 21:41:20,2026-01-28 22:18:20,2026-01-28 22:49:20,71
1385,1512,27,2026-01-09 13:55:11,2026-01-09 14:22:11,2026-01-09 14:34:11,41
1386,1513,83,2026-01-22 15:22:38,2026-01-22 15:48:38,2026-01-22 16:11:38,50
1387,1514,50,2026-01-22 08:31:24,2026-01-22 09:04:24,2026-01-22 09:15:24,45
1388,1515,78,2026-01-07 23:55:53,2026-01-08 00:24:53,2026-01-08 00:41:53,50
1389,1516,11,2026-01-18 14:33:44,2026-01-18 14:59:44,2026-01-18 15:27:44,56
1390,1517,2,2026-01-19 01:46:16,2026-01-19 02:11:16,2026-01-19 02:27:16,42
1391,1518,43,2026-01-23 20:48:28,2026-01-23 21:09:28,2026-01-23 21:28:28,41
1392,1519,78,2026-01-09 23:50:18,2026-01-10 00:15:18,2026-01-10 00:31:18,45
1393,1520,20,2026-01-29 22:58:35,2026-01-29 23:28:35,2026-01-29 23:48:35,52
1394,1521,60,2026-01-05 10:08:08,2026-01-05 10:43:08,2026-01-05 11:04:08,60
1395,1522,2,2026-01-10 22:43:41,2026-01-10 23:23:41,2026-01-10 23:47:41,65
1396,1523,66,2026-01-21 21:56:30,2026-01-21 22:26:30,2026-01-21 22:51:30,57
1397,1524,54,2026-01-30 22:08:41,2026-01-30 22:45:41,2026-01-30 23:15:41,69
1398,1525,118,2026-01-15 13:45:48,2026-01-15 14:16:48,2026-01-15 14:38:48,57
1399,1527,14,2026-01-19 22:19:23,2026-01-19 22:56:23,2026-01-19 23:19:23,61
1400,1529,45,2026-01-21 21:25:01,2026-01-21 21:54:01,2026-01-21 22:17:01,56
1401,1530,41,2026-01-03 03:46:47,2026-01-03 04:05:47,2026-01-03 04:22:47,38
1402,1531,118,2026-01-26 04:17:50,2026-01-26 04:52:50,2026-01-26 05:03:50,47
1403,1532,69,2026-01-29 01:54:58,2026-01-29 02:20:58,2026-01-29 02:39:58,47
1404,1533,101,2026-01-22 06:21:58,2026-01-22 06:57:58,2026-01-22 07:11:58,52
1405,1534,6,2026-01-18 18:03:06,2026-01-18 18:23:06,2026-01-18 18:36:06,36
1406,1535,1,2026-01-13 21:01:52,2026-01-13 21:28:52,2026-01-13 21:49:52,52
1407,1536,41,2026-01-19 20:52:17,2026-01-19 21:16:17,2026-01-19 21:41:17,52
1408,1537,24,2026-01-09 03:47:19,2026-01-09 04:09:19,2026-01-09 04:32:19,47
1409,1538,52,2026-01-07 14:04:11,2026-01-07 14:47:11,2026-01-07 15:07:11,64
1410,1540,53,2026-01-05 23:07:46,2026-01-05 23:21:46,2026-01-05 23:43:46,39
1411,1541,41,2026-01-17 21:58:01,2026-01-17 22:24:01,2026-01-17 22:54:01,60
1412,1542,18,2026-01-10 11:32:02,2026-01-10 11:53:02,2026-01-10 12:10:02,41
1413,1543,6,2026-01-19 22:43:01,2026-01-19 23:06:01,2026-01-19 23:32:01,53
1414,1544,96,2026-01-15 08:08:37,2026-01-15 08:33:37,2026-01-15 08:51:37,45
1415,1545,20,2026-01-08 07:01:39,2026-01-08 07:28:39,2026-01-08 07:47:39,48
1416,1546,63,2026-01-06 23:59:50,2026-01-07 00:34:50,2026-01-07 00:53:50,55
1417,1547,120,2026-01-25 20:31:57,2026-01-25 20:55:57,2026-01-25 21:17:57,47
1418,1548,53,2026-01-05 12:04:15,2026-01-05 12:26:15,2026-01-05 12:52:15,50
1419,1549,9,2026-01-15 14:09:00,2026-01-15 14:37:00,2026-01-15 15:00:00,53
1420,1550,61,2026-01-27 20:58:09,2026-01-27 21:23:09,2026-01-27 21:35:09,40
1421,1551,72,2026-01-26 20:10:51,2026-01-26 20:35:51,2026-01-26 20:49:51,41
1422,1552,1,2026-01-05 23:43:51,2026-01-05 23:56:51,2026-01-06 00:13:51,33
1423,1553,16,2026-01-04 23:09:37,2026-01-04 23:36:37,2026-01-04 23:56:37,51
1424,1554,39,2026-01-18 14:18:18,2026-01-18 14:47:18,2026-01-18 15:07:18,52
1425,1555,56,2026-01-31 10:26:24,2026-01-31 10:53:24,2026-01-31 11:06:24,43
1426,1556,59,2026-01-16 14:37:59,2026-01-16 15:03:59,2026-01-16 15:29:59,56
1427,1557,24,2026-01-01 21:00:12,2026-01-01 21:26:12,2026-01-01 21:54:12,56
1428,1559,88,2026-01-28 07:18:07,2026-01-28 07:44:07,2026-01-28 08:00:07,44
1429,1560,22,2026-01-01 22:09:35,2026-01-01 22:38:35,2026-01-01 23:05:35,59
1430,1561,64,2026-01-04 13:24:39,2026-01-04 14:03:39,2026-01-04 14:34:39,74
1431,1562,70,2026-01-28 13:44:00,2026-01-28 14:23:00,2026-01-28 14:48:00,65
1432,1563,24,2026-01-30 11:08:37,2026-01-30 11:30:37,2026-01-30 11:44:37,37
1433,1564,120,2026-01-10 15:41:48,2026-01-10 16:06:48,2026-01-10 16:27:48,50
1434,1565,30,2026-01-30 09:38:30,2026-01-30 10:01:30,2026-01-30 10:24:30,50
1435,1566,117,2026-01-20 03:34:48,2026-01-20 04:03:48,2026-01-20 04:13:48,43
1436,1567,80,2026-01-23 18:26:33,2026-01-23 18:44:33,2026-01-23 19:08:33,45
1437,1568,62,2026-01-09 21:07:44,2026-01-09 21:37:44,2026-01-09 22:02:44,58
1438,1569,43,2026-01-20 22:35:33,2026-01-20 23:16:33,2026-01-20 23:41:33,70
1439,1570,64,2026-01-17 22:30:48,2026-01-17 23:01:48,2026-01-17 23:27:48,60
1440,1571,77,2026-01-17 23:05:39,2026-01-17 23:26:39,2026-01-17 23:44:39,40
1441,1572,91,2026-01-26 11:32:29,2026-01-26 12:14:29,2026-01-26 12:28:29,58
1442,1573,83,2026-01-16 06:09:59,2026-01-16 06:36:59,2026-01-16 06:56:59,51
1443,1575,28,2026-01-06 13:59:00,2026-01-06 14:32:00,2026-01-06 14:57:00,59
1444,1576,24,2026-01-16 14:31:43,2026-01-16 14:57:43,2026-01-16 15:19:43,50
1445,1577,24,2026-01-23 16:30:35,2026-01-23 16:56:35,2026-01-23 17:07:35,38
1446,1578,120,2026-01-11 14:30:45,2026-01-11 15:15:45,2026-01-11 15:37:45,69
1447,1579,98,2026-01-01 13:42:25,2026-01-01 14:09:25,2026-01-01 14:31:25,53
1448,1580,89,2026-01-15 15:11:44,2026-01-15 15:32:44,2026-01-15 15:50:44,42
1449,1581,65,2026-01-10 04:24:59,2026-01-10 04:59:59,2026-01-10 05:21:59,60
1450,1582,47,2026-01-29 12:38:52,2026-01-29 13:04:52,2026-01-29 13:22:52,45
1451,1583,104,2026-01-10 12:10:45,2026-01-10 12:34:45,2026-01-10 12:50:45,41
1452,1584,98,2026-01-08 22:21:09,2026-01-08 22:50:09,2026-01-08 23:04:09,45
1453,1585,92,2026-01-02 13:56:11,2026-01-02 14:34:11,2026-01-02 14:56:11,62
1454,1586,44,2026-01-16 21:31:07,2026-01-16 22:00:07,2026-01-16 22:35:07,67
1455,1587,65,2026-01-04 20:24:04,2026-01-04 21:00:04,2026-01-04 21:16:04,55
1456,1588,92,2026-01-17 10:31:44,2026-01-17 10:57:44,2026-01-17 11:12:44,44
1457,1589,66,2026-01-15 02:29:04,2026-01-15 03:02:04,2026-01-15 03:21:04,55
1458,1590,61,2026-01-22 22:40:54,2026-01-22 23:13:54,2026-01-22 23:32:54,54
1459,1591,115,2026-01-30 21:23:11,2026-01-30 22:01:11,2026-01-30 22:37:11,77
1460,1592,16,2026-01-24 17:15:08,2026-01-24 17:45:08,2026-01-24 18:02:08,48
1461,1593,72,2026-01-03 14:55:40,2026-01-03 15:24:40,2026-01-03 15:43:40,51
1462,1595,94,2026-01-18 21:25:46,2026-01-18 21:55:46,2026-01-18 22:09:46,46
1463,1596,113,2026-01-31 21:23:18,2026-01-31 21:54:18,2026-01-31 22:15:18,56
1464,1597,4,2026-01-07 13:28:11,2026-01-07 14:02:11,2026-01-07 14:26:11,61
1465,1598,79,2026-01-16 21:20:15,2026-01-16 21:47:15,2026-01-16 22:10:15,53
1466,1599,2,2026-01-28 15:02:32,2026-01-28 15:46:32,2026-01-28 16:09:32,71
1467,1600,72,2026-01-29 14:26:33,2026-01-29 14:48:33,2026-01-29 15:13:33,49
1468,1601,32,2026-01-03 13:09:41,2026-01-03 13:45:41,2026-01-03 14:08:41,62
1469,1602,53,2026-01-17 09:04:40,2026-01-17 09:30:40,2026-01-17 09:52:40,52
1470,1603,45,2026-01-09 14:54:09,2026-01-09 15:31:09,2026-01-09 15:54:09,61
1471,1604,65,2026-01-20 20:22:32,2026-01-20 20:41:32,2026-01-20 21:01:32,41
1472,1605,63,2026-01-20 22:34:58,2026-01-20 23:13:58,2026-01-20 23:37:58,64
1473,1606,77,2026-01-03 02:25:08,2026-01-03 02:58:08,2026-01-03 03:18:08,57
1474,1607,58,2026-01-02 22:50:34,2026-01-02 23:18:34,2026-01-02 23:53:34,67
1475,1608,26,2026-01-08 12:36:06,2026-01-08 12:51:06,2026-01-08 13:03:06,28
1476,1609,31,2026-01-20 12:03:17,2026-01-20 12:23:17,2026-01-20 12:40:17,39
1477,1610,11,2026-01-16 05:57:09,2026-01-16 06:18:09,2026-01-16 06:43:09,47
1478,1611,48,2026-01-26 08:49:53,2026-01-26 09:18:53,2026-01-26 09:44:53,56
1479,1612,110,2026-01-26 15:11:47,2026-01-26 15:38:47,2026-01-26 15:57:47,47
1480,1613,25,2026-01-05 18:50:29,2026-01-05 19:06:29,2026-01-05 19:25:29,38
1481,1614,107,2026-01-23 14:19:10,2026-01-23 14:49:10,2026-01-23 15:11:10,53
1482,1615,14,2026-01-17 13:21:15,2026-01-17 13:54:15,2026-01-17 14:26:15,68
1483,1616,100,2026-01-22 13:52:17,2026-01-22 14:36:17,2026-01-22 14:58:17,69
1484,1618,51,2026-01-31 13:24:52,2026-01-31 14:13:52,2026-01-31 14:37:52,74
1485,1619,56,2026-01-16 13:14:14,2026-01-16 13:44:14,2026-01-16 13:57:14,44
1486,1620,89,2026-01-28 18:12:42,2026-01-28 18:42:42,2026-01-28 18:59:42,50
1487,1621,4,2026-01-03 10:01:57,2026-01-03 10:15:57,2026-01-03 10:30:57,33
1488,1623,64,2026-01-30 14:29:54,2026-01-30 15:03:54,2026-01-30 15:28:54,60
1489,1624,115,2026-01-15 21:34:30,2026-01-15 21:58:30,2026-01-15 22:20:30,47
1490,1625,66,2026-01-28 14:31:49,2026-01-28 14:58:49,2026-01-28 15:23:49,56
1491,1626,48,2026-01-09 08:02:13,2026-01-09 08:30:13,2026-01-09 08:48:13,48
1492,1627,104,2026-01-06 22:26:49,2026-01-06 22:57:49,2026-01-06 23:26:49,63
1493,1628,43,2026-01-28 07:25:40,2026-01-28 07:45:40,2026-01-28 08:05:40,41
1494,1629,113,2026-01-29 12:39:57,2026-01-29 13:00:57,2026-01-29 13:13:57,37
1495,1630,63,2026-01-16 18:08:06,2026-01-16 18:27:06,2026-01-16 18:53:06,48
1496,1631,32,2026-01-08 07:05:29,2026-01-08 07:33:29,2026-01-08 08:05:29,62
1497,1632,7,2026-01-18 22:48:40,2026-01-18 23:12:40,2026-01-18 23:31:40,47
1498,1633,90,2026-01-08 20:04:41,2026-01-08 20:24:41,2026-01-08 20:38:41,38
1499,1634,68,2026-01-12 22:46:02,2026-01-12 23:15:02,2026-01-12 23:38:02,53
1500,1635,82,2026-01-04 17:44:06,2026-01-04 17:59:06,2026-01-04 18:19:06,37
1501,1636,94,2026-01-20 09:21:17,2026-01-20 09:58:17,2026-01-20 10:13:17,56
1502,1637,73,2026-01-01 14:26:08,2026-01-01 15:08:08,2026-01-01 15:35:08,73
1503,1638,38,2026-01-03 21:25:27,2026-01-03 22:03:27,2026-01-03 22:38:27,76
1504,1639,83,2026-01-06 20:59:18,2026-01-06 21:24:18,2026-01-06 21:34:18,36
1505,1640,35,2026-01-27 09:32:31,2026-01-27 09:53:31,2026-01-27 10:22:31,51
1506,1641,107,2026-01-28 23:56:14,2026-01-29 00:16:14,2026-01-29 00:34:14,39
1507,1642,97,2026-01-01 14:27:42,2026-01-01 15:08:42,2026-01-01 15:35:42,71
1508,1643,18,2026-01-10 14:38:25,2026-01-10 15:13:25,2026-01-10 15:38:25,64
1509,1644,89,2026-01-04 15:28:35,2026-01-04 15:44:35,2026-01-04 15:57:35,32
1510,1645,41,2026-01-09 21:03:55,2026-01-09 21:38:55,2026-01-09 22:04:55,63
1511,1646,55,2026-01-09 23:56:01,2026-01-10 00:17:01,2026-01-10 00:37:01,45
1512,1647,11,2026-01-26 01:11:06,2026-01-26 01:41:06,2026-01-26 02:04:06,55
1513,1648,85,2026-01-04 22:16:34,2026-01-04 22:46:34,2026-01-04 23:12:34,59
1514,1649,119,2026-01-17 08:14:19,2026-01-17 08:42:19,2026-01-17 08:53:19,40
1515,1650,4,2026-01-05 19:56:42,2026-01-05 20:21:42,2026-01-05 20:37:42,42
1516,1651,114,2026-01-13 05:23:42,2026-01-13 05:42:42,2026-01-13 06:10:42,48
1517,1652,16,2026-01-27 11:00:44,2026-01-27 11:33:44,2026-01-27 11:55:44,58
1518,1653,87,2026-01-11 13:24:22,2026-01-11 13:44:22,2026-01-11 14:12:22,51
1519,1654,65,2026-01-02 06:42:47,2026-01-02 07:01:47,2026-01-02 07:19:47,38
1520,1655,9,2026-01-13 06:35:53,2026-01-13 07:03:53,2026-01-13 07:19:53,46
1521,1656,6,2026-01-01 12:34:07,2026-01-01 13:12:07,2026-01-01 13:28:07,57
1522,1657,98,2026-01-20 04:20:22,2026-01-20 04:44:22,2026-01-20 04:59:22,40
1523,1658,95,2026-01-23 12:57:37,2026-01-23 13:29:37,2026-01-23 13:53:37,60
1524,1660,104,2026-01-11 20:14:03,2026-01-11 20:39:03,2026-01-11 21:06:03,53
1525,1661,87,2026-01-28 14:38:57,2026-01-28 15:04:57,2026-01-28 15:30:57,54
1526,1662,35,2026-01-31 19:43:51,2026-01-31 20:23:51,2026-01-31 20:42:51,61
1527,1663,34,2026-01-14 13:41:40,2026-01-14 14:21:40,2026-01-14 14:46:40,69
1528,1664,97,2026-01-23 19:39:42,2026-01-23 20:12:42,2026-01-23 20:24:42,48
1529,1665,100,2026-01-07 12:50:29,2026-01-07 13:21:29,2026-01-07 13:38:29,49
1530,1666,99,2026-01-28 20:05:39,2026-01-28 20:33:39,2026-01-28 20:44:39,40
1531,1667,32,2026-01-13 00:22:44,2026-01-13 00:43:44,2026-01-13 00:57:44,39
1532,1668,10,2026-01-08 12:06:19,2026-01-08 12:32:19,2026-01-08 12:47:19,43
1533,1670,53,2026-01-13 20:30:20,2026-01-13 21:02:20,2026-01-13 21:25:20,56
1534,1671,52,2026-01-30 16:02:39,2026-01-30 16:32:39,2026-01-30 16:51:39,52
1535,1672,86,2026-01-26 22:00:20,2026-01-26 22:26:20,2026-01-26 22:51:20,52
1536,1673,113,2026-01-31 12:22:00,2026-01-31 12:51:00,2026-01-31 13:08:00,47
1537,1674,27,2026-01-12 21:49:27,2026-01-12 22:29:27,2026-01-12 22:57:27,71
1538,1675,97,2026-01-19 10:36:40,2026-01-19 10:52:40,2026-01-19 11:08:40,36
1539,1676,38,2026-01-22 01:49:36,2026-01-22 02:10:36,2026-01-22 02:30:36,42
1540,1677,74,2026-01-11 13:33:48,2026-01-11 14:10:48,2026-01-11 14:42:48,71
1541,1678,77,2026-01-24 22:25:00,2026-01-24 22:54:00,2026-01-24 23:24:00,60
1542,1680,101,2026-01-07 13:09:25,2026-01-07 13:36:25,2026-01-07 13:53:25,48
1543,1681,115,2026-01-30 12:17:04,2026-01-30 12:40:04,2026-01-30 12:53:04,37
1544,1682,29,2026-01-17 15:57:03,2026-01-17 16:21:03,2026-01-17 16:36:03,40
1545,1683,59,2026-01-12 01:21:51,2026-01-12 01:58:51,2026-01-12 02:12:51,53
1546,1684,77,2026-01-01 21:38:51,2026-01-01 22:05:51,2026-01-01 22:19:51,44
1547,1685,26,2026-01-02 20:03:35,2026-01-02 20:32:35,2026-01-02 21:01:35,59
1548,1686,88,2026-01-23 13:39:51,2026-01-23 14:10:51,2026-01-23 14:39:51,64
1549,1687,14,2026-01-17 11:08:58,2026-01-17 11:25:58,2026-01-17 11:53:58,48
1550,1688,58,2026-01-14 21:53:16,2026-01-14 22:28:16,2026-01-14 22:57:16,67
1551,1689,61,2026-01-05 04:17:50,2026-01-05 04:36:50,2026-01-05 04:54:50,40
1552,1690,70,2026-01-03 13:04:58,2026-01-03 13:37:58,2026-01-03 14:03:58,62
1553,1691,110,2026-01-29 14:50:15,2026-01-29 15:19:15,2026-01-29 15:42:15,54
1554,1692,50,2026-01-13 02:20:06,2026-01-13 02:55:06,2026-01-13 03:14:06,56
1555,1693,10,2026-01-19 11:30:53,2026-01-19 11:53:53,2026-01-19 12:20:53,51
1556,1694,26,2026-01-19 07:41:05,2026-01-19 08:20:05,2026-01-19 08:34:05,57
1557,1695,55,2026-01-19 12:37:08,2026-01-19 13:03:08,2026-01-19 13:24:08,50
1558,1696,27,2026-01-06 22:08:09,2026-01-06 22:41:09,2026-01-06 23:02:09,58
1559,1697,4,2026-01-09 08:28:25,2026-01-09 09:00:25,2026-01-09 09:18:25,53
1560,1698,107,2026-01-06 23:16:59,2026-01-06 23:52:59,2026-01-07 00:06:59,54
1561,1699,84,2026-01-13 21:52:03,2026-01-13 22:18:03,2026-01-13 22:43:03,54
1562,1700,47,2026-01-20 03:08:00,2026-01-20 03:48:00,2026-01-20 04:11:00,65
1563,1702,52,2026-01-12 22:22:26,2026-01-12 22:53:26,2026-01-12 23:08:26,49
1564,1703,113,2026-01-28 15:32:51,2026-01-28 16:05:51,2026-01-28 16:20:51,49
1565,1704,104,2026-01-27 12:24:38,2026-01-27 13:01:38,2026-01-27 13:24:38,62
1566,1705,17,2026-01-28 22:08:08,2026-01-28 22:43:08,2026-01-28 23:03:08,56
1567,1706,25,2026-01-23 20:16:13,2026-01-23 20:43:13,2026-01-23 21:00:13,48
1568,1707,87,2026-01-03 08:41:11,2026-01-03 09:11:11,2026-01-03 09:32:11,54
1569,1708,28,2026-01-28 18:37:52,2026-01-28 19:17:52,2026-01-28 19:38:52,64
1570,1709,41,2026-01-18 03:04:00,2026-01-18 03:32:00,2026-01-18 03:52:00,49
1571,1710,32,2026-01-14 18:42:18,2026-01-14 19:21:18,2026-01-14 19:38:18,58
1572,1711,13,2026-01-09 22:30:16,2026-01-09 22:58:16,2026-01-09 23:22:16,53
1573,1712,29,2026-01-16 22:50:59,2026-01-16 23:19:59,2026-01-16 23:49:59,63
1574,1713,120,2026-01-19 21:58:22,2026-01-19 22:23:22,2026-01-19 22:51:22,54
1575,1714,73,2026-01-28 15:25:31,2026-01-28 15:56:31,2026-01-28 16:14:31,51
1576,1715,87,2026-01-18 14:33:47,2026-01-18 14:59:47,2026-01-18 15:29:47,60
1577,1716,33,2026-01-03 05:29:43,2026-01-03 06:03:43,2026-01-03 06:17:43,52
1578,1718,105,2026-01-18 22:44:14,2026-01-18 23:10:14,2026-01-18 23:31:14,49
1579,1719,14,2026-01-26 15:36:10,2026-01-26 15:52:10,2026-01-26 16:08:10,33
1580,1720,21,2026-01-20 23:50:46,2026-01-21 00:09:46,2026-01-21 00:35:46,46
1581,1721,28,2026-01-13 21:26:21,2026-01-13 21:54:21,2026-01-13 22:16:21,52
1582,1722,22,2026-01-23 21:47:41,2026-01-23 22:13:41,2026-01-23 22:32:41,47
1583,1723,118,2026-01-02 14:24:29,2026-01-02 14:47:29,2026-01-02 15:07:29,45
1584,1724,105,2026-01-20 13:24:57,2026-01-20 13:55:57,2026-01-20 14:20:57,58
1585,1725,73,2026-01-25 13:03:08,2026-01-25 13:27:08,2026-01-25 13:54:08,53
1586,1726,35,2026-01-07 22:20:11,2026-01-07 23:03:11,2026-01-07 23:33:11,74
1587,1729,21,2026-01-29 10:18:35,2026-01-29 10:54:35,2026-01-29 11:30:35,73
1588,1730,105,2026-01-02 08:24:34,2026-01-02 08:54:34,2026-01-02 09:06:34,43
1589,1732,109,2026-01-24 14:12:54,2026-01-24 14:42:54,2026-01-24 15:04:54,54
1590,1733,62,2026-01-24 08:25:30,2026-01-24 08:44:30,2026-01-24 08:55:30,34
1591,1734,15,2026-01-13 08:33:55,2026-01-13 08:56:55,2026-01-13 09:17:55,46
1592,1735,6,2026-01-01 14:44:07,2026-01-01 15:17:07,2026-01-01 15:41:07,59
1593,1736,11,2026-01-08 23:07:14,2026-01-08 23:30:14,2026-01-08 23:51:14,45
1594,1737,57,2026-01-06 09:09:38,2026-01-06 09:37:38,2026-01-06 10:03:38,57
1595,1738,38,2026-01-01 13:56:39,2026-01-01 14:32:39,2026-01-01 14:47:39,54
1596,1739,85,2026-01-22 16:22:16,2026-01-22 16:49:16,2026-01-22 16:59:16,41
1597,1740,47,2026-01-01 09:05:45,2026-01-01 09:24:45,2026-01-01 09:39:45,36
1598,1742,56,2026-01-04 02:52:01,2026-01-04 03:18:01,2026-01-04 03:33:01,44
1599,1743,53,2026-01-30 07:57:11,2026-01-30 08:22:11,2026-01-30 08:40:11,46
1600,1744,30,2026-01-28 14:06:09,2026-01-28 14:36:09,2026-01-28 14:49:09,46
1601,1745,72,2026-01-08 20:59:00,2026-01-08 21:19:00,2026-01-08 21:34:00,38
1602,1746,37,2026-01-31 10:35:35,2026-01-31 11:02:35,2026-01-31 11:23:35,52
1603,1747,101,2026-01-13 22:38:23,2026-01-13 23:04:23,2026-01-13 23:19:23,45
1604,1748,89,2026-01-08 13:12:41,2026-01-08 13:48:41,2026-01-08 14:14:41,63
1605,1749,25,2026-01-07 11:14:50,2026-01-07 11:35:50,2026-01-07 11:54:50,44
1606,1750,43,2026-01-18 15:54:54,2026-01-18 16:17:54,2026-01-18 16:40:54,49
1607,1751,97,2026-01-04 22:27:02,2026-01-04 22:56:02,2026-01-04 23:20:02,54
1608,1752,84,2026-01-10 22:02:25,2026-01-10 22:30:25,2026-01-10 22:52:25,51
1609,1753,62,2026-01-12 09:23:18,2026-01-12 09:41:18,2026-01-12 09:51:18,31
1610,1754,111,2026-01-15 23:29:24,2026-01-15 23:58:24,2026-01-16 00:14:24,46
1611,1755,10,2026-01-29 21:11:49,2026-01-29 21:39:49,2026-01-29 21:55:49,47
1612,1756,22,2026-01-13 22:13:55,2026-01-13 22:52:55,2026-01-13 23:07:55,55
1613,1757,78,2026-01-07 11:47:48,2026-01-07 12:23:48,2026-01-07 12:46:48,63
1614,1758,22,2026-01-14 21:10:05,2026-01-14 22:00:05,2026-01-14 22:15:05,68
1615,1759,76,2026-01-30 13:19:30,2026-01-30 13:49:30,2026-01-30 14:10:30,52
1616,1760,46,2026-01-11 14:29:32,2026-01-11 15:00:32,2026-01-11 15:21:32,53
1617,1761,17,2026-01-19 14:19:18,2026-01-19 14:46:18,2026-01-19 15:11:18,53
1618,1762,30,2026-01-19 21:45:25,2026-01-19 22:29:25,2026-01-19 22:53:25,71
1619,1764,22,2026-01-08 12:18:59,2026-01-08 12:49:59,2026-01-08 13:17:59,63
1620,1765,57,2026-01-08 20:55:12,2026-01-08 21:16:12,2026-01-08 21:37:12,45
1621,1766,44,2026-01-01 01:06:24,2026-01-01 01:29:24,2026-01-01 01:46:24,42
1622,1767,89,2026-01-12 22:43:23,2026-01-12 23:10:23,2026-01-12 23:32:23,51
1623,1768,105,2026-01-25 15:25:01,2026-01-25 15:48:01,2026-01-25 16:06:01,43
1624,1769,88,2026-01-15 15:07:43,2026-01-15 15:30:43,2026-01-15 15:43:43,37
1625,1770,46,2026-01-04 05:54:38,2026-01-04 06:14:38,2026-01-04 06:43:38,53
1626,1771,80,2026-01-17 22:09:28,2026-01-17 22:40:28,2026-01-17 23:01:28,53
1627,1772,9,2026-01-10 22:05:55,2026-01-10 22:43:55,2026-01-10 22:59:55,57
1628,1773,56,2026-01-07 22:57:19,2026-01-07 23:38:19,2026-01-07 23:57:19,63
1629,1774,23,2026-01-08 15:12:08,2026-01-08 15:30:08,2026-01-08 15:42:08,34
1630,1775,114,2026-01-02 15:08:13,2026-01-02 15:36:13,2026-01-02 15:48:13,41
1631,1776,47,2026-01-22 00:02:03,2026-01-22 00:23:03,2026-01-22 00:41:03,43
1632,1777,86,2026-01-15 15:00:40,2026-01-15 15:29:40,2026-01-15 15:59:40,60
1633,1778,42,2026-01-21 13:17:50,2026-01-21 13:50:50,2026-01-21 14:12:50,58
1634,1779,88,2026-01-09 14:50:14,2026-01-09 15:23:14,2026-01-09 15:47:14,60
1635,1780,75,2026-01-03 12:55:05,2026-01-03 13:22:05,2026-01-03 13:37:05,46
1636,1781,17,2026-01-12 14:30:08,2026-01-12 14:53:08,2026-01-12 15:16:08,50
1637,1782,71,2026-01-04 15:01:41,2026-01-04 15:36:41,2026-01-04 16:00:41,63
1638,1783,16,2026-01-11 21:33:22,2026-01-11 22:00:22,2026-01-11 22:16:22,45
1639,1784,29,2026-01-01 11:40:45,2026-01-01 12:10:45,2026-01-01 12:36:45,59
1640,1785,38,2026-01-19 20:28:35,2026-01-19 21:00:35,2026-01-19 21:13:35,49
1641,1788,65,2026-01-05 13:26:11,2026-01-05 13:52:11,2026-01-05 14:28:11,65
1642,1789,29,2026-01-04 13:50:38,2026-01-04 14:19:38,2026-01-04 14:40:38,53
1643,1790,7,2026-01-10 14:37:41,2026-01-10 15:04:41,2026-01-10 15:28:41,52
1644,1791,21,2026-01-18 22:06:42,2026-01-18 22:38:42,2026-01-18 23:00:42,55
1645,1792,46,2026-01-12 13:15:31,2026-01-12 13:54:31,2026-01-12 14:21:31,67
1646,1793,38,2026-01-19 18:37:19,2026-01-19 19:01:19,2026-01-19 19:11:19,37
1647,1794,1,2026-01-14 19:48:21,2026-01-14 20:06:21,2026-01-14 20:26:21,39
1648,1795,3,2026-01-07 18:58:32,2026-01-07 19:11:32,2026-01-07 19:33:32,37
1649,1796,110,2026-01-11 20:29:56,2026-01-11 20:53:56,2026-01-11 21:08:56,42
1650,1797,92,2026-01-22 21:02:37,2026-01-22 21:24:37,2026-01-22 21:43:37,45
1651,1798,12,2026-01-05 14:10:23,2026-01-05 14:47:23,2026-01-05 15:11:23,64
1652,1799,94,2026-01-01 15:10:29,2026-01-01 15:35:29,2026-01-01 15:58:29,50
1653,1800,120,2026-01-27 22:03:25,2026-01-27 22:31:25,2026-01-27 22:52:25,52
1654,1801,37,2026-01-09 12:05:24,2026-01-09 12:30:24,2026-01-09 12:55:24,52
1655,1802,94,2026-01-29 15:01:55,2026-01-29 15:35:55,2026-01-29 16:07:55,70
1656,1803,53,2026-01-16 00:53:33,2026-01-16 01:24:33,2026-01-16 01:49:33,57
1657,1804,45,2026-01-12 14:15:36,2026-01-12 14:43:36,2026-01-12 15:00:36,46
1658,1805,30,2026-01-06 02:52:45,2026-01-06 03:16:45,2026-01-06 03:33:45,43
1659,1807,96,2026-01-23 22:08:36,2026-01-23 22:49:36,2026-01-23 23:13:36,68
1660,1808,78,2026-01-22 23:23:33,2026-01-23 00:02:33,2026-01-23 00:20:33,61
1661,1809,26,2026-01-17 17:10:38,2026-01-17 17:34:38,2026-01-17 17:49:38,40
1662,1810,89,2026-01-11 20:15:33,2026-01-11 20:36:33,2026-01-11 20:49:33,37
1663,1811,69,2026-01-12 20:33:30,2026-01-12 20:55:30,2026-01-12 21:10:30,39
1664,1812,119,2026-01-27 09:46:28,2026-01-27 10:10:28,2026-01-27 10:35:28,53
1665,1813,120,2026-01-14 13:12:08,2026-01-14 13:32:08,2026-01-14 14:03:08,52
1666,1814,45,2026-01-18 12:03:55,2026-01-18 12:28:55,2026-01-18 12:46:55,44
1667,1815,13,2026-01-20 12:49:23,2026-01-20 13:17:23,2026-01-20 13:31:23,46
1668,1816,74,2026-01-18 19:15:12,2026-01-18 19:31:12,2026-01-18 19:50:12,37
1669,1817,7,2026-01-12 20:26:55,2026-01-12 20:56:55,2026-01-12 21:08:55,46
1670,1819,115,2026-01-21 22:50:19,2026-01-21 23:09:19,2026-01-21 23:29:19,43
1671,1820,50,2026-01-28 21:52:01,2026-01-28 22:12:01,2026-01-28 22:39:01,48
1672,1821,10,2026-01-29 16:45:31,2026-01-29 17:07:31,2026-01-29 17:29:31,46
1673,1822,119,2026-01-21 21:40:16,2026-01-21 22:21:16,2026-01-21 22:44:16,65
1674,1823,85,2026-01-19 04:47:47,2026-01-19 05:07:47,2026-01-19 05:29:47,45
1675,1824,78,2026-01-27 15:30:05,2026-01-27 15:51:05,2026-01-27 16:05:05,36
1676,1826,51,2026-01-18 17:43:32,2026-01-18 18:06:32,2026-01-18 18:22:32,41
1677,1827,84,2026-01-29 22:35:06,2026-01-29 23:17:06,2026-01-29 23:41:06,69
1678,1828,22,2026-01-01 23:44:49,2026-01-02 00:07:49,2026-01-02 00:24:49,42
1679,1829,4,2026-01-06 02:07:08,2026-01-06 02:29:08,2026-01-06 02:48:08,44
1680,1830,14,2026-01-20 15:43:51,2026-01-20 16:10:51,2026-01-20 16:24:51,43
1681,1831,28,2026-01-27 08:57:36,2026-01-27 09:29:36,2026-01-27 09:41:36,47
1682,1832,95,2026-01-18 17:17:26,2026-01-18 17:51:26,2026-01-18 18:09:26,53
1683,1833,47,2026-01-27 20:53:44,2026-01-27 21:29:44,2026-01-27 21:50:44,60
1684,1834,59,2026-01-07 14:06:34,2026-01-07 14:40:34,2026-01-07 15:01:34,59
1685,1835,102,2026-01-16 23:24:46,2026-01-16 23:50:46,2026-01-17 00:06:46,45
1686,1836,111,2026-01-22 21:08:35,2026-01-22 21:44:35,2026-01-22 22:05:35,58
1687,1837,65,2026-01-01 23:32:34,2026-01-01 23:55:34,2026-01-02 00:23:34,53
1688,1838,5,2026-01-25 13:52:25,2026-01-25 14:13:25,2026-01-25 14:37:25,48
1689,1839,60,2026-01-26 22:14:15,2026-01-26 22:45:15,2026-01-26 23:06:15,55
1690,1840,80,2026-01-12 00:23:08,2026-01-12 01:02:08,2026-01-12 01:17:08,55
1691,1841,55,2026-01-05 15:15:24,2026-01-05 15:39:24,2026-01-05 16:00:24,46
1692,1842,119,2026-01-02 23:03:41,2026-01-02 23:26:41,2026-01-02 23:44:41,44
1693,1843,47,2026-01-24 13:36:33,2026-01-24 14:19:33,2026-01-24 14:44:33,71
1694,1844,52,2026-01-16 15:55:23,2026-01-16 16:19:23,2026-01-16 16:35:23,43
1695,1845,19,2026-01-11 21:30:38,2026-01-11 21:57:38,2026-01-11 22:13:38,47
1696,1846,27,2026-01-23 18:06:25,2026-01-23 18:40:25,2026-01-23 18:59:25,54
1697,1847,74,2026-01-05 21:22:51,2026-01-05 21:56:51,2026-01-05 22:09:51,51
1698,1848,31,2026-01-25 20:59:27,2026-01-25 21:21:27,2026-01-25 21:32:27,35
1699,1849,37,2026-01-13 11:55:12,2026-01-13 12:20:12,2026-01-13 12:42:12,51
1700,1850,86,2026-01-08 14:40:10,2026-01-08 15:10:10,2026-01-08 15:34:10,55
1701,1851,43,2026-01-01 14:04:43,2026-01-01 14:34:43,2026-01-01 14:55:43,55
1702,1852,25,2026-01-17 21:12:37,2026-01-17 21:42:37,2026-01-17 22:09:37,58
1703,1853,10,2026-01-29 23:16:28,2026-01-29 23:40:28,2026-01-29 23:55:28,43
1704,1854,49,2026-01-10 14:37:12,2026-01-10 15:10:12,2026-01-10 15:24:12,51
1705,1855,72,2026-01-07 20:30:13,2026-01-07 20:52:13,2026-01-07 21:14:13,48
1706,1856,66,2026-01-26 23:37:16,2026-01-26 23:53:16,2026-01-27 00:17:16,41
1707,1857,71,2026-01-01 21:07:29,2026-01-01 21:32:29,2026-01-01 21:52:29,46
1708,1858,55,2026-01-04 07:51:36,2026-01-04 08:21:36,2026-01-04 08:32:36,45
1709,1859,93,2026-01-13 12:57:59,2026-01-13 13:22:59,2026-01-13 13:45:59,51
1710,1860,16,2026-01-16 14:05:44,2026-01-16 14:44:44,2026-01-16 15:09:44,68
1711,1861,6,2026-01-11 05:59:41,2026-01-11 06:17:41,2026-01-11 06:36:41,41
1712,1862,13,2026-01-26 15:39:15,2026-01-26 15:58:15,2026-01-26 16:15:15,40
1713,1863,40,2026-01-11 13:31:15,2026-01-11 13:55:15,2026-01-11 14:26:15,57
1714,1865,61,2026-01-08 22:13:47,2026-01-08 22:40:47,2026-01-08 23:01:47,51
1715,1866,85,2026-01-02 14:09:01,2026-01-02 14:52:01,2026-01-02 15:15:01,68
1716,1867,74,2026-01-14 11:27:45,2026-01-14 11:51:45,2026-01-14 12:06:45,43
1717,1868,30,2026-01-31 22:22:54,2026-01-31 22:58:54,2026-01-31 23:19:54,60
1718,1869,120,2026-01-24 21:53:00,2026-01-24 22:08:00,2026-01-24 22:22:00,31
1719,1870,65,2026-01-26 22:27:24,2026-01-26 23:14:24,2026-01-26 23:39:24,74
1720,1871,7,2026-01-29 20:09:43,2026-01-29 20:32:43,2026-01-29 20:45:43,38
1721,1872,38,2026-01-22 14:38:07,2026-01-22 15:19:07,2026-01-22 15:50:07,75
1722,1873,63,2026-01-31 22:28:27,2026-01-31 23:02:27,2026-01-31 23:23:27,59
1723,1874,23,2026-01-24 22:56:40,2026-01-24 23:22:40,2026-01-24 23:46:40,51
1724,1875,76,2026-01-01 09:16:49,2026-01-01 09:39:49,2026-01-01 09:56:49,43
1725,1876,87,2026-01-17 18:24:24,2026-01-17 18:46:24,2026-01-17 19:03:24,43
1726,1877,77,2026-01-29 15:45:11,2026-01-29 16:18:11,2026-01-29 16:45:11,61
1727,1878,41,2026-01-21 13:07:30,2026-01-21 13:34:30,2026-01-21 13:50:30,47
1728,1879,90,2026-01-19 09:29:27,2026-01-19 09:54:27,2026-01-19 10:09:27,44
1729,1880,117,2026-01-01 19:15:07,2026-01-01 19:41:07,2026-01-01 19:58:07,44
1730,1881,75,2026-01-25 08:14:27,2026-01-25 08:43:27,2026-01-25 09:03:27,51
1731,1882,24,2026-01-03 23:20:25,2026-01-03 23:39:25,2026-01-03 23:56:25,39
1732,1883,3,2026-01-24 05:16:40,2026-01-24 05:30:40,2026-01-24 05:43:40,31
1733,1884,46,2026-01-08 14:28:24,2026-01-08 15:05:24,2026-01-08 15:27:24,60
1734,1885,101,2026-01-23 23:03:35,2026-01-23 23:33:35,2026-01-23 23:49:35,50
1735,1886,21,2026-01-09 14:40:40,2026-01-09 15:09:40,2026-01-09 15:24:40,48
1736,1887,46,2026-01-20 22:19:43,2026-01-20 22:41:43,2026-01-20 23:09:43,51
1737,1888,28,2026-01-01 14:01:18,2026-01-01 14:36:18,2026-01-01 15:03:18,66
1738,1889,79,2026-01-11 15:29:14,2026-01-11 15:55:14,2026-01-11 16:15:14,48
1739,1891,69,2026-01-21 05:34:03,2026-01-21 05:55:03,2026-01-21 06:14:03,44
1740,1892,102,2026-01-26 14:13:40,2026-01-26 14:52:40,2026-01-26 15:15:40,65
1741,1893,50,2026-01-16 13:02:54,2026-01-16 13:25:54,2026-01-16 13:37:54,39
1742,1894,4,2026-01-31 03:21:04,2026-01-31 03:55:04,2026-01-31 04:23:04,63
1743,1895,119,2026-01-03 21:37:50,2026-01-03 22:08:50,2026-01-03 22:34:50,59
1744,1896,26,2026-01-09 23:29:45,2026-01-10 00:02:45,2026-01-10 00:26:45,61
1745,1897,72,2026-01-18 21:15:56,2026-01-18 21:44:56,2026-01-18 22:09:56,55
1746,1898,42,2026-01-21 15:08:17,2026-01-21 15:40:17,2026-01-21 15:58:17,54
1747,1899,65,2026-01-16 12:17:48,2026-01-16 12:46:48,2026-01-16 13:03:48,50
1748,1900,14,2026-01-09 21:24:54,2026-01-09 21:59:54,2026-01-09 22:18:54,55
1749,1901,21,2026-01-28 11:52:19,2026-01-28 12:22:19,2026-01-28 12:40:19,49
1750,1902,104,2026-01-21 15:52:16,2026-01-21 16:08:16,2026-01-21 16:31:16,42
1751,1903,44,2026-01-01 13:58:32,2026-01-01 14:33:32,2026-01-01 14:54:32,60
1752,1904,15,2026-01-31 13:13:06,2026-01-31 13:43:06,2026-01-31 14:04:06,54
1753,1905,107,2026-01-06 13:30:45,2026-01-06 14:02:45,2026-01-06 14:23:45,54
1754,1906,45,2026-01-15 14:35:16,2026-01-15 15:03:16,2026-01-15 15:28:16,56
1755,1907,24,2026-01-11 13:29:45,2026-01-11 14:03:45,2026-01-11 14:30:45,64
1756,1908,71,2026-01-13 15:41:41,2026-01-13 16:03:41,2026-01-13 16:25:41,46
1757,1910,38,2026-01-11 05:34:57,2026-01-11 06:00:57,2026-01-11 06:18:57,46
1758,1911,57,2026-01-18 17:07:46,2026-01-18 17:29:46,2026-01-18 17:53:46,50
1759,1912,116,2026-01-22 23:11:01,2026-01-22 23:27:01,2026-01-23 00:03:01,56
1760,1913,109,2026-01-25 01:59:25,2026-01-25 02:30:25,2026-01-25 02:47:25,52
1761,1914,37,2026-01-13 20:42:29,2026-01-13 21:06:29,2026-01-13 21:26:29,48
1762,1915,104,2026-01-18 22:03:41,2026-01-18 22:27:41,2026-01-18 22:57:41,55
1763,1916,22,2026-01-22 13:37:53,2026-01-22 14:14:53,2026-01-22 14:35:53,61
1764,1918,27,2026-01-18 20:32:27,2026-01-18 20:55:27,2026-01-18 21:07:27,37
1765,1919,58,2026-01-15 21:34:34,2026-01-15 21:53:34,2026-01-15 22:10:34,40
1766,1920,59,2026-01-21 20:31:20,2026-01-21 21:02:20,2026-01-21 21:21:20,54
1767,1921,30,2026-01-30 15:23:16,2026-01-30 15:46:16,2026-01-30 16:02:16,40
1768,1922,14,2026-01-02 13:01:23,2026-01-02 13:21:23,2026-01-02 13:45:23,46
1769,1923,70,2026-01-14 13:43:47,2026-01-14 14:11:47,2026-01-14 14:33:47,52
1770,1925,13,2026-01-20 06:46:45,2026-01-20 07:16:45,2026-01-20 07:39:45,55
1771,1926,79,2026-01-12 21:07:45,2026-01-12 21:36:45,2026-01-12 22:05:45,59
1772,1927,2,2026-01-08 23:02:33,2026-01-08 23:27:33,2026-01-08 23:52:33,51
1773,1928,106,2026-01-08 12:43:02,2026-01-08 13:10:02,2026-01-08 13:29:02,50
1774,1929,5,2026-01-30 21:46:39,2026-01-30 22:06:39,2026-01-30 22:37:39,53
1775,1930,97,2026-01-18 20:35:02,2026-01-18 20:59:02,2026-01-18 21:13:02,40
1776,1932,24,2026-01-12 11:32:55,2026-01-12 11:45:55,2026-01-12 11:57:55,27
1777,1933,20,2026-01-19 14:31:48,2026-01-19 15:01:48,2026-01-19 15:29:48,61
1778,1934,86,2026-01-10 05:46:01,2026-01-10 06:12:01,2026-01-10 06:26:01,43
1779,1935,47,2026-01-31 22:00:19,2026-01-31 22:42:19,2026-01-31 23:10:19,72
1780,1937,68,2026-01-04 22:37:01,2026-01-04 23:04:01,2026-01-04 23:26:01,53
1781,1938,54,2026-01-06 14:26:16,2026-01-06 14:50:16,2026-01-06 15:09:16,46
1782,1939,61,2026-01-10 21:34:01,2026-01-10 22:06:01,2026-01-10 22:42:01,69
1783,1940,4,2026-01-19 18:50:56,2026-01-19 19:12:56,2026-01-19 19:27:56,38
1784,1941,16,2026-01-02 11:44:46,2026-01-02 12:05:46,2026-01-02 12:29:46,47
1785,1942,36,2026-01-10 23:48:44,2026-01-11 00:08:44,2026-01-11 00:23:44,39
1786,1943,77,2026-01-26 15:23:42,2026-01-26 15:43:42,2026-01-26 15:56:42,35
1787,1945,38,2026-01-16 06:25:16,2026-01-16 06:50:16,2026-01-16 07:07:16,44
1788,1946,36,2026-01-26 23:59:10,2026-01-27 00:24:10,2026-01-27 00:45:10,49
1789,1947,33,2026-01-30 13:15:39,2026-01-30 13:54:39,2026-01-30 14:10:39,59
1790,1949,63,2026-01-25 12:48:52,2026-01-25 13:19:52,2026-01-25 13:39:52,55
1791,1950,43,2026-01-25 21:28:17,2026-01-25 21:57:17,2026-01-25 22:23:17,56
1792,1952,93,2026-01-13 16:20:35,2026-01-13 16:55:35,2026-01-13 17:15:35,56
1793,1953,7,2026-01-08 08:02:56,2026-01-08 08:21:56,2026-01-08 08:36:56,37
1794,1954,86,2026-01-07 14:25:00,2026-01-07 15:02:00,2026-01-07 15:33:00,70
1795,1955,34,2026-01-08 05:08:03,2026-01-08 05:35:03,2026-01-08 05:50:03,43
1796,1956,62,2026-01-24 00:54:46,2026-01-24 01:07:46,2026-01-24 01:20:46,30
1797,1958,40,2026-01-10 13:58:13,2026-01-10 14:34:13,2026-01-10 14:59:13,64
1798,1959,100,2026-01-02 12:20:11,2026-01-02 12:43:11,2026-01-02 13:13:11,54
1799,1960,63,2026-01-25 19:35:38,2026-01-25 20:04:38,2026-01-25 20:17:38,44
1800,1961,13,2026-01-05 20:54:31,2026-01-05 21:11:31,2026-01-05 21:34:31,42
1801,1962,100,2026-01-29 15:44:44,2026-01-29 16:06:44,2026-01-29 16:19:44,36
1802,1963,118,2026-01-21 22:52:57,2026-01-21 23:23:57,2026-01-21 23:50:57,60
1803,1964,56,2026-01-30 09:19:16,2026-01-30 09:37:16,2026-01-30 09:53:16,37
1804,1965,101,2026-01-10 00:06:52,2026-01-10 00:26:52,2026-01-10 00:52:52,49
1805,1967,114,2026-01-17 22:45:52,2026-01-17 23:15:52,2026-01-17 23:38:52,54
1806,1968,53,2026-01-15 06:20:58,2026-01-15 06:44:58,2026-01-15 07:03:58,46
1807,1970,3,2026-01-25 14:53:50,2026-01-25 15:18:50,2026-01-25 15:42:50,51
1808,1971,89,2026-01-13 11:07:13,2026-01-13 11:39:13,2026-01-13 12:08:13,62
1809,1972,98,2026-01-08 14:10:50,2026-01-08 14:38:50,2026-01-08 14:58:50,52
1810,1973,88,2026-01-15 23:14:29,2026-01-15 23:36:29,2026-01-15 23:47:29,35
1811,1974,97,2026-01-28 21:16:44,2026-01-28 21:50:44,2026-01-28 22:22:44,67
1812,1975,97,2026-01-16 14:47:29,2026-01-16 15:23:29,2026-01-16 15:40:29,57
1813,1976,118,2026-01-06 16:07:13,2026-01-06 16:36:13,2026-01-06 17:00:13,57
1814,1977,71,2026-01-01 21:20:17,2026-01-01 21:59:17,2026-01-01 22:23:17,66
1815,1979,119,2026-01-07 22:31:09,2026-01-07 22:57:09,2026-01-07 23:20:09,50
1816,1980,47,2026-01-27 05:33:08,2026-01-27 05:54:08,2026-01-27 06:17:08,47
1817,1981,73,2026-01-03 05:49:26,2026-01-03 06:08:26,2026-01-03 06:37:26,49
1818,1982,61,2026-01-19 21:57:23,2026-01-19 22:23:23,2026-01-19 22:41:23,47
1819,1983,3,2026-01-26 17:44:02,2026-01-26 18:06:02,2026-01-26 18:24:02,43
1820,1984,49,2026-01-07 20:46:54,2026-01-07 21:05:54,2026-01-07 21:17:54,32
1821,1985,19,2026-01-15 14:09:22,2026-01-15 14:43:22,2026-01-15 15:08:22,60
1822,1986,43,2026-01-16 18:07:26,2026-01-16 18:30:26,2026-01-16 18:51:26,47
1823,1987,94,2026-01-21 14:40:00,2026-01-21 15:13:00,2026-01-21 15:37:00,61
1824,1988,3,2026-01-26 13:25:57,2026-01-26 14:10:57,2026-01-26 14:27:57,63
1825,1989,37,2026-01-22 12:16:52,2026-01-22 12:36:52,2026-01-22 12:52:52,37
1826,1990,57,2026-01-01 23:33:13,2026-01-01 23:57:13,2026-01-02 00:11:13,40
1827,1991,29,2026-01-16 10:21:20,2026-01-16 10:46:20,2026-01-16 11:08:20,49
1828,1992,103,2026-01-24 03:58:10,2026-01-24 04:19:10,2026-01-24 04:33:10,38
1829,1993,87,2026-01-22 14:51:03,2026-01-22 15:24:03,2026-01-22 15:46:03,57
1830,1994,32,2026-01-13 16:13:36,2026-01-13 16:38:36,2026-01-13 16:57:36,47
1831,1997,81,2026-01-27 15:00:04,2026-01-27 15:32:04,2026-01-27 15:54:04,58
1832,1998,6,2026-01-01 21:55:58,2026-01-01 22:25:58,2026-01-01 22:47:58,55
1833,1999,20,2026-01-06 15:39:48,2026-01-06 16:06:48,2026-01-06 16:23:48,47
1834,2000,11,2026-01-11 22:56:46,2026-01-11 23:22:46,2026-01-11 23:45:46,53
1835,2001,98,2026-01-18 20:27:42,2026-01-18 21:01:42,2026-01-18 21:11:42,46
1836,2002,60,2026-01-26 23:03:46,2026-01-26 23:37:46,2026-01-26 23:59:46,59
1837,2003,63,2026-01-27 04:34:44,2026-01-27 05:03:44,2026-01-27 05:21:44,48
1838,2004,52,2026-01-23 05:18:04,2026-01-23 05:44:04,2026-01-23 06:00:04,46
1839,2005,35,2026-01-03 15:20:23,2026-01-03 15:46:23,2026-01-03 15:59:23,40
1840,2006,82,2026-01-01 21:23:09,2026-01-01 22:01:09,2026-01-01 22:32:09,70
1841,2007,1,2026-01-11 22:21:47,2026-01-11 23:00:47,2026-01-11 23:21:47,63
1842,2008,102,2026-01-12 18:38:38,2026-01-12 19:00:38,2026-01-12 19:22:38,45
1843,2009,45,2026-01-16 22:38:03,2026-01-16 23:14:03,2026-01-16 23:29:03,52
1844,2010,66,2026-01-01 15:20:05,2026-01-01 15:55:05,2026-01-01 16:06:05,47
1845,2011,3,2026-01-17 18:37:03,2026-01-17 18:58:03,2026-01-17 19:20:03,46
1846,2012,115,2026-01-19 03:26:15,2026-01-19 04:02:15,2026-01-19 04:19:15,57
1847,2014,89,2026-01-30 21:21:03,2026-01-30 21:55:03,2026-01-30 22:22:03,65
1848,2015,49,2026-01-10 11:11:36,2026-01-10 11:32:36,2026-01-10 11:55:36,47
1849,2016,66,2026-01-12 14:53:27,2026-01-12 15:18:27,2026-01-12 15:37:27,48
1850,2017,8,2026-01-19 20:55:58,2026-01-19 21:20:58,2026-01-19 21:38:58,47
1851,2018,73,2026-01-02 10:27:10,2026-01-02 10:51:10,2026-01-02 11:08:10,43
1852,2019,100,2026-01-25 14:43:28,2026-01-25 15:12:28,2026-01-25 15:45:28,63
1853,2020,100,2026-01-26 10:01:51,2026-01-26 10:26:51,2026-01-26 10:38:51,38
1854,2021,93,2026-01-29 23:20:08,2026-01-29 23:43:08,2026-01-30 00:02:08,44
1855,2022,18,2026-01-13 13:12:57,2026-01-13 13:48:57,2026-01-13 14:05:57,57
1856,2023,39,2026-01-19 18:49:33,2026-01-19 19:12:33,2026-01-19 19:39:33,54
1857,2024,113,2026-01-27 23:33:59,2026-01-28 00:03:59,2026-01-28 00:18:59,47
1858,2026,58,2026-01-02 21:28:40,2026-01-02 21:57:40,2026-01-02 22:18:40,51
1859,2027,74,2026-01-24 14:00:24,2026-01-24 14:31:24,2026-01-24 14:47:24,49
1860,2028,67,2026-01-30 11:22:28,2026-01-30 11:38:28,2026-01-30 11:53:28,34
1861,2029,83,2026-01-08 22:41:19,2026-01-08 23:00:19,2026-01-08 23:25:19,46
1862,2030,62,2026-01-03 22:23:57,2026-01-03 22:52:57,2026-01-03 23:20:57,59
1863,2031,11,2026-01-02 12:39:50,2026-01-02 13:08:50,2026-01-02 13:32:50,54
1864,2032,114,2026-01-01 07:25:14,2026-01-01 07:43:14,2026-01-01 08:01:14,37
1865,2034,40,2026-01-25 00:25:10,2026-01-25 00:37:10,2026-01-25 00:53:10,32
1866,2035,53,2026-01-28 22:19:58,2026-01-28 22:43:58,2026-01-28 22:57:58,41
1867,2036,30,2026-01-10 02:16:51,2026-01-10 02:43:51,2026-01-10 03:04:51,52
1868,2037,83,2026-01-12 22:47:28,2026-01-12 23:35:28,2026-01-12 23:58:28,75
1869,2038,38,2026-01-03 14:42:22,2026-01-03 15:17:22,2026-01-03 15:45:22,65
1870,2040,84,2026-01-29 17:57:33,2026-01-29 18:26:33,2026-01-29 18:48:33,55
1871,2041,70,2026-01-13 21:03:30,2026-01-13 21:36:30,2026-01-13 21:58:30,57
1872,2042,66,2026-01-31 01:39:37,2026-01-31 02:03:37,2026-01-31 02:19:37,42
1873,2043,86,2026-01-27 21:05:15,2026-01-27 21:37:15,2026-01-27 22:00:15,59
1874,2044,63,2026-01-11 13:12:16,2026-01-11 13:43:16,2026-01-11 14:12:16,61
1875,2045,73,2026-01-02 22:46:42,2026-01-02 23:19:42,2026-01-02 23:45:42,63
1876,2046,103,2026-01-15 14:10:23,2026-01-15 14:52:23,2026-01-15 15:28:23,79
1877,2047,95,2026-01-18 02:02:45,2026-01-18 02:28:45,2026-01-18 02:46:45,47
1878,2048,107,2026-01-11 20:54:25,2026-01-11 21:23:25,2026-01-11 21:37:25,47
1879,2049,118,2026-01-23 13:34:16,2026-01-23 14:04:16,2026-01-23 14:25:16,54
1880,2050,1,2026-01-23 12:41:30,2026-01-23 13:09:30,2026-01-23 13:29:30,49
1881,2051,84,2026-01-05 07:31:55,2026-01-05 08:12:55,2026-01-05 08:26:55,56
1882,2052,34,2026-01-15 13:20:34,2026-01-15 13:57:34,2026-01-15 14:31:34,75
1883,2053,62,2026-01-03 20:33:51,2026-01-03 20:53:51,2026-01-03 21:03:51,34
1884,2054,11,2026-01-17 14:43:02,2026-01-17 15:19:02,2026-01-17 15:45:02,66
1885,2055,16,2026-01-03 20:24:31,2026-01-03 20:56:31,2026-01-03 21:08:31,48
1886,2056,1,2026-01-31 21:34:19,2026-01-31 22:09:19,2026-01-31 22:38:19,66
1887,2057,112,2026-01-10 19:50:16,2026-01-10 20:08:16,2026-01-10 20:18:16,30
1888,2058,74,2026-01-23 07:33:09,2026-01-23 07:52:09,2026-01-23 08:12:09,41
1889,2059,86,2026-01-14 20:11:33,2026-01-14 20:35:33,2026-01-14 20:54:33,45
1890,2060,2,2026-01-25 12:06:13,2026-01-25 12:24:13,2026-01-25 12:45:13,41
1891,2061,110,2026-01-22 08:59:25,2026-01-22 09:19:25,2026-01-22 09:30:25,33
1892,2062,83,2026-01-05 06:25:04,2026-01-05 06:48:04,2026-01-05 07:01:04,40
1893,2063,102,2026-01-22 19:37:57,2026-01-22 20:01:57,2026-01-22 20:16:57,43
1894,2064,7,2026-01-11 19:31:39,2026-01-11 19:57:39,2026-01-11 20:10:39,42
1895,2065,10,2026-01-13 16:56:30,2026-01-13 17:40:30,2026-01-13 18:01:30,66
1896,2066,53,2026-01-26 08:57:55,2026-01-26 09:22:55,2026-01-26 09:42:55,48
1897,2067,23,2026-01-23 18:13:46,2026-01-23 18:45:46,2026-01-23 19:07:46,57
1898,2068,79,2026-01-02 15:02:32,2026-01-02 15:28:32,2026-01-02 15:44:32,44
1899,2070,89,2026-01-24 14:39:43,2026-01-24 15:06:43,2026-01-24 15:31:43,55
1900,2071,80,2026-01-14 12:14:37,2026-01-14 12:43:37,2026-01-14 13:07:37,56
1901,2072,90,2026-01-10 22:38:19,2026-01-10 23:08:19,2026-01-10 23:38:19,63
1902,2073,2,2026-01-08 00:40:25,2026-01-08 01:08:25,2026-01-08 01:28:25,50
1903,2074,74,2026-01-26 09:38:27,2026-01-26 10:00:27,2026-01-26 10:23:27,49
1904,2075,97,2026-01-22 22:25:37,2026-01-22 23:00:37,2026-01-22 23:22:37,59
1905,2076,97,2026-01-01 23:28:10,2026-01-01 23:51:10,2026-01-02 00:12:10,48
1906,2077,20,2026-01-24 16:03:28,2026-01-24 16:37:28,2026-01-24 16:52:28,50
1907,2078,33,2026-01-19 21:10:33,2026-01-19 21:42:33,2026-01-19 22:00:33,53
1908,2079,5,2026-01-26 03:20:19,2026-01-26 03:44:19,2026-01-26 04:10:19,53
1909,2080,77,2026-01-19 08:05:00,2026-01-19 08:33:00,2026-01-19 08:44:00,40
1910,2081,9,2026-01-15 13:41:17,2026-01-15 14:17:17,2026-01-15 14:47:17,70
1911,2082,15,2026-01-10 22:08:13,2026-01-10 22:53:13,2026-01-10 23:30:13,86
1912,2083,8,2026-01-10 15:10:26,2026-01-10 15:39:26,2026-01-10 15:57:26,48
1913,2085,45,2026-01-26 21:04:45,2026-01-26 21:37:45,2026-01-26 21:54:45,51
1914,2086,85,2026-01-11 22:26:53,2026-01-11 22:54:53,2026-01-11 23:18:53,53
1915,2087,120,2026-01-09 13:49:07,2026-01-09 14:12:07,2026-01-09 14:34:07,47
1916,2088,27,2026-01-23 14:18:31,2026-01-23 14:46:31,2026-01-23 15:13:31,58
1917,2089,104,2026-01-18 14:17:58,2026-01-18 14:45:58,2026-01-18 15:08:58,54
1918,2090,81,2026-01-17 09:44:46,2026-01-17 10:00:46,2026-01-17 10:22:46,40
1919,2091,4,2026-01-12 14:18:29,2026-01-12 14:51:29,2026-01-12 15:13:29,56
1920,2092,92,2026-01-03 03:04:48,2026-01-03 03:24:48,2026-01-03 03:36:48,35
1921,2093,3,2026-01-03 20:21:14,2026-01-03 20:40:14,2026-01-03 20:56:14,36
1922,2094,52,2026-01-29 19:55:04,2026-01-29 20:21:04,2026-01-29 20:47:04,55
1923,2095,107,2026-01-21 22:32:50,2026-01-21 22:57:50,2026-01-21 23:18:50,50
1924,2096,72,2026-01-15 08:09:45,2026-01-15 08:29:45,2026-01-15 09:00:45,54
1925,2097,18,2026-01-03 11:21:47,2026-01-03 11:43:47,2026-01-03 12:11:47,52
1926,2098,15,2026-01-30 14:57:05,2026-01-30 15:32:05,2026-01-30 15:56:05,60
1927,2099,117,2026-01-24 21:14:11,2026-01-24 21:45:11,2026-01-24 22:06:11,54
1928,2100,79,2026-01-28 23:06:09,2026-01-28 23:27:09,2026-01-28 23:46:09,41
1929,2101,8,2026-01-10 21:53:14,2026-01-10 22:26:14,2026-01-10 22:54:14,62
1930,2102,96,2026-01-19 14:00:23,2026-01-19 14:43:23,2026-01-19 15:13:23,76
1931,2103,81,2026-01-15 20:12:10,2026-01-15 20:31:10,2026-01-15 20:50:10,40
1932,2104,113,2026-01-12 22:46:40,2026-01-12 23:11:40,2026-01-12 23:42:40,58
1933,2105,43,2026-01-03 13:51:41,2026-01-03 14:26:41,2026-01-03 14:52:41,62
1934,2106,66,2026-01-05 22:19:50,2026-01-05 22:51:50,2026-01-05 23:17:50,59
1935,2107,73,2026-01-23 20:37:00,2026-01-23 20:58:00,2026-01-23 21:18:00,45
1936,2108,52,2026-01-20 20:27:47,2026-01-20 20:51:47,2026-01-20 21:08:47,42
1937,2109,11,2026-01-16 14:13:38,2026-01-16 14:44:38,2026-01-16 15:05:38,56
1938,2110,69,2026-01-31 10:51:09,2026-01-31 11:12:09,2026-01-31 11:32:09,43
1939,2111,9,2026-01-03 04:45:50,2026-01-03 05:06:50,2026-01-03 05:31:50,48
1940,2112,40,2026-01-14 22:22:16,2026-01-14 22:59:16,2026-01-14 23:18:16,59
1941,2113,25,2026-01-10 10:04:11,2026-01-10 10:24:11,2026-01-10 10:37:11,36
1942,2114,80,2026-01-27 13:19:37,2026-01-27 13:47:37,2026-01-27 14:19:37,61
1943,2115,95,2026-01-19 07:53:29,2026-01-19 08:14:29,2026-01-19 08:31:29,40
1944,2116,82,2026-01-20 12:12:43,2026-01-20 12:33:43,2026-01-20 12:51:43,41
1945,2117,9,2026-01-28 02:36:43,2026-01-28 03:00:43,2026-01-28 03:18:43,44
1946,2118,61,2026-01-20 19:30:29,2026-01-20 19:52:29,2026-01-20 20:10:29,43
1947,2119,70,2026-01-04 10:42:08,2026-01-04 11:07:08,2026-01-04 11:19:08,39
1948,2120,100,2026-01-28 13:01:51,2026-01-28 13:24:51,2026-01-28 13:49:51,51
1949,2121,105,2026-01-09 11:08:52,2026-01-09 11:31:52,2026-01-09 11:42:52,36
1950,2122,14,2026-01-02 10:15:18,2026-01-02 10:35:18,2026-01-02 10:46:18,34
1951,2123,62,2026-01-08 16:41:15,2026-01-08 17:07:15,2026-01-08 17:31:15,54
1952,2124,32,2026-01-12 15:53:42,2026-01-12 16:10:42,2026-01-12 16:26:42,37
1953,2125,69,2026-01-25 14:57:56,2026-01-25 15:21:56,2026-01-25 15:47:56,52
1954,2126,80,2026-01-19 07:41:15,2026-01-19 08:20:15,2026-01-19 08:36:15,59
1955,2127,49,2026-01-20 22:54:24,2026-01-20 23:28:24,2026-01-20 23:45:24,52
1956,2128,5,2026-01-06 19:59:14,2026-01-06 20:16:14,2026-01-06 20:36:14,39
1957,2129,64,2026-01-03 01:53:22,2026-01-03 02:23:22,2026-01-03 02:39:22,47
1958,2130,119,2026-01-20 03:24:10,2026-01-20 04:01:10,2026-01-20 04:15:10,52
1959,2131,43,2026-01-08 23:45:02,2026-01-09 00:12:02,2026-01-09 00:23:02,42
1960,2132,76,2026-01-18 13:44:21,2026-01-18 14:23:21,2026-01-18 14:41:21,60
1961,2133,18,2026-01-06 14:24:06,2026-01-06 14:44:06,2026-01-06 15:02:06,41
1962,2134,26,2026-01-19 22:48:53,2026-01-19 23:12:53,2026-01-19 23:38:53,52
1963,2135,58,2026-01-29 23:05:03,2026-01-29 23:31:03,2026-01-29 23:49:03,46
1964,2136,93,2026-01-18 23:27:07,2026-01-18 23:52:07,2026-01-19 00:09:07,44
1965,2137,72,2026-01-11 14:10:48,2026-01-11 14:36:48,2026-01-11 14:50:48,43
1966,2138,75,2026-01-26 15:36:22,2026-01-26 16:06:22,2026-01-26 16:22:22,50
1967,2139,44,2026-01-12 14:54:45,2026-01-12 15:26:45,2026-01-12 15:55:45,64
1968,2140,120,2026-01-21 00:00:25,2026-01-21 00:24:25,2026-01-21 00:40:25,42
1969,2141,62,2026-01-27 12:20:50,2026-01-27 12:51:50,2026-01-27 13:02:50,45
1970,2142,108,2026-01-23 06:52:59,2026-01-23 07:16:59,2026-01-23 07:35:59,46
1971,2143,79,2026-01-26 14:40:18,2026-01-26 15:10:18,2026-01-26 15:34:18,58
1972,2144,60,2026-01-22 23:14:37,2026-01-22 23:36:37,2026-01-22 23:50:37,38
1973,2145,5,2026-01-08 22:34:52,2026-01-08 23:17:52,2026-01-08 23:38:52,68
1974,2146,54,2026-01-11 14:36:44,2026-01-11 15:05:44,2026-01-11 15:36:44,64
1975,2147,106,2026-01-11 23:33:32,2026-01-12 00:06:32,2026-01-12 00:25:32,53
1976,2148,82,2026-01-18 16:07:23,2026-01-18 16:23:23,2026-01-18 16:43:23,38
1977,2149,87,2026-01-18 22:30:46,2026-01-18 23:02:46,2026-01-18 23:19:46,53
1978,2150,106,2026-01-03 12:24:03,2026-01-03 12:51:03,2026-01-03 13:06:03,45
1979,2151,10,2026-01-21 20:47:32,2026-01-21 21:14:32,2026-01-21 21:39:32,56
1980,2152,45,2026-01-12 21:20:12,2026-01-12 21:55:12,2026-01-12 22:09:12,52
1981,2153,30,2026-01-06 06:38:09,2026-01-06 06:57:09,2026-01-06 07:17:09,42
1982,2154,113,2026-01-16 13:22:46,2026-01-16 14:00:46,2026-01-16 14:15:46,57
1983,2155,119,2026-01-17 14:49:23,2026-01-17 15:23:23,2026-01-17 15:45:23,59
1984,2156,4,2026-01-25 12:24:20,2026-01-25 12:47:20,2026-01-25 13:00:20,39
1985,2157,72,2026-01-22 14:23:09,2026-01-22 15:03:09,2026-01-22 15:35:09,73
1986,2158,6,2026-01-08 14:26:08,2026-01-08 14:51:08,2026-01-08 15:20:08,57
1987,2159,24,2026-01-09 03:27:21,2026-01-09 03:40:21,2026-01-09 04:10:21,44
1988,2160,18,2026-01-22 01:10:47,2026-01-22 01:27:47,2026-01-22 01:44:47,37
1989,2161,9,2026-01-10 08:36:57,2026-01-10 08:57:57,2026-01-10 09:13:57,38
1990,2162,59,2026-01-12 10:01:33,2026-01-12 10:29:33,2026-01-12 10:47:33,50
1991,2163,45,2026-01-06 17:24:17,2026-01-06 17:45:17,2026-01-06 18:12:17,52
1992,2164,60,2026-01-19 23:14:20,2026-01-19 23:37:20,2026-01-19 23:52:20,40
1993,2165,28,2026-01-16 13:07:36,2026-01-16 13:23:36,2026-01-16 13:57:36,54
1994,2166,26,2026-01-11 07:05:12,2026-01-11 07:24:12,2026-01-11 07:37:12,35
1995,2167,108,2026-01-30 21:48:01,2026-01-30 22:14:01,2026-01-30 22:34:01,48
1996,2168,66,2026-01-17 22:34:56,2026-01-17 23:10:56,2026-01-17 23:28:56,55
1997,2169,12,2026-01-04 20:11:42,2026-01-04 20:24:42,2026-01-04 20:34:42,27
1998,2170,11,2026-01-05 20:27:10,2026-01-05 20:42:10,2026-01-05 21:02:10,37
1999,2171,73,2026-01-22 22:12:05,2026-01-22 22:47:05,2026-01-22 23:16:05,67
2000,2172,107,2026-01-23 15:42:39,2026-01-23 16:17:39,2026-01-23 16:36:39,58
2001,2173,102,2026-01-19 17:26:37,2026-01-19 17:51:37,2026-01-19 18:07:37,42
2002,2174,81,2026-01-07 20:07:58,2026-01-07 20:34:58,2026-01-07 20:50:58,46
2003,2175,8,2026-01-01 20:10:57,2026-01-01 20:43:57,2026-01-01 21:06:57,57
2004,2176,55,2026-01-28 13:08:58,2026-01-28 13:41:58,2026-01-28 14:01:58,56
2005,2177,31,2026-01-23 12:21:30,2026-01-23 12:42:30,2026-01-23 12:56:30,37
2006,2178,62,2026-01-31 23:50:52,2026-02-01 00:19:52,2026-02-01 00:37:52,51
2007,2179,103,2026-01-10 23:44:44,2026-01-11 00:18:44,2026-01-11 00:36:44,55
2008,2180,83,2026-01-30 15:44:58,2026-01-30 16:13:58,2026-01-30 16:30:58,49
2009,2181,40,2026-01-23 01:20:20,2026-01-23 01:41:20,2026-01-23 01:55:20,39
2010,2182,82,2026-01-26 22:59:56,2026-01-26 23:27:56,2026-01-26 23:46:56,50
2011,2183,104,2026-01-18 14:10:09,2026-01-18 14:31:09,2026-01-18 14:52:09,45
2012,2184,107,2026-01-13 17:19:27,2026-01-13 17:43:27,2026-01-13 18:00:27,42
2013,2185,63,2026-01-04 13:41:02,2026-01-04 14:19:02,2026-01-04 14:44:02,67
2014,2186,106,2026-01-13 06:05:35,2026-01-13 06:35:35,2026-01-13 06:53:35,49
2015,2187,119,2026-01-19 21:19:21,2026-01-19 21:52:21,2026-01-19 22:14:21,57
2016,2188,70,2026-01-27 22:01:01,2026-01-27 22:32:01,2026-01-27 22:53:01,56
2017,2189,51,2026-01-10 06:10:13,2026-01-10 06:37:13,2026-01-10 06:59:13,53
2018,2190,18,2026-01-09 02:59:33,2026-01-09 03:39:33,2026-01-09 04:03:33,66
2019,2191,99,2026-01-29 20:30:14,2026-01-29 21:04:14,2026-01-29 21:17:14,49
2020,2192,105,2026-01-03 13:48:07,2026-01-03 14:16:07,2026-01-03 14:36:07,50
2021,2194,109,2026-01-30 14:23:36,2026-01-30 14:55:36,2026-01-30 15:22:36,60
2022,2195,108,2026-01-15 14:34:02,2026-01-15 15:06:02,2026-01-15 15:25:02,54
2023,2196,88,2026-01-24 22:43:38,2026-01-24 23:21:38,2026-01-24 23:42:38,62
2024,2197,28,2026-01-30 22:45:58,2026-01-30 23:29:58,2026-01-31 00:05:58,81
2025,2198,63,2026-01-02 19:21:25,2026-01-02 20:01:25,2026-01-02 20:13:25,55
2026,2199,18,2026-01-31 00:00:24,2026-01-31 00:22:24,2026-01-31 00:47:24,48
2027,2200,46,2026-01-08 14:51:19,2026-01-08 15:28:19,2026-01-08 15:49:19,62
2028,2201,85,2026-01-17 20:24:14,2026-01-17 20:57:14,2026-01-17 21:18:14,58
2029,2202,66,2026-01-11 21:13:12,2026-01-11 21:47:12,2026-01-11 22:04:12,54
2030,2203,110,2026-01-14 21:26:46,2026-01-14 21:53:46,2026-01-14 22:31:46,68
2031,2204,20,2026-01-06 20:34:22,2026-01-06 20:57:22,2026-01-06 21:22:22,50
2032,2206,35,2026-01-19 09:39:19,2026-01-19 10:04:19,2026-01-19 10:23:19,48
2033,2207,40,2026-01-31 20:54:13,2026-01-31 21:18:13,2026-01-31 21:36:13,46
2034,2208,85,2026-01-10 04:16:40,2026-01-10 04:39:40,2026-01-10 04:56:40,41
2035,2209,42,2026-01-21 09:18:36,2026-01-21 09:44:36,2026-01-21 10:08:36,54
2036,2210,42,2026-01-05 13:38:06,2026-01-05 14:04:06,2026-01-05 14:18:06,42
2037,2211,37,2026-01-18 22:52:31,2026-01-18 23:21:31,2026-01-18 23:40:31,51
2038,2212,1,2026-01-29 23:29:22,2026-01-29 23:45:22,2026-01-30 00:06:22,38
2039,2213,22,2026-01-21 03:42:54,2026-01-21 04:06:54,2026-01-21 04:30:54,52
2040,2215,117,2026-01-13 10:51:32,2026-01-13 11:13:32,2026-01-13 11:33:32,45
2041,2216,50,2026-01-11 22:44:11,2026-01-11 23:17:11,2026-01-11 23:43:11,62
2042,2217,51,2026-01-19 20:29:05,2026-01-19 20:52:05,2026-01-19 21:02:05,37
2043,2218,89,2026-01-02 21:21:09,2026-01-02 21:50:09,2026-01-02 22:12:09,52
2044,2219,21,2026-01-05 21:23:32,2026-01-05 21:47:32,2026-01-05 22:08:32,47
2045,2220,20,2026-01-27 21:14:31,2026-01-27 21:35:31,2026-01-27 21:56:31,45
2046,2221,108,2026-01-03 16:56:30,2026-01-03 17:19:30,2026-01-03 17:39:30,44
2047,2222,115,2026-01-19 11:29:08,2026-01-19 12:00:08,2026-01-19 12:14:08,46
2048,2223,93,2026-01-18 14:52:37,2026-01-18 15:13:37,2026-01-18 15:32:37,44
2049,2224,25,2026-01-08 22:57:04,2026-01-08 23:29:04,2026-01-08 23:56:04,61
2050,2225,21,2026-01-14 13:31:54,2026-01-14 14:07:54,2026-01-14 14:30:54,62
2051,2226,119,2026-01-11 13:24:17,2026-01-11 14:06:17,2026-01-11 14:27:17,65
2052,2227,54,2026-01-08 12:27:31,2026-01-08 12:54:31,2026-01-08 13:13:31,49
2053,2228,67,2026-01-08 14:05:56,2026-01-08 14:34:56,2026-01-08 14:59:56,56
2054,2229,117,2026-01-31 07:12:26,2026-01-31 07:40:26,2026-01-31 07:58:26,48
2055,2230,81,2026-01-10 06:41:02,2026-01-10 07:05:02,2026-01-10 07:28:02,50
2056,2231,86,2026-01-17 23:56:28,2026-01-18 00:20:28,2026-01-18 00:36:28,44
2057,2232,41,2026-01-18 20:45:01,2026-01-18 21:08:01,2026-01-18 21:33:01,51
2058,2233,93,2026-01-28 14:18:43,2026-01-28 14:53:43,2026-01-28 15:20:43,65
2059,2234,78,2026-01-11 22:05:07,2026-01-11 22:24:07,2026-01-11 22:47:07,44
2060,2235,65,2026-01-18 15:30:03,2026-01-18 15:45:03,2026-01-18 15:55:03,28
2061,2236,2,2026-01-12 07:13:51,2026-01-12 07:36:51,2026-01-12 07:47:51,37
2062,2237,90,2026-01-06 02:06:00,2026-01-06 02:38:00,2026-01-06 02:54:00,49
2063,2239,34,2026-01-11 12:52:16,2026-01-11 13:11:16,2026-01-11 13:21:16,30
2064,2240,23,2026-01-06 20:20:24,2026-01-06 21:01:24,2026-01-06 21:19:24,60
2065,2241,16,2026-01-18 22:52:50,2026-01-18 23:14:50,2026-01-18 23:38:50,49
2066,2242,5,2026-01-02 13:07:51,2026-01-02 13:32:51,2026-01-02 14:01:51,56
2067,2243,10,2026-01-06 13:11:36,2026-01-06 13:41:36,2026-01-06 14:12:36,65
2068,2244,30,2026-01-05 00:46:52,2026-01-05 01:13:52,2026-01-05 01:29:52,47
2069,2245,98,2026-01-25 15:25:43,2026-01-25 15:49:43,2026-01-25 16:10:43,47
2070,2246,108,2026-01-19 16:59:32,2026-01-19 17:23:32,2026-01-19 17:42:32,45
2071,2247,96,2026-01-20 11:25:54,2026-01-20 11:46:54,2026-01-20 11:59:54,36
2072,2248,51,2026-01-28 13:48:07,2026-01-28 14:17:07,2026-01-28 14:44:07,59
2073,2249,89,2026-01-24 22:41:01,2026-01-24 23:07:01,2026-01-24 23:28:01,49
2074,2250,15,2026-01-21 06:45:56,2026-01-21 07:14:56,2026-01-21 07:33:56,49
2075,2251,43,2026-01-24 22:49:16,2026-01-24 23:19:16,2026-01-24 23:50:16,65
2076,2252,111,2026-01-19 00:42:13,2026-01-19 01:09:13,2026-01-19 01:34:13,55
2077,2253,32,2026-01-03 20:39:33,2026-01-03 21:03:33,2026-01-03 21:20:33,44
2078,2254,70,2026-01-13 13:26:13,2026-01-13 13:56:13,2026-01-13 14:14:13,49
2079,2255,67,2026-01-06 14:49:21,2026-01-06 15:17:21,2026-01-06 15:37:21,51
2080,2256,91,2026-01-18 03:57:43,2026-01-18 04:25:43,2026-01-18 04:39:43,45
2081,2257,49,2026-01-07 20:39:17,2026-01-07 21:02:17,2026-01-07 21:16:17,38
2082,2258,104,2026-01-01 22:35:04,2026-01-01 23:20:04,2026-01-01 23:46:04,75
2083,2259,99,2026-01-26 20:08:23,2026-01-26 20:31:23,2026-01-26 20:45:23,39
2084,2260,26,2026-01-11 11:47:39,2026-01-11 12:10:39,2026-01-11 12:22:39,38
2085,2263,85,2026-01-19 22:28:40,2026-01-19 23:02:40,2026-01-19 23:19:40,53
2086,2264,104,2026-01-10 18:41:06,2026-01-10 19:09:06,2026-01-10 19:36:06,57
2087,2265,63,2026-01-16 11:21:45,2026-01-16 11:48:45,2026-01-16 12:14:45,54
2088,2266,55,2026-01-15 22:21:24,2026-01-15 23:08:24,2026-01-15 23:30:24,70
2089,2267,107,2026-01-31 22:12:45,2026-01-31 22:46:45,2026-01-31 23:04:45,53
2090,2268,10,2026-01-11 20:54:21,2026-01-11 21:20:21,2026-01-11 21:32:21,41
2091,2269,102,2026-01-19 23:37:56,2026-01-20 00:02:56,2026-01-20 00:12:56,39
2092,2270,101,2026-01-13 15:46:47,2026-01-13 16:06:47,2026-01-13 16:20:47,36
2093,2271,100,2026-01-08 22:23:55,2026-01-08 23:05:55,2026-01-08 23:37:55,77
2094,2272,94,2026-01-02 15:11:39,2026-01-02 15:35:39,2026-01-02 15:56:39,46
2095,2274,34,2026-01-11 21:50:22,2026-01-11 22:29:22,2026-01-11 22:51:22,63
2096,2275,16,2026-01-22 21:54:41,2026-01-22 22:20:41,2026-01-22 22:35:41,42
2097,2276,108,2026-01-20 14:18:40,2026-01-20 14:57:40,2026-01-20 15:16:40,59
2098,2277,10,2026-01-06 20:12:44,2026-01-06 20:34:44,2026-01-06 20:53:44,45
2099,2278,35,2026-01-31 13:06:10,2026-01-31 13:54:10,2026-01-31 14:17:10,75
2100,2279,9,2026-01-07 20:14:38,2026-01-07 20:39:38,2026-01-07 20:58:38,46
2101,2280,106,2026-01-12 14:40:40,2026-01-12 15:22:40,2026-01-12 15:45:40,66
2102,2281,32,2026-01-22 14:04:53,2026-01-22 14:40:53,2026-01-22 15:03:53,63
2103,2282,5,2026-01-27 20:57:01,2026-01-27 21:19:01,2026-01-27 21:34:01,39
2104,2283,30,2026-01-05 20:50:45,2026-01-05 21:04:45,2026-01-05 21:18:45,32
2105,2284,50,2026-01-24 07:23:38,2026-01-24 07:51:38,2026-01-24 08:01:38,41
2106,2285,19,2026-01-06 16:25:51,2026-01-06 16:54:51,2026-01-06 17:14:51,51
2107,2286,8,2026-01-30 21:44:50,2026-01-30 22:25:50,2026-01-30 22:57:50,77
2108,2287,114,2026-01-28 22:55:55,2026-01-28 23:27:55,2026-01-28 23:52:55,58
2109,2289,43,2026-01-10 17:43:39,2026-01-10 18:21:39,2026-01-10 18:38:39,58
2110,2290,106,2026-01-15 05:08:37,2026-01-15 05:33:37,2026-01-15 05:52:37,45
2111,2291,26,2026-01-26 05:42:41,2026-01-26 06:06:41,2026-01-26 06:28:41,49
2112,2292,119,2026-01-24 22:20:17,2026-01-24 22:50:17,2026-01-24 23:16:17,60
2113,2293,27,2026-01-27 04:37:49,2026-01-27 05:02:49,2026-01-27 05:17:49,44
2114,2294,83,2026-01-08 21:54:22,2026-01-08 22:28:22,2026-01-08 22:53:22,60
2115,2295,6,2026-01-29 02:50:14,2026-01-29 03:21:14,2026-01-29 03:39:14,53
2116,2297,16,2026-01-20 21:10:06,2026-01-20 21:47:06,2026-01-20 22:07:06,60
2117,2298,46,2026-01-14 07:03:01,2026-01-14 07:35:01,2026-01-14 07:51:01,51
2118,2299,108,2026-01-07 13:32:39,2026-01-07 13:55:39,2026-01-07 14:19:39,51
2119,2300,85,2026-01-18 12:46:44,2026-01-18 13:25:44,2026-01-18 13:44:44,59
2120,2301,16,2026-01-21 22:35:26,2026-01-21 22:57:26,2026-01-21 23:21:26,50
2121,2302,116,2026-01-31 22:21:22,2026-01-31 22:48:22,2026-01-31 23:09:22,52
2122,2303,96,2026-01-12 22:20:16,2026-01-12 22:55:16,2026-01-12 23:14:16,56
2123,2304,116,2026-01-24 15:01:26,2026-01-24 15:34:26,2026-01-24 16:05:26,65
2124,2305,44,2026-01-24 21:02:51,2026-01-24 21:34:51,2026-01-24 21:51:51,50
2125,2306,22,2026-01-18 20:52:36,2026-01-18 21:26:36,2026-01-18 21:39:36,51
2126,2307,81,2026-01-08 20:53:52,2026-01-08 21:20:52,2026-01-08 21:47:52,56
2127,2308,9,2026-01-12 20:33:34,2026-01-12 20:54:34,2026-01-12 21:06:34,34
2128,2309,85,2026-01-15 22:14:57,2026-01-15 22:42:57,2026-01-15 23:05:57,55
2129,2310,90,2026-01-09 22:14:45,2026-01-09 22:35:45,2026-01-09 22:57:45,47
2130,2311,104,2026-01-20 22:44:25,2026-01-20 23:19:25,2026-01-20 23:33:25,51
2131,2312,95,2026-01-07 21:54:42,2026-01-07 22:26:42,2026-01-07 22:53:42,60
2132,2313,8,2026-01-23 21:34:04,2026-01-23 22:03:04,2026-01-23 22:16:04,44
2133,2314,66,2026-01-10 13:52:03,2026-01-10 14:25:03,2026-01-10 14:46:03,57
2134,2316,106,2026-01-26 15:55:02,2026-01-26 16:15:02,2026-01-26 16:33:02,40
2135,2317,92,2026-01-10 22:44:48,2026-01-10 23:28:48,2026-01-10 23:45:48,63
2136,2318,64,2026-01-23 12:12:31,2026-01-23 12:30:31,2026-01-23 12:53:31,42
2137,2319,74,2026-01-11 05:14:06,2026-01-11 05:43:06,2026-01-11 05:55:06,42
2138,2320,46,2026-01-19 12:59:33,2026-01-19 13:40:33,2026-01-19 13:52:33,56
2139,2321,7,2026-01-21 22:14:58,2026-01-21 22:39:58,2026-01-21 23:00:58,47
2140,2322,66,2026-01-14 08:38:55,2026-01-14 08:58:55,2026-01-14 09:16:55,39
2141,2323,6,2026-01-19 03:43:45,2026-01-19 04:00:45,2026-01-19 04:30:45,51
2142,2324,24,2026-01-13 20:05:59,2026-01-13 20:27:59,2026-01-13 20:57:59,56
2143,2325,28,2026-01-23 15:16:05,2026-01-23 15:46:05,2026-01-23 16:00:05,47
2144,2326,25,2026-01-09 17:10:37,2026-01-09 17:36:37,2026-01-09 17:56:37,49
2145,2327,104,2026-01-20 07:08:40,2026-01-20 07:33:40,2026-01-20 07:59:40,52
2146,2328,35,2026-01-11 00:47:16,2026-01-11 01:23:16,2026-01-11 01:40:16,57
2147,2329,75,2026-01-30 14:07:19,2026-01-30 14:35:19,2026-01-30 14:57:19,53
2148,2330,20,2026-01-29 13:06:29,2026-01-29 13:34:29,2026-01-29 14:05:29,63
2149,2331,105,2026-01-13 20:59:41,2026-01-13 21:15:41,2026-01-13 21:32:41,35
2150,2332,10,2026-01-20 06:51:55,2026-01-20 07:16:55,2026-01-20 07:38:55,51
2151,2333,78,2026-01-06 14:26:08,2026-01-06 15:02:08,2026-01-06 15:16:08,52
2152,2334,37,2026-01-19 22:43:18,2026-01-19 23:21:18,2026-01-19 23:42:18,61
2153,2335,48,2026-01-11 14:10:09,2026-01-11 14:41:09,2026-01-11 15:08:09,59
2154,2336,72,2026-01-03 11:15:45,2026-01-03 11:49:45,2026-01-03 12:05:45,51
2155,2337,94,2026-01-23 22:16:10,2026-01-23 22:55:10,2026-01-23 23:25:10,71
2156,2338,4,2026-01-16 00:27:53,2026-01-16 00:52:53,2026-01-16 01:15:53,49
2157,2339,63,2026-01-13 18:12:11,2026-01-13 18:41:11,2026-01-13 18:55:11,46
2158,2340,33,2026-01-24 12:22:15,2026-01-24 12:51:15,2026-01-24 13:17:15,57
2159,2341,26,2026-01-18 13:13:05,2026-01-18 13:41:05,2026-01-18 14:03:05,53
2160,2342,52,2026-01-28 21:53:45,2026-01-28 22:22:45,2026-01-28 22:44:45,52
2161,2343,106,2026-01-11 13:12:13,2026-01-11 13:44:13,2026-01-11 14:12:13,61
2162,2344,86,2026-01-20 17:02:34,2026-01-20 17:36:34,2026-01-20 17:55:34,56
2163,2345,12,2026-01-10 14:12:29,2026-01-10 14:35:29,2026-01-10 15:03:29,55
2164,2346,95,2026-01-28 23:32:03,2026-01-28 23:47:03,2026-01-29 00:07:03,38
2165,2347,38,2026-01-10 23:47:42,2026-01-11 00:11:42,2026-01-11 00:22:42,37
2166,2348,28,2026-01-11 22:23:43,2026-01-11 23:02:43,2026-01-11 23:27:43,67
2167,2349,72,2026-01-20 21:56:45,2026-01-20 22:31:45,2026-01-20 22:48:45,56
2168,2350,13,2026-01-16 15:30:25,2026-01-16 15:49:25,2026-01-16 16:00:25,34
2169,2351,99,2026-01-12 12:06:19,2026-01-12 12:40:19,2026-01-12 12:55:19,53
2170,2352,9,2026-01-29 21:02:25,2026-01-29 21:35:25,2026-01-29 21:59:25,59
2171,2354,37,2026-01-13 15:34:02,2026-01-13 15:55:02,2026-01-13 16:11:02,41
2172,2355,83,2026-01-29 14:13:00,2026-01-29 14:45:00,2026-01-29 15:08:00,57
2173,2356,69,2026-01-16 15:21:23,2026-01-16 15:38:23,2026-01-16 15:57:23,39
2174,2357,89,2026-01-23 15:08:21,2026-01-23 15:43:21,2026-01-23 15:55:21,50
2175,2358,86,2026-01-25 03:28:28,2026-01-25 03:49:28,2026-01-25 04:08:28,43
2176,2359,27,2026-01-28 13:55:28,2026-01-28 14:35:28,2026-01-28 14:55:28,61
2177,2360,50,2026-01-30 22:02:40,2026-01-30 22:25:40,2026-01-30 22:48:40,50
2178,2361,33,2026-01-07 22:09:50,2026-01-07 22:38:50,2026-01-07 23:03:50,55
2179,2363,90,2026-01-20 19:33:59,2026-01-20 19:54:59,2026-01-20 20:15:59,45
2180,2364,31,2026-01-18 06:41:57,2026-01-18 07:10:57,2026-01-18 07:27:57,49
2181,2365,116,2026-01-31 00:05:39,2026-01-31 00:30:39,2026-01-31 00:52:39,49
2182,2366,63,2026-01-03 13:51:42,2026-01-03 14:21:42,2026-01-03 14:45:42,56
2183,2367,50,2026-01-10 21:34:57,2026-01-10 22:09:57,2026-01-10 22:30:57,58
2184,2368,88,2026-01-11 16:03:03,2026-01-11 16:28:03,2026-01-11 16:52:03,51
2185,2369,10,2026-01-22 21:54:09,2026-01-22 22:24:09,2026-01-22 22:45:09,53
2186,2370,31,2026-01-31 05:55:39,2026-01-31 06:16:39,2026-01-31 06:39:39,46
2187,2371,7,2026-01-05 08:28:39,2026-01-05 08:55:39,2026-01-05 09:11:39,46
2188,2372,119,2026-01-28 23:40:01,2026-01-29 00:08:01,2026-01-29 00:26:01,47
2189,2373,77,2026-01-23 15:15:22,2026-01-23 15:44:22,2026-01-23 15:59:22,47
2190,2375,107,2026-01-06 13:22:47,2026-01-06 13:59:47,2026-01-06 14:14:47,56
2191,2376,48,2026-01-09 11:05:17,2026-01-09 11:30:17,2026-01-09 11:44:17,41
2192,2377,120,2026-01-02 14:20:18,2026-01-02 14:50:18,2026-01-02 15:08:18,50
2193,2378,48,2026-01-24 14:23:53,2026-01-24 14:48:53,2026-01-24 15:15:53,55
2194,2379,1,2026-01-23 03:46:26,2026-01-23 04:13:26,2026-01-23 04:35:26,53
2195,2380,23,2026-01-25 14:59:06,2026-01-25 15:38:06,2026-01-25 15:59:06,62
2196,2381,34,2026-01-11 21:16:37,2026-01-11 22:02:37,2026-01-11 22:30:37,77
2197,2382,85,2026-01-31 14:06:21,2026-01-31 14:32:21,2026-01-31 14:58:21,55
2198,2383,12,2026-01-17 20:49:22,2026-01-17 21:28:22,2026-01-17 21:49:22,61
2199,2384,1,2026-01-28 22:07:59,2026-01-28 22:30:59,2026-01-28 22:48:59,42
2200,2385,95,2026-01-19 21:51:36,2026-01-19 22:12:36,2026-01-19 22:37:36,49
2201,2387,110,2026-01-16 02:12:45,2026-01-16 02:31:45,2026-01-16 02:48:45,40
2202,2388,77,2026-01-20 12:18:26,2026-01-20 12:41:26,2026-01-20 12:52:26,36
2203,2389,77,2026-01-01 22:40:45,2026-01-01 23:12:45,2026-01-01 23:32:45,54
2204,2390,27,2026-01-01 03:13:02,2026-01-01 03:42:02,2026-01-01 03:55:02,45
2205,2391,96,2026-01-10 19:27:23,2026-01-10 19:47:23,2026-01-10 20:06:23,43
2206,2392,92,2026-01-30 22:04:23,2026-01-30 22:48:23,2026-01-30 23:13:23,72
2207,2393,101,2026-01-28 06:32:25,2026-01-28 06:58:25,2026-01-28 07:12:25,41
2208,2394,108,2026-01-25 04:53:05,2026-01-25 05:08:05,2026-01-25 05:35:05,43
2209,2395,11,2026-01-17 13:47:07,2026-01-17 14:11:07,2026-01-17 14:31:07,46
2210,2396,66,2026-01-08 13:46:13,2026-01-08 14:12:13,2026-01-08 14:29:13,47
2211,2397,70,2026-01-31 21:52:43,2026-01-31 22:19:43,2026-01-31 22:40:43,51
2212,2398,57,2026-01-29 15:20:02,2026-01-29 15:41:02,2026-01-29 16:06:02,49
2213,2399,76,2026-01-07 20:04:37,2026-01-07 20:23:37,2026-01-07 20:40:37,38
2214,2400,91,2026-01-19 15:44:44,2026-01-19 16:08:44,2026-01-19 16:22:44,40
2215,2401,31,2026-01-26 22:22:11,2026-01-26 22:51:11,2026-01-26 23:09:11,50
2216,2402,47,2026-01-29 22:24:04,2026-01-29 22:44:04,2026-01-29 23:17:04,57
2217,2403,57,2026-01-08 22:14:33,2026-01-08 22:39:33,2026-01-08 23:07:33,57
2218,2404,117,2026-01-11 23:45:07,2026-01-12 00:11:07,2026-01-12 00:24:07,40
2219,2405,19,2026-01-29 13:22:21,2026-01-29 13:54:21,2026-01-29 14:10:21,50
2220,2406,11,2026-01-12 01:01:25,2026-01-12 01:25:25,2026-01-12 01:46:25,49
2221,2407,50,2026-01-29 13:09:46,2026-01-29 13:40:46,2026-01-29 14:00:46,53
2222,2408,8,2026-01-25 14:27:08,2026-01-25 14:47:08,2026-01-25 15:05:08,42
2223,2409,71,2026-01-19 21:14:27,2026-01-19 21:44:27,2026-01-19 22:10:27,60
2224,2410,43,2026-01-27 13:05:01,2026-01-27 13:32:01,2026-01-27 13:54:01,51
2225,2411,50,2026-01-06 11:55:05,2026-01-06 12:21:05,2026-01-06 12:32:05,38
2226,2412,109,2026-01-03 14:27:57,2026-01-03 15:06:57,2026-01-03 15:28:57,65
2227,2413,47,2026-01-24 22:27:57,2026-01-24 22:59:57,2026-01-24 23:19:57,56
2228,2414,14,2026-01-26 20:21:31,2026-01-26 20:56:31,2026-01-26 21:14:31,57
2229,2415,24,2026-01-21 18:56:15,2026-01-21 19:38:15,2026-01-21 19:58:15,65
2230,2416,66,2026-01-13 09:11:31,2026-01-13 09:53:31,2026-01-13 10:12:31,62
2231,2417,109,2026-01-11 21:28:01,2026-01-11 22:05:01,2026-01-11 22:26:01,59
2232,2418,1,2026-01-26 15:10:51,2026-01-26 15:39:51,2026-01-26 15:59:51,50
2233,2420,8,2026-01-11 12:08:47,2026-01-11 12:29:47,2026-01-11 12:54:47,50
2234,2421,21,2026-01-09 19:03:03,2026-01-09 19:25:03,2026-01-09 19:39:03,37
2235,2422,12,2026-01-15 00:43:43,2026-01-15 01:05:43,2026-01-15 01:24:43,44
2236,2423,90,2026-01-23 03:25:00,2026-01-23 03:55:00,2026-01-23 04:26:00,65
2237,2425,59,2026-01-23 10:15:36,2026-01-23 10:52:36,2026-01-23 11:10:36,58
2238,2426,109,2026-01-02 23:48:07,2026-01-03 00:09:07,2026-01-03 00:27:07,40
2239,2427,103,2026-01-06 10:23:30,2026-01-06 10:49:30,2026-01-06 10:59:30,37
2240,2428,50,2026-01-21 15:50:48,2026-01-21 16:26:48,2026-01-21 16:40:48,53
2241,2429,21,2026-01-06 21:39:27,2026-01-06 22:13:27,2026-01-06 22:36:27,60
2242,2430,57,2026-01-16 22:59:44,2026-01-16 23:31:44,2026-01-16 23:48:44,52
2243,2431,67,2026-01-08 12:09:19,2026-01-08 12:35:19,2026-01-08 12:51:19,46
2244,2432,5,2026-01-30 20:29:30,2026-01-30 20:50:30,2026-01-30 21:06:30,39
2245,2433,117,2026-01-30 01:01:28,2026-01-30 01:22:28,2026-01-30 01:40:28,42
2246,2434,20,2026-01-16 13:19:30,2026-01-16 13:49:30,2026-01-16 14:09:30,51
2247,2435,94,2026-01-27 20:28:42,2026-01-27 21:03:42,2026-01-27 21:19:42,53
2248,2436,108,2026-01-20 06:13:41,2026-01-20 06:34:41,2026-01-20 06:51:41,39
2249,2437,97,2026-01-04 13:28:45,2026-01-04 13:59:45,2026-01-04 14:30:45,66
2250,2438,59,2026-01-07 15:45:28,2026-01-07 16:06:28,2026-01-07 16:22:28,38
2251,2439,96,2026-01-27 21:03:04,2026-01-27 21:32:04,2026-01-27 21:58:04,58
2252,2440,26,2026-01-14 09:58:15,2026-01-14 10:31:15,2026-01-14 10:53:15,57
2253,2441,18,2026-01-15 14:06:56,2026-01-15 14:44:56,2026-01-15 15:09:56,66
2254,2442,107,2026-01-14 23:15:10,2026-01-14 23:39:10,2026-01-14 23:51:10,37
2255,2443,77,2026-01-23 23:22:41,2026-01-23 23:43:41,2026-01-24 00:03:41,43
2256,2444,96,2026-01-01 09:50:45,2026-01-01 10:07:45,2026-01-01 10:35:45,49
2257,2445,63,2026-01-11 14:17:00,2026-01-11 14:58:00,2026-01-11 15:16:00,63
2258,2446,120,2026-01-20 23:12:53,2026-01-20 23:37:53,2026-01-20 23:56:53,48
2259,2447,55,2026-01-30 13:06:04,2026-01-30 13:37:04,2026-01-30 14:07:04,65
2260,2448,61,2026-01-14 14:58:50,2026-01-14 15:20:50,2026-01-14 15:55:50,59
2261,2449,36,2026-01-18 04:09:36,2026-01-18 04:38:36,2026-01-18 04:56:36,50
2262,2450,50,2026-01-15 03:27:00,2026-01-15 03:47:00,2026-01-15 04:02:00,38
2263,2451,77,2026-01-07 01:53:51,2026-01-07 02:12:51,2026-01-07 02:36:51,46
2264,2452,108,2026-01-10 15:41:52,2026-01-10 16:04:52,2026-01-10 16:21:52,43
2265,2453,55,2026-01-10 13:25:01,2026-01-10 13:49:01,2026-01-10 14:12:01,51
2266,2454,111,2026-01-21 17:16:28,2026-01-21 17:41:28,2026-01-21 17:53:28,41
2267,2455,1,2026-01-13 14:37:19,2026-01-13 15:03:19,2026-01-13 15:29:19,56
2268,2456,13,2026-01-08 13:05:57,2026-01-08 13:45:57,2026-01-08 14:11:57,70
2269,2458,103,2026-01-04 21:46:06,2026-01-04 22:26:06,2026-01-04 22:43:06,61
2270,2459,43,2026-01-04 01:00:42,2026-01-04 01:33:42,2026-01-04 01:50:42,54
2271,2460,57,2026-01-26 23:23:31,2026-01-26 23:51:31,2026-01-27 00:04:31,45
2272,2461,45,2026-01-06 13:55:07,2026-01-06 14:31:07,2026-01-06 14:54:07,62
2273,2464,102,2026-01-24 13:50:53,2026-01-24 14:18:53,2026-01-24 14:50:53,63
2274,2465,69,2026-01-30 01:41:35,2026-01-30 02:03:35,2026-01-30 02:25:35,47
2275,2467,32,2026-01-09 04:15:59,2026-01-09 04:40:59,2026-01-09 04:55:59,44
2276,2468,52,2026-01-21 14:13:51,2026-01-21 14:48:51,2026-01-21 15:06:51,56
2277,2469,99,2026-01-06 20:24:03,2026-01-06 20:49:03,2026-01-06 21:14:03,51
2278,2471,120,2026-01-30 14:24:01,2026-01-30 14:57:01,2026-01-30 15:19:01,58
2279,2472,62,2026-01-11 22:06:30,2026-01-11 22:28:30,2026-01-11 22:56:30,54
2280,2473,90,2026-01-24 12:14:32,2026-01-24 12:48:32,2026-01-24 13:11:32,61
2281,2474,40,2026-01-24 22:01:01,2026-01-24 22:34:01,2026-01-24 22:51:01,52
2282,2475,110,2026-01-01 12:23:58,2026-01-01 12:54:58,2026-01-01 13:13:58,51
2283,2476,1,2026-01-20 13:11:57,2026-01-20 13:54:57,2026-01-20 14:20:57,73
2284,2477,37,2026-01-13 13:27:20,2026-01-13 13:50:20,2026-01-13 14:17:20,54
2285,2479,68,2026-01-29 12:33:48,2026-01-29 13:01:48,2026-01-29 13:24:48,53
2286,2480,24,2026-01-27 21:22:30,2026-01-27 21:56:30,2026-01-27 22:27:30,66
2287,2481,33,2026-01-07 21:31:03,2026-01-07 22:04:03,2026-01-07 22:38:03,68
2288,2483,55,2026-01-24 09:47:45,2026-01-24 10:13:45,2026-01-24 10:34:45,50
2289,2484,24,2026-01-18 00:01:38,2026-01-18 00:25:38,2026-01-18 00:45:38,46
2290,2485,92,2026-01-10 21:35:10,2026-01-10 22:25:10,2026-01-10 22:48:10,75
2291,2486,120,2026-01-01 09:42:24,2026-01-01 10:05:24,2026-01-01 10:27:24,48
2292,2487,49,2026-01-16 20:43:19,2026-01-16 21:16:19,2026-01-16 21:31:19,51
2293,2488,11,2026-01-20 00:29:24,2026-01-20 00:58:24,2026-01-20 01:22:24,57
2294,2489,89,2026-01-01 12:16:27,2026-01-01 12:44:27,2026-01-01 13:01:27,49
2295,2490,112,2026-01-16 11:53:28,2026-01-16 12:27:28,2026-01-16 12:45:28,53
2296,2491,34,2026-01-01 07:29:07,2026-01-01 07:56:07,2026-01-01 08:27:07,60
2297,2492,31,2026-01-05 15:47:03,2026-01-05 16:10:03,2026-01-05 16:33:03,48
2298,2493,105,2026-01-27 18:42:52,2026-01-27 19:15:52,2026-01-27 19:46:52,65
2299,2494,41,2026-01-15 03:23:11,2026-01-15 03:53:11,2026-01-15 04:13:11,52
2300,2496,77,2026-01-20 19:51:48,2026-01-20 20:13:48,2026-01-20 20:32:48,44
2301,2497,4,2026-01-15 22:44:23,2026-01-15 23:14:23,2026-01-15 23:43:23,63
2302,2498,108,2026-01-15 23:44:59,2026-01-16 00:13:59,2026-01-16 00:36:59,55
2303,2499,90,2026-01-18 11:33:26,2026-01-18 12:11:26,2026-01-18 12:28:26,57
2304,2500,117,2026-01-13 22:36:21,2026-01-13 23:10:21,2026-01-13 23:30:21,57
2305,2502,50,2026-01-27 19:23:39,2026-01-27 19:36:39,2026-01-27 19:58:39,36
2306,2503,107,2026-01-26 19:13:51,2026-01-26 19:29:51,2026-01-26 19:51:51,39
2307,2504,108,2026-01-06 13:25:15,2026-01-06 13:51:15,2026-01-06 14:17:15,56
2308,2505,80,2026-01-19 23:29:05,2026-01-19 23:57:05,2026-01-20 00:22:05,57
2309,2506,114,2026-01-28 05:40:58,2026-01-28 06:14:58,2026-01-28 06:28:58,49
2310,2507,63,2026-01-03 21:44:39,2026-01-03 22:01:39,2026-01-03 22:28:39,48
2311,2508,49,2026-01-25 14:25:47,2026-01-25 15:02:47,2026-01-25 15:25:47,61
2312,2509,36,2026-01-27 12:32:06,2026-01-27 13:03:06,2026-01-27 13:18:06,50
2313,2510,43,2026-01-21 09:14:05,2026-01-21 09:41:05,2026-01-21 09:51:05,40
2314,2511,71,2026-01-07 00:54:45,2026-01-07 01:18:45,2026-01-07 01:30:45,40
2315,2512,64,2026-01-13 04:36:18,2026-01-13 05:06:18,2026-01-13 05:22:18,49
2316,2513,61,2026-01-01 23:27:01,2026-01-01 23:48:01,2026-01-02 00:04:01,41
2317,2514,40,2026-01-31 01:20:40,2026-01-31 01:51:40,2026-01-31 02:08:40,51
2318,2516,106,2026-01-26 02:55:04,2026-01-26 03:18:04,2026-01-26 03:42:04,49
2319,2517,23,2026-01-17 12:36:38,2026-01-17 13:07:38,2026-01-17 13:20:38,46
2320,2518,118,2026-01-24 22:24:50,2026-01-24 22:51:50,2026-01-24 23:14:50,53
2321,2519,25,2026-01-07 20:08:51,2026-01-07 20:26:51,2026-01-07 20:44:51,39
2322,2520,41,2026-01-29 12:25:37,2026-01-29 12:52:37,2026-01-29 13:11:37,49
2323,2521,119,2026-01-12 18:23:53,2026-01-12 18:47:53,2026-01-12 19:00:53,39
2324,2522,9,2026-01-28 22:09:39,2026-01-28 22:39:39,2026-01-28 23:01:39,54
2325,2523,69,2026-01-24 14:26:37,2026-01-24 14:53:37,2026-01-24 15:15:37,52
2326,2524,27,2026-01-23 01:05:23,2026-01-23 01:35:23,2026-01-23 01:48:23,47
2327,2525,114,2026-01-15 15:04:50,2026-01-15 15:43:50,2026-01-15 16:05:50,63
2328,2526,109,2026-01-18 13:49:49,2026-01-18 14:23:49,2026-01-18 14:45:49,59
2329,2527,23,2026-01-16 13:54:51,2026-01-16 14:20:51,2026-01-16 14:37:51,46
2330,2528,34,2026-01-11 21:32:51,2026-01-11 22:02:51,2026-01-11 22:21:51,51
2331,2529,16,2026-01-16 12:10:40,2026-01-16 12:36:40,2026-01-16 12:55:40,46
2332,2530,92,2026-01-05 21:00:47,2026-01-05 21:30:47,2026-01-05 21:46:47,47
2333,2531,61,2026-01-05 04:54:35,2026-01-05 05:32:35,2026-01-05 05:50:35,60
2334,2532,51,2026-01-14 19:09:47,2026-01-14 19:31:47,2026-01-14 19:49:47,44
2335,2533,27,2026-01-01 10:17:43,2026-01-01 10:40:43,2026-01-01 10:58:43,45
2336,2534,96,2026-01-10 20:12:46,2026-01-10 20:38:46,2026-01-10 20:59:46,50
2337,2535,88,2026-01-04 06:09:33,2026-01-04 06:25:33,2026-01-04 06:48:33,43
2338,2536,79,2026-01-04 19:07:36,2026-01-04 19:48:36,2026-01-04 20:01:36,57
2339,2537,120,2026-01-22 21:55:42,2026-01-22 22:36:42,2026-01-22 22:59:42,67
2340,2538,103,2026-01-27 14:43:48,2026-01-27 15:16:48,2026-01-27 15:40:48,58
2341,2539,54,2026-01-15 04:03:01,2026-01-15 04:33:01,2026-01-15 04:52:01,53
2342,2540,119,2026-01-13 08:44:53,2026-01-13 09:19:53,2026-01-13 09:38:53,57
2343,2541,44,2026-01-20 07:34:48,2026-01-20 08:02:48,2026-01-20 08:22:48,52
2344,2542,63,2026-01-09 14:09:09,2026-01-09 14:45:09,2026-01-09 15:03:09,55
2345,2543,64,2026-01-12 23:38:10,2026-01-12 23:57:10,2026-01-13 00:10:10,35
2346,2545,26,2026-01-12 10:53:59,2026-01-12 11:13:59,2026-01-12 11:31:59,42
2347,2546,56,2026-01-11 07:20:30,2026-01-11 07:43:30,2026-01-11 08:07:30,49
2348,2547,88,2026-01-25 02:04:39,2026-01-25 02:25:39,2026-01-25 02:47:39,45
2349,2548,78,2026-01-29 21:56:31,2026-01-29 22:29:31,2026-01-29 22:50:31,56
2350,2549,40,2026-01-25 02:09:46,2026-01-25 02:24:46,2026-01-25 02:48:46,42
2351,2550,78,2026-01-01 16:59:02,2026-01-01 17:23:02,2026-01-01 17:42:02,46
2352,2551,83,2026-01-31 12:21:48,2026-01-31 12:40:48,2026-01-31 13:04:48,47
2353,2552,58,2026-01-15 20:17:24,2026-01-15 20:37:24,2026-01-15 20:48:24,33
2354,2553,102,2026-01-28 12:17:16,2026-01-28 12:38:16,2026-01-28 12:52:16,39
2355,2555,68,2026-01-10 06:49:58,2026-01-10 07:18:58,2026-01-10 07:31:58,44
2356,2556,20,2026-01-18 14:33:14,2026-01-18 15:14:14,2026-01-18 15:34:14,64
2357,2557,50,2026-01-18 10:46:04,2026-01-18 11:13:04,2026-01-18 11:38:04,56
2358,2558,35,2026-01-08 14:15:12,2026-01-08 14:51:12,2026-01-08 15:11:12,60
2359,2559,11,2026-01-10 14:39:58,2026-01-10 15:16:58,2026-01-10 15:49:58,72
2360,2560,36,2026-01-11 14:31:49,2026-01-11 15:07:49,2026-01-11 15:35:49,65
2361,2561,55,2026-01-20 20:57:15,2026-01-20 21:25:15,2026-01-20 21:41:15,45
2362,2562,16,2026-01-25 13:30:30,2026-01-25 14:05:30,2026-01-25 14:25:30,58
2363,2563,56,2026-01-16 20:13:11,2026-01-16 20:38:11,2026-01-16 20:55:11,45
2364,2564,37,2026-01-31 02:06:08,2026-01-31 02:21:08,2026-01-31 02:47:08,42
2365,2565,109,2026-01-19 15:23:15,2026-01-19 15:48:15,2026-01-19 16:07:15,45
2366,2566,99,2026-01-04 23:05:53,2026-01-04 23:34:53,2026-01-04 23:46:53,44
2367,2567,1,2026-01-27 11:20:58,2026-01-27 11:43:58,2026-01-27 12:04:58,47
2368,2568,49,2026-01-11 11:12:30,2026-01-11 11:43:30,2026-01-11 11:54:30,45
2369,2570,89,2026-01-11 09:57:01,2026-01-11 10:19:01,2026-01-11 10:37:01,44
2370,2571,102,2026-01-26 22:51:59,2026-01-26 23:15:59,2026-01-26 23:38:59,51
2371,2572,8,2026-01-20 14:24:41,2026-01-20 14:53:41,2026-01-20 15:09:41,46
2372,2573,6,2026-01-19 22:49:44,2026-01-19 23:26:44,2026-01-19 23:54:44,66
2373,2574,67,2026-01-14 12:15:55,2026-01-14 12:42:55,2026-01-14 12:53:55,42
2374,2575,45,2026-01-28 12:20:25,2026-01-28 12:47:25,2026-01-28 13:06:25,50
2375,2576,33,2026-01-12 12:54:36,2026-01-12 13:23:36,2026-01-12 13:39:36,47
2376,2577,29,2026-01-10 21:52:25,2026-01-10 22:29:25,2026-01-10 22:49:25,58
2377,2578,6,2026-01-11 13:05:15,2026-01-11 13:39:15,2026-01-11 13:58:15,54
2378,2579,110,2026-01-24 17:06:38,2026-01-24 17:37:38,2026-01-24 17:54:38,50
2379,2580,118,2026-01-13 22:49:13,2026-01-13 23:16:13,2026-01-13 23:43:13,58
2380,2581,106,2026-01-31 05:37:41,2026-01-31 06:18:41,2026-01-31 06:33:41,58
2381,2582,76,2026-01-23 22:21:06,2026-01-23 22:51:06,2026-01-23 23:20:06,63
2382,2584,62,2026-01-16 02:00:50,2026-01-16 02:24:50,2026-01-16 02:39:50,43
2383,2585,50,2026-01-01 13:27:34,2026-01-01 13:54:34,2026-01-01 14:16:34,52
2384,2586,97,2026-01-10 03:18:26,2026-01-10 03:39:26,2026-01-10 04:07:26,52
2385,2588,3,2026-01-19 13:22:15,2026-01-19 13:54:15,2026-01-19 14:17:15,57
2386,2590,87,2026-01-08 14:02:49,2026-01-08 14:41:49,2026-01-08 15:05:49,66
2387,2591,45,2026-01-18 19:16:15,2026-01-18 19:39:15,2026-01-18 19:55:15,42
2388,2592,68,2026-01-31 10:36:03,2026-01-31 10:58:03,2026-01-31 11:22:03,47
2389,2594,85,2026-01-02 19:09:04,2026-01-02 19:34:04,2026-01-02 19:48:04,42
2390,2595,8,2026-01-24 14:37:05,2026-01-24 15:09:05,2026-01-24 15:33:05,57
2391,2596,88,2026-01-07 22:49:12,2026-01-07 23:32:12,2026-01-07 23:53:12,68
2392,2597,32,2026-01-11 12:24:09,2026-01-11 13:01:09,2026-01-11 13:20:09,59
2393,2598,19,2026-01-19 22:29:56,2026-01-19 22:54:56,2026-01-19 23:18:56,53
2394,2599,119,2026-01-30 05:18:41,2026-01-30 05:43:41,2026-01-30 05:59:41,44
2395,2600,75,2026-01-13 23:47:59,2026-01-14 00:08:59,2026-01-14 00:41:59,56
2396,2601,50,2026-01-12 22:16:21,2026-01-12 22:39:21,2026-01-12 22:58:21,45
2397,2602,55,2026-01-22 22:41:40,2026-01-22 23:12:40,2026-01-22 23:31:40,53
2398,2603,96,2026-01-11 15:29:49,2026-01-11 15:53:49,2026-01-11 16:20:49,55
2399,2604,85,2026-01-04 21:10:28,2026-01-04 21:38:28,2026-01-04 21:57:28,50
2400,2605,63,2026-01-15 13:44:34,2026-01-15 14:24:34,2026-01-15 14:41:34,61
2401,2606,48,2026-01-11 05:46:17,2026-01-11 06:11:17,2026-01-11 06:27:17,45
2402,2607,108,2026-01-25 22:23:41,2026-01-25 22:49:41,2026-01-25 23:17:41,58
2403,2608,6,2026-01-19 21:06:55,2026-01-19 21:36:55,2026-01-19 21:56:55,53
2404,2609,75,2026-01-31 02:59:59,2026-01-31 03:20:59,2026-01-31 03:37:59,42
2405,2610,17,2026-01-09 08:36:01,2026-01-09 09:01:01,2026-01-09 09:21:01,46
2406,2611,107,2026-01-09 02:21:54,2026-01-09 02:41:54,2026-01-09 02:59:54,39
2407,2612,52,2026-01-14 21:16:26,2026-01-14 21:46:26,2026-01-14 22:06:26,53
2408,2613,87,2026-01-10 13:22:04,2026-01-10 14:05:04,2026-01-10 14:25:04,64
2409,2614,51,2026-01-17 23:13:49,2026-01-17 23:49:49,2026-01-18 00:20:49,71
2410,2615,61,2026-01-25 12:24:58,2026-01-25 12:56:58,2026-01-25 13:18:58,55
2411,2616,31,2026-01-09 15:45:30,2026-01-09 16:20:30,2026-01-09 16:36:30,53
2412,2617,110,2026-01-06 14:44:27,2026-01-06 15:12:27,2026-01-06 15:29:27,48
2413,2618,51,2026-01-06 22:52:02,2026-01-06 23:20:02,2026-01-06 23:43:02,54
2414,2619,13,2026-01-29 14:05:59,2026-01-29 14:41:59,2026-01-29 15:03:59,61
2415,2620,26,2026-01-11 07:00:10,2026-01-11 07:19:10,2026-01-11 07:39:10,40
2416,2621,25,2026-01-09 14:11:49,2026-01-09 14:42:49,2026-01-09 15:11:49,61
2417,2622,62,2026-01-20 11:57:55,2026-01-20 12:27:55,2026-01-20 12:44:55,49
2418,2623,65,2026-01-15 14:19:51,2026-01-15 14:58:51,2026-01-15 15:19:51,61
2419,2624,76,2026-01-21 21:55:10,2026-01-21 22:29:10,2026-01-21 22:52:10,59
2420,2625,22,2026-01-05 14:05:14,2026-01-05 14:40:14,2026-01-05 14:58:14,56
2421,2627,107,2026-01-18 21:03:46,2026-01-18 21:30:46,2026-01-18 22:04:46,63
2422,2628,118,2026-01-25 08:49:26,2026-01-25 09:14:26,2026-01-25 09:31:26,43
2423,2629,2,2026-01-22 04:52:18,2026-01-22 05:16:18,2026-01-22 05:41:18,50
2424,2630,82,2026-01-31 23:33:19,2026-01-31 23:53:19,2026-02-01 00:11:19,39
2425,2631,43,2026-01-16 15:32:39,2026-01-16 16:00:39,2026-01-16 16:25:39,55
2426,2632,59,2026-01-06 21:20:42,2026-01-06 21:49:42,2026-01-06 22:21:42,63
2427,2633,62,2026-01-21 14:26:43,2026-01-21 15:03:43,2026-01-21 15:30:43,68
2428,2634,23,2026-01-16 10:38:01,2026-01-16 11:01:01,2026-01-16 11:17:01,40
2429,2635,75,2026-01-18 20:54:46,2026-01-18 21:22:46,2026-01-18 21:42:46,52
2430,2636,75,2026-01-08 14:18:59,2026-01-08 15:06:59,2026-01-08 15:34:59,80
2431,2637,68,2026-01-15 21:12:14,2026-01-15 21:46:14,2026-01-15 22:16:14,66
2432,2638,100,2026-01-31 15:28:53,2026-01-31 16:00:53,2026-01-31 16:10:53,44
2433,2639,9,2026-01-09 16:02:00,2026-01-09 16:31:00,2026-01-09 16:47:00,49
2434,2640,11,2026-01-31 02:00:56,2026-01-31 02:25:56,2026-01-31 02:44:56,45
2435,2641,53,2026-01-27 22:58:06,2026-01-27 23:23:06,2026-01-27 23:43:06,48
2436,2642,89,2026-01-16 21:49:14,2026-01-16 22:23:14,2026-01-16 22:57:14,72
2437,2643,84,2026-01-10 12:51:13,2026-01-10 13:09:13,2026-01-10 13:19:13,30
2438,2644,81,2026-01-01 01:44:39,2026-01-01 02:00:39,2026-01-01 02:16:39,36
2439,2645,27,2026-01-29 08:26:08,2026-01-29 08:47:08,2026-01-29 09:00:08,37
2440,2646,97,2026-01-20 14:45:37,2026-01-20 15:05:37,2026-01-20 15:26:37,43
2441,2648,23,2026-01-06 19:30:15,2026-01-06 19:51:15,2026-01-06 20:03:15,34
2442,2649,79,2026-01-18 16:10:14,2026-01-18 16:36:14,2026-01-18 16:55:14,46
2443,2650,4,2026-01-18 13:05:01,2026-01-18 13:48:01,2026-01-18 14:04:01,62
2444,2652,33,2026-01-24 16:50:11,2026-01-24 17:17:11,2026-01-24 17:44:11,56
2445,2653,40,2026-01-13 04:53:18,2026-01-13 05:27:18,2026-01-13 05:50:18,58
2446,2654,35,2026-01-04 18:52:48,2026-01-04 19:14:48,2026-01-04 19:30:48,41
2447,2655,4,2026-01-29 12:13:12,2026-01-29 12:41:12,2026-01-29 13:00:12,50
2448,2656,67,2026-01-01 00:41:07,2026-01-01 01:10:07,2026-01-01 01:27:07,50
2449,2658,100,2026-01-31 09:30:37,2026-01-31 09:58:37,2026-01-31 10:19:37,51
2450,2659,79,2026-01-29 04:01:10,2026-01-29 04:25:10,2026-01-29 04:45:10,46
2451,2662,41,2026-01-06 07:42:02,2026-01-06 08:09:02,2026-01-06 08:28:02,47
2452,2663,73,2026-01-25 13:43:44,2026-01-25 14:23:44,2026-01-25 14:46:44,65
2453,2664,29,2026-01-15 15:54:42,2026-01-15 16:18:42,2026-01-15 16:29:42,37
2454,2665,105,2026-01-06 13:21:29,2026-01-06 13:47:29,2026-01-06 14:06:29,49
2455,2666,93,2026-01-19 05:22:10,2026-01-19 05:57:10,2026-01-19 06:27:10,66
2456,2667,14,2026-01-21 12:54:08,2026-01-21 13:16:08,2026-01-21 13:26:08,33
2457,2668,58,2026-01-19 15:57:12,2026-01-19 16:17:12,2026-01-19 16:45:12,51
2458,2669,79,2026-01-30 00:53:13,2026-01-30 01:19:13,2026-01-30 01:36:13,45
2459,2670,11,2026-01-14 05:51:45,2026-01-14 06:13:45,2026-01-14 06:35:45,46
2460,2671,21,2026-01-28 21:31:23,2026-01-28 21:59:23,2026-01-28 22:19:23,49
2461,2673,86,2026-01-12 22:24:15,2026-01-12 22:52:15,2026-01-12 23:07:15,47
2462,2674,70,2026-01-12 13:41:04,2026-01-12 14:15:04,2026-01-12 14:43:04,65
2463,2675,35,2026-01-06 12:51:16,2026-01-06 13:23:16,2026-01-06 13:49:16,62
2464,2676,112,2026-01-19 21:18:20,2026-01-19 21:53:20,2026-01-19 22:21:20,66
2465,2678,117,2026-01-21 12:36:22,2026-01-21 13:09:22,2026-01-21 13:28:22,54
2466,2679,118,2026-01-20 14:24:36,2026-01-20 14:53:36,2026-01-20 15:06:36,46
2467,2680,7,2026-01-04 04:36:49,2026-01-04 05:16:49,2026-01-04 05:29:49,57
2468,2681,43,2026-01-21 08:50:32,2026-01-21 09:06:32,2026-01-21 09:26:32,40
2469,2682,107,2026-01-01 06:22:24,2026-01-01 06:51:24,2026-01-01 07:13:24,53
2470,2683,54,2026-01-15 23:53:30,2026-01-16 00:15:30,2026-01-16 00:31:30,40
2471,2684,79,2026-01-13 13:24:14,2026-01-13 13:53:14,2026-01-13 14:15:14,55
2472,2685,34,2026-01-08 19:36:31,2026-01-08 19:51:31,2026-01-08 20:14:31,41
2473,2686,91,2026-01-18 20:25:30,2026-01-18 20:46:30,2026-01-18 21:08:30,46
2474,2687,40,2026-01-17 14:19:53,2026-01-17 14:43:53,2026-01-17 15:12:53,55
2475,2689,109,2026-01-11 13:05:46,2026-01-11 13:41:46,2026-01-11 14:17:46,74
2476,2690,10,2026-01-23 20:58:27,2026-01-23 21:13:27,2026-01-23 21:33:27,37
2477,2691,52,2026-01-02 22:48:42,2026-01-02 23:18:42,2026-01-02 23:43:42,59
2478,2692,2,2026-01-17 19:37:02,2026-01-17 20:07:02,2026-01-17 20:24:02,49
2479,2693,5,2026-01-27 21:37:25,2026-01-27 22:08:25,2026-01-27 22:26:25,50
2480,2694,68,2026-01-23 14:23:11,2026-01-23 14:50:11,2026-01-23 15:14:11,54
2481,2695,35,2026-01-16 22:50:43,2026-01-16 23:16:43,2026-01-16 23:37:43,49
2482,2696,15,2026-01-11 13:44:08,2026-01-11 14:14:08,2026-01-11 14:33:08,52
2483,2697,2,2026-01-30 02:21:18,2026-01-30 02:39:18,2026-01-30 02:59:18,40
2484,2698,61,2026-01-17 11:52:32,2026-01-17 12:11:32,2026-01-17 12:27:32,39
2485,2699,28,2026-01-09 14:26:47,2026-01-09 15:11:47,2026-01-09 15:31:47,68
2486,2700,8,2026-01-16 14:33:40,2026-01-16 15:13:40,2026-01-16 15:37:40,67
2487,2702,28,2026-01-01 21:26:33,2026-01-01 21:56:33,2026-01-01 22:12:33,47
2488,2703,118,2026-01-10 04:09:15,2026-01-10 04:36:15,2026-01-10 04:55:15,50
2489,2704,51,2026-01-09 12:29:21,2026-01-09 12:53:21,2026-01-09 13:21:21,54
2490,2705,102,2026-01-29 22:10:56,2026-01-29 22:39:56,2026-01-29 23:03:56,55
2491,2706,85,2026-01-01 16:57:17,2026-01-01 17:23:17,2026-01-01 17:45:17,49
2492,2707,112,2026-01-21 15:28:56,2026-01-21 15:48:56,2026-01-21 16:07:56,41
2493,2708,75,2026-01-03 13:44:02,2026-01-03 14:14:02,2026-01-03 14:45:02,64
2494,2709,1,2026-01-30 00:17:12,2026-01-30 00:53:12,2026-01-30 01:15:12,62
2495,2710,83,2026-01-29 06:30:06,2026-01-29 07:00:06,2026-01-29 07:17:06,50
2496,2711,56,2026-01-29 22:53:19,2026-01-29 23:18:19,2026-01-29 23:39:19,50
2497,2712,15,2026-01-22 14:01:13,2026-01-22 14:36:13,2026-01-22 15:00:13,60
2498,2713,110,2026-01-24 23:49:08,2026-01-25 00:15:08,2026-01-25 00:28:08,40
2499,2714,11,2026-01-04 23:26:13,2026-01-04 23:46:13,2026-01-05 00:08:13,44
2500,2715,23,2026-01-28 04:35:42,2026-01-28 04:59:42,2026-01-28 05:13:42,40
2501,2716,94,2026-01-13 12:07:15,2026-01-13 12:28:15,2026-01-13 12:48:15,44
2502,2717,78,2026-01-14 23:43:48,2026-01-15 00:18:48,2026-01-15 00:36:48,57
2503,2718,117,2026-01-25 22:27:03,2026-01-25 22:58:03,2026-01-25 23:23:03,60
2504,2719,3,2026-01-15 08:59:20,2026-01-15 09:20:20,2026-01-15 09:43:20,46
2505,2720,94,2026-01-21 22:33:24,2026-01-21 23:03:24,2026-01-21 23:24:24,55
2506,2721,28,2026-01-31 15:49:56,2026-01-31 16:15:56,2026-01-31 16:33:56,47
2507,2722,22,2026-01-14 00:12:09,2026-01-14 00:34:09,2026-01-14 00:58:09,49
2508,2723,26,2026-01-08 23:11:07,2026-01-08 23:41:07,2026-01-09 00:03:07,53
2509,2725,7,2026-01-22 23:10:02,2026-01-22 23:39:02,2026-01-23 00:00:02,52
2510,2726,75,2026-01-03 12:52:56,2026-01-03 13:16:56,2026-01-03 13:38:56,49
2511,2727,60,2026-01-09 22:47:48,2026-01-09 23:13:48,2026-01-09 23:39:48,53
2512,2728,18,2026-01-26 11:06:38,2026-01-26 11:34:38,2026-01-26 11:50:38,46
2513,2729,39,2026-01-02 02:33:58,2026-01-02 03:05:58,2026-01-02 03:19:58,50
2514,2730,62,2026-01-26 00:21:14,2026-01-26 00:52:14,2026-01-26 01:18:14,60
2515,2731,74,2026-01-10 10:10:55,2026-01-10 10:28:55,2026-01-10 10:51:55,42
2516,2732,5,2026-01-27 11:32:22,2026-01-27 11:57:22,2026-01-27 12:14:22,44
2517,2733,110,2026-01-29 01:23:52,2026-01-29 01:45:52,2026-01-29 02:03:52,42
2518,2734,44,2026-01-02 21:31:55,2026-01-02 22:04:55,2026-01-02 22:30:55,60
2519,2735,21,2026-01-09 12:15:23,2026-01-09 12:29:23,2026-01-09 12:47:23,34
2520,2736,73,2026-01-03 23:00:44,2026-01-03 23:36:44,2026-01-03 23:56:44,58
2521,2737,27,2026-01-29 23:37:41,2026-01-30 00:05:41,2026-01-30 00:22:41,47
2522,2738,89,2026-01-09 21:45:09,2026-01-09 22:20:09,2026-01-09 22:41:09,59
2523,2739,99,2026-01-23 22:26:03,2026-01-23 23:00:03,2026-01-23 23:31:03,69
2524,2740,62,2026-01-30 03:11:35,2026-01-30 03:46:35,2026-01-30 03:59:35,49
2525,2741,63,2026-01-04 15:23:21,2026-01-04 15:45:21,2026-01-04 16:04:21,44
2526,2742,85,2026-01-07 10:36:35,2026-01-07 10:59:35,2026-01-07 11:19:35,47
2527,2743,55,2026-01-05 22:32:58,2026-01-05 23:07:58,2026-01-05 23:28:58,59
2528,2744,107,2026-01-25 21:31:04,2026-01-25 21:56:04,2026-01-25 22:28:04,58
2529,2745,22,2026-01-08 23:47:46,2026-01-09 00:17:46,2026-01-09 00:41:46,56
2530,2746,75,2026-01-24 13:01:08,2026-01-24 13:23:08,2026-01-24 13:47:08,47
2531,2747,42,2026-01-11 13:25:41,2026-01-11 14:02:41,2026-01-11 14:27:41,63
2532,2748,85,2026-01-15 14:27:07,2026-01-15 14:55:07,2026-01-15 15:17:07,53
2533,2749,106,2026-01-02 14:46:43,2026-01-02 15:11:43,2026-01-02 15:31:43,46
2534,2750,54,2026-01-26 14:40:41,2026-01-26 15:13:41,2026-01-26 15:40:41,61
2535,2751,60,2026-01-04 18:59:03,2026-01-04 19:27:03,2026-01-04 19:40:03,44
2536,2752,60,2026-01-23 10:28:29,2026-01-23 10:55:29,2026-01-23 11:22:29,56
2537,2753,106,2026-01-16 14:53:09,2026-01-16 15:28:09,2026-01-16 15:49:09,57
2538,2754,88,2026-01-18 20:10:54,2026-01-18 20:33:54,2026-01-18 20:49:54,43
2539,2755,120,2026-01-11 22:01:50,2026-01-11 22:35:50,2026-01-11 23:05:50,66
2540,2756,115,2026-01-16 15:01:26,2026-01-16 15:25:26,2026-01-16 15:37:26,37
2541,2757,59,2026-01-17 18:47:13,2026-01-17 19:04:13,2026-01-17 19:27:13,42
2542,2758,3,2026-01-07 14:50:53,2026-01-07 15:29:53,2026-01-07 15:51:53,64
2543,2759,64,2026-01-13 21:09:58,2026-01-13 21:38:58,2026-01-13 21:57:58,50
2544,2760,92,2026-01-31 23:51:07,2026-02-01 00:09:07,2026-02-01 00:23:07,34
2545,2761,9,2026-01-20 02:02:28,2026-01-20 02:27:28,2026-01-20 02:48:28,47
2546,2762,87,2026-01-17 21:31:02,2026-01-17 22:08:02,2026-01-17 22:27:02,59
2547,2764,43,2026-01-01 07:12:19,2026-01-01 07:31:19,2026-01-01 07:41:19,31
2548,2765,90,2026-01-07 21:41:58,2026-01-07 22:06:58,2026-01-07 22:31:58,52
2549,2766,116,2026-01-02 14:25:34,2026-01-02 15:00:34,2026-01-02 15:27:34,64
2550,2768,116,2026-01-15 21:40:45,2026-01-15 22:04:45,2026-01-15 22:25:45,47
2551,2769,116,2026-01-20 22:40:54,2026-01-20 23:09:54,2026-01-20 23:33:54,54
2552,2770,8,2026-01-01 22:55:01,2026-01-01 23:34:01,2026-01-02 00:03:01,72
2553,2771,89,2026-01-20 14:57:57,2026-01-20 15:16:57,2026-01-20 15:34:57,41
2554,2772,50,2026-01-02 02:53:45,2026-01-02 03:23:45,2026-01-02 03:45:45,54
2555,2773,32,2026-01-22 20:23:40,2026-01-22 20:52:40,2026-01-22 21:19:40,57
2556,2774,82,2026-01-11 13:38:57,2026-01-11 14:03:57,2026-01-11 14:29:57,52
2557,2775,17,2026-01-27 21:46:09,2026-01-27 22:17:09,2026-01-27 22:37:09,54
2558,2776,70,2026-01-31 07:08:04,2026-01-31 07:33:04,2026-01-31 07:48:04,43
2559,2777,11,2026-01-06 22:55:58,2026-01-06 23:27:58,2026-01-06 23:51:58,60
2560,2778,62,2026-01-25 14:46:43,2026-01-25 15:12:43,2026-01-25 15:36:43,54
2561,2779,91,2026-01-17 16:00:10,2026-01-17 16:34:10,2026-01-17 16:56:10,58
2562,2780,79,2026-01-06 02:47:41,2026-01-06 03:12:41,2026-01-06 03:36:41,51
2563,2781,99,2026-01-31 21:38:07,2026-01-31 22:03:07,2026-01-31 22:27:07,52
2564,2782,106,2026-01-16 12:15:57,2026-01-16 12:36:57,2026-01-16 12:48:57,37
2565,2783,116,2026-01-20 23:45:36,2026-01-21 00:04:36,2026-01-21 00:28:36,44
2566,2784,97,2026-01-09 14:02:18,2026-01-09 14:31:18,2026-01-09 14:59:18,61
2567,2785,88,2026-01-29 14:00:34,2026-01-29 14:29:34,2026-01-29 14:44:34,48
2568,2786,63,2026-01-22 15:37:50,2026-01-22 16:06:50,2026-01-22 16:17:50,44
2569,2787,48,2026-01-03 04:37:23,2026-01-03 04:55:23,2026-01-03 05:05:23,30
2570,2788,94,2026-01-07 02:00:13,2026-01-07 02:18:13,2026-01-07 02:37:13,40
2571,2789,64,2026-01-30 22:06:46,2026-01-30 22:28:46,2026-01-30 22:56:46,52
2572,2790,13,2026-01-08 13:57:42,2026-01-08 14:33:42,2026-01-08 14:56:42,60
2573,2791,119,2026-01-23 13:05:46,2026-01-23 13:24:46,2026-01-23 13:39:46,37
2574,2792,73,2026-01-21 14:08:46,2026-01-21 14:39:46,2026-01-21 15:04:46,60
2575,2793,105,2026-01-17 01:22:50,2026-01-17 01:52:50,2026-01-17 02:06:50,48
2576,2794,20,2026-01-22 00:13:05,2026-01-22 00:51:05,2026-01-22 01:11:05,60
2577,2795,94,2026-01-30 20:42:35,2026-01-30 21:13:35,2026-01-30 21:39:35,59
2578,2796,59,2026-01-04 21:33:02,2026-01-04 22:04:02,2026-01-04 22:31:02,60
2579,2797,3,2026-01-06 13:37:59,2026-01-06 14:16:59,2026-01-06 14:46:59,73
2580,2798,15,2026-01-19 23:00:16,2026-01-19 23:39:16,2026-01-20 00:03:16,67
2581,2799,100,2026-01-06 15:53:29,2026-01-06 16:09:29,2026-01-06 16:37:29,48
2582,2800,77,2026-01-12 01:39:20,2026-01-12 02:13:20,2026-01-12 02:23:20,47
2583,2801,103,2026-01-16 15:24:12,2026-01-16 15:49:12,2026-01-16 16:08:12,45
2584,2802,19,2026-01-14 17:09:16,2026-01-14 17:40:16,2026-01-14 17:59:16,54
2585,2803,80,2026-01-11 23:08:46,2026-01-11 23:33:46,2026-01-11 23:55:46,51
2586,2804,104,2026-01-25 14:38:25,2026-01-25 15:04:25,2026-01-25 15:36:25,61
2587,2805,58,2026-01-31 14:11:08,2026-01-31 14:44:08,2026-01-31 15:13:08,64
2588,2806,101,2026-01-26 23:27:21,2026-01-26 23:52:21,2026-01-27 00:10:21,47
2589,2807,19,2026-01-02 21:48:58,2026-01-02 22:15:58,2026-01-02 22:37:58,50
2590,2808,6,2026-01-09 21:20:09,2026-01-09 21:48:09,2026-01-09 22:06:09,48
2591,2809,37,2026-01-11 13:44:15,2026-01-11 14:09:15,2026-01-11 14:39:15,59
2592,2810,70,2026-01-23 22:33:12,2026-01-23 23:04:12,2026-01-23 23:29:12,59
2593,2811,87,2026-01-12 13:59:21,2026-01-12 14:28:21,2026-01-12 14:54:21,56
2594,2812,78,2026-01-21 02:28:04,2026-01-21 02:58:04,2026-01-21 03:21:04,57
2595,2814,35,2026-01-07 21:05:28,2026-01-07 21:34:28,2026-01-07 21:55:28,52
2596,2815,117,2026-01-15 13:38:35,2026-01-15 14:06:35,2026-01-15 14:22:35,45
2597,2817,61,2026-01-19 22:30:00,2026-01-19 23:00:00,2026-01-19 23:34:00,68
2598,2818,20,2026-01-01 23:08:07,2026-01-01 23:25:07,2026-01-01 23:37:07,30
2599,2819,78,2026-01-31 20:22:55,2026-01-31 20:44:55,2026-01-31 20:59:55,38
2600,2820,27,2026-01-28 09:00:47,2026-01-28 09:26:47,2026-01-28 09:42:47,43
2601,2821,106,2026-01-15 08:22:10,2026-01-15 08:35:10,2026-01-15 08:57:10,36
2602,2822,37,2026-01-19 11:24:39,2026-01-19 11:45:39,2026-01-19 12:04:39,43
2603,2823,1,2026-01-12 04:41:26,2026-01-12 05:14:26,2026-01-12 05:31:26,53
2604,2824,120,2026-01-21 20:49:06,2026-01-21 21:19:06,2026-01-21 21:42:06,56
2605,2825,2,2026-01-10 12:10:28,2026-01-10 12:34:28,2026-01-10 13:03:28,54
2606,2826,6,2026-01-18 22:36:08,2026-01-18 23:19:08,2026-01-18 23:40:08,65
2607,2827,31,2026-01-14 07:53:00,2026-01-14 08:28:00,2026-01-14 08:44:00,52
2608,2828,24,2026-01-09 12:04:30,2026-01-09 12:33:30,2026-01-09 12:48:30,48
2609,2829,2,2026-01-03 06:53:19,2026-01-03 07:17:19,2026-01-03 07:31:19,42
2610,2830,93,2026-01-17 19:38:55,2026-01-17 20:05:55,2026-01-17 20:19:55,44
2611,2831,33,2026-01-08 07:36:42,2026-01-08 08:01:42,2026-01-08 08:21:42,46
2612,2832,14,2026-01-19 21:25:01,2026-01-19 21:53:01,2026-01-19 22:18:01,54
2613,2833,40,2026-01-05 09:49:59,2026-01-05 10:13:59,2026-01-05 10:31:59,44
2614,2834,68,2026-01-14 23:30:01,2026-01-14 23:57:01,2026-01-15 00:22:01,54
2615,2835,29,2026-01-04 21:26:13,2026-01-04 21:50:13,2026-01-04 22:14:13,49
2616,2836,17,2026-01-17 22:17:19,2026-01-17 22:56:19,2026-01-17 23:14:19,59
2617,2837,72,2026-01-24 08:58:08,2026-01-24 09:22:08,2026-01-24 09:38:08,42
2618,2838,63,2026-01-25 15:34:45,2026-01-25 16:09:45,2026-01-25 16:29:45,57
2619,2839,37,2026-01-13 14:02:03,2026-01-13 14:36:03,2026-01-13 15:01:03,61
2620,2840,81,2026-01-20 20:42:46,2026-01-20 21:11:46,2026-01-20 21:21:46,43
2621,2841,85,2026-01-27 16:07:47,2026-01-27 16:31:47,2026-01-27 17:01:47,56
2622,2842,63,2026-01-13 13:48:00,2026-01-13 14:16:00,2026-01-13 14:49:00,63
2623,2843,31,2026-01-09 18:40:11,2026-01-09 19:04:11,2026-01-09 19:19:11,43
2624,2844,13,2026-01-04 05:12:31,2026-01-04 05:36:31,2026-01-04 06:01:31,51
2625,2846,53,2026-01-19 23:47:14,2026-01-20 00:14:14,2026-01-20 00:33:14,50
2626,2847,117,2026-01-24 04:32:30,2026-01-24 05:05:30,2026-01-24 05:17:30,49
2627,2848,50,2026-01-29 15:07:47,2026-01-29 15:39:47,2026-01-29 15:53:47,50
2628,2849,97,2026-01-11 17:17:57,2026-01-11 17:36:57,2026-01-11 18:08:57,55
2629,2850,43,2026-01-10 22:23:18,2026-01-10 22:52:18,2026-01-10 23:11:18,52
2630,2851,110,2026-01-31 22:42:35,2026-01-31 23:18:35,2026-01-31 23:38:35,58
2631,2852,2,2026-01-19 14:37:21,2026-01-19 15:17:21,2026-01-19 15:46:21,73
2632,2853,17,2026-01-13 11:15:58,2026-01-13 11:50:58,2026-01-13 12:08:58,55
2633,2854,11,2026-01-13 16:06:14,2026-01-13 16:28:14,2026-01-13 16:40:14,37
2634,2855,59,2026-01-03 13:12:22,2026-01-03 13:45:22,2026-01-03 14:13:22,65
2635,2856,42,2026-01-28 13:40:26,2026-01-28 14:09:26,2026-01-28 14:32:26,55
2636,2858,19,2026-01-03 06:12:18,2026-01-03 06:35:18,2026-01-03 07:01:18,52
2637,2859,14,2026-01-05 22:11:37,2026-01-05 22:35:37,2026-01-05 22:52:37,42
2638,2861,80,2026-01-24 20:09:28,2026-01-24 20:35:28,2026-01-24 20:57:28,51
2639,2862,55,2026-01-28 22:17:40,2026-01-28 22:51:40,2026-01-28 23:05:40,49
2640,2863,101,2026-01-30 19:52:54,2026-01-30 20:21:54,2026-01-30 20:31:54,43
2641,2864,96,2026-01-17 03:51:01,2026-01-17 04:19:01,2026-01-17 04:36:01,46
2642,2865,16,2026-01-24 23:09:39,2026-01-24 23:46:39,2026-01-25 00:04:39,58
2643,2866,90,2026-01-13 14:27:05,2026-01-13 14:53:05,2026-01-13 15:12:05,49
2644,2867,33,2026-01-16 09:03:05,2026-01-16 09:21:05,2026-01-16 09:35:05,36
2645,2868,15,2026-01-10 22:05:28,2026-01-10 22:41:28,2026-01-10 23:05:28,64
2646,2869,65,2026-01-09 20:08:28,2026-01-09 20:29:28,2026-01-09 20:46:28,40
2647,2870,22,2026-01-10 19:34:26,2026-01-10 19:59:26,2026-01-10 20:13:26,43
2648,2871,113,2026-01-19 15:02:19,2026-01-19 15:35:19,2026-01-19 16:02:19,64
2649,2872,51,2026-01-18 13:19:26,2026-01-18 13:51:26,2026-01-18 14:18:26,62
2650,2873,33,2026-01-04 12:42:17,2026-01-04 13:15:17,2026-01-04 13:25:17,46
2651,2874,7,2026-01-22 21:25:47,2026-01-22 22:00:47,2026-01-22 22:27:47,63
2652,2875,1,2026-01-15 20:28:46,2026-01-15 21:01:46,2026-01-15 21:15:46,50
2653,2876,102,2026-01-20 04:55:55,2026-01-20 05:19:55,2026-01-20 05:37:55,43
2654,2877,19,2026-01-10 10:05:13,2026-01-10 10:36:13,2026-01-10 10:49:13,48
2655,2878,46,2026-01-07 15:18:47,2026-01-07 15:45:47,2026-01-07 16:04:47,48
2656,2879,35,2026-01-01 20:17:46,2026-01-01 20:46:46,2026-01-01 21:06:46,52
2657,2880,82,2026-01-04 13:17:59,2026-01-04 13:46:59,2026-01-04 14:08:59,53
2658,2882,5,2026-01-01 23:56:05,2026-01-02 00:26:05,2026-01-02 00:50:05,57
2659,2883,97,2026-01-08 07:38:41,2026-01-08 07:58:41,2026-01-08 08:17:41,43
2660,2884,104,2026-01-08 22:39:23,2026-01-08 23:06:23,2026-01-08 23:25:23,49
2661,2885,33,2026-01-12 13:02:15,2026-01-12 13:32:15,2026-01-12 14:01:15,61
2662,2886,13,2026-01-20 14:59:31,2026-01-20 15:29:31,2026-01-20 15:57:31,62
2663,2887,32,2026-01-15 13:15:31,2026-01-15 13:51:31,2026-01-15 14:11:31,59
2664,2888,96,2026-01-11 13:54:24,2026-01-11 14:37:24,2026-01-11 15:10:24,78
2665,2889,107,2026-01-04 12:02:47,2026-01-04 12:27:47,2026-01-04 12:38:47,37
2666,2890,59,2026-01-27 21:07:56,2026-01-27 21:42:56,2026-01-27 22:05:56,59
2667,2891,4,2026-01-17 20:19:06,2026-01-17 20:46:06,2026-01-17 21:06:06,50
2668,2892,62,2026-01-16 09:18:10,2026-01-16 09:55:10,2026-01-16 10:05:10,50
2669,2893,72,2026-01-01 09:05:01,2026-01-01 09:30:01,2026-01-01 10:00:01,58
2670,2894,40,2026-01-04 12:06:09,2026-01-04 12:24:09,2026-01-04 12:47:09,43
2671,2895,66,2026-01-18 15:58:28,2026-01-18 16:28:28,2026-01-18 16:43:28,46
2672,2896,70,2026-01-28 14:40:44,2026-01-28 15:06:44,2026-01-28 15:25:44,46
2673,2898,51,2026-01-15 20:06:24,2026-01-15 20:34:24,2026-01-15 20:54:24,51
2674,2899,4,2026-01-04 03:14:39,2026-01-04 03:44:39,2026-01-04 04:08:39,58
2675,2900,112,2026-01-23 20:54:15,2026-01-23 21:29:15,2026-01-23 21:54:15,64
2676,2901,29,2026-01-08 09:43:31,2026-01-08 10:14:31,2026-01-08 10:32:31,52
2677,2902,111,2026-01-28 01:32:30,2026-01-28 01:59:30,2026-01-28 02:18:30,50
2678,2903,52,2026-01-21 14:11:20,2026-01-21 14:40:20,2026-01-21 15:00:20,51
2679,2904,116,2026-01-19 14:41:23,2026-01-19 15:10:23,2026-01-19 15:43:23,63
2680,2905,101,2026-01-30 23:36:43,2026-01-30 23:58:43,2026-01-31 00:16:43,41
2681,2906,9,2026-01-09 20:46:30,2026-01-09 21:07:30,2026-01-09 21:39:30,55
2682,2907,50,2026-01-29 09:26:43,2026-01-29 09:43:43,2026-01-29 10:13:43,48
2683,2908,50,2026-01-10 17:16:40,2026-01-10 17:40:40,2026-01-10 18:02:40,47
2684,2909,119,2026-01-22 22:25:50,2026-01-22 22:47:50,2026-01-22 23:08:50,47
2685,2910,19,2026-01-25 06:06:41,2026-01-25 06:26:41,2026-01-25 06:58:41,56
2686,2911,70,2026-01-07 00:57:38,2026-01-07 01:32:38,2026-01-07 01:47:38,53
2687,2913,106,2026-01-20 06:00:12,2026-01-20 06:23:12,2026-01-20 06:44:12,45
2688,2914,6,2026-01-18 21:56:33,2026-01-18 22:23:33,2026-01-18 22:51:33,59
2689,2915,109,2026-01-05 23:15:46,2026-01-05 23:51:46,2026-01-06 00:10:46,56
2690,2916,99,2026-01-25 18:55:26,2026-01-25 19:08:26,2026-01-25 19:27:26,35
2691,2917,119,2026-01-17 23:34:56,2026-01-17 23:52:56,2026-01-18 00:08:56,36
2692,2918,110,2026-01-03 15:40:33,2026-01-03 16:05:33,2026-01-03 16:20:33,43
2693,2919,87,2026-01-13 19:15:01,2026-01-13 19:44:01,2026-01-13 20:14:01,63
2694,2920,22,2026-01-19 18:30:10,2026-01-19 18:56:10,2026-01-19 19:17:10,48
2695,2921,44,2026-01-14 13:31:05,2026-01-14 14:00:05,2026-01-14 14:27:05,60
2696,2922,4,2026-01-15 21:37:32,2026-01-15 22:13:32,2026-01-15 22:35:32,60
2697,2923,24,2026-01-24 21:49:56,2026-01-24 22:16:56,2026-01-24 22:41:56,54
2698,2924,13,2026-01-21 22:19:50,2026-01-21 22:57:50,2026-01-21 23:14:50,57
2699,2925,108,2026-01-10 01:28:27,2026-01-10 01:58:27,2026-01-10 02:11:27,44
2700,2926,6,2026-01-12 03:43:55,2026-01-12 04:03:55,2026-01-12 04:20:55,38
2701,2927,108,2026-01-01 08:02:56,2026-01-01 08:24:56,2026-01-01 08:50:56,50
2702,2928,86,2026-01-11 23:06:28,2026-01-11 23:30:28,2026-01-11 23:45:28,42
2703,2930,111,2026-01-12 19:37:22,2026-01-12 20:02:22,2026-01-12 20:31:22,57
2704,2931,78,2026-01-27 13:22:19,2026-01-27 13:52:19,2026-01-27 14:09:19,51
2705,2932,81,2026-01-14 20:01:12,2026-01-14 20:18:12,2026-01-14 20:35:12,35
2706,2933,84,2026-01-17 13:32:06,2026-01-17 14:01:06,2026-01-17 14:28:06,57
2707,2934,46,2026-01-16 12:57:31,2026-01-16 13:20:31,2026-01-16 13:34:31,38
2708,2935,54,2026-01-06 12:13:41,2026-01-06 12:27:41,2026-01-06 12:51:41,41
2709,2936,47,2026-01-15 22:56:03,2026-01-15 23:17:03,2026-01-15 23:50:03,58
2710,2937,28,2026-01-08 21:10:34,2026-01-08 21:48:34,2026-01-08 22:18:34,71
2711,2938,4,2026-01-27 20:41:38,2026-01-27 21:04:38,2026-01-27 21:17:38,38
2712,2939,8,2026-01-06 23:28:39,2026-01-06 23:57:39,2026-01-07 00:10:39,46
2713,2940,68,2026-01-27 06:18:05,2026-01-27 06:48:05,2026-01-27 07:13:05,56
2714,2941,43,2026-01-15 05:42:37,2026-01-15 06:00:37,2026-01-15 06:13:37,32
2715,2942,112,2026-01-06 03:04:05,2026-01-06 03:36:05,2026-01-06 03:55:05,52
2716,2943,65,2026-01-11 12:48:35,2026-01-11 13:09:35,2026-01-11 13:37:35,53
2717,2944,104,2026-01-08 13:20:23,2026-01-08 13:47:23,2026-01-08 14:10:23,54
2718,2945,63,2026-01-09 13:47:57,2026-01-09 14:17:57,2026-01-09 14:48:57,64
2719,2946,82,2026-01-25 09:43:12,2026-01-25 10:08:12,2026-01-25 10:24:12,44
2720,2947,8,2026-01-04 22:31:29,2026-01-04 23:02:29,2026-01-04 23:29:29,62
2721,2948,118,2026-01-29 00:29:29,2026-01-29 01:03:29,2026-01-29 01:14:29,48
2722,2949,90,2026-01-15 10:23:30,2026-01-15 10:42:30,2026-01-15 11:09:30,49
2723,2950,104,2026-01-15 03:55:27,2026-01-15 04:26:27,2026-01-15 04:36:27,43
2724,2951,94,2026-01-10 00:07:18,2026-01-10 00:25:18,2026-01-10 00:39:18,35
2725,2952,60,2026-01-15 00:30:26,2026-01-15 00:57:26,2026-01-15 01:17:26,48
2726,2953,71,2026-01-08 21:59:35,2026-01-08 22:29:35,2026-01-08 22:50:35,52
2727,2954,20,2026-01-24 22:31:28,2026-01-24 23:11:28,2026-01-24 23:30:28,62
2728,2955,70,2026-01-18 14:43:53,2026-01-18 15:16:53,2026-01-18 15:42:53,62
2729,2956,4,2026-01-12 14:24:35,2026-01-12 14:54:35,2026-01-12 15:20:35,58
2730,2957,20,2026-01-18 14:42:39,2026-01-18 15:14:39,2026-01-18 15:31:39,51
2731,2958,28,2026-01-05 23:36:31,2026-01-06 00:17:31,2026-01-06 00:41:31,68
2732,2959,29,2026-01-10 13:59:32,2026-01-10 14:32:32,2026-01-10 14:47:32,52
2733,2960,61,2026-01-10 08:49:46,2026-01-10 09:08:46,2026-01-10 09:26:46,39
2734,2961,66,2026-01-27 14:40:45,2026-01-27 15:11:45,2026-01-27 15:48:45,72
2735,2962,117,2026-01-25 14:46:50,2026-01-25 15:21:50,2026-01-25 15:46:50,61
2736,2963,105,2026-01-14 01:57:23,2026-01-14 02:18:23,2026-01-14 02:40:23,45
2737,2964,2,2026-01-26 02:39:54,2026-01-26 03:09:54,2026-01-26 03:21:54,44
2738,2965,70,2026-01-30 12:47:26,2026-01-30 13:02:26,2026-01-30 13:26:26,42
2739,2966,46,2026-01-05 08:39:58,2026-01-05 09:16:58,2026-01-05 09:32:58,56
2740,2968,49,2026-01-15 22:10:12,2026-01-15 22:42:12,2026-01-15 22:55:12,47
2741,2969,93,2026-01-14 22:28:25,2026-01-14 22:58:25,2026-01-14 23:20:25,55
2742,2970,31,2026-01-24 07:08:01,2026-01-24 07:38:01,2026-01-24 08:07:01,61
2743,2971,110,2026-01-29 20:38:13,2026-01-29 20:55:13,2026-01-29 21:11:13,37
2744,2972,104,2026-01-25 22:51:55,2026-01-25 23:29:55,2026-01-25 23:58:55,70
2745,2973,10,2026-01-28 13:25:07,2026-01-28 13:55:07,2026-01-28 14:18:07,56
2746,2974,75,2026-01-08 23:01:51,2026-01-08 23:25:51,2026-01-08 23:37:51,37
2747,2975,107,2026-01-16 22:57:14,2026-01-16 23:38:14,2026-01-16 23:59:14,63
2748,2976,57,2026-01-10 03:06:37,2026-01-10 03:23:37,2026-01-10 03:40:37,37
2749,2977,120,2026-01-10 09:47:22,2026-01-10 10:07:22,2026-01-10 10:22:22,36
2750,2978,13,2026-01-22 01:53:51,2026-01-22 02:15:51,2026-01-22 02:32:51,42
2751,2979,104,2026-01-16 09:48:20,2026-01-16 10:20:20,2026-01-16 10:41:20,55
2752,2980,74,2026-01-08 17:54:07,2026-01-08 18:13:07,2026-01-08 18:33:07,43
2753,2981,63,2026-01-04 20:56:33,2026-01-04 21:20:33,2026-01-04 21:45:33,50
2754,2982,67,2026-01-16 13:31:06,2026-01-16 14:09:06,2026-01-16 14:31:06,63
2755,2983,42,2026-01-01 21:07:58,2026-01-01 21:38:58,2026-01-01 21:59:58,53
2756,2984,45,2026-01-15 02:26:04,2026-01-15 02:53:04,2026-01-15 03:21:04,59
2757,2985,35,2026-01-23 10:10:33,2026-01-23 10:26:33,2026-01-23 10:42:33,34
2758,2986,21,2026-01-10 04:23:02,2026-01-10 04:50:02,2026-01-10 05:06:02,47
2759,2987,61,2026-01-22 14:22:31,2026-01-22 15:02:31,2026-01-22 15:27:31,68
2760,2988,89,2026-01-03 12:10:27,2026-01-03 12:35:27,2026-01-03 12:54:27,48
2761,2989,61,2026-01-30 21:27:35,2026-01-30 22:04:35,2026-01-30 22:27:35,61
2762,2991,96,2026-01-25 23:57:52,2026-01-26 00:23:52,2026-01-26 00:48:52,53
2763,2992,57,2026-01-15 21:56:44,2026-01-15 22:37:44,2026-01-15 23:05:44,72
2764,2993,50,2026-01-08 14:06:31,2026-01-08 14:31:31,2026-01-08 14:54:31,52
2765,2994,13,2026-01-05 01:14:54,2026-01-05 01:34:54,2026-01-05 01:53:54,43
2766,2995,36,2026-01-08 21:54:43,2026-01-08 22:28:43,2026-01-08 22:43:43,50
2767,2996,63,2026-01-15 10:12:40,2026-01-15 10:53:40,2026-01-15 11:18:40,70
2768,2997,61,2026-01-11 03:09:11,2026-01-11 03:37:11,2026-01-11 03:53:11,47
2769,2998,85,2026-01-04 13:25:03,2026-01-04 13:51:03,2026-01-04 14:12:03,48
2770,2999,8,2026-01-29 18:55:23,2026-01-29 19:19:23,2026-01-29 19:36:23,43
2771,3001,46,2026-01-18 15:49:31,2026-01-18 16:06:31,2026-01-18 16:17:31,30
2772,3002,33,2026-01-31 21:49:37,2026-01-31 22:26:37,2026-01-31 22:50:37,65
2773,3003,26,2026-01-28 21:59:40,2026-01-28 22:27:40,2026-01-28 22:45:40,49
2774,3004,10,2026-01-14 22:17:47,2026-01-14 23:00:47,2026-01-14 23:17:47,62
2775,3005,116,2026-01-02 14:40:25,2026-01-02 15:06:25,2026-01-02 15:23:25,45
2776,3006,1,2026-01-19 01:56:10,2026-01-19 02:26:10,2026-01-19 02:41:10,48
2777,3007,78,2026-01-05 20:06:36,2026-01-05 20:20:36,2026-01-05 20:47:36,43
2778,3008,86,2026-01-22 07:59:59,2026-01-22 08:20:59,2026-01-22 08:33:59,36
2779,3009,111,2026-01-14 22:19:54,2026-01-14 22:52:54,2026-01-14 23:13:54,55
2780,3010,81,2026-01-09 15:06:44,2026-01-09 15:24:44,2026-01-09 15:42:44,38
2781,3011,49,2026-01-08 08:54:49,2026-01-08 09:13:49,2026-01-08 09:37:49,45
2782,3012,92,2026-01-09 15:48:29,2026-01-09 16:04:29,2026-01-09 16:16:29,30
2783,3013,88,2026-01-27 20:33:10,2026-01-27 21:02:10,2026-01-27 21:18:10,46
2784,3014,72,2026-01-22 12:17:01,2026-01-22 12:52:01,2026-01-22 13:10:01,55
2785,3015,17,2026-01-19 05:44:54,2026-01-19 06:12:54,2026-01-19 06:22:54,39
2786,3016,24,2026-01-20 14:30:38,2026-01-20 14:59:38,2026-01-20 15:27:38,58
2787,3017,120,2026-01-19 13:02:15,2026-01-19 13:29:15,2026-01-19 13:39:15,40
2788,3018,24,2026-01-23 20:31:19,2026-01-23 20:57:19,2026-01-23 21:12:19,45
2789,3019,94,2026-01-26 01:28:06,2026-01-26 01:51:06,2026-01-26 02:09:06,42
2790,3020,65,2026-01-17 21:01:19,2026-01-17 21:30:19,2026-01-17 21:54:19,54
2791,3021,82,2026-01-10 15:58:15,2026-01-10 16:24:15,2026-01-10 16:45:15,49
2792,3022,117,2026-01-13 20:23:09,2026-01-13 20:50:09,2026-01-13 21:19:09,60
2793,3023,1,2026-01-23 18:47:23,2026-01-23 19:03:23,2026-01-23 19:28:23,42
2794,3024,109,2026-01-13 20:22:18,2026-01-13 20:46:18,2026-01-13 21:05:18,46
2795,3025,101,2026-01-02 14:50:35,2026-01-02 15:20:35,2026-01-02 15:42:35,56
2796,3026,81,2026-01-29 01:16:56,2026-01-29 01:44:56,2026-01-29 02:00:56,48
2797,3027,53,2026-01-22 09:09:36,2026-01-22 09:43:36,2026-01-22 10:02:36,54
2798,3028,28,2026-01-07 03:08:18,2026-01-07 03:47:18,2026-01-07 04:10:18,64
2799,3029,42,2026-01-03 14:52:07,2026-01-03 15:22:07,2026-01-03 15:36:07,48
2800,3030,72,2026-01-09 20:38:17,2026-01-09 21:16:17,2026-01-09 21:35:17,58
2801,3031,89,2026-01-24 03:32:56,2026-01-24 03:59:56,2026-01-24 04:11:56,42
2802,3032,102,2026-01-23 22:50:08,2026-01-23 23:17:08,2026-01-23 23:32:08,45
2803,3033,108,2026-01-09 23:00:50,2026-01-09 23:37:50,2026-01-10 00:00:50,63
2804,3034,110,2026-01-06 23:49:20,2026-01-07 00:26:20,2026-01-07 00:56:20,71
2805,3035,46,2026-01-19 14:46:53,2026-01-19 15:09:53,2026-01-19 15:31:53,49
2806,3036,117,2026-01-05 15:16:17,2026-01-05 15:34:17,2026-01-05 15:45:17,30
2807,3037,113,2026-01-05 22:01:20,2026-01-05 22:37:20,2026-01-05 23:02:20,64
2808,3038,92,2026-01-11 15:22:18,2026-01-11 15:42:18,2026-01-11 16:02:18,43
2809,3039,14,2026-01-30 15:41:32,2026-01-30 16:01:32,2026-01-30 16:16:32,39
2810,3040,62,2026-01-30 12:15:40,2026-01-30 12:42:40,2026-01-30 13:04:40,51
2811,3041,32,2026-01-24 00:36:34,2026-01-24 00:58:34,2026-01-24 01:18:34,43
2812,3042,66,2026-01-22 14:01:08,2026-01-22 14:26:08,2026-01-22 14:49:08,51
2813,3043,101,2026-01-13 23:53:48,2026-01-14 00:21:48,2026-01-14 00:44:48,52
2814,3044,44,2026-01-17 02:37:42,2026-01-17 03:08:42,2026-01-17 03:20:42,45
2815,3045,115,2026-01-18 07:38:14,2026-01-18 08:05:14,2026-01-18 08:28:14,53
2816,3046,93,2026-01-22 14:49:37,2026-01-22 15:27:37,2026-01-22 15:50:37,62
2817,3047,104,2026-01-24 21:32:49,2026-01-24 21:58:49,2026-01-24 22:27:49,57
2818,3048,76,2026-01-16 05:32:12,2026-01-16 06:09:12,2026-01-16 06:19:12,51
2819,3049,85,2026-01-04 22:57:40,2026-01-04 23:42:40,2026-01-05 00:08:40,74
2820,3050,1,2026-01-18 21:24:12,2026-01-18 22:05:12,2026-01-18 22:29:12,66
2821,3051,50,2026-01-09 13:08:20,2026-01-09 13:31:20,2026-01-09 13:57:20,53
2822,3052,74,2026-01-13 20:56:37,2026-01-13 21:15:37,2026-01-13 21:35:37,43
2823,3053,113,2026-01-11 11:21:31,2026-01-11 11:45:31,2026-01-11 12:05:31,45
2824,3054,72,2026-01-07 01:40:34,2026-01-07 02:08:34,2026-01-07 02:30:34,51
2825,3055,72,2026-01-29 05:31:56,2026-01-29 06:02:56,2026-01-29 06:14:56,45
2826,3056,92,2026-01-11 23:00:17,2026-01-11 23:26:17,2026-01-11 23:42:17,45
2827,3057,54,2026-01-18 00:01:11,2026-01-18 00:29:11,2026-01-18 00:48:11,51
2828,3058,113,2026-01-23 20:01:39,2026-01-23 20:33:39,2026-01-23 20:53:39,55
2829,3059,31,2026-01-23 10:59:20,2026-01-23 11:21:20,2026-01-23 11:40:20,42
2830,3060,88,2026-01-12 15:08:08,2026-01-12 15:35:08,2026-01-12 15:49:08,42
2831,3061,72,2026-01-19 05:47:24,2026-01-19 06:07:24,2026-01-19 06:32:24,46
2832,3062,87,2026-01-23 12:29:09,2026-01-23 12:54:09,2026-01-23 13:06:09,38
2833,3063,88,2026-01-04 20:42:04,2026-01-04 21:06:04,2026-01-04 21:34:04,54
2834,3064,48,2026-01-19 18:08:53,2026-01-19 18:30:53,2026-01-19 19:01:53,57
2835,3065,75,2026-01-05 23:54:39,2026-01-06 00:22:39,2026-01-06 00:37:39,47
2836,3066,97,2026-01-18 12:40:03,2026-01-18 13:13:03,2026-01-18 13:32:03,55
2837,3067,89,2026-01-11 08:52:50,2026-01-11 09:22:50,2026-01-11 09:43:50,55
2838,3068,28,2026-01-31 02:54:24,2026-01-31 03:28:24,2026-01-31 03:58:24,65
2839,3069,110,2026-01-11 15:06:17,2026-01-11 15:29:17,2026-01-11 15:48:17,43
2840,3070,68,2026-01-25 14:05:25,2026-01-25 14:41:25,2026-01-25 14:56:25,52
2841,3071,120,2026-01-22 22:32:55,2026-01-22 23:02:55,2026-01-22 23:22:55,52
2842,3072,19,2026-01-28 21:50:54,2026-01-28 22:17:54,2026-01-28 22:49:54,63
2843,3073,46,2026-01-27 19:42:12,2026-01-27 20:06:12,2026-01-27 20:24:12,45
2844,3074,68,2026-01-04 10:01:43,2026-01-04 10:24:43,2026-01-04 10:43:43,45
2845,3076,64,2026-01-18 14:02:10,2026-01-18 14:23:10,2026-01-18 14:52:10,51
2846,3077,36,2026-01-01 13:51:51,2026-01-01 14:31:51,2026-01-01 14:53:51,63
2847,3078,105,2026-01-21 13:46:05,2026-01-21 14:17:05,2026-01-21 14:35:05,51
2848,3079,116,2026-01-11 21:05:35,2026-01-11 21:42:35,2026-01-11 22:04:35,61
2849,3080,90,2026-01-05 01:36:08,2026-01-05 02:02:08,2026-01-05 02:31:08,57
2850,3081,93,2026-01-05 06:15:00,2026-01-05 06:34:00,2026-01-05 06:52:00,41
2851,3082,72,2026-01-13 10:26:39,2026-01-13 10:52:39,2026-01-13 11:03:39,39
2852,3083,108,2026-01-11 15:06:54,2026-01-11 15:31:54,2026-01-11 15:49:54,46
2853,3084,84,2026-01-23 15:42:22,2026-01-23 16:01:22,2026-01-23 16:22:22,42
2854,3085,32,2026-01-22 11:13:50,2026-01-22 11:35:50,2026-01-22 11:46:50,35
2855,3086,32,2026-01-29 14:24:42,2026-01-29 14:55:42,2026-01-29 15:20:42,59
2856,3087,67,2026-01-02 14:10:16,2026-01-02 14:56:16,2026-01-02 15:08:16,62
2857,3088,73,2026-01-19 22:52:01,2026-01-19 23:21:01,2026-01-19 23:52:01,61
2858,3089,1,2026-01-31 12:47:57,2026-01-31 13:16:57,2026-01-31 13:31:57,48
2859,3090,114,2026-01-25 14:51:52,2026-01-25 15:33:52,2026-01-25 15:59:52,71
2860,3091,43,2026-01-09 15:27:04,2026-01-09 15:51:04,2026-01-09 16:09:04,43
2861,3092,65,2026-01-09 18:54:28,2026-01-09 19:35:28,2026-01-09 19:55:28,64
2862,3093,54,2026-01-25 22:37:31,2026-01-25 23:11:31,2026-01-25 23:41:31,68
2863,3094,5,2026-01-23 14:17:35,2026-01-23 14:50:35,2026-01-23 15:15:35,61
2864,3095,76,2026-01-01 19:39:24,2026-01-01 20:03:24,2026-01-01 20:25:24,47
2865,3096,41,2026-01-01 08:35:46,2026-01-01 08:58:46,2026-01-01 09:14:46,40
2866,3097,37,2026-01-24 14:07:48,2026-01-24 14:32:48,2026-01-24 14:47:48,42
2867,3098,37,2026-01-04 18:49:30,2026-01-04 19:11:30,2026-01-04 19:25:30,39
2868,3099,19,2026-01-16 09:19:02,2026-01-16 09:54:02,2026-01-16 10:16:02,60
2869,3100,108,2026-01-05 11:01:31,2026-01-05 11:22:31,2026-01-05 11:42:31,43
2870,3101,36,2026-01-06 22:20:56,2026-01-06 22:45:56,2026-01-06 23:06:56,47
2871,3102,81,2026-01-03 12:28:23,2026-01-03 12:54:23,2026-01-03 13:17:23,53
2872,3103,41,2026-01-30 21:53:21,2026-01-30 22:21:21,2026-01-30 22:50:21,58
2873,3104,103,2026-01-21 15:58:16,2026-01-21 16:20:16,2026-01-21 16:36:16,42
2874,3105,114,2026-01-31 14:10:02,2026-01-31 14:50:02,2026-01-31 15:13:02,64
2875,3106,17,2026-01-14 00:25:49,2026-01-14 00:56:49,2026-01-14 01:10:49,49
2876,3107,100,2026-01-06 14:04:49,2026-01-06 14:44:49,2026-01-06 15:03:49,63
2877,3108,89,2026-01-11 02:48:00,2026-01-11 03:07:00,2026-01-11 03:20:00,33
2878,3109,105,2026-01-08 10:01:08,2026-01-08 10:28:08,2026-01-08 10:46:08,48
2879,3110,73,2026-01-18 16:50:15,2026-01-18 17:14:15,2026-01-18 17:24:15,37
2880,3111,24,2026-01-14 14:17:48,2026-01-14 14:59:48,2026-01-14 15:27:48,73
2881,3112,1,2026-01-25 22:31:25,2026-01-25 23:03:25,2026-01-25 23:24:25,57
2882,3113,44,2026-01-17 13:24:14,2026-01-17 13:51:14,2026-01-17 14:14:14,51
2883,3114,29,2026-01-17 21:11:46,2026-01-17 21:39:46,2026-01-17 22:02:46,54
2884,3115,38,2026-01-31 12:47:30,2026-01-31 13:11:30,2026-01-31 13:27:30,43
2885,3116,89,2026-01-01 14:50:48,2026-01-01 15:18:48,2026-01-01 15:44:48,57
2886,3117,40,2026-01-30 21:14:41,2026-01-30 21:49:41,2026-01-30 22:19:41,68
2887,3118,79,2026-01-01 15:57:09,2026-01-01 16:14:09,2026-01-01 16:25:09,32
2888,3119,27,2026-01-09 22:01:50,2026-01-09 22:36:50,2026-01-09 22:58:50,59
2889,3120,37,2026-01-31 15:00:12,2026-01-31 15:25:12,2026-01-31 15:44:12,45
2890,3121,51,2026-01-17 06:04:14,2026-01-17 06:42:14,2026-01-17 07:12:14,69
2891,3122,69,2026-01-24 23:35:26,2026-01-25 00:00:26,2026-01-25 00:21:26,48
2892,3123,78,2026-01-21 22:15:49,2026-01-21 22:49:49,2026-01-21 23:11:49,60
2893,3124,15,2026-01-22 15:59:32,2026-01-22 16:22:32,2026-01-22 16:39:32,42
2894,3125,29,2026-01-09 22:14:17,2026-01-09 22:40:17,2026-01-09 23:00:17,47
2895,3126,52,2026-01-06 15:00:53,2026-01-06 15:20:53,2026-01-06 15:44:53,45
2896,3127,50,2026-01-09 20:59:32,2026-01-09 21:20:32,2026-01-09 21:33:32,38
2897,3128,12,2026-01-14 00:11:36,2026-01-14 00:36:36,2026-01-14 00:51:36,42
2898,3129,91,2026-01-01 15:04:09,2026-01-01 15:42:09,2026-01-01 16:07:09,67
2899,3130,44,2026-01-03 14:21:58,2026-01-03 14:45:58,2026-01-03 15:12:58,54
2900,3131,82,2026-01-30 23:37:16,2026-01-31 00:03:16,2026-01-31 00:26:16,52
2901,3132,32,2026-01-20 12:13:31,2026-01-20 12:40:31,2026-01-20 12:56:31,45
2902,3133,52,2026-01-02 22:13:42,2026-01-02 22:42:42,2026-01-02 23:03:42,52
2903,3134,65,2026-01-09 22:39:41,2026-01-09 23:01:41,2026-01-09 23:22:41,47
2904,3135,87,2026-01-18 23:09:09,2026-01-18 23:39:09,2026-01-18 23:56:09,48
2905,3136,108,2026-01-23 13:39:41,2026-01-23 14:05:41,2026-01-23 14:36:41,60
2906,3137,30,2026-01-21 16:00:38,2026-01-21 16:25:38,2026-01-21 16:51:38,53
2907,3138,38,2026-01-02 21:46:28,2026-01-02 22:13:28,2026-01-02 22:32:28,47
2908,3140,109,2026-01-13 20:05:44,2026-01-13 20:24:44,2026-01-13 20:36:44,35
2909,3141,23,2026-01-17 14:07:56,2026-01-17 14:45:56,2026-01-17 15:08:56,65
2910,3142,67,2026-01-05 17:36:07,2026-01-05 18:11:07,2026-01-05 18:36:07,62
2911,3143,111,2026-01-27 00:11:52,2026-01-27 00:32:52,2026-01-27 00:49:52,42
2912,3144,30,2026-01-02 22:26:53,2026-01-02 22:55:53,2026-01-02 23:25:53,62
2913,3145,17,2026-01-31 14:38:08,2026-01-31 15:19:08,2026-01-31 15:41:08,66
2914,3146,92,2026-01-25 23:39:58,2026-01-26 00:02:58,2026-01-26 00:17:58,40
2915,3147,85,2026-01-02 22:18:31,2026-01-02 22:45:31,2026-01-02 23:12:31,55
2916,3148,82,2026-01-06 17:58:03,2026-01-06 18:30:03,2026-01-06 18:44:03,49
2917,3149,87,2026-01-24 22:18:00,2026-01-24 22:48:00,2026-01-24 23:15:00,58
2918,3150,118,2026-01-05 22:01:49,2026-01-05 22:46:49,2026-01-05 23:09:49,69
2919,3151,117,2026-01-21 07:58:08,2026-01-21 08:24:08,2026-01-21 08:40:08,45
2920,3152,107,2026-01-05 18:05:56,2026-01-05 18:44:56,2026-01-05 19:07:56,66
2921,3153,36,2026-01-26 10:05:03,2026-01-26 10:34:03,2026-01-26 10:51:03,48
2922,3154,119,2026-01-14 00:52:01,2026-01-14 01:29:01,2026-01-14 01:49:01,60
2923,3155,41,2026-01-27 15:12:19,2026-01-27 15:37:19,2026-01-27 15:49:19,40
2924,3156,63,2026-01-20 20:56:12,2026-01-20 21:26:12,2026-01-20 21:45:12,51
2925,3157,38,2026-01-10 21:22:58,2026-01-10 22:03:58,2026-01-10 22:25:58,65
2926,3158,22,2026-01-29 05:37:50,2026-01-29 06:19:50,2026-01-29 06:44:50,71
2927,3159,79,2026-01-14 21:14:45,2026-01-14 21:42:45,2026-01-14 22:02:45,52
2928,3160,7,2026-01-08 14:03:04,2026-01-08 14:38:04,2026-01-08 15:01:04,59
2929,3161,116,2026-01-20 14:05:47,2026-01-20 14:40:47,2026-01-20 15:15:47,71
2930,3162,14,2026-01-21 20:16:48,2026-01-21 20:44:48,2026-01-21 20:55:48,43
2931,3163,118,2026-01-01 21:42:15,2026-01-01 22:13:15,2026-01-01 22:48:15,67
2932,3164,112,2026-01-03 15:02:05,2026-01-03 15:24:05,2026-01-03 15:37:05,37
2933,3165,19,2026-01-29 13:07:42,2026-01-29 13:26:42,2026-01-29 13:50:42,47
2934,3166,32,2026-01-06 07:41:31,2026-01-06 08:14:31,2026-01-06 08:27:31,48
2935,3167,12,2026-01-26 21:57:58,2026-01-26 22:35:58,2026-01-26 23:03:58,70
2936,3168,80,2026-01-23 22:16:18,2026-01-23 22:51:18,2026-01-23 23:18:18,64
2937,3169,100,2026-01-06 02:31:25,2026-01-06 02:56:25,2026-01-06 03:17:25,47
2938,3170,100,2026-01-06 20:17:52,2026-01-06 20:42:52,2026-01-06 21:05:52,49
2939,3171,78,2026-01-30 13:51:35,2026-01-30 14:29:35,2026-01-30 14:52:35,63
2940,3172,95,2026-01-04 08:43:30,2026-01-04 09:04:30,2026-01-04 09:22:30,42
2941,3173,99,2026-01-30 08:59:53,2026-01-30 09:11:53,2026-01-30 09:28:53,32
2942,3174,57,2026-01-30 02:10:41,2026-01-30 02:28:41,2026-01-30 02:45:41,38
2943,3175,18,2026-01-29 14:46:21,2026-01-29 15:18:21,2026-01-29 15:46:21,64
2944,3176,103,2026-01-10 09:21:09,2026-01-10 09:53:09,2026-01-10 10:09:09,51
2945,3177,26,2026-01-09 15:18:40,2026-01-09 15:42:40,2026-01-09 15:57:40,41
2946,3178,101,2026-01-09 13:52:06,2026-01-09 14:18:06,2026-01-09 14:43:06,55
2947,3179,42,2026-01-26 13:05:25,2026-01-26 13:40:25,2026-01-26 14:05:25,62
2948,3180,19,2026-01-16 21:22:20,2026-01-16 21:53:20,2026-01-16 22:08:20,47
2949,3181,103,2026-01-09 01:57:17,2026-01-09 02:21:17,2026-01-09 02:41:17,45
2950,3182,86,2026-01-03 11:42:09,2026-01-03 11:56:09,2026-01-03 12:16:09,35
2951,3183,103,2026-01-15 16:47:58,2026-01-15 17:10:58,2026-01-15 17:35:58,50
2952,3186,65,2026-01-15 22:44:27,2026-01-15 23:16:27,2026-01-15 23:47:27,66
2953,3187,10,2026-01-27 19:55:42,2026-01-27 20:15:42,2026-01-27 20:32:42,41
2954,3188,107,2026-01-19 22:19:55,2026-01-19 22:50:55,2026-01-19 23:12:55,54
2955,3189,23,2026-01-23 15:22:15,2026-01-23 15:47:15,2026-01-23 16:08:15,48
2956,3190,109,2026-01-26 08:33:46,2026-01-26 08:56:46,2026-01-26 09:21:46,50
2957,3191,15,2026-01-30 23:06:12,2026-01-30 23:23:12,2026-01-30 23:47:12,42
2958,3192,105,2026-01-22 14:23:25,2026-01-22 14:51:25,2026-01-22 15:22:25,63
2959,3193,75,2026-01-28 12:40:57,2026-01-28 13:11:57,2026-01-28 13:40:57,61
2960,3194,76,2026-01-07 15:15:55,2026-01-07 15:45:55,2026-01-07 15:59:55,45
2961,3195,61,2026-01-13 13:02:41,2026-01-13 13:39:41,2026-01-13 13:58:41,57
2962,3196,19,2026-01-02 12:09:13,2026-01-02 12:35:13,2026-01-02 12:49:13,41
2963,3197,3,2026-01-09 10:14:52,2026-01-09 10:31:52,2026-01-09 10:59:52,49
2964,3198,2,2026-01-29 21:37:06,2026-01-29 22:13:06,2026-01-29 22:46:06,72
2965,3199,66,2026-01-24 22:57:57,2026-01-24 23:33:57,2026-01-24 23:58:57,62
2966,3200,108,2026-01-21 10:30:49,2026-01-21 10:51:49,2026-01-21 11:16:49,50
2967,3202,1,2026-01-25 15:23:29,2026-01-25 15:55:29,2026-01-25 16:08:29,48
2968,3203,14,2026-01-30 13:47:42,2026-01-30 14:28:42,2026-01-30 14:54:42,68
2969,3204,108,2026-01-10 13:56:24,2026-01-10 14:29:24,2026-01-10 14:52:24,59
2970,3205,64,2026-01-13 03:32:07,2026-01-13 04:02:07,2026-01-13 04:34:07,65
2971,3207,93,2026-01-31 03:43:51,2026-01-31 04:11:51,2026-01-31 04:21:51,42
2972,3208,78,2026-01-09 13:37:35,2026-01-09 14:13:35,2026-01-09 14:35:35,61
2973,3209,98,2026-01-10 23:33:38,2026-01-10 23:55:38,2026-01-11 00:12:38,42
2974,3210,91,2026-01-14 22:00:22,2026-01-14 22:43:22,2026-01-14 23:04:22,67
2975,3211,51,2026-01-09 00:33:52,2026-01-09 01:05:52,2026-01-09 01:20:52,51
2976,3212,36,2026-01-10 14:46:42,2026-01-10 15:16:42,2026-01-10 15:37:42,54
2977,3213,66,2026-01-06 14:22:10,2026-01-06 14:51:10,2026-01-06 15:06:10,47
2978,3214,32,2026-01-04 13:02:46,2026-01-04 13:26:46,2026-01-04 13:40:46,42
2979,3215,47,2026-01-15 21:22:01,2026-01-15 21:51:01,2026-01-15 22:11:01,50
2980,3217,97,2026-01-07 13:32:20,2026-01-07 13:53:20,2026-01-07 14:09:20,41
2981,3218,61,2026-01-07 23:05:50,2026-01-07 23:31:50,2026-01-07 23:48:50,45
2982,3219,64,2026-01-11 15:32:21,2026-01-11 15:52:21,2026-01-11 16:12:21,43
2983,3220,109,2026-01-11 15:09:51,2026-01-11 15:48:51,2026-01-11 16:10:51,64
2984,3222,25,2026-01-17 23:16:06,2026-01-17 23:32:06,2026-01-17 23:51:06,37
2985,3223,96,2026-01-17 12:29:57,2026-01-17 12:57:57,2026-01-17 13:15:57,49
2986,3224,116,2026-01-30 21:00:13,2026-01-30 21:40:13,2026-01-30 21:51:13,53
2987,3225,32,2026-01-11 23:55:00,2026-01-12 00:21:00,2026-01-12 00:41:00,47
2988,3226,109,2026-01-13 15:23:46,2026-01-13 15:42:46,2026-01-13 16:05:46,44
2989,3227,80,2026-01-29 21:10:21,2026-01-29 21:48:21,2026-01-29 22:17:21,68
2990,3228,109,2026-01-26 12:18:19,2026-01-26 12:42:19,2026-01-26 12:55:19,41
2991,3229,72,2026-01-07 02:15:48,2026-01-07 02:48:48,2026-01-07 03:11:48,57
2992,3230,72,2026-01-17 10:57:39,2026-01-17 11:25:39,2026-01-17 11:45:39,51
2993,3231,35,2026-01-01 21:54:57,2026-01-01 22:22:57,2026-01-01 22:36:57,43
2994,3232,73,2026-01-09 07:46:59,2026-01-09 08:11:59,2026-01-09 08:21:59,39
2995,3233,31,2026-01-12 16:55:09,2026-01-12 17:24:09,2026-01-12 17:44:09,52
2996,3234,11,2026-01-17 19:15:59,2026-01-17 19:41:59,2026-01-17 19:58:59,46
2997,3235,114,2026-01-14 21:48:38,2026-01-14 22:31:38,2026-01-14 22:54:38,68
2998,3236,27,2026-01-30 02:45:23,2026-01-30 03:11:23,2026-01-30 03:29:23,46
2999,3238,39,2026-01-18 15:19:00,2026-01-18 15:47:00,2026-01-18 16:07:00,52
3000,3239,72,2026-01-28 12:47:40,2026-01-28 13:14:40,2026-01-28 13:24:40,41
3001,3240,42,2026-01-17 18:39:56,2026-01-17 19:04:56,2026-01-17 19:22:56,47
3002,3241,104,2026-01-02 22:47:58,2026-01-02 23:19:58,2026-01-02 23:50:58,65
3003,3242,87,2026-01-22 22:51:22,2026-01-22 23:21:22,2026-01-22 23:39:22,50
3004,3243,25,2026-01-24 21:50:25,2026-01-24 22:28:25,2026-01-24 22:50:25,62
3005,3244,70,2026-01-10 17:56:59,2026-01-10 18:19:59,2026-01-10 18:31:59,37
3006,3245,69,2026-01-15 23:52:18,2026-01-16 00:10:18,2026-01-16 00:22:18,32
3007,3246,52,2026-01-27 09:00:53,2026-01-27 09:24:53,2026-01-27 09:44:53,48
3008,3247,72,2026-01-17 21:34:13,2026-01-17 22:05:13,2026-01-17 22:24:13,53
3009,3248,61,2026-01-22 20:08:53,2026-01-22 20:29:53,2026-01-22 20:47:53,41
3010,3249,57,2026-01-21 01:06:46,2026-01-21 01:28:46,2026-01-21 01:44:46,42
3011,3250,36,2026-01-22 03:19:41,2026-01-22 03:39:41,2026-01-22 03:53:41,37
3012,3251,114,2026-01-30 12:02:01,2026-01-30 12:26:01,2026-01-30 12:46:01,47
3013,3252,16,2026-01-30 17:35:13,2026-01-30 18:03:13,2026-01-30 18:14:13,43
3014,3253,52,2026-01-10 14:20:42,2026-01-10 14:49:42,2026-01-10 15:09:42,52
3015,3254,114,2026-01-20 21:52:36,2026-01-20 22:24:36,2026-01-20 22:53:36,65
3016,3255,45,2026-01-20 01:47:39,2026-01-20 02:13:39,2026-01-20 02:32:39,46
3017,3256,83,2026-01-30 13:16:08,2026-01-30 13:57:08,2026-01-30 14:23:08,71
3018,3257,109,2026-01-22 14:24:42,2026-01-22 14:49:42,2026-01-22 15:07:42,46
3019,3258,50,2026-01-19 01:06:42,2026-01-19 01:39:42,2026-01-19 01:58:42,55
3020,3259,12,2026-01-26 14:43:03,2026-01-26 15:26:03,2026-01-26 15:48:03,69
3021,3260,81,2026-01-22 16:21:52,2026-01-22 16:43:52,2026-01-22 17:11:52,52
3022,3261,85,2026-01-11 05:10:25,2026-01-11 05:29:25,2026-01-11 05:40:25,32
3023,3262,112,2026-01-17 15:10:15,2026-01-17 15:36:15,2026-01-17 15:55:15,49
3024,3263,45,2026-01-12 01:16:48,2026-01-12 01:38:48,2026-01-12 02:01:48,47
3025,3264,97,2026-01-04 17:23:22,2026-01-04 17:51:22,2026-01-04 18:13:22,52
3026,3265,66,2026-01-05 22:10:19,2026-01-05 22:46:19,2026-01-05 23:18:19,72
3027,3266,20,2026-01-01 23:46:12,2026-01-02 00:04:12,2026-01-02 00:36:12,51
3028,3267,20,2026-01-04 14:26:22,2026-01-04 14:59:22,2026-01-04 15:32:22,67
3029,3268,10,2026-01-24 22:34:08,2026-01-24 23:11:08,2026-01-24 23:32:08,62
3030,3269,21,2026-01-26 02:36:35,2026-01-26 03:11:35,2026-01-26 03:36:35,63
3031,3270,118,2026-01-07 01:16:12,2026-01-07 01:47:12,2026-01-07 02:06:12,52
3032,3271,117,2026-01-30 12:55:59,2026-01-30 13:32:59,2026-01-30 13:45:59,54
3033,3272,35,2026-01-11 15:13:34,2026-01-11 15:31:34,2026-01-11 15:50:34,39
3034,3273,120,2026-01-21 23:57:22,2026-01-22 00:14:22,2026-01-22 00:24:22,28
3035,3274,105,2026-01-19 15:45:00,2026-01-19 16:12:00,2026-01-19 16:28:00,46
3036,3275,92,2026-01-17 01:57:04,2026-01-17 02:26:04,2026-01-17 02:42:04,48
3037,3276,45,2026-01-11 18:50:57,2026-01-11 19:13:57,2026-01-11 19:37:57,48
3038,3277,21,2026-01-28 13:12:31,2026-01-28 13:53:31,2026-01-28 14:19:31,69
3039,3279,39,2026-01-22 08:40:16,2026-01-22 09:10:16,2026-01-22 09:27:16,48
3040,3280,92,2026-01-02 23:09:57,2026-01-02 23:29:57,2026-01-02 23:50:57,42
3041,3281,35,2026-01-22 22:00:03,2026-01-22 22:43:03,2026-01-22 23:02:03,64
3042,3283,12,2026-01-25 21:43:46,2026-01-25 22:14:46,2026-01-25 22:37:46,58
3043,3284,5,2026-01-11 21:28:04,2026-01-11 21:59:04,2026-01-11 22:25:04,59
3044,3285,90,2026-01-24 11:02:18,2026-01-24 11:24:18,2026-01-24 11:42:18,42
3045,3286,13,2026-01-21 15:57:34,2026-01-21 16:20:34,2026-01-21 16:33:34,38
3046,3287,68,2026-01-04 23:40:22,2026-01-05 00:06:22,2026-01-05 00:30:22,54
3047,3288,78,2026-01-02 23:53:18,2026-01-03 00:20:18,2026-01-03 00:46:18,57
3048,3289,53,2026-01-13 13:40:11,2026-01-13 14:12:11,2026-01-13 14:26:11,47
3049,3290,103,2026-01-23 19:30:54,2026-01-23 20:08:54,2026-01-23 20:27:54,59
3050,3291,18,2026-01-29 22:18:30,2026-01-29 22:56:30,2026-01-29 23:27:30,70
3051,3292,92,2026-01-19 23:23:27,2026-01-19 23:45:27,2026-01-20 00:13:27,52
3052,3293,79,2026-01-08 14:43:06,2026-01-08 15:06:06,2026-01-08 15:25:06,44
3053,3294,4,2026-01-13 23:57:22,2026-01-14 00:20:22,2026-01-14 00:42:22,48
3054,3295,52,2026-01-03 12:43:24,2026-01-03 13:06:24,2026-01-03 13:30:24,48
3055,3296,36,2026-01-11 13:21:33,2026-01-11 13:57:33,2026-01-11 14:13:33,54
3056,3297,97,2026-01-09 20:26:32,2026-01-09 20:52:32,2026-01-09 21:11:32,46
3057,3298,3,2026-01-01 21:14:12,2026-01-01 21:47:12,2026-01-01 22:16:12,64
3058,3299,26,2026-01-13 13:25:35,2026-01-13 13:58:35,2026-01-13 14:26:35,62
3059,3300,80,2026-01-16 16:45:44,2026-01-16 17:09:44,2026-01-16 17:24:44,43
3060,3301,84,2026-01-08 14:48:53,2026-01-08 15:33:53,2026-01-08 15:52:53,68
3061,3302,92,2026-01-15 12:09:20,2026-01-15 12:32:20,2026-01-15 12:59:20,51
3062,3303,18,2026-01-24 13:52:25,2026-01-24 14:22:25,2026-01-24 14:48:25,57
3063,3304,28,2026-01-16 21:42:28,2026-01-16 22:01:28,2026-01-16 22:15:28,36
3064,3306,102,2026-01-04 08:00:12,2026-01-04 08:25:12,2026-01-04 08:37:12,40
3065,3307,19,2026-01-31 00:22:41,2026-01-31 00:38:41,2026-01-31 00:59:41,38
3066,3308,118,2026-01-28 03:41:14,2026-01-28 04:17:14,2026-01-28 04:30:14,52
3067,3309,12,2026-01-24 17:46:17,2026-01-24 18:17:17,2026-01-24 18:30:17,45
3068,3310,1,2026-01-05 12:34:12,2026-01-05 13:01:12,2026-01-05 13:21:12,48
3069,3311,88,2026-01-10 21:16:30,2026-01-10 21:41:30,2026-01-10 22:17:30,65
3070,3312,107,2026-01-16 22:03:31,2026-01-16 22:40:31,2026-01-16 23:10:31,68
3071,3313,32,2026-01-29 22:59:13,2026-01-29 23:37:13,2026-01-30 00:00:13,62
3072,3314,8,2026-01-02 15:03:44,2026-01-02 15:35:44,2026-01-02 16:04:44,65
3073,3315,44,2026-01-25 15:51:58,2026-01-25 16:12:58,2026-01-25 16:36:58,48
3074,3316,6,2026-01-31 15:48:42,2026-01-31 16:16:42,2026-01-31 16:27:42,42
3075,3317,93,2026-01-14 15:15:31,2026-01-14 15:43:31,2026-01-14 15:58:31,45
3076,3318,46,2026-01-10 22:52:28,2026-01-10 23:25:28,2026-01-10 23:48:28,57
3077,3319,5,2026-01-20 14:47:33,2026-01-20 15:19:33,2026-01-20 15:39:33,54
3078,3320,101,2026-01-08 12:48:10,2026-01-08 13:05:10,2026-01-08 13:18:10,34
3079,3321,25,2026-01-04 04:57:16,2026-01-04 05:35:16,2026-01-04 06:00:16,67
3080,3322,102,2026-01-30 22:46:24,2026-01-30 23:26:24,2026-01-30 23:49:24,65
3081,3323,15,2026-01-15 15:35:47,2026-01-15 15:50:47,2026-01-15 16:06:47,35
3082,3324,14,2026-01-08 11:54:37,2026-01-08 12:14:37,2026-01-08 12:28:37,38
3083,3325,36,2026-01-17 15:11:20,2026-01-17 15:30:20,2026-01-17 15:47:20,37
3084,3326,99,2026-01-31 22:51:01,2026-01-31 23:26:01,2026-01-31 23:51:01,61
3085,3327,6,2026-01-11 22:20:52,2026-01-11 22:50:52,2026-01-11 23:12:52,55
3086,3328,57,2026-01-04 00:22:17,2026-01-04 00:43:17,2026-01-04 01:01:17,41
3087,3329,98,2026-01-21 14:30:40,2026-01-21 15:05:40,2026-01-21 15:29:40,61
3088,3330,70,2026-01-22 11:07:54,2026-01-22 11:31:54,2026-01-22 11:50:54,46
3089,3331,111,2026-01-31 21:05:38,2026-01-31 21:31:38,2026-01-31 21:54:38,50
3090,3332,77,2026-01-21 17:16:15,2026-01-21 17:34:15,2026-01-21 18:00:15,46
3091,3334,22,2026-01-07 23:15:43,2026-01-07 23:33:43,2026-01-07 23:45:43,31
3092,3335,71,2026-01-07 06:42:58,2026-01-07 07:05:58,2026-01-07 07:20:58,39
3093,3336,113,2026-01-14 19:11:56,2026-01-14 19:41:56,2026-01-14 19:55:56,45
3094,3337,6,2026-01-20 15:02:02,2026-01-20 15:28:02,2026-01-20 15:45:02,45
3095,3338,19,2026-01-10 20:26:31,2026-01-10 20:50:31,2026-01-10 21:21:31,58
3096,3339,10,2026-01-30 21:59:51,2026-01-30 22:23:51,2026-01-30 22:42:51,47
3097,3340,18,2026-01-14 20:13:50,2026-01-14 20:38:50,2026-01-14 20:53:50,42
3098,3341,32,2026-01-16 13:57:24,2026-01-16 14:40:24,2026-01-16 15:02:24,66
3099,3342,18,2026-01-31 13:19:34,2026-01-31 13:50:34,2026-01-31 14:20:34,63
3100,3343,30,2026-01-16 08:57:00,2026-01-16 09:20:00,2026-01-16 09:40:00,46
3101,3344,61,2026-01-27 14:51:04,2026-01-27 15:17:04,2026-01-27 15:44:04,56
3102,3345,103,2026-01-21 14:39:50,2026-01-21 15:11:50,2026-01-21 15:43:50,65
3103,3346,18,2026-01-18 15:05:27,2026-01-18 15:43:27,2026-01-18 15:56:27,52
3104,3348,36,2026-01-08 12:55:06,2026-01-08 13:22:06,2026-01-08 13:40:06,47
3105,3349,70,2026-01-20 13:13:54,2026-01-20 13:36:54,2026-01-20 13:55:54,43
3106,3350,29,2026-01-17 23:28:47,2026-01-17 23:51:47,2026-01-18 00:16:47,50
3107,3351,33,2026-01-19 20:25:55,2026-01-19 20:49:55,2026-01-19 21:05:55,42
3108,3352,50,2026-01-06 20:37:52,2026-01-06 20:58:52,2026-01-06 21:14:52,38
3109,3353,29,2026-01-19 05:18:59,2026-01-19 05:42:59,2026-01-19 06:06:59,50
3110,3354,65,2026-01-06 21:54:14,2026-01-06 22:25:14,2026-01-06 22:52:14,60
3111,3355,7,2026-01-23 22:34:18,2026-01-23 22:59:18,2026-01-23 23:16:18,44
3112,3356,103,2026-01-06 17:57:48,2026-01-06 18:33:48,2026-01-06 19:01:48,66
3113,3357,30,2026-01-24 16:10:12,2026-01-24 16:43:12,2026-01-24 16:59:12,53
3114,3358,56,2026-01-31 19:04:29,2026-01-31 19:29:29,2026-01-31 19:49:29,46
3115,3359,67,2026-01-08 15:29:14,2026-01-08 15:55:14,2026-01-08 16:07:14,39
3116,3360,30,2026-01-12 13:51:49,2026-01-12 14:26:49,2026-01-12 14:51:49,64
3117,3361,11,2026-01-30 20:03:37,2026-01-30 20:18:37,2026-01-30 20:40:37,39
3118,3362,44,2026-01-28 18:05:34,2026-01-28 18:26:34,2026-01-28 18:45:34,44
3119,3363,59,2026-01-24 00:00:42,2026-01-24 00:35:42,2026-01-24 00:47:42,50
3120,3364,5,2026-01-08 14:33:36,2026-01-08 15:04:36,2026-01-08 15:27:36,56
3121,3365,115,2026-01-04 20:12:49,2026-01-04 20:25:49,2026-01-04 20:49:49,38
3122,3366,76,2026-01-20 21:04:52,2026-01-20 21:21:52,2026-01-20 21:45:52,45
3123,3368,33,2026-01-10 21:39:55,2026-01-10 22:09:55,2026-01-10 22:26:55,49
3124,3369,91,2026-01-01 14:41:46,2026-01-01 15:07:46,2026-01-01 15:30:46,51
3125,3371,43,2026-01-26 10:56:09,2026-01-26 11:27:09,2026-01-26 11:50:09,55
3126,3372,107,2026-01-20 22:22:29,2026-01-20 22:47:29,2026-01-20 23:06:29,48
3127,3373,59,2026-01-31 09:32:26,2026-01-31 10:10:26,2026-01-31 10:37:26,67
3128,3374,77,2026-01-25 18:34:18,2026-01-25 18:55:18,2026-01-25 19:19:18,46
3129,3375,56,2026-01-14 16:55:43,2026-01-14 17:12:43,2026-01-14 17:30:43,36
3130,3376,102,2026-01-15 23:29:16,2026-01-15 23:48:16,2026-01-16 00:08:16,42
3131,3378,79,2026-01-18 08:44:29,2026-01-18 08:59:29,2026-01-18 09:20:29,38
3132,3379,83,2026-01-23 17:05:39,2026-01-23 17:31:39,2026-01-23 17:55:39,53
3133,3380,51,2026-01-16 13:41:15,2026-01-16 14:10:15,2026-01-16 14:35:15,58
3134,3381,45,2026-01-03 22:30:47,2026-01-03 23:00:47,2026-01-03 23:21:47,55
3135,3382,21,2026-01-12 11:46:57,2026-01-12 12:08:57,2026-01-12 12:28:57,43
3136,3383,71,2026-01-16 08:27:26,2026-01-16 08:56:26,2026-01-16 09:15:26,51
3137,3384,56,2026-01-11 23:32:42,2026-01-11 23:56:42,2026-01-12 00:08:42,37
3138,3385,67,2026-01-24 22:21:10,2026-01-24 22:52:10,2026-01-24 23:27:10,68
3139,3387,38,2026-01-30 13:38:10,2026-01-30 14:08:10,2026-01-30 14:32:10,57
3140,3388,92,2026-01-01 12:35:21,2026-01-01 13:01:21,2026-01-01 13:14:21,43
3141,3389,113,2026-01-14 20:06:01,2026-01-14 20:30:01,2026-01-14 20:44:01,41
3142,3390,58,2026-01-24 14:30:02,2026-01-24 15:13:02,2026-01-24 15:32:02,65
3143,3391,73,2026-01-02 12:25:27,2026-01-02 13:07:27,2026-01-02 13:22:27,59
3144,3392,18,2026-01-08 13:53:26,2026-01-08 14:28:26,2026-01-08 14:49:26,57
3145,3393,51,2026-01-03 23:15:16,2026-01-03 23:30:16,2026-01-03 23:51:16,38
3146,3394,29,2026-01-20 13:42:18,2026-01-20 14:27:18,2026-01-20 14:42:18,63
3147,3395,26,2026-01-26 23:36:27,2026-01-27 00:08:27,2026-01-27 00:24:27,52
3148,3396,55,2026-01-23 21:22:29,2026-01-23 21:47:29,2026-01-23 22:15:29,56
3149,3397,67,2026-01-26 14:52:19,2026-01-26 15:17:19,2026-01-26 15:32:19,44
3150,3398,19,2026-01-25 03:09:30,2026-01-25 03:48:30,2026-01-25 04:08:30,63
3151,3399,92,2026-01-10 15:38:59,2026-01-10 16:08:59,2026-01-10 16:32:59,56
3152,3400,97,2026-01-19 22:20:51,2026-01-19 22:46:51,2026-01-19 23:07:51,50
3153,3401,77,2026-01-20 20:52:59,2026-01-20 21:05:59,2026-01-20 21:20:59,32
3154,3402,89,2026-01-11 22:43:04,2026-01-11 23:23:04,2026-01-11 23:50:04,70
3155,3403,67,2026-01-10 19:02:27,2026-01-10 19:21:27,2026-01-10 19:37:27,39
3156,3404,58,2026-01-04 22:00:34,2026-01-04 22:32:34,2026-01-04 23:04:34,68
3157,3406,34,2026-01-07 00:50:25,2026-01-07 01:03:25,2026-01-07 01:34:25,46
3158,3407,72,2026-01-27 15:32:45,2026-01-27 15:55:45,2026-01-27 16:13:45,43
3159,3408,105,2026-01-08 14:47:47,2026-01-08 15:15:47,2026-01-08 15:45:47,61
3160,3409,16,2026-01-04 05:58:11,2026-01-04 06:24:11,2026-01-04 06:50:11,55
3161,3410,19,2026-01-06 14:42:01,2026-01-06 15:18:01,2026-01-06 15:48:01,67
3162,3412,105,2026-01-10 09:03:13,2026-01-10 09:26:13,2026-01-10 09:46:13,47
3163,3413,40,2026-01-28 14:46:23,2026-01-28 15:18:23,2026-01-28 15:36:23,54
3164,3414,36,2026-01-03 17:40:03,2026-01-03 17:56:03,2026-01-03 18:08:03,32
3165,3415,3,2026-01-06 20:18:49,2026-01-06 20:40:49,2026-01-06 20:51:49,35
3166,3416,77,2026-01-16 20:50:08,2026-01-16 21:18:08,2026-01-16 21:32:08,45
3167,3417,72,2026-01-10 14:25:34,2026-01-10 14:57:34,2026-01-10 15:25:34,61
3168,3418,90,2026-01-20 12:04:04,2026-01-20 12:30:04,2026-01-20 12:48:04,48
3169,3419,71,2026-01-26 22:43:05,2026-01-26 23:19:05,2026-01-26 23:42:05,62
3170,3420,31,2026-01-26 07:25:59,2026-01-26 07:55:59,2026-01-26 08:16:59,52
3171,3421,19,2026-01-26 20:56:33,2026-01-26 21:34:33,2026-01-26 22:02:33,70
3172,3422,79,2026-01-31 00:55:40,2026-01-31 01:11:40,2026-01-31 01:32:40,41
3173,3423,99,2026-01-12 21:33:58,2026-01-12 22:01:58,2026-01-12 22:17:58,45
3174,3424,17,2026-01-09 06:15:52,2026-01-09 06:37:52,2026-01-09 06:55:52,42
3175,3425,33,2026-01-22 20:36:51,2026-01-22 21:10:51,2026-01-22 21:24:51,52
3176,3426,106,2026-01-29 16:30:11,2026-01-29 16:58:11,2026-01-29 17:18:11,49
3177,3427,33,2026-01-20 21:47:41,2026-01-20 22:10:41,2026-01-20 22:28:41,42
3178,3428,10,2026-01-14 13:55:20,2026-01-14 14:27:20,2026-01-14 14:44:20,53
3179,3429,90,2026-01-11 21:46:04,2026-01-11 22:04:04,2026-01-11 22:23:04,39
3180,3430,98,2026-01-21 13:33:19,2026-01-21 13:59:19,2026-01-21 14:28:19,57
3181,3431,18,2026-01-28 22:22:54,2026-01-28 22:50:54,2026-01-28 23:14:54,56
3182,3432,118,2026-01-19 21:48:09,2026-01-19 22:21:09,2026-01-19 22:52:09,66
3183,3433,46,2026-01-15 15:14:51,2026-01-15 15:35:51,2026-01-15 15:48:51,38
3184,3435,45,2026-01-06 07:01:16,2026-01-06 07:31:16,2026-01-06 08:00:16,60
3185,3436,106,2026-01-13 14:51:31,2026-01-13 15:22:31,2026-01-13 15:46:31,58
3186,3437,46,2026-01-27 21:20:45,2026-01-27 21:53:45,2026-01-27 22:15:45,57
3187,3438,100,2026-01-25 09:03:41,2026-01-25 09:24:41,2026-01-25 09:34:41,32
3188,3439,50,2026-01-27 13:44:12,2026-01-27 14:06:12,2026-01-27 14:30:12,47
3189,3440,113,2026-01-26 22:03:06,2026-01-26 22:31:06,2026-01-26 22:56:06,55
3190,3441,2,2026-01-14 22:45:11,2026-01-14 23:14:11,2026-01-14 23:44:11,60
3191,3442,103,2026-01-06 21:44:21,2026-01-06 22:19:21,2026-01-06 22:42:21,59
3192,3443,98,2026-01-24 14:55:36,2026-01-24 15:28:36,2026-01-24 15:55:36,61
3193,3444,98,2026-01-17 20:24:59,2026-01-17 21:02:59,2026-01-17 21:34:59,74
3194,3445,100,2026-01-16 14:47:36,2026-01-16 15:15:36,2026-01-16 15:36:36,52
3195,3446,28,2026-01-02 13:23:12,2026-01-02 13:55:12,2026-01-02 14:14:12,55
3196,3447,14,2026-01-29 15:35:08,2026-01-29 16:08:08,2026-01-29 16:23:08,52
3197,3449,52,2026-01-24 13:56:49,2026-01-24 14:22:49,2026-01-24 14:49:49,57
3198,3450,2,2026-01-31 00:03:20,2026-01-31 00:28:20,2026-01-31 00:51:20,49
3199,3451,83,2026-01-03 11:15:42,2026-01-03 11:33:42,2026-01-03 12:00:42,48
3200,3452,16,2026-01-12 22:58:36,2026-01-12 23:30:36,2026-01-12 23:53:36,57
3201,3453,65,2026-01-01 22:53:12,2026-01-01 23:24:12,2026-01-01 23:46:12,54
3202,3454,69,2026-01-14 12:57:44,2026-01-14 13:29:44,2026-01-14 13:46:44,51
3203,3455,43,2026-01-13 20:38:15,2026-01-13 21:02:15,2026-01-13 21:20:15,45
3204,3457,19,2026-01-31 20:38:49,2026-01-31 21:07:49,2026-01-31 21:27:49,50
3205,3458,57,2026-01-27 11:31:17,2026-01-27 12:07:17,2026-01-27 12:22:17,53
3206,3459,104,2026-01-25 23:00:55,2026-01-25 23:31:55,2026-01-25 23:47:55,48
3207,3460,63,2026-01-22 22:41:07,2026-01-22 23:18:07,2026-01-22 23:42:07,65
3208,3462,76,2026-01-19 05:40:26,2026-01-19 06:08:26,2026-01-19 06:31:26,53
3209,3463,9,2026-01-25 11:08:26,2026-01-25 11:45:26,2026-01-25 12:05:26,58
3210,3464,61,2026-01-08 13:55:56,2026-01-08 14:22:56,2026-01-08 14:42:56,48
3211,3466,58,2026-01-23 22:30:58,2026-01-23 22:54:58,2026-01-23 23:15:58,49
3212,3467,83,2026-01-22 13:21:55,2026-01-22 13:44:55,2026-01-22 14:00:55,43
3213,3468,101,2026-01-03 14:17:22,2026-01-03 14:45:22,2026-01-03 15:08:22,52
3214,3469,100,2026-01-12 14:47:16,2026-01-12 15:18:16,2026-01-12 15:46:16,60
3215,3470,86,2026-01-04 14:19:50,2026-01-04 14:49:50,2026-01-04 15:17:50,62
3216,3471,93,2026-01-21 21:58:23,2026-01-21 22:43:23,2026-01-21 23:13:23,78
3217,3472,105,2026-01-27 19:19:44,2026-01-27 19:39:44,2026-01-27 20:03:44,45
3218,3473,33,2026-01-24 16:57:32,2026-01-24 17:20:32,2026-01-24 17:36:32,42
3219,3474,48,2026-01-04 13:10:07,2026-01-04 13:41:07,2026-01-04 14:04:07,55
3220,3475,11,2026-01-11 15:44:39,2026-01-11 15:59:39,2026-01-11 16:10:39,27
3221,3476,5,2026-01-31 21:01:58,2026-01-31 21:32:58,2026-01-31 21:55:58,55
3222,3477,118,2026-01-18 22:09:43,2026-01-18 22:47:43,2026-01-18 23:11:43,65
3223,3478,79,2026-01-18 21:50:18,2026-01-18 22:29:18,2026-01-18 22:43:18,56
3224,3479,7,2026-01-31 14:55:10,2026-01-31 15:22:10,2026-01-31 15:43:10,49
3225,3480,21,2026-01-11 12:48:43,2026-01-11 13:12:43,2026-01-11 13:27:43,42
3226,3481,79,2026-01-23 13:08:54,2026-01-23 13:55:54,2026-01-23 14:22:54,76
3227,3483,75,2026-01-01 20:40:18,2026-01-01 21:13:18,2026-01-01 21:34:18,56
3228,3484,12,2026-01-06 12:54:32,2026-01-06 13:11:32,2026-01-06 13:30:32,37
3229,3486,42,2026-01-10 00:55:57,2026-01-10 01:10:57,2026-01-10 01:30:57,36
3230,3487,39,2026-01-10 20:22:31,2026-01-10 20:55:31,2026-01-10 21:11:31,53
3231,3488,49,2026-01-12 03:59:36,2026-01-12 04:25:36,2026-01-12 04:42:36,47
3232,3489,95,2026-01-10 14:46:36,2026-01-10 15:14:36,2026-01-10 15:40:36,55
3233,3490,99,2026-01-10 22:25:04,2026-01-10 22:53:04,2026-01-10 23:12:04,49
3234,3491,119,2026-01-22 21:30:50,2026-01-22 21:49:50,2026-01-22 22:11:50,45
3235,3492,24,2026-01-30 22:49:56,2026-01-30 23:29:56,2026-01-30 23:45:56,57
3236,3493,36,2026-01-28 14:28:01,2026-01-28 15:00:01,2026-01-28 15:20:01,55
3237,3494,12,2026-01-22 10:39:19,2026-01-22 10:59:19,2026-01-22 11:16:19,39
3238,3495,7,2026-01-19 05:25:03,2026-01-19 05:59:03,2026-01-19 06:22:03,61
3239,3496,46,2026-01-21 23:40:25,2026-01-22 00:00:25,2026-01-22 00:23:25,44
3240,3497,99,2026-01-30 21:35:30,2026-01-30 22:10:30,2026-01-30 22:26:30,55
3241,3498,39,2026-01-13 13:30:55,2026-01-13 14:04:55,2026-01-13 14:30:55,62
3242,3499,33,2026-01-02 09:49:38,2026-01-02 10:18:38,2026-01-02 10:36:38,48
3243,3500,20,2026-01-14 16:33:46,2026-01-14 16:54:46,2026-01-14 17:14:46,44
3244,3501,118,2026-01-03 11:34:29,2026-01-03 12:04:29,2026-01-03 12:19:29,49
3245,3502,9,2026-01-12 14:27:00,2026-01-12 15:01:00,2026-01-12 15:30:00,65
3246,3503,53,2026-01-27 18:57:20,2026-01-27 19:32:20,2026-01-27 19:47:20,54
3247,3504,88,2026-01-06 21:46:51,2026-01-06 22:20:51,2026-01-06 22:40:51,57
3248,3505,63,2026-01-14 12:12:44,2026-01-14 12:46:44,2026-01-14 13:00:44,52
3249,3507,99,2026-01-15 14:26:33,2026-01-15 14:52:33,2026-01-15 15:12:33,50
3250,3508,109,2026-01-31 02:34:19,2026-01-31 03:06:19,2026-01-31 03:31:19,61
3251,3509,61,2026-01-07 23:15:22,2026-01-07 23:33:22,2026-01-07 23:48:22,35
3252,3510,9,2026-01-10 15:53:17,2026-01-10 16:15:17,2026-01-10 16:38:17,46
3253,3511,114,2026-01-30 21:08:33,2026-01-30 21:37:33,2026-01-30 22:07:33,62
3254,3512,88,2026-01-20 20:08:36,2026-01-20 20:46:36,2026-01-20 21:16:36,69
3255,3513,9,2026-01-17 14:19:07,2026-01-17 14:43:07,2026-01-17 14:55:07,38
3256,3514,8,2026-01-03 21:54:07,2026-01-03 22:26:07,2026-01-03 22:47:07,56
3257,3515,31,2026-01-21 08:35:47,2026-01-21 08:55:47,2026-01-21 09:17:47,46
3258,3516,41,2026-01-09 20:18:53,2026-01-09 20:44:53,2026-01-09 20:58:53,43
3259,3517,35,2026-01-31 03:48:51,2026-01-31 04:16:51,2026-01-31 04:44:51,57
3260,3518,44,2026-01-06 23:00:24,2026-01-06 23:35:24,2026-01-07 00:00:24,64
3261,3519,22,2026-01-01 20:49:20,2026-01-01 21:11:20,2026-01-01 21:29:20,44
3262,3520,114,2026-01-20 22:43:21,2026-01-20 23:01:21,2026-01-20 23:18:21,38
3263,3521,7,2026-01-05 08:16:05,2026-01-05 08:37:05,2026-01-05 08:55:05,43
3264,3523,84,2026-01-14 15:10:46,2026-01-14 15:39:46,2026-01-14 15:59:46,51
3265,3524,51,2026-01-10 23:35:05,2026-01-10 23:48:05,2026-01-11 00:09:05,35
3266,3525,85,2026-01-11 11:24:17,2026-01-11 11:49:17,2026-01-11 12:07:17,47
3267,3526,108,2026-01-11 22:35:26,2026-01-11 23:01:26,2026-01-11 23:23:26,49
3268,3527,91,2026-01-30 05:22:57,2026-01-30 05:43:57,2026-01-30 06:04:57,44
3269,3528,63,2026-01-23 13:55:47,2026-01-23 14:35:47,2026-01-23 14:53:47,62
3270,3529,80,2026-01-23 14:03:38,2026-01-23 14:40:38,2026-01-23 15:08:38,69
3271,3530,70,2026-01-01 21:20:34,2026-01-01 21:45:34,2026-01-01 22:12:34,55
3272,3531,38,2026-01-01 02:53:46,2026-01-01 03:25:46,2026-01-01 03:50:46,60
3273,3532,100,2026-01-09 22:22:56,2026-01-09 22:56:56,2026-01-09 23:22:56,64
3274,3533,87,2026-01-10 15:00:39,2026-01-10 15:47:39,2026-01-10 16:14:39,77
3275,3534,72,2026-01-21 18:11:27,2026-01-21 18:32:27,2026-01-21 18:54:27,46
3276,3535,46,2026-01-28 21:22:50,2026-01-28 21:53:50,2026-01-28 22:13:50,53
3277,3536,45,2026-01-31 14:27:18,2026-01-31 15:09:18,2026-01-31 15:39:18,76
3278,3538,1,2026-01-01 21:21:28,2026-01-01 22:06:28,2026-01-01 22:30:28,71
3279,3539,61,2026-01-06 21:47:17,2026-01-06 22:18:17,2026-01-06 22:38:17,54
3280,3540,8,2026-01-05 12:23:49,2026-01-05 12:40:49,2026-01-05 12:52:49,30
3281,3542,80,2026-01-05 15:47:39,2026-01-05 16:06:39,2026-01-05 16:22:39,37
3282,3543,22,2026-01-04 10:41:40,2026-01-04 11:06:40,2026-01-04 11:30:40,51
3283,3544,105,2026-01-04 20:05:38,2026-01-04 20:29:38,2026-01-04 20:52:38,48
3284,3545,83,2026-01-24 22:56:26,2026-01-24 23:23:26,2026-01-24 23:48:26,53
3285,3546,13,2026-01-14 14:52:08,2026-01-14 15:23:08,2026-01-14 15:51:08,61
3286,3547,106,2026-01-01 09:56:35,2026-01-01 10:22:35,2026-01-01 10:41:35,47
3287,3548,65,2026-01-05 22:00:12,2026-01-05 22:33:12,2026-01-05 22:51:12,55
3288,3549,28,2026-01-03 21:17:55,2026-01-03 22:01:55,2026-01-03 22:22:55,67
3289,3550,48,2026-01-11 20:19:42,2026-01-11 20:42:42,2026-01-11 21:05:42,47
3290,3551,61,2026-01-16 11:49:13,2026-01-16 12:10:13,2026-01-16 12:38:13,53
3291,3552,98,2026-01-01 23:47:55,2026-01-02 00:20:55,2026-01-02 00:34:55,48
3292,3553,39,2026-01-24 13:05:01,2026-01-24 13:28:01,2026-01-24 13:53:01,50
3293,3554,116,2026-01-01 15:36:12,2026-01-01 16:00:12,2026-01-01 16:10:12,37
3294,3555,42,2026-01-23 13:22:33,2026-01-23 13:51:33,2026-01-23 14:19:33,58
3295,3556,119,2026-01-15 21:13:07,2026-01-15 21:54:07,2026-01-15 22:15:07,65
3296,3557,24,2026-01-25 06:42:26,2026-01-25 07:07:26,2026-01-25 07:24:26,43
3297,3559,5,2026-01-30 10:49:11,2026-01-30 11:13:11,2026-01-30 11:26:11,39
3298,3560,52,2026-01-03 13:29:23,2026-01-03 14:04:23,2026-01-03 14:31:23,65
3299,3561,64,2026-01-10 04:09:23,2026-01-10 04:28:23,2026-01-10 04:45:23,39
3300,3562,89,2026-01-08 14:29:07,2026-01-08 15:03:07,2026-01-08 15:36:07,68
3301,3563,20,2026-01-26 12:55:56,2026-01-26 13:17:56,2026-01-26 13:38:56,47
3302,3564,77,2026-01-04 21:30:26,2026-01-04 22:02:26,2026-01-04 22:28:26,62
3303,3565,35,2026-01-26 15:07:03,2026-01-26 15:29:03,2026-01-26 15:53:03,49
3304,3567,29,2026-01-11 05:55:53,2026-01-11 06:30:53,2026-01-11 06:41:53,48
3305,3568,90,2026-01-06 21:18:07,2026-01-06 21:44:07,2026-01-06 22:10:07,55
3306,3569,62,2026-01-05 02:20:45,2026-01-05 02:41:45,2026-01-05 03:07:45,49
3307,3570,62,2026-01-26 23:54:03,2026-01-27 00:17:03,2026-01-27 00:45:03,55
3308,3571,79,2026-01-19 22:42:13,2026-01-19 23:14:13,2026-01-19 23:39:13,60
3309,3572,39,2026-01-03 13:54:21,2026-01-03 14:15:21,2026-01-03 14:34:21,44
3310,3573,30,2026-01-25 18:42:53,2026-01-25 19:18:53,2026-01-25 19:40:53,59
3311,3574,112,2026-01-22 22:02:33,2026-01-22 22:37:33,2026-01-22 22:59:33,60
3312,3575,43,2026-01-07 14:40:05,2026-01-07 15:12:05,2026-01-07 15:42:05,63
3313,3576,11,2026-01-09 14:50:52,2026-01-09 15:11:52,2026-01-09 15:37:52,49
3314,3577,37,2026-01-27 20:07:11,2026-01-27 20:31:11,2026-01-27 20:57:11,54
3315,3578,11,2026-01-27 22:10:48,2026-01-27 22:37:48,2026-01-27 23:07:48,60
3316,3579,15,2026-01-09 12:59:58,2026-01-09 13:21:58,2026-01-09 13:39:58,43
3317,3580,79,2026-01-09 06:34:19,2026-01-09 06:55:19,2026-01-09 07:11:19,39
3318,3581,67,2026-01-27 04:44:02,2026-01-27 05:10:02,2026-01-27 05:32:02,50
3319,3582,102,2026-01-15 22:55:57,2026-01-15 23:28:57,2026-01-15 23:47:57,56
3320,3583,113,2026-01-13 14:41:57,2026-01-13 15:22:57,2026-01-13 15:38:57,59
3321,3584,39,2026-01-14 02:58:52,2026-01-14 03:25:52,2026-01-14 03:47:52,53
3322,3585,50,2026-01-13 10:58:12,2026-01-13 11:17:12,2026-01-13 11:45:12,50
3323,3586,84,2026-01-05 12:41:22,2026-01-05 13:08:22,2026-01-05 13:27:22,47
3324,3587,54,2026-01-07 15:50:50,2026-01-07 16:12:50,2026-01-07 16:25:50,38
3325,3588,95,2026-01-05 22:00:53,2026-01-05 22:41:53,2026-01-05 23:00:53,62
3326,3589,16,2026-01-11 12:20:37,2026-01-11 12:50:37,2026-01-11 13:08:37,50
3327,3590,75,2026-01-14 08:08:50,2026-01-14 08:38:50,2026-01-14 08:55:50,48
3328,3591,40,2026-01-03 21:16:22,2026-01-03 21:46:22,2026-01-03 22:13:22,61
3329,3592,106,2026-01-22 12:30:19,2026-01-22 12:57:19,2026-01-22 13:16:19,50
3330,3593,14,2026-01-12 13:39:21,2026-01-12 14:13:21,2026-01-12 14:35:21,60
3331,3594,23,2026-01-30 13:59:15,2026-01-30 14:38:15,2026-01-30 15:02:15,65
3332,3595,23,2026-01-26 03:53:34,2026-01-26 04:30:34,2026-01-26 04:43:34,53
3333,3596,27,2026-01-20 04:04:01,2026-01-20 04:29:01,2026-01-20 04:46:01,46
3334,3597,27,2026-01-28 00:53:27,2026-01-28 01:14:27,2026-01-28 01:27:27,37
3335,3598,29,2026-01-13 03:35:40,2026-01-13 04:04:40,2026-01-13 04:27:40,56
3336,3599,54,2026-01-02 18:30:11,2026-01-02 18:48:11,2026-01-02 18:59:11,33
3337,3600,41,2026-01-27 17:26:12,2026-01-27 17:47:12,2026-01-27 18:10:12,46
3338,3601,64,2026-01-20 16:31:30,2026-01-20 17:04:30,2026-01-20 17:21:30,54
3339,3602,113,2026-01-25 13:50:06,2026-01-25 14:25:06,2026-01-25 14:56:06,69
3340,3603,81,2026-01-29 21:06:04,2026-01-29 21:44:04,2026-01-29 21:57:04,54
3341,3604,108,2026-01-06 10:10:56,2026-01-06 10:45:56,2026-01-06 10:56:56,47
3342,3605,49,2026-01-27 23:34:29,2026-01-27 23:50:29,2026-01-28 00:05:29,32
3343,3606,106,2026-01-02 00:22:27,2026-01-02 00:46:27,2026-01-02 01:14:27,55
3344,3607,83,2026-01-05 05:01:19,2026-01-05 05:22:19,2026-01-05 05:35:19,36
3345,3608,1,2026-01-21 20:06:00,2026-01-21 20:43:00,2026-01-21 20:59:00,57
3346,3609,86,2026-01-07 13:35:23,2026-01-07 14:04:23,2026-01-07 14:32:23,60
3347,3610,28,2026-01-08 15:01:03,2026-01-08 15:42:03,2026-01-08 15:57:03,59
3348,3611,108,2026-01-01 14:32:42,2026-01-01 15:07:42,2026-01-01 15:31:42,60
3349,3612,18,2026-01-14 03:29:12,2026-01-14 03:50:12,2026-01-14 04:07:12,40
3350,3613,7,2026-01-27 10:51:11,2026-01-27 11:13:11,2026-01-27 11:27:11,40
3351,3614,108,2026-01-30 13:53:31,2026-01-30 14:24:31,2026-01-30 14:51:31,62
3352,3615,41,2026-01-23 23:55:01,2026-01-24 00:14:01,2026-01-24 00:34:01,40
3353,3616,90,2026-01-26 17:38:26,2026-01-26 18:12:26,2026-01-26 18:23:26,49
3354,3617,47,2026-01-03 12:04:48,2026-01-03 12:38:48,2026-01-03 12:59:48,58
3355,3618,117,2026-01-22 23:04:03,2026-01-22 23:30:03,2026-01-22 23:46:03,44
3356,3619,62,2026-01-31 15:18:24,2026-01-31 16:00:24,2026-01-31 16:15:24,61
3357,3620,11,2026-01-07 23:27:18,2026-01-08 00:04:18,2026-01-08 00:24:18,61
3358,3621,37,2026-01-29 14:21:06,2026-01-29 14:51:06,2026-01-29 15:08:06,48
3359,3622,84,2026-01-07 21:47:45,2026-01-07 22:21:45,2026-01-07 22:42:45,59
3360,3623,58,2026-01-30 15:00:24,2026-01-30 15:41:24,2026-01-30 16:04:24,67
3361,3624,63,2026-01-09 18:58:21,2026-01-09 19:23:21,2026-01-09 19:37:21,41
3362,3625,40,2026-01-05 04:52:05,2026-01-05 05:16:05,2026-01-05 05:41:05,51
3363,3627,13,2026-01-31 21:19:50,2026-01-31 21:57:50,2026-01-31 22:31:50,73
3364,3628,26,2026-01-23 07:38:20,2026-01-23 08:05:20,2026-01-23 08:24:20,47
3365,3629,102,2026-01-04 21:21:12,2026-01-04 21:58:12,2026-01-04 22:32:12,75
3366,3630,84,2026-01-29 14:23:02,2026-01-29 14:54:02,2026-01-29 15:25:02,64
3367,3631,80,2026-01-25 17:00:05,2026-01-25 17:36:05,2026-01-25 17:48:05,50
3368,3632,24,2026-01-27 05:21:30,2026-01-27 05:58:30,2026-01-27 06:14:30,57
3369,3633,86,2026-01-30 21:24:58,2026-01-30 21:57:58,2026-01-30 22:13:58,52
3370,3634,106,2026-01-21 06:44:50,2026-01-21 07:02:50,2026-01-21 07:21:50,41
3371,3635,50,2026-01-08 08:27:17,2026-01-08 08:49:17,2026-01-08 09:14:17,48
3372,3636,24,2026-01-10 14:58:51,2026-01-10 15:28:51,2026-01-10 15:46:51,50
3373,3637,113,2026-01-14 08:07:13,2026-01-14 08:24:13,2026-01-14 08:47:13,41
3374,3638,32,2026-01-19 20:37:41,2026-01-19 21:07:41,2026-01-19 21:31:41,55
3375,3639,95,2026-01-12 15:36:41,2026-01-12 16:08:41,2026-01-12 16:26:41,53
3376,3640,118,2026-01-13 21:42:51,2026-01-13 22:26:51,2026-01-13 22:54:51,76
3377,3641,90,2026-01-16 08:14:47,2026-01-16 08:38:47,2026-01-16 08:55:47,45
3378,3642,82,2026-01-16 13:26:45,2026-01-16 14:05:45,2026-01-16 14:28:45,65
3379,3643,86,2026-01-27 22:40:52,2026-01-27 23:18:52,2026-01-27 23:44:52,67
3380,3645,50,2026-01-24 23:40:40,2026-01-25 00:14:40,2026-01-25 00:37:40,58
3381,3646,57,2026-01-02 01:18:56,2026-01-02 01:53:56,2026-01-02 02:15:56,61
3382,3647,114,2026-01-29 22:59:41,2026-01-29 23:39:41,2026-01-29 23:56:41,61
3383,3648,10,2026-01-28 21:17:17,2026-01-28 21:50:17,2026-01-28 22:08:17,54
3384,3649,34,2026-01-16 21:06:33,2026-01-16 21:44:33,2026-01-16 22:19:33,74
3385,3650,62,2026-01-13 21:37:35,2026-01-13 22:06:35,2026-01-13 22:28:35,52
3386,3651,37,2026-01-09 13:30:20,2026-01-09 14:02:20,2026-01-09 14:23:20,54
3387,3652,84,2026-01-23 21:19:51,2026-01-23 21:55:51,2026-01-23 22:26:51,70
3388,3653,108,2026-01-21 23:38:07,2026-01-22 00:10:07,2026-01-22 00:35:07,58
3389,3654,36,2026-01-23 21:01:10,2026-01-23 21:24:10,2026-01-23 21:38:10,41
3390,3655,93,2026-01-12 22:22:12,2026-01-12 22:46:12,2026-01-12 23:11:12,52
3391,3656,4,2026-01-21 06:46:13,2026-01-21 07:15:13,2026-01-21 07:38:13,55
3392,3657,20,2026-01-19 14:20:23,2026-01-19 14:46:23,2026-01-19 15:11:23,54
3393,3658,2,2026-01-26 10:18:24,2026-01-26 10:39:24,2026-01-26 10:57:24,41
3394,3659,91,2026-01-17 17:47:18,2026-01-17 18:22:18,2026-01-17 18:46:18,62
3395,3660,87,2026-01-09 23:38:18,2026-01-10 00:04:18,2026-01-10 00:16:18,42
3396,3661,8,2026-01-09 23:53:06,2026-01-10 00:07:06,2026-01-10 00:21:06,29
3397,3662,34,2026-01-30 04:00:11,2026-01-30 04:14:11,2026-01-30 04:32:11,36
3398,3663,106,2026-01-16 06:21:42,2026-01-16 06:50:42,2026-01-16 07:15:42,57
3399,3664,119,2026-01-23 20:56:30,2026-01-23 21:22:30,2026-01-23 21:36:30,42
3400,3665,77,2026-01-10 13:29:03,2026-01-10 14:01:03,2026-01-10 14:29:03,64
3401,3666,120,2026-01-14 23:16:26,2026-01-14 23:36:26,2026-01-14 23:54:26,40
3402,3668,100,2026-01-23 05:17:26,2026-01-23 05:38:26,2026-01-23 05:58:26,45
3403,3669,74,2026-01-07 23:00:44,2026-01-07 23:38:44,2026-01-07 23:57:44,61
3404,3670,23,2026-01-30 16:06:02,2026-01-30 16:31:02,2026-01-30 16:59:02,54
3405,3671,55,2026-01-08 05:35:26,2026-01-08 05:57:26,2026-01-08 06:17:26,44
3406,3674,41,2026-01-17 20:48:11,2026-01-17 21:24:11,2026-01-17 21:43:11,57
3407,3675,89,2026-01-04 15:23:02,2026-01-04 15:46:02,2026-01-04 16:01:02,41
3408,3676,79,2026-01-14 20:35:12,2026-01-14 20:56:12,2026-01-14 21:11:12,37
3409,3678,95,2026-01-17 12:23:41,2026-01-17 12:41:41,2026-01-17 12:52:41,30
3410,3679,86,2026-01-10 15:09:01,2026-01-10 15:28:01,2026-01-10 15:45:01,38
3411,3680,38,2026-01-26 08:14:28,2026-01-26 08:30:28,2026-01-26 08:45:28,34
3412,3681,41,2026-01-09 22:21:12,2026-01-09 22:53:12,2026-01-09 23:16:12,56
3413,3682,60,2026-01-09 21:48:27,2026-01-09 22:12:27,2026-01-09 22:44:27,57
3414,3683,37,2026-01-12 20:57:53,2026-01-12 21:26:53,2026-01-12 21:39:53,45
3415,3684,104,2026-01-15 15:29:24,2026-01-15 15:57:24,2026-01-15 16:07:24,41
3416,3685,30,2026-01-01 10:08:04,2026-01-01 10:36:04,2026-01-01 10:56:04,50
3417,3686,4,2026-01-19 19:17:26,2026-01-19 19:36:26,2026-01-19 19:51:26,38
3418,3687,104,2026-01-08 14:25:03,2026-01-08 14:49:03,2026-01-08 15:13:03,49
3419,3688,71,2026-01-13 22:27:16,2026-01-13 23:03:16,2026-01-13 23:26:16,60
3420,3689,69,2026-01-12 00:00:52,2026-01-12 00:16:52,2026-01-12 00:30:52,34
3421,3690,16,2026-01-15 21:40:00,2026-01-15 22:06:00,2026-01-15 22:26:00,50
3422,3691,7,2026-01-19 08:50:04,2026-01-19 09:22:04,2026-01-19 09:40:04,52
3423,3692,26,2026-01-31 15:00:47,2026-01-31 15:35:47,2026-01-31 16:04:47,67
3424,3693,44,2026-01-16 11:18:47,2026-01-16 11:38:47,2026-01-16 11:54:47,39
3425,3694,77,2026-01-28 22:40:03,2026-01-28 23:13:03,2026-01-28 23:36:03,58
3426,3695,83,2026-01-26 12:43:04,2026-01-26 13:06:04,2026-01-26 13:31:04,49
3427,3696,3,2026-01-02 21:57:53,2026-01-02 22:28:53,2026-01-02 22:54:53,59
3428,3697,46,2026-01-27 23:52:05,2026-01-28 00:19:05,2026-01-28 00:41:05,53
3429,3698,100,2026-01-05 12:08:21,2026-01-05 12:37:21,2026-01-05 13:01:21,56
3430,3699,44,2026-01-13 22:50:15,2026-01-13 23:19:15,2026-01-13 23:50:15,64
3431,3700,73,2026-01-15 22:09:42,2026-01-15 22:46:42,2026-01-15 23:14:42,67
3432,3701,56,2026-01-23 22:47:35,2026-01-23 23:24:35,2026-01-23 23:48:35,64
3433,3702,86,2026-01-25 13:03:26,2026-01-25 13:43:26,2026-01-25 14:04:26,63
3434,3703,96,2026-01-18 21:28:09,2026-01-18 22:01:09,2026-01-18 22:26:09,62
3435,3704,67,2026-01-16 22:22:44,2026-01-16 23:02:44,2026-01-16 23:33:44,75
3436,3705,109,2026-01-19 06:32:22,2026-01-19 06:52:22,2026-01-19 07:17:22,48
3437,3706,66,2026-01-21 20:00:01,2026-01-21 20:24:01,2026-01-21 20:45:01,49
3438,3707,20,2026-01-13 20:18:34,2026-01-13 20:42:34,2026-01-13 20:55:34,38
3439,3708,39,2026-01-21 22:41:58,2026-01-21 23:11:58,2026-01-21 23:35:58,57
3440,3709,16,2026-01-09 04:48:30,2026-01-09 05:05:30,2026-01-09 05:16:30,32
3441,3710,36,2026-01-06 21:45:32,2026-01-06 22:15:32,2026-01-06 22:46:32,65
3442,3711,83,2026-01-17 22:50:06,2026-01-17 23:30:06,2026-01-17 23:46:06,57
3443,3712,67,2026-01-23 19:20:53,2026-01-23 19:58:53,2026-01-23 20:21:53,64
3444,3713,99,2026-01-04 20:24:55,2026-01-04 20:43:55,2026-01-04 21:00:55,40
3445,3714,54,2026-01-23 02:26:29,2026-01-23 02:57:29,2026-01-23 03:10:29,46
3446,3715,89,2026-01-30 15:39:01,2026-01-30 16:09:01,2026-01-30 16:28:01,52
3447,3716,75,2026-01-12 12:08:33,2026-01-12 12:34:33,2026-01-12 12:57:33,50
3448,3717,106,2026-01-08 13:25:38,2026-01-08 14:06:38,2026-01-08 14:33:38,72
3449,3718,77,2026-01-17 10:53:22,2026-01-17 11:14:22,2026-01-17 11:31:22,40
3450,3719,94,2026-01-18 20:57:54,2026-01-18 21:23:54,2026-01-18 21:37:54,42
3451,3720,68,2026-01-14 04:21:44,2026-01-14 04:41:44,2026-01-14 04:58:44,39
3452,3721,22,2026-01-06 22:05:31,2026-01-06 22:33:31,2026-01-06 22:57:31,55
3453,3722,47,2026-01-11 21:12:54,2026-01-11 21:41:54,2026-01-11 22:13:54,64
3454,3723,104,2026-01-26 12:50:01,2026-01-26 13:12:01,2026-01-26 13:26:01,40
3455,3724,40,2026-01-01 21:41:17,2026-01-01 22:23:17,2026-01-01 22:40:17,61
3456,3725,13,2026-01-12 15:01:18,2026-01-12 15:29:18,2026-01-12 15:59:18,61
3457,3726,78,2026-01-23 19:10:44,2026-01-23 19:36:44,2026-01-23 19:47:44,41
3458,3727,63,2026-01-07 07:25:23,2026-01-07 07:56:23,2026-01-07 08:20:23,57
3459,3728,78,2026-01-17 01:19:32,2026-01-17 01:43:32,2026-01-17 02:12:32,55
3460,3730,38,2026-01-11 13:40:46,2026-01-11 14:09:46,2026-01-11 14:32:46,55
3461,3731,84,2026-01-16 22:31:42,2026-01-16 23:08:42,2026-01-16 23:35:42,68
3462,3732,66,2026-01-23 00:50:00,2026-01-23 01:13:00,2026-01-23 01:28:00,41
3463,3733,47,2026-01-08 23:58:46,2026-01-09 00:33:46,2026-01-09 00:54:46,59
3464,3734,40,2026-01-22 21:55:37,2026-01-22 22:24:37,2026-01-22 22:48:37,54
3465,3735,26,2026-01-21 10:52:31,2026-01-21 11:13:31,2026-01-21 11:33:31,45
3466,3736,93,2026-01-08 22:01:23,2026-01-08 22:39:23,2026-01-08 23:02:23,65
3467,3737,72,2026-01-27 23:32:17,2026-01-27 23:54:17,2026-01-28 00:19:17,49
3468,3739,44,2026-01-02 23:50:29,2026-01-03 00:09:29,2026-01-03 00:35:29,48
3469,3740,4,2026-01-26 03:14:34,2026-01-26 03:41:34,2026-01-26 04:05:34,54
3470,3741,110,2026-01-06 12:52:00,2026-01-06 13:19:00,2026-01-06 13:38:00,47
3471,3742,62,2026-01-10 06:36:48,2026-01-10 06:59:48,2026-01-10 07:16:48,44
3472,3743,61,2026-01-06 12:20:32,2026-01-06 12:48:32,2026-01-06 13:11:32,55
3473,3744,117,2026-01-16 13:45:56,2026-01-16 14:21:56,2026-01-16 14:49:56,65
3474,3745,118,2026-01-12 14:27:50,2026-01-12 15:03:50,2026-01-12 15:25:50,62
3475,3746,97,2026-01-03 17:18:28,2026-01-03 17:53:28,2026-01-03 18:20:28,66
3476,3747,16,2026-01-13 21:34:55,2026-01-13 21:59:55,2026-01-13 22:21:55,49
3477,3748,35,2026-01-16 22:31:18,2026-01-16 23:01:18,2026-01-16 23:32:18,63
3478,3749,119,2026-01-01 21:02:08,2026-01-01 21:42:08,2026-01-01 22:01:08,61
3479,3751,93,2026-01-16 23:06:35,2026-01-16 23:33:35,2026-01-16 23:43:35,40
3480,3752,88,2026-01-04 14:10:02,2026-01-04 14:45:02,2026-01-04 15:06:02,60
3481,3753,19,2026-01-01 21:13:49,2026-01-01 21:50:49,2026-01-01 22:15:49,66
3482,3754,83,2026-01-07 06:05:32,2026-01-07 06:32:32,2026-01-07 06:53:32,51
3483,3755,107,2026-01-04 00:26:29,2026-01-04 00:48:29,2026-01-04 01:22:29,57
3484,3756,44,2026-01-28 22:47:40,2026-01-28 23:21:40,2026-01-28 23:42:40,59
3485,3757,60,2026-01-11 17:01:00,2026-01-11 17:26:00,2026-01-11 17:47:00,48
3486,3758,67,2026-01-08 03:24:53,2026-01-08 03:39:53,2026-01-08 03:59:53,37
3487,3759,62,2026-01-30 20:31:29,2026-01-30 20:54:29,2026-01-30 21:20:29,53
3488,3760,74,2026-01-12 21:01:27,2026-01-12 21:44:27,2026-01-12 22:05:27,65
3489,3761,37,2026-01-31 17:19:58,2026-01-31 17:43:58,2026-01-31 18:06:58,49
3490,3762,100,2026-01-21 21:31:40,2026-01-21 22:00:40,2026-01-21 22:27:40,59
3491,3763,86,2026-01-05 23:10:53,2026-01-05 23:51:53,2026-01-06 00:11:53,64
3492,3764,79,2026-01-25 03:56:31,2026-01-25 04:12:31,2026-01-25 04:29:31,34
3493,3766,44,2026-01-07 09:29:39,2026-01-07 09:52:39,2026-01-07 10:09:39,42
3494,3767,34,2026-01-01 15:15:02,2026-01-01 15:42:02,2026-01-01 15:53:02,41
3495,3768,112,2026-01-15 03:32:49,2026-01-15 03:47:49,2026-01-15 04:09:49,39
3496,3769,116,2026-01-23 06:19:59,2026-01-23 06:43:59,2026-01-23 06:56:59,39
3497,3770,52,2026-01-01 14:14:05,2026-01-01 14:49:05,2026-01-01 15:04:05,53
3498,3771,60,2026-01-03 02:59:47,2026-01-03 03:35:47,2026-01-03 03:51:47,53
3499,3772,26,2026-01-26 12:41:06,2026-01-26 13:08:06,2026-01-26 13:20:06,42
3500,3773,58,2026-01-07 22:10:55,2026-01-07 22:34:55,2026-01-07 23:02:55,55
3501,3774,5,2026-01-12 13:11:39,2026-01-12 13:41:39,2026-01-12 14:02:39,54
3502,3775,84,2026-01-27 19:15:08,2026-01-27 19:32:08,2026-01-27 19:50:08,37
3503,3776,30,2026-01-03 21:13:15,2026-01-03 21:38:15,2026-01-03 22:07:15,58
3504,3777,14,2026-01-30 14:25:54,2026-01-30 14:50:54,2026-01-30 15:13:54,52
3505,3778,28,2026-01-24 17:47:38,2026-01-24 18:08:38,2026-01-24 18:26:38,40
3506,3779,70,2026-01-29 12:37:11,2026-01-29 13:06:11,2026-01-29 13:24:11,48
3507,3780,48,2026-01-15 02:15:21,2026-01-15 02:47:21,2026-01-15 03:05:21,53
3508,3781,90,2026-01-29 05:06:55,2026-01-29 05:22:55,2026-01-29 05:40:55,36
3509,3782,59,2026-01-13 23:00:09,2026-01-13 23:41:09,2026-01-13 23:53:09,54
3510,3783,10,2026-01-12 20:39:04,2026-01-12 21:14:04,2026-01-12 21:36:04,60
3511,3784,83,2026-01-14 13:32:01,2026-01-14 13:57:01,2026-01-14 14:29:01,61
3512,3785,60,2026-01-05 23:14:05,2026-01-05 23:37:05,2026-01-05 23:53:05,40
3513,3786,12,2026-01-28 20:44:02,2026-01-28 21:03:02,2026-01-28 21:17:02,35
3514,3788,46,2026-01-11 14:18:08,2026-01-11 14:50:08,2026-01-11 15:10:08,56
3515,3789,24,2026-01-10 10:41:09,2026-01-10 11:23:09,2026-01-10 11:40:09,60
3516,3790,1,2026-01-31 14:17:43,2026-01-31 14:51:43,2026-01-31 15:18:43,65
3517,3791,109,2026-01-05 23:51:54,2026-01-06 00:15:54,2026-01-06 00:27:54,40
3518,3792,45,2026-01-17 00:26:53,2026-01-17 00:55:53,2026-01-17 01:13:53,51
3519,3793,54,2026-01-03 22:43:50,2026-01-03 23:08:50,2026-01-03 23:31:50,49
3520,3794,76,2026-01-23 22:16:06,2026-01-23 22:58:06,2026-01-23 23:29:06,76
3521,3795,29,2026-01-13 22:15:36,2026-01-13 22:50:36,2026-01-13 23:12:36,60
3522,3796,111,2026-01-11 17:39:55,2026-01-11 18:11:55,2026-01-11 18:23:55,46
3523,3797,119,2026-01-27 14:22:56,2026-01-27 14:54:56,2026-01-27 15:20:56,59
3524,3798,1,2026-01-08 07:14:37,2026-01-08 07:40:37,2026-01-08 08:00:37,48
3525,3799,72,2026-01-10 13:01:55,2026-01-10 13:29:55,2026-01-10 13:50:55,51
3526,3800,90,2026-01-05 22:28:44,2026-01-05 22:48:44,2026-01-05 23:16:44,50
3527,3801,1,2026-01-07 21:38:24,2026-01-07 22:10:24,2026-01-07 22:27:24,52
3528,3802,87,2026-01-28 19:26:38,2026-01-28 19:58:38,2026-01-28 20:14:38,49
3529,3803,95,2026-01-04 21:31:40,2026-01-04 22:06:40,2026-01-04 22:20:40,50
3530,3804,96,2026-01-05 07:38:45,2026-01-05 08:09:45,2026-01-05 08:30:45,54
3531,3806,65,2026-01-13 22:40:41,2026-01-13 23:18:41,2026-01-13 23:43:41,65
3532,3807,14,2026-01-30 12:19:09,2026-01-30 12:41:09,2026-01-30 12:53:09,37
3533,3808,72,2026-01-04 14:25:12,2026-01-04 15:00:12,2026-01-04 15:20:12,57
3534,3809,46,2026-01-08 14:12:24,2026-01-08 14:46:24,2026-01-08 15:17:24,68
3535,3810,62,2026-01-11 23:12:54,2026-01-11 23:47:54,2026-01-12 00:05:54,56
3536,3811,89,2026-01-14 22:31:10,2026-01-14 22:53:10,2026-01-14 23:18:10,48
3537,3812,83,2026-01-19 21:23:06,2026-01-19 21:50:06,2026-01-19 22:10:06,50
3538,3813,65,2026-01-10 22:42:45,2026-01-10 23:24:45,2026-01-10 23:47:45,68
3539,3814,115,2026-01-28 19:06:54,2026-01-28 19:37:54,2026-01-28 20:03:54,58
3540,3815,26,2026-01-10 02:10:08,2026-01-10 02:38:08,2026-01-10 03:06:08,60
3541,3816,40,2026-01-26 11:23:10,2026-01-26 11:35:10,2026-01-26 12:04:10,44
3542,3818,12,2026-01-16 14:08:53,2026-01-16 14:29:53,2026-01-16 14:49:53,42
3543,3819,24,2026-01-29 21:05:49,2026-01-29 21:32:49,2026-01-29 21:54:49,51
3544,3820,75,2026-01-28 23:16:00,2026-01-28 23:34:00,2026-01-28 23:59:00,45
3545,3821,77,2026-01-24 19:51:47,2026-01-24 20:09:47,2026-01-24 20:27:47,40
3546,3822,57,2026-01-30 13:40:34,2026-01-30 14:04:34,2026-01-30 14:24:34,46
3547,3824,59,2026-01-01 21:34:10,2026-01-01 22:09:10,2026-01-01 22:32:10,62
3548,3825,69,2026-01-10 15:00:38,2026-01-10 15:44:38,2026-01-10 16:13:38,75
3549,3826,3,2026-01-05 15:39:21,2026-01-05 16:05:21,2026-01-05 16:15:21,40
3550,3827,89,2026-01-19 00:17:41,2026-01-19 00:45:41,2026-01-19 01:08:41,55
3551,3828,20,2026-01-04 18:29:11,2026-01-04 18:48:11,2026-01-04 19:10:11,42
3552,3829,79,2026-01-25 16:30:48,2026-01-25 16:47:48,2026-01-25 17:00:48,32
3553,3830,8,2026-01-03 15:56:30,2026-01-03 16:13:30,2026-01-03 16:30:30,38
3554,3831,51,2026-01-03 14:12:07,2026-01-03 14:42:07,2026-01-03 15:04:07,56
3555,3832,5,2026-01-01 22:08:33,2026-01-01 22:36:33,2026-01-01 22:56:33,52
3556,3834,102,2026-01-27 09:46:28,2026-01-27 10:10:28,2026-01-27 10:22:28,39
3557,3835,118,2026-01-19 18:58:00,2026-01-19 19:24:00,2026-01-19 19:44:00,48
3558,3836,6,2026-01-20 21:35:52,2026-01-20 22:09:52,2026-01-20 22:27:52,53
3559,3837,119,2026-01-08 03:28:58,2026-01-08 04:08:58,2026-01-08 04:20:58,56
3560,3838,20,2026-01-21 17:55:22,2026-01-21 18:21:22,2026-01-21 18:35:22,43
3561,3839,11,2026-01-25 13:31:10,2026-01-25 14:20:10,2026-01-25 14:42:10,72
3562,3841,41,2026-01-14 21:19:54,2026-01-14 22:11:54,2026-01-14 22:31:54,75
3563,3842,63,2026-01-18 14:11:45,2026-01-18 14:45:45,2026-01-18 15:12:45,62
3564,3843,7,2026-01-22 21:04:56,2026-01-22 21:34:56,2026-01-22 21:58:56,57
3565,3844,65,2026-01-08 12:08:54,2026-01-08 12:41:54,2026-01-08 13:08:54,64
3566,3846,39,2026-01-20 10:57:36,2026-01-20 11:23:36,2026-01-20 11:37:36,44
3567,3847,81,2026-01-04 16:38:31,2026-01-04 17:03:31,2026-01-04 17:25:31,48
3568,3848,40,2026-01-02 14:31:19,2026-01-02 14:59:19,2026-01-02 15:22:19,54
3569,3849,78,2026-01-24 13:24:31,2026-01-24 13:57:31,2026-01-24 14:18:31,56
3570,3850,98,2026-01-08 16:52:53,2026-01-08 17:20:53,2026-01-08 17:35:53,46
3571,3851,59,2026-01-31 15:37:17,2026-01-31 15:59:17,2026-01-31 16:27:17,51
3572,3852,51,2026-01-03 23:25:47,2026-01-03 23:53:47,2026-01-04 00:15:47,54
3573,3853,64,2026-01-29 14:02:36,2026-01-29 14:37:36,2026-01-29 14:57:36,58
3574,3854,85,2026-01-04 10:35:55,2026-01-04 11:14:55,2026-01-04 11:39:55,67
3575,3855,101,2026-01-21 13:21:52,2026-01-21 13:52:52,2026-01-21 14:21:52,64
3576,3856,98,2026-01-21 22:12:35,2026-01-21 22:39:35,2026-01-21 23:06:35,55
3577,3858,4,2026-01-03 15:15:57,2026-01-03 15:31:57,2026-01-03 15:48:57,36
3578,3859,117,2026-01-14 04:08:00,2026-01-14 04:35:00,2026-01-14 04:54:00,47
3579,3860,105,2026-01-19 10:52:14,2026-01-19 11:22:14,2026-01-19 11:41:14,53
3580,3861,52,2026-01-26 13:57:55,2026-01-26 14:26:55,2026-01-26 14:44:55,51
3581,3862,43,2026-01-03 13:28:15,2026-01-03 13:52:15,2026-01-03 14:09:15,43
3582,3863,20,2026-01-16 10:49:22,2026-01-16 11:18:22,2026-01-16 11:29:22,42
3583,3865,57,2026-01-04 22:11:42,2026-01-04 22:40:42,2026-01-04 23:10:42,63
3584,3866,24,2026-01-03 13:21:04,2026-01-03 13:57:04,2026-01-03 14:14:04,56
3585,3867,114,2026-01-05 21:47:20,2026-01-05 22:34:20,2026-01-05 23:02:20,78
3586,3868,48,2026-01-05 10:12:20,2026-01-05 10:35:20,2026-01-05 10:48:20,37
3587,3869,101,2026-01-16 14:45:18,2026-01-16 15:23:18,2026-01-16 15:54:18,71
3588,3870,31,2026-01-15 18:17:17,2026-01-15 18:36:17,2026-01-15 18:51:17,38
3589,3871,71,2026-01-07 17:49:54,2026-01-07 18:18:54,2026-01-07 18:40:54,53
3590,3872,5,2026-01-17 14:50:27,2026-01-17 15:26:27,2026-01-17 15:41:27,53
3591,3873,71,2026-01-18 21:09:58,2026-01-18 21:35:58,2026-01-18 21:59:58,51
3592,3874,78,2026-01-30 15:14:25,2026-01-30 15:34:25,2026-01-30 15:44:25,34
3593,3875,34,2026-01-08 20:22:41,2026-01-08 20:58:41,2026-01-08 21:11:41,51
3594,3876,79,2026-01-21 22:33:35,2026-01-21 23:14:35,2026-01-21 23:44:35,73
3595,3877,99,2026-01-05 06:31:28,2026-01-05 07:08:28,2026-01-05 07:23:28,54
3596,3878,25,2026-01-30 12:34:32,2026-01-30 13:15:32,2026-01-30 13:30:32,60
3597,3879,12,2026-01-31 14:15:09,2026-01-31 14:42:09,2026-01-31 15:08:09,54
3598,3880,36,2026-01-05 14:49:21,2026-01-05 15:29:21,2026-01-05 16:04:21,76
3599,3881,37,2026-01-10 12:54:31,2026-01-10 13:11:31,2026-01-10 13:29:31,38
3600,3882,106,2026-01-25 06:53:40,2026-01-25 07:20:40,2026-01-25 07:40:40,50
3601,3883,55,2026-01-29 21:42:59,2026-01-29 22:12:59,2026-01-29 22:35:59,57
3602,3884,75,2026-01-19 14:44:08,2026-01-19 15:24:08,2026-01-19 15:47:08,65
3603,3885,10,2026-01-20 19:35:21,2026-01-20 19:56:21,2026-01-20 20:11:21,39
3604,3886,44,2026-01-16 13:15:42,2026-01-16 13:47:42,2026-01-16 14:11:42,59
3605,3888,66,2026-01-02 10:53:03,2026-01-02 11:18:03,2026-01-02 11:28:03,39
3606,3889,22,2026-01-07 23:55:38,2026-01-08 00:10:38,2026-01-08 00:33:38,42
3607,3890,27,2026-01-18 23:49:48,2026-01-19 00:08:48,2026-01-19 00:28:48,41
3608,3891,24,2026-01-02 15:50:13,2026-01-02 16:22:13,2026-01-02 16:39:13,53
3609,3892,116,2026-01-15 20:32:24,2026-01-15 21:01:24,2026-01-15 21:22:24,53
3610,3893,46,2026-01-28 22:37:38,2026-01-28 23:09:38,2026-01-28 23:41:38,67
3611,3894,18,2026-01-04 22:32:38,2026-01-04 23:06:38,2026-01-04 23:30:38,61
3612,3895,89,2026-01-20 08:15:02,2026-01-20 08:39:02,2026-01-20 08:56:02,43
3613,3896,93,2026-01-02 15:41:41,2026-01-02 16:04:41,2026-01-02 16:23:41,43
3614,3897,38,2026-01-21 22:48:33,2026-01-21 23:25:33,2026-01-21 23:39:33,55
3615,3898,17,2026-01-08 20:15:36,2026-01-08 20:36:36,2026-01-08 20:58:36,45
3616,3900,97,2026-01-27 21:31:25,2026-01-27 22:00:25,2026-01-27 22:27:25,58
3617,3901,65,2026-01-04 20:32:53,2026-01-04 20:48:53,2026-01-04 21:04:53,34
3618,3902,84,2026-01-15 13:01:21,2026-01-15 13:40:21,2026-01-15 13:57:21,59
3619,3903,81,2026-01-14 12:44:41,2026-01-14 13:10:41,2026-01-14 13:27:41,46
3620,3904,60,2026-01-08 17:34:52,2026-01-08 18:02:52,2026-01-08 18:18:52,46
3621,3905,95,2026-01-15 21:28:29,2026-01-15 21:59:29,2026-01-15 22:23:29,56
3622,3906,3,2026-01-01 13:10:36,2026-01-01 13:39:36,2026-01-01 13:58:36,52
3623,3907,56,2026-01-14 09:25:21,2026-01-14 09:57:21,2026-01-14 10:08:21,45
3624,3908,25,2026-01-31 02:53:14,2026-01-31 03:23:14,2026-01-31 03:44:14,54
3625,3909,71,2026-01-23 13:54:36,2026-01-23 14:28:36,2026-01-23 14:52:36,59
3626,3910,58,2026-01-27 21:53:07,2026-01-27 22:30:07,2026-01-27 22:48:07,57
3627,3912,72,2026-01-13 13:53:43,2026-01-13 14:23:43,2026-01-13 14:37:43,48
3628,3914,77,2026-01-24 19:21:43,2026-01-24 19:48:43,2026-01-24 20:09:43,50
3629,3915,77,2026-01-17 06:32:36,2026-01-17 06:51:36,2026-01-17 07:01:36,33
3630,3916,52,2026-01-31 14:29:09,2026-01-31 14:49:09,2026-01-31 15:15:09,50
3631,3917,15,2026-01-22 20:53:25,2026-01-22 21:16:25,2026-01-22 21:30:25,38
3632,3918,89,2026-01-31 22:39:18,2026-01-31 23:03:18,2026-01-31 23:20:18,43
3633,3919,13,2026-01-08 17:36:20,2026-01-08 17:57:20,2026-01-08 18:23:20,50
3634,3920,55,2026-01-24 14:59:36,2026-01-24 15:42:36,2026-01-24 15:59:36,62
3635,3921,15,2026-01-26 20:23:42,2026-01-26 20:43:42,2026-01-26 20:55:42,35
3636,3922,61,2026-01-25 14:59:52,2026-01-25 15:28:52,2026-01-25 15:57:52,62
3637,3923,12,2026-01-01 22:55:49,2026-01-01 23:18:49,2026-01-01 23:37:49,45
3638,3924,119,2026-01-05 23:57:32,2026-01-06 00:17:32,2026-01-06 00:37:32,42
3639,3925,77,2026-01-14 07:52:42,2026-01-14 08:20:42,2026-01-14 08:30:42,41
3640,3926,98,2026-01-16 01:56:07,2026-01-16 02:32:07,2026-01-16 03:00:07,68
3641,3927,109,2026-01-21 06:53:47,2026-01-21 07:17:47,2026-01-21 07:29:47,39
3642,3928,63,2026-01-01 21:48:05,2026-01-01 22:19:05,2026-01-01 22:38:05,52
3643,3929,62,2026-01-11 23:05:54,2026-01-11 23:33:54,2026-01-11 23:56:54,53
3644,3930,57,2026-01-18 20:17:20,2026-01-18 20:40:20,2026-01-18 20:52:20,37
3645,3931,89,2026-01-26 13:45:09,2026-01-26 14:27:09,2026-01-26 14:41:09,60
3646,3932,31,2026-01-16 21:58:22,2026-01-16 22:35:22,2026-01-16 23:02:22,66
3647,3933,32,2026-01-18 17:42:18,2026-01-18 18:03:18,2026-01-18 18:17:18,38
3648,3934,47,2026-01-12 14:18:26,2026-01-12 14:50:26,2026-01-12 15:19:26,65
3649,3936,113,2026-01-21 06:10:15,2026-01-21 06:24:15,2026-01-21 06:35:15,29
3650,3937,4,2026-01-22 21:01:27,2026-01-22 21:32:27,2026-01-22 21:54:27,54
3651,3938,67,2026-01-29 15:11:15,2026-01-29 15:36:15,2026-01-29 15:49:15,41
3652,3939,41,2026-01-12 12:25:01,2026-01-12 12:43:01,2026-01-12 12:55:01,34
3653,3940,35,2026-01-29 22:15:27,2026-01-29 22:42:27,2026-01-29 23:01:27,47
3654,3941,88,2026-01-03 16:00:42,2026-01-03 16:19:42,2026-01-03 16:35:42,37
3655,3942,93,2026-01-01 20:14:11,2026-01-01 20:39:11,2026-01-01 20:55:11,44
3656,3943,38,2026-01-23 22:19:56,2026-01-23 22:50:56,2026-01-23 23:18:56,63
3657,3944,35,2026-01-16 00:58:14,2026-01-16 01:32:14,2026-01-16 01:42:14,47
3658,3945,98,2026-01-18 14:23:27,2026-01-18 14:55:27,2026-01-18 15:17:27,56
3659,3946,20,2026-01-02 20:04:19,2026-01-02 20:31:19,2026-01-02 20:50:19,48
3660,3948,95,2026-01-11 14:55:33,2026-01-11 15:28:33,2026-01-11 15:50:33,58
3661,3949,85,2026-01-29 15:02:12,2026-01-29 15:33:12,2026-01-29 15:48:12,49
3662,3950,52,2026-01-25 13:57:38,2026-01-25 14:34:38,2026-01-25 15:03:38,67
3663,3951,44,2026-01-11 19:42:32,2026-01-11 20:19:32,2026-01-11 20:44:32,63
3664,3952,98,2026-01-04 13:26:34,2026-01-04 13:45:34,2026-01-04 14:10:34,45
3665,3953,23,2026-01-23 23:59:16,2026-01-24 00:33:16,2026-01-24 00:50:16,52
3666,3954,65,2026-01-09 21:29:39,2026-01-09 22:13:39,2026-01-09 22:42:39,75
3667,3955,3,2026-01-04 13:49:22,2026-01-04 14:18:22,2026-01-04 14:44:22,59
3668,3956,119,2026-01-13 13:30:54,2026-01-13 13:54:54,2026-01-13 14:16:54,48
3669,3957,112,2026-01-31 12:21:16,2026-01-31 12:43:16,2026-01-31 12:59:16,39
3670,3958,51,2026-01-18 15:25:43,2026-01-18 15:55:43,2026-01-18 16:06:43,43
3671,3959,68,2026-01-27 23:26:31,2026-01-27 23:47:31,2026-01-28 00:04:31,40
3672,3960,77,2026-01-10 12:16:58,2026-01-10 12:41:58,2026-01-10 13:05:58,50
3673,3961,34,2026-01-11 22:26:23,2026-01-11 23:10:23,2026-01-11 23:40:23,78
3674,3962,102,2026-01-31 21:48:03,2026-01-31 22:14:03,2026-01-31 22:36:03,50
3675,3963,86,2026-01-26 21:55:26,2026-01-26 22:26:26,2026-01-26 22:53:26,62
3676,3964,20,2026-01-10 23:06:12,2026-01-10 23:25:12,2026-01-10 23:49:12,44
3677,3965,6,2026-01-10 21:35:07,2026-01-10 22:13:07,2026-01-10 22:33:07,62
3678,3966,102,2026-01-31 07:21:30,2026-01-31 07:50:30,2026-01-31 08:10:30,52
3679,3967,36,2026-01-23 12:56:23,2026-01-23 13:20:23,2026-01-23 13:39:23,46
3680,3968,118,2026-01-09 05:13:46,2026-01-09 05:32:46,2026-01-09 05:51:46,41
3681,3969,97,2026-01-15 20:40:24,2026-01-15 21:05:24,2026-01-15 21:25:24,48
3682,3970,62,2026-01-11 23:21:41,2026-01-11 23:45:41,2026-01-11 23:59:41,41
3683,3971,73,2026-01-29 20:26:18,2026-01-29 20:50:18,2026-01-29 21:10:18,45
3684,3972,118,2026-01-28 07:54:05,2026-01-28 08:25:05,2026-01-28 08:41:05,49
3685,3973,49,2026-01-24 10:05:52,2026-01-24 10:42:52,2026-01-24 11:07:52,66
3686,3974,111,2026-01-03 08:04:09,2026-01-03 08:22:09,2026-01-03 08:38:09,38
3687,3975,40,2026-01-31 17:28:43,2026-01-31 17:48:43,2026-01-31 18:10:43,45
3688,3976,79,2026-01-26 09:10:02,2026-01-26 09:34:02,2026-01-26 10:04:02,56
3689,3977,67,2026-01-23 12:08:59,2026-01-23 12:34:59,2026-01-23 13:02:59,56
3690,3978,117,2026-01-16 12:49:55,2026-01-16 13:03:55,2026-01-16 13:19:55,32
3691,3980,59,2026-01-02 21:01:40,2026-01-02 21:24:40,2026-01-02 21:37:40,38
3692,3981,71,2026-01-15 18:05:05,2026-01-15 18:27:05,2026-01-15 18:46:05,43
3693,3982,23,2026-01-31 09:46:13,2026-01-31 10:09:13,2026-01-31 10:32:13,48
3694,3983,85,2026-01-24 23:59:44,2026-01-25 00:19:44,2026-01-25 00:39:44,43
3695,3984,64,2026-01-22 16:50:01,2026-01-22 17:14:01,2026-01-22 17:29:01,42
3696,3985,39,2026-01-10 03:10:10,2026-01-10 03:35:10,2026-01-10 03:46:10,37
3697,3986,56,2026-01-14 03:13:07,2026-01-14 03:40:07,2026-01-14 04:02:07,51
3698,3987,48,2026-01-12 22:09:16,2026-01-12 22:41:16,2026-01-12 23:00:16,52
3699,3988,29,2026-01-04 06:37:44,2026-01-04 06:59:44,2026-01-04 07:19:44,45
3700,3989,105,2026-01-07 15:58:36,2026-01-07 16:11:36,2026-01-07 16:26:36,29
3701,3990,79,2026-01-28 09:25:10,2026-01-28 09:53:10,2026-01-28 10:07:10,45
3702,3991,60,2026-01-24 23:31:32,2026-01-24 23:59:32,2026-01-25 00:15:32,47
3703,3992,26,2026-01-22 21:30:54,2026-01-22 22:12:54,2026-01-22 22:36:54,70
3704,3993,29,2026-01-22 22:14:49,2026-01-22 22:45:49,2026-01-22 23:06:49,54
3705,3994,33,2026-01-17 11:09:29,2026-01-17 11:28:29,2026-01-17 11:46:29,41
3706,3995,104,2026-01-07 22:04:08,2026-01-07 22:28:08,2026-01-07 22:52:08,52
3707,3996,60,2026-01-13 12:18:51,2026-01-13 12:51:51,2026-01-13 13:14:51,57
3708,3997,20,2026-01-12 03:46:16,2026-01-12 03:59:16,2026-01-12 04:13:16,29
3709,3998,57,2026-01-03 08:46:31,2026-01-03 09:05:31,2026-01-03 09:32:31,47
3710,3999,21,2026-01-24 14:35:31,2026-01-24 15:09:31,2026-01-24 15:30:31,57
3711,4000,17,2026-01-11 23:50:56,2026-01-12 00:10:56,2026-01-12 00:28:56,41
3712,4001,82,2026-01-21 04:54:49,2026-01-21 05:25:49,2026-01-21 05:38:49,45
3713,4002,21,2026-01-17 01:18:57,2026-01-17 01:41:57,2026-01-17 01:57:57,43
3714,4003,94,2026-01-14 11:35:04,2026-01-14 12:01:04,2026-01-14 12:24:04,51
3715,4004,32,2026-01-26 04:52:29,2026-01-26 05:22:29,2026-01-26 05:39:29,48
3716,4005,73,2026-01-08 20:25:14,2026-01-08 20:53:14,2026-01-08 21:04:14,41
3717,4006,82,2026-01-30 18:29:02,2026-01-30 18:48:02,2026-01-30 19:01:02,35
3718,4007,84,2026-01-10 22:05:05,2026-01-10 22:49:05,2026-01-10 23:25:05,84
3719,4008,28,2026-01-09 23:43:37,2026-01-10 00:12:37,2026-01-10 00:24:37,44
3720,4009,70,2026-01-06 07:00:38,2026-01-06 07:27:38,2026-01-06 07:50:38,54
3721,4010,75,2026-01-22 22:49:29,2026-01-22 23:18:29,2026-01-22 23:40:29,54
3722,4011,26,2026-01-01 22:41:05,2026-01-01 23:09:05,2026-01-01 23:31:05,54
3723,4012,20,2026-01-03 20:51:44,2026-01-03 21:19:44,2026-01-03 21:49:44,60
3724,4014,71,2026-01-28 15:50:34,2026-01-28 16:14:34,2026-01-28 16:27:34,40
3725,4015,76,2026-01-11 21:43:29,2026-01-11 22:19:29,2026-01-11 22:47:29,67
3726,4016,110,2026-01-12 21:40:06,2026-01-12 22:19:06,2026-01-12 22:36:06,60
3727,4017,99,2026-01-21 13:33:43,2026-01-21 14:04:43,2026-01-21 14:31:43,61
3728,4018,60,2026-01-22 21:50:22,2026-01-22 22:16:22,2026-01-22 22:48:22,62
3729,4019,20,2026-01-19 14:07:27,2026-01-19 14:38:27,2026-01-19 14:59:27,54
3730,4020,57,2026-01-05 21:29:51,2026-01-05 22:07:51,2026-01-05 22:30:51,63
3731,4021,75,2026-01-15 21:12:15,2026-01-15 21:49:15,2026-01-15 22:15:15,67
3732,4022,19,2026-01-24 13:34:36,2026-01-24 14:07:36,2026-01-24 14:38:36,65
3733,4024,30,2026-01-03 10:01:38,2026-01-03 10:26:38,2026-01-03 10:40:38,40
3734,4025,119,2026-01-01 23:00:36,2026-01-01 23:30:36,2026-01-01 23:57:36,59
3735,4026,94,2026-01-26 20:19:59,2026-01-26 20:47:59,2026-01-26 21:09:59,53
3736,4027,36,2026-01-25 15:01:11,2026-01-25 15:29:11,2026-01-25 15:49:11,49
3737,4028,15,2026-01-20 13:55:55,2026-01-20 14:30:55,2026-01-20 14:56:55,65
3738,4029,80,2026-01-28 13:55:26,2026-01-28 14:27:26,2026-01-28 14:52:26,61
3739,4030,89,2026-01-12 22:07:21,2026-01-12 22:38:21,2026-01-12 22:59:21,56
3740,4031,69,2026-01-06 22:28:49,2026-01-06 23:04:49,2026-01-06 23:43:49,79
3741,4032,91,2026-01-16 13:17:50,2026-01-16 13:39:50,2026-01-16 14:14:50,61
3742,4033,48,2026-01-16 21:50:24,2026-01-16 22:16:24,2026-01-16 22:34:24,45
3743,4034,2,2026-01-16 21:55:57,2026-01-16 22:39:57,2026-01-16 23:03:57,71
3744,4035,120,2026-01-16 23:20:22,2026-01-16 23:42:22,2026-01-17 00:02:22,45
3745,4036,51,2026-01-08 07:46:06,2026-01-08 08:07:06,2026-01-08 08:19:06,36
3746,4037,96,2026-01-14 15:12:11,2026-01-14 15:37:11,2026-01-14 15:56:11,48
3747,4038,27,2026-01-05 13:55:48,2026-01-05 14:42:48,2026-01-05 15:00:48,69
3748,4039,114,2026-01-18 13:27:53,2026-01-18 13:56:53,2026-01-18 14:11:53,45
3749,4040,68,2026-01-16 11:07:21,2026-01-16 11:28:21,2026-01-16 11:48:21,45
3750,4041,105,2026-01-13 04:04:27,2026-01-13 04:25:27,2026-01-13 04:48:27,45
3751,4043,54,2026-01-01 14:12:24,2026-01-01 14:42:24,2026-01-01 14:56:24,47
3752,4044,75,2026-01-25 13:51:44,2026-01-25 14:20:44,2026-01-25 14:38:44,50
3753,4045,44,2026-01-24 21:26:09,2026-01-24 21:50:09,2026-01-24 22:09:09,44
3754,4046,107,2026-01-28 13:05:24,2026-01-28 13:30:24,2026-01-28 13:51:24,50
3755,4047,119,2026-01-19 22:00:49,2026-01-19 22:26:49,2026-01-19 22:50:49,54
3756,4048,117,2026-01-22 20:39:07,2026-01-22 21:08:07,2026-01-22 21:27:07,51
3757,4049,75,2026-01-19 14:07:56,2026-01-19 14:29:56,2026-01-19 14:49:56,45
3758,4050,4,2026-01-02 20:24:35,2026-01-02 21:07:35,2026-01-02 21:19:35,58
3759,4051,114,2026-01-30 05:00:07,2026-01-30 05:26:07,2026-01-30 05:42:07,43
3760,4052,24,2026-01-24 20:44:56,2026-01-24 21:05:56,2026-01-24 21:24:56,41
3761,4053,5,2026-01-12 12:08:48,2026-01-12 12:35:48,2026-01-12 12:53:48,47
3762,4054,87,2026-01-07 20:54:28,2026-01-07 21:10:28,2026-01-07 21:30:28,40
3763,4055,23,2026-01-31 17:28:50,2026-01-31 17:56:50,2026-01-31 18:08:50,41
3764,4056,84,2026-01-19 12:50:47,2026-01-19 13:10:47,2026-01-19 13:24:47,36
3765,4057,79,2026-01-16 10:12:17,2026-01-16 10:35:17,2026-01-16 10:58:17,49
3766,4058,6,2026-01-14 15:00:33,2026-01-14 15:33:33,2026-01-14 16:03:33,66
3767,4059,114,2026-01-03 20:51:29,2026-01-03 21:16:29,2026-01-03 21:35:29,45
3768,4060,70,2026-01-31 22:23:28,2026-01-31 22:54:28,2026-01-31 23:21:28,62
3769,4061,64,2026-01-03 21:06:41,2026-01-03 21:33:41,2026-01-03 21:54:41,52
3770,4063,30,2026-01-09 20:42:13,2026-01-09 21:03:13,2026-01-09 21:33:13,54
3771,4064,76,2026-01-21 09:20:35,2026-01-21 09:44:35,2026-01-21 10:12:35,56
3772,4065,118,2026-01-31 13:24:26,2026-01-31 13:59:26,2026-01-31 14:24:26,64
3773,4066,43,2026-01-19 14:15:14,2026-01-19 14:53:14,2026-01-19 15:19:14,66
3774,4067,74,2026-01-12 23:01:55,2026-01-12 23:28:55,2026-01-12 23:52:55,55
3775,4068,97,2026-01-23 14:41:16,2026-01-23 15:19:16,2026-01-23 15:36:16,57
3776,4069,32,2026-01-09 11:39:31,2026-01-09 12:10:31,2026-01-09 12:29:31,53
3777,4070,4,2026-01-10 13:40:02,2026-01-10 14:05:02,2026-01-10 14:34:02,56
3778,4071,91,2026-01-29 20:15:06,2026-01-29 20:37:06,2026-01-29 20:58:06,44
3779,4073,94,2026-01-23 13:04:10,2026-01-23 13:42:10,2026-01-23 14:04:10,62
3780,4074,21,2026-01-22 20:21:29,2026-01-22 20:38:29,2026-01-22 21:05:29,45
3781,4075,69,2026-01-03 22:31:04,2026-01-03 23:04:04,2026-01-03 23:29:04,62
3782,4076,112,2026-01-19 22:48:45,2026-01-19 23:23:45,2026-01-19 23:41:45,56
3783,4077,28,2026-01-27 00:19:01,2026-01-27 00:43:01,2026-01-27 00:55:01,37
3784,4078,78,2026-01-14 22:06:14,2026-01-14 22:29:14,2026-01-14 22:48:14,43
3785,4079,68,2026-01-31 12:47:20,2026-01-31 13:15:20,2026-01-31 13:33:20,50
3786,4080,60,2026-01-30 22:58:58,2026-01-30 23:37:58,2026-01-31 00:04:58,69
3787,4081,19,2026-01-05 21:09:48,2026-01-05 21:36:48,2026-01-05 22:05:48,57
3788,4082,105,2026-01-28 23:01:27,2026-01-28 23:35:27,2026-01-28 23:57:27,59
3789,4083,77,2026-01-25 21:42:20,2026-01-25 22:05:20,2026-01-25 22:27:20,48
3790,4084,11,2026-01-11 23:23:13,2026-01-11 23:42:13,2026-01-11 23:59:13,38
3791,4085,20,2026-01-08 14:50:29,2026-01-08 15:28:29,2026-01-08 15:53:29,65
3792,4086,71,2026-01-11 15:10:43,2026-01-11 15:35:43,2026-01-11 15:51:43,45
3793,4087,107,2026-01-11 21:12:21,2026-01-11 21:50:21,2026-01-11 22:18:21,69
3794,4088,76,2026-01-05 13:36:43,2026-01-05 14:10:43,2026-01-05 14:42:43,69
3795,4089,30,2026-01-15 00:27:05,2026-01-15 00:57:05,2026-01-15 01:11:05,48
3796,4090,74,2026-01-10 19:29:56,2026-01-10 19:59:56,2026-01-10 20:28:56,61
3797,4091,101,2026-01-01 02:34:53,2026-01-01 02:58:53,2026-01-01 03:17:53,47
3798,4092,96,2026-01-21 22:18:48,2026-01-21 22:44:48,2026-01-21 23:00:48,44
3799,4093,68,2026-01-05 00:28:02,2026-01-05 00:48:02,2026-01-05 00:58:02,32
3800,4094,68,2026-01-08 22:18:08,2026-01-08 22:44:08,2026-01-08 23:05:08,49
3801,4095,67,2026-01-07 14:50:20,2026-01-07 15:33:20,2026-01-07 16:00:20,72
3802,4096,54,2026-01-20 06:51:17,2026-01-20 07:14:17,2026-01-20 07:32:17,44
3803,4097,60,2026-01-03 15:00:45,2026-01-03 15:30:45,2026-01-03 15:58:45,62
3804,4098,86,2026-01-13 22:00:09,2026-01-13 22:35:09,2026-01-13 22:59:09,61
3805,4099,18,2026-01-20 15:27:11,2026-01-20 16:08:11,2026-01-20 16:33:11,67
3806,4100,36,2026-01-26 08:49:38,2026-01-26 09:12:38,2026-01-26 09:33:38,46
3807,4101,73,2026-01-17 22:45:10,2026-01-17 23:05:10,2026-01-17 23:25:10,42
3808,4102,92,2026-01-04 15:18:48,2026-01-04 15:34:48,2026-01-04 15:46:48,30
3809,4103,64,2026-01-31 23:05:33,2026-01-31 23:24:33,2026-01-31 23:40:33,36
3810,4104,32,2026-01-29 12:14:27,2026-01-29 12:44:27,2026-01-29 13:00:27,48
3811,4105,7,2026-01-12 12:36:00,2026-01-12 13:02:00,2026-01-12 13:22:00,50
3812,4106,27,2026-01-19 12:31:17,2026-01-19 12:56:17,2026-01-19 13:14:17,46
3813,4107,78,2026-01-26 23:46:50,2026-01-27 00:22:50,2026-01-27 00:34:50,49
3814,4108,37,2026-01-18 22:47:48,2026-01-18 23:09:48,2026-01-18 23:29:48,43
3815,4109,80,2026-01-20 14:39:12,2026-01-20 15:01:12,2026-01-20 15:24:12,49
3816,4110,73,2026-01-09 22:08:58,2026-01-09 22:31:58,2026-01-09 22:58:58,53
3817,4111,14,2026-01-19 16:38:02,2026-01-19 17:00:02,2026-01-19 17:14:02,39
3818,4112,27,2026-01-14 15:11:32,2026-01-14 15:37:32,2026-01-14 16:04:32,57
3819,4113,117,2026-01-25 20:39:21,2026-01-25 20:54:21,2026-01-25 21:15:21,38
3820,4114,98,2026-01-26 23:48:02,2026-01-27 00:08:02,2026-01-27 00:30:02,45
3821,4115,23,2026-01-29 21:45:10,2026-01-29 22:30:10,2026-01-29 22:53:10,72
3822,4116,119,2026-01-01 15:18:26,2026-01-01 15:45:26,2026-01-01 15:56:26,42
3823,4117,119,2026-01-07 18:33:16,2026-01-07 19:09:16,2026-01-07 19:33:16,63
3824,4118,36,2026-01-30 23:48:06,2026-01-31 00:17:06,2026-01-31 00:36:06,52
3825,4119,44,2026-01-19 14:26:30,2026-01-19 14:48:30,2026-01-19 15:11:30,47
3826,4120,117,2026-01-27 20:28:26,2026-01-27 20:57:26,2026-01-27 21:20:26,54
3827,4121,50,2026-01-18 23:02:42,2026-01-18 23:29:42,2026-01-18 23:59:42,61
3828,4122,47,2026-01-11 22:31:03,2026-01-11 23:15:03,2026-01-11 23:33:03,64
3829,4123,15,2026-01-04 23:53:26,2026-01-05 00:22:26,2026-01-05 00:45:26,55
3830,4124,74,2026-01-01 23:56:36,2026-01-02 00:24:36,2026-01-02 00:43:36,49
3831,4125,18,2026-01-05 17:10:10,2026-01-05 17:34:10,2026-01-05 17:44:10,38
3832,4126,52,2026-01-24 20:30:51,2026-01-24 20:52:51,2026-01-24 21:06:51,39
3833,4127,80,2026-01-17 13:05:20,2026-01-17 13:36:20,2026-01-17 13:52:20,51
3834,4128,53,2026-01-04 22:08:10,2026-01-04 22:39:10,2026-01-04 23:16:10,72
3835,4129,105,2026-01-10 05:50:22,2026-01-10 06:29:22,2026-01-10 06:41:22,53
3836,4130,68,2026-01-12 13:39:21,2026-01-12 14:05:21,2026-01-12 14:32:21,54
3837,4132,59,2026-01-16 13:57:53,2026-01-16 14:18:53,2026-01-16 14:35:53,40
3838,4133,57,2026-01-29 12:40:38,2026-01-29 13:17:38,2026-01-29 13:27:38,50
3839,4134,20,2026-01-17 22:02:06,2026-01-17 22:49:06,2026-01-17 23:16:06,78
3840,4135,62,2026-01-22 07:28:46,2026-01-22 07:52:46,2026-01-22 08:15:46,48
3841,4136,69,2026-01-29 16:59:02,2026-01-29 17:30:02,2026-01-29 17:52:02,56
3842,4137,44,2026-01-05 15:03:26,2026-01-05 15:51:26,2026-01-05 16:17:26,78
3843,4138,92,2026-01-17 11:45:34,2026-01-17 12:12:34,2026-01-17 12:29:34,48
3844,4139,33,2026-01-27 08:53:39,2026-01-27 09:30:39,2026-01-27 09:54:39,62
3845,4140,47,2026-01-29 15:11:53,2026-01-29 15:32:53,2026-01-29 15:55:53,46
3846,4142,3,2026-01-15 12:14:06,2026-01-15 12:47:06,2026-01-15 13:06:06,55
3847,4143,57,2026-01-31 21:58:43,2026-01-31 22:27:43,2026-01-31 22:47:43,51
3848,4144,20,2026-01-20 23:36:32,2026-01-21 00:00:32,2026-01-21 00:16:32,44
3849,4145,19,2026-01-02 23:10:19,2026-01-02 23:34:19,2026-01-02 23:45:19,39
3850,4146,70,2026-01-18 15:27:04,2026-01-18 15:46:04,2026-01-18 16:03:04,37
3851,4147,67,2026-01-05 07:57:41,2026-01-05 08:36:41,2026-01-05 08:54:41,59
3852,4148,84,2026-01-09 12:19:30,2026-01-09 12:41:30,2026-01-09 13:10:30,54
3853,4149,70,2026-01-15 20:22:23,2026-01-15 20:52:23,2026-01-15 21:05:23,44
3854,4150,108,2026-01-10 05:47:46,2026-01-10 06:17:46,2026-01-10 06:42:46,56
3855,4151,27,2026-01-24 20:25:51,2026-01-24 20:56:51,2026-01-24 21:13:51,50
3856,4152,22,2026-01-28 07:40:04,2026-01-28 08:09:04,2026-01-28 08:19:04,43
3857,4153,107,2026-01-06 18:50:00,2026-01-06 19:19:00,2026-01-06 19:41:00,52
3858,4154,116,2026-01-12 20:18:45,2026-01-12 20:47:45,2026-01-12 21:01:45,46
3859,4155,67,2026-01-04 06:21:37,2026-01-04 07:01:37,2026-01-04 07:21:37,61
3860,4156,31,2026-01-20 21:52:41,2026-01-20 22:23:41,2026-01-20 22:53:41,63
3861,4158,62,2026-01-20 23:11:20,2026-01-20 23:33:20,2026-01-20 23:48:20,40
3862,4159,20,2026-01-11 21:57:20,2026-01-11 22:41:20,2026-01-11 22:58:20,65
3863,4160,114,2026-01-09 13:20:26,2026-01-09 13:48:26,2026-01-09 14:00:26,44
3864,4161,76,2026-01-19 10:43:42,2026-01-19 11:10:42,2026-01-19 11:28:42,49
3865,4162,66,2026-01-02 18:13:18,2026-01-02 18:28:18,2026-01-02 18:40:18,30
3866,4163,115,2026-01-13 00:59:41,2026-01-13 01:32:41,2026-01-13 01:42:41,44
3867,4164,22,2026-01-14 20:54:58,2026-01-14 21:17:58,2026-01-14 21:42:58,51
3868,4165,65,2026-01-13 21:13:20,2026-01-13 21:45:20,2026-01-13 22:00:20,48
3869,4166,15,2026-01-27 00:46:26,2026-01-27 01:11:26,2026-01-27 01:33:26,48
3870,4167,30,2026-01-10 14:33:08,2026-01-10 15:08:08,2026-01-10 15:26:08,55
3871,4168,44,2026-01-31 21:47:48,2026-01-31 22:15:48,2026-01-31 22:31:48,46
3872,4169,77,2026-01-14 13:16:47,2026-01-14 13:53:47,2026-01-14 14:13:47,59
3873,4170,90,2026-01-27 03:02:49,2026-01-27 03:28:49,2026-01-27 03:51:49,51
3874,4171,19,2026-01-28 20:21:41,2026-01-28 20:53:41,2026-01-28 21:07:41,47
3875,4172,84,2026-01-14 01:19:14,2026-01-14 01:48:14,2026-01-14 02:05:14,50
3876,4173,116,2026-01-13 13:05:17,2026-01-13 13:46:17,2026-01-13 14:03:17,60
3877,4174,38,2026-01-19 04:56:41,2026-01-19 05:27:41,2026-01-19 05:55:41,60
3878,4175,116,2026-01-13 14:02:09,2026-01-13 14:30:09,2026-01-13 14:53:09,55
3879,4176,94,2026-01-03 10:39:03,2026-01-03 10:54:03,2026-01-03 11:14:03,38
3880,4177,37,2026-01-24 15:25:06,2026-01-24 15:49:06,2026-01-24 16:03:06,42
3881,4178,37,2026-01-03 22:31:24,2026-01-03 23:01:24,2026-01-03 23:18:24,48
3882,4179,67,2026-01-15 20:58:46,2026-01-15 21:28:46,2026-01-15 21:40:46,44
3883,4180,13,2026-01-02 23:37:02,2026-01-02 23:56:02,2026-01-03 00:19:02,46
3884,4181,117,2026-01-18 15:41:09,2026-01-18 16:09:09,2026-01-18 16:21:09,43
3885,4182,102,2026-01-05 19:17:40,2026-01-05 19:41:40,2026-01-05 20:02:40,46
3886,4183,8,2026-01-26 21:58:03,2026-01-26 22:36:03,2026-01-26 23:03:03,67
3887,4184,33,2026-01-24 05:04:23,2026-01-24 05:32:23,2026-01-24 05:49:23,46
3888,4185,32,2026-01-10 13:50:00,2026-01-10 14:21:00,2026-01-10 14:39:00,53
3889,4186,8,2026-01-28 15:50:23,2026-01-28 16:05:23,2026-01-28 16:23:23,37
3890,4187,39,2026-01-31 14:36:18,2026-01-31 15:10:18,2026-01-31 15:33:18,61
3891,4188,100,2026-01-27 18:49:51,2026-01-27 19:06:51,2026-01-27 19:17:51,29
3892,4189,14,2026-01-16 13:30:10,2026-01-16 14:10:10,2026-01-16 14:34:10,66
3893,4191,35,2026-01-07 14:04:09,2026-01-07 14:29:09,2026-01-07 15:06:09,63
3894,4192,57,2026-01-27 14:11:19,2026-01-27 14:48:19,2026-01-27 15:13:19,66
3895,4193,69,2026-01-05 12:49:29,2026-01-05 13:07:29,2026-01-05 13:32:29,46
3896,4194,95,2026-01-27 20:06:07,2026-01-27 20:29:07,2026-01-27 20:49:07,47
3897,4195,114,2026-01-29 23:43:58,2026-01-30 00:03:58,2026-01-30 00:22:58,40
3898,4196,86,2026-01-28 22:37:01,2026-01-28 23:08:01,2026-01-28 23:25:01,51
3899,4197,104,2026-01-13 14:26:59,2026-01-13 14:50:59,2026-01-13 15:18:59,53
3900,4198,23,2026-01-14 15:03:37,2026-01-14 15:37:37,2026-01-14 16:01:37,62
3901,4199,7,2026-01-08 21:05:01,2026-01-08 21:48:01,2026-01-08 22:20:01,76
3902,4200,33,2026-01-27 20:55:47,2026-01-27 21:23:47,2026-01-27 21:34:47,43
3903,4202,72,2026-01-27 23:28:54,2026-01-27 23:47:54,2026-01-28 00:08:54,44
3904,4203,9,2026-01-26 23:08:06,2026-01-26 23:38:06,2026-01-26 23:49:06,42
3905,4204,94,2026-01-24 20:28:04,2026-01-24 20:56:04,2026-01-24 21:16:04,52
3906,4205,47,2026-01-15 14:23:42,2026-01-15 14:49:42,2026-01-15 15:19:42,60
3907,4206,63,2026-01-11 15:48:28,2026-01-11 16:21:28,2026-01-11 16:44:28,57
3908,4207,84,2026-01-18 22:08:14,2026-01-18 22:27:14,2026-01-18 22:51:14,46
3909,4208,51,2026-01-26 21:44:17,2026-01-26 22:21:17,2026-01-26 22:42:17,62
3910,4210,34,2026-01-07 22:36:37,2026-01-07 23:09:37,2026-01-07 23:31:37,58
3911,4211,59,2026-01-19 14:24:17,2026-01-19 14:59:17,2026-01-19 15:21:17,60
3912,4212,55,2026-01-25 11:29:36,2026-01-25 11:56:36,2026-01-25 12:11:36,45
3913,4213,113,2026-01-30 22:06:03,2026-01-30 22:35:03,2026-01-30 22:53:03,48
3914,4214,4,2026-01-09 23:12:25,2026-01-09 23:35:25,2026-01-09 23:57:25,49
3915,4215,8,2026-01-18 16:04:30,2026-01-18 16:31:30,2026-01-18 16:44:30,42
3916,4216,103,2026-01-03 12:59:19,2026-01-03 13:14:19,2026-01-03 13:33:19,35
3917,4217,16,2026-01-22 23:23:47,2026-01-22 23:39:47,2026-01-22 23:57:47,38
3918,4218,98,2026-01-12 14:02:23,2026-01-12 14:46:23,2026-01-12 15:01:23,62
3919,4219,14,2026-01-30 23:00:14,2026-01-30 23:30:14,2026-01-30 23:48:14,49
3920,4220,30,2026-01-05 20:39:29,2026-01-05 20:56:29,2026-01-05 21:13:29,38
3921,4221,115,2026-01-10 19:10:32,2026-01-10 19:39:32,2026-01-10 19:50:32,41
3922,4222,89,2026-01-03 13:29:57,2026-01-03 14:01:57,2026-01-03 14:26:57,58
3923,4223,2,2026-01-02 21:19:46,2026-01-02 21:48:46,2026-01-02 22:06:46,49
3924,4224,99,2026-01-04 15:00:32,2026-01-04 15:42:32,2026-01-04 16:01:32,63
3925,4225,41,2026-01-24 12:42:51,2026-01-24 13:05:51,2026-01-24 13:28:51,48
3926,4226,1,2026-01-13 22:41:13,2026-01-13 23:16:13,2026-01-13 23:47:13,70
3927,4227,119,2026-01-11 06:58:26,2026-01-11 07:18:26,2026-01-11 07:42:26,48
3928,4229,114,2026-01-11 21:48:04,2026-01-11 22:20:04,2026-01-11 22:49:04,63
3929,4230,74,2026-01-25 21:30:37,2026-01-25 22:06:37,2026-01-25 22:34:37,67
3930,4231,113,2026-01-18 22:47:12,2026-01-18 23:03:12,2026-01-18 23:30:12,47
3931,4233,20,2026-01-28 20:06:57,2026-01-28 20:34:57,2026-01-28 20:48:57,44
3932,4234,60,2026-01-21 15:57:18,2026-01-21 16:27:18,2026-01-21 16:55:18,61
3933,4235,104,2026-01-22 15:28:25,2026-01-22 15:53:25,2026-01-22 16:08:25,43
3934,4236,31,2026-01-13 18:44:53,2026-01-13 19:05:53,2026-01-13 19:21:53,38
3935,4237,53,2026-01-04 10:34:17,2026-01-04 11:03:17,2026-01-04 11:23:17,50
3936,4238,83,2026-01-11 13:34:42,2026-01-11 14:01:42,2026-01-11 14:26:42,56
3937,4239,84,2026-01-11 22:41:59,2026-01-11 23:15:59,2026-01-11 23:43:59,65
3938,4240,113,2026-01-11 07:39:08,2026-01-11 08:13:08,2026-01-11 08:33:08,58
3939,4241,16,2026-01-12 06:18:18,2026-01-12 06:35:18,2026-01-12 06:54:18,37
3940,4242,89,2026-01-16 18:04:38,2026-01-16 18:26:38,2026-01-16 18:49:38,48
3941,4243,11,2026-01-22 12:59:03,2026-01-22 13:29:03,2026-01-22 13:51:03,56
3942,4244,56,2026-01-09 02:55:14,2026-01-09 03:19:14,2026-01-09 03:37:14,46
3943,4245,17,2026-01-30 21:57:51,2026-01-30 22:36:51,2026-01-30 22:56:51,63
3944,4246,101,2026-01-14 01:08:18,2026-01-14 01:36:18,2026-01-14 01:55:18,51
3945,4247,59,2026-01-22 23:49:45,2026-01-23 00:32:45,2026-01-23 00:52:45,64
3946,4248,48,2026-01-12 06:20:15,2026-01-12 06:43:15,2026-01-12 07:09:15,53
3947,4249,55,2026-01-25 02:45:50,2026-01-25 03:13:50,2026-01-25 03:27:50,45
3948,4250,75,2026-01-14 00:01:29,2026-01-14 00:18:29,2026-01-14 00:33:29,34
3949,4251,112,2026-01-23 21:25:50,2026-01-23 21:53:50,2026-01-23 22:22:50,58
3950,4252,22,2026-01-14 11:54:14,2026-01-14 12:22:14,2026-01-14 12:42:14,49
3951,4253,113,2026-01-12 23:05:24,2026-01-12 23:26:24,2026-01-12 23:58:24,54
3952,4254,43,2026-01-30 13:25:45,2026-01-30 13:56:45,2026-01-30 14:19:45,55
3953,4255,8,2026-01-17 17:11:52,2026-01-17 17:33:52,2026-01-17 17:53:52,46
3954,4256,53,2026-01-12 22:30:10,2026-01-12 23:01:10,2026-01-12 23:20:10,51
3955,4257,120,2026-01-19 22:21:05,2026-01-19 22:48:05,2026-01-19 23:15:05,55
3956,4258,51,2026-01-30 22:04:49,2026-01-30 22:32:49,2026-01-30 22:58:49,55
3957,4259,87,2026-01-16 14:19:45,2026-01-16 14:51:45,2026-01-16 15:06:45,51
3958,4260,34,2026-01-24 21:56:07,2026-01-24 22:38:07,2026-01-24 23:04:07,72
3959,4261,49,2026-01-18 17:57:27,2026-01-18 18:16:27,2026-01-18 18:31:27,37
3960,4262,4,2026-01-30 23:18:06,2026-01-30 23:41:06,2026-01-30 23:55:06,38
3961,4263,34,2026-01-01 14:38:06,2026-01-01 15:16:06,2026-01-01 15:38:06,64
3962,4264,14,2026-01-20 13:19:40,2026-01-20 13:40:40,2026-01-20 14:14:40,59
3963,4265,93,2026-01-24 21:45:51,2026-01-24 22:16:51,2026-01-24 22:44:51,60
3964,4266,23,2026-01-08 02:50:47,2026-01-08 03:14:47,2026-01-08 03:33:47,44
3965,4267,65,2026-01-04 12:33:49,2026-01-04 12:56:49,2026-01-04 13:19:49,50
3966,4268,98,2026-01-20 20:27:57,2026-01-20 20:57:57,2026-01-20 21:18:57,55
3967,4269,42,2026-01-09 12:31:48,2026-01-09 13:07:48,2026-01-09 13:22:48,53
3968,4270,33,2026-01-07 21:29:46,2026-01-07 22:06:46,2026-01-07 22:35:46,67
3969,4271,48,2026-01-14 05:41:22,2026-01-14 05:57:22,2026-01-14 06:15:22,37
3970,4272,111,2026-01-09 17:03:56,2026-01-09 17:32:56,2026-01-09 17:47:56,46
3971,4273,63,2026-01-22 14:24:52,2026-01-22 14:58:52,2026-01-22 15:20:52,58
3972,4274,112,2026-01-31 12:42:57,2026-01-31 13:09:57,2026-01-31 13:29:57,50
3973,4275,112,2026-01-03 23:00:26,2026-01-03 23:28:26,2026-01-03 23:48:26,49
3974,4276,72,2026-01-01 17:11:03,2026-01-01 17:32:03,2026-01-01 17:49:03,40
3975,4277,96,2026-01-19 23:28:02,2026-01-19 23:50:02,2026-01-20 00:21:02,57
3976,4279,39,2026-01-28 13:21:47,2026-01-28 13:40:47,2026-01-28 14:04:47,44
3977,4280,84,2026-01-09 13:43:01,2026-01-09 14:25:01,2026-01-09 14:51:01,71
3978,4282,78,2026-01-31 23:37:58,2026-02-01 00:01:58,2026-02-01 00:32:58,57
3979,4283,72,2026-01-04 16:54:56,2026-01-04 17:14:56,2026-01-04 17:34:56,41
3980,4284,117,2026-01-15 05:31:38,2026-01-15 05:52:38,2026-01-15 06:09:38,40
3981,4285,35,2026-01-09 07:27:22,2026-01-09 07:49:22,2026-01-09 08:18:22,55
3982,4286,21,2026-01-07 20:26:48,2026-01-07 21:01:48,2026-01-07 21:19:48,54
3983,4287,16,2026-01-15 13:12:47,2026-01-15 13:51:47,2026-01-15 14:07:47,56
3984,4288,30,2026-01-29 04:01:56,2026-01-29 04:25:56,2026-01-29 04:43:56,46
3985,4289,34,2026-01-26 06:44:24,2026-01-26 07:18:24,2026-01-26 07:29:24,46
3986,4290,69,2026-01-28 18:44:43,2026-01-28 19:03:43,2026-01-28 19:30:43,50
3987,4292,15,2026-01-15 12:41:53,2026-01-15 12:52:53,2026-01-15 13:10:53,30
3988,4293,44,2026-01-30 07:31:29,2026-01-30 07:55:29,2026-01-30 08:21:29,53
3989,4294,104,2026-01-10 13:09:30,2026-01-10 13:48:30,2026-01-10 14:08:30,63
3990,4295,98,2026-01-14 22:07:47,2026-01-14 22:44:47,2026-01-14 23:14:47,70
3991,4296,69,2026-01-30 20:19:01,2026-01-30 20:49:01,2026-01-30 21:07:01,51
3992,4297,112,2026-01-06 13:35:52,2026-01-06 13:59:52,2026-01-06 14:25:52,54
3993,4298,93,2026-01-18 22:24:38,2026-01-18 22:49:38,2026-01-18 23:10:38,47
3994,4299,110,2026-01-30 13:43:06,2026-01-30 14:04:06,2026-01-30 14:25:06,44
3995,4300,2,2026-01-18 20:49:55,2026-01-18 21:17:55,2026-01-18 21:38:55,52
3996,4301,119,2026-01-01 13:59:44,2026-01-01 14:31:44,2026-01-01 15:00:44,62
3997,4302,113,2026-01-11 23:49:15,2026-01-12 00:09:15,2026-01-12 00:26:15,39
3998,4303,14,2026-01-06 21:49:06,2026-01-06 22:30:06,2026-01-06 22:50:06,62
3999,4304,65,2026-01-25 21:47:09,2026-01-25 22:16:09,2026-01-25 22:37:09,54
4000,4305,47,2026-01-12 13:15:17,2026-01-12 13:46:17,2026-01-12 14:03:17,52
4001,4306,95,2026-01-28 00:00:02,2026-01-28 00:39:02,2026-01-28 01:02:02,66
4002,4307,28,2026-01-11 19:42:23,2026-01-11 20:12:23,2026-01-11 20:39:23,60
4003,4308,93,2026-01-11 15:10:52,2026-01-11 15:26:52,2026-01-11 15:48:52,40
4004,4309,58,2026-01-23 15:01:51,2026-01-23 15:29:51,2026-01-23 15:55:51,56
4005,4310,36,2026-01-11 14:28:26,2026-01-11 14:58:26,2026-01-11 15:24:26,57
4006,4311,74,2026-01-30 17:25:55,2026-01-30 17:48:55,2026-01-30 18:06:55,42
4007,4312,10,2026-01-19 22:36:25,2026-01-19 23:09:25,2026-01-19 23:41:25,68
4008,4313,13,2026-01-31 20:06:13,2026-01-31 20:24:13,2026-01-31 20:40:13,36
4009,4314,100,2026-01-30 08:00:47,2026-01-30 08:35:47,2026-01-30 08:47:47,49
4010,4315,59,2026-01-08 14:42:38,2026-01-08 15:16:38,2026-01-08 15:33:38,54
4011,4316,118,2026-01-17 12:37:49,2026-01-17 12:58:49,2026-01-17 13:09:49,36
4012,4317,8,2026-01-12 11:54:05,2026-01-12 12:13:05,2026-01-12 12:36:05,46
4013,4318,99,2026-01-04 16:34:07,2026-01-04 16:59:07,2026-01-04 17:16:07,44
4014,4319,23,2026-01-15 14:29:57,2026-01-15 14:59:57,2026-01-15 15:29:57,61
4015,4320,1,2026-01-31 13:50:04,2026-01-31 14:25:04,2026-01-31 14:49:04,60
4016,4321,3,2026-01-03 22:30:27,2026-01-03 23:10:27,2026-01-03 23:35:27,69
4017,4322,10,2026-01-02 00:03:00,2026-01-02 00:32:00,2026-01-02 00:53:00,54
4018,4324,102,2026-01-06 01:46:20,2026-01-06 02:08:20,2026-01-06 02:33:20,49
4019,4325,27,2026-01-08 13:17:23,2026-01-08 13:46:23,2026-01-08 14:07:23,52
4020,4326,31,2026-01-14 16:03:53,2026-01-14 16:17:53,2026-01-14 16:36:53,37
4021,4327,114,2026-01-12 20:22:05,2026-01-12 20:45:05,2026-01-12 21:06:05,46
4022,4328,100,2026-01-21 21:17:20,2026-01-21 21:43:20,2026-01-21 22:14:20,59
4023,4329,112,2026-01-03 14:03:38,2026-01-03 14:45:38,2026-01-03 15:03:38,63
4024,4330,15,2026-01-31 14:46:18,2026-01-31 15:21:18,2026-01-31 15:51:18,66
4025,4331,115,2026-01-04 13:32:16,2026-01-04 13:58:16,2026-01-04 14:23:16,52
4026,4332,19,2026-01-12 13:45:14,2026-01-12 14:16:14,2026-01-12 14:32:14,48
4027,4333,53,2026-01-16 08:24:09,2026-01-16 08:51:09,2026-01-16 09:09:09,49
4028,4334,98,2026-01-18 14:07:46,2026-01-18 14:46:46,2026-01-18 15:08:46,62
4029,4336,83,2026-01-27 11:11:34,2026-01-27 11:29:34,2026-01-27 11:47:34,40
4030,4337,113,2026-01-31 00:27:05,2026-01-31 00:50:05,2026-01-31 01:00:05,36
4031,4338,73,2026-01-08 23:21:43,2026-01-08 23:59:43,2026-01-09 00:18:43,59
4032,4339,115,2026-01-10 12:41:57,2026-01-10 13:07:57,2026-01-10 13:26:57,48
4033,4340,85,2026-01-18 14:27:06,2026-01-18 14:44:06,2026-01-18 15:08:06,42
4034,4341,21,2026-01-08 22:37:51,2026-01-08 23:06:51,2026-01-08 23:23:51,48
4035,4342,50,2026-01-28 06:05:19,2026-01-28 06:29:19,2026-01-28 06:51:19,47
4036,4343,9,2026-01-27 15:19:46,2026-01-27 15:43:46,2026-01-27 16:05:46,47
4037,4344,101,2026-01-21 21:18:38,2026-01-21 21:50:38,2026-01-21 22:06:38,49
4038,4345,95,2026-01-29 13:35:16,2026-01-29 14:10:16,2026-01-29 14:25:16,52
4039,4347,74,2026-01-14 12:36:47,2026-01-14 13:11:47,2026-01-14 13:23:47,51
4040,4348,97,2026-01-14 13:27:35,2026-01-14 13:52:35,2026-01-14 14:07:35,42
4041,4349,36,2026-01-17 21:34:46,2026-01-17 22:00:46,2026-01-17 22:33:46,60
4042,4350,38,2026-01-05 12:14:59,2026-01-05 12:49:59,2026-01-05 13:04:59,52
4043,4351,84,2026-01-28 15:14:04,2026-01-28 15:33:04,2026-01-28 15:47:04,36
4044,4352,93,2026-01-21 21:46:11,2026-01-21 22:14:11,2026-01-21 22:32:11,48
4045,4353,5,2026-01-20 14:09:37,2026-01-20 14:34:37,2026-01-20 15:03:37,55
4046,4354,97,2026-01-11 15:33:53,2026-01-11 15:55:53,2026-01-11 16:09:53,39
4047,4355,92,2026-01-29 15:44:33,2026-01-29 16:15:33,2026-01-29 16:27:33,44
4048,4356,51,2026-01-18 08:17:23,2026-01-18 08:44:23,2026-01-18 08:59:23,44
4049,4357,21,2026-01-20 14:06:59,2026-01-20 14:35:59,2026-01-20 15:06:59,61
4050,4358,36,2026-01-28 21:02:15,2026-01-28 21:35:15,2026-01-28 21:49:15,49
4051,4359,69,2026-01-13 14:58:19,2026-01-13 15:50:19,2026-01-13 16:26:19,91
4052,4360,7,2026-01-18 22:55:25,2026-01-18 23:28:25,2026-01-18 23:59:25,65
4053,4361,10,2026-01-02 17:18:38,2026-01-02 17:39:38,2026-01-02 17:53:38,36
4054,4362,64,2026-01-07 21:42:04,2026-01-07 22:15:04,2026-01-07 22:43:04,65
4055,4363,57,2026-01-31 13:34:29,2026-01-31 14:06:29,2026-01-31 14:25:29,54
4056,4364,14,2026-01-06 07:25:07,2026-01-06 07:49:07,2026-01-06 08:13:07,50
4057,4365,78,2026-01-18 23:43:41,2026-01-19 00:08:41,2026-01-19 00:18:41,39
4058,4366,29,2026-01-29 21:15:38,2026-01-29 21:53:38,2026-01-29 22:07:38,56
4059,4367,21,2026-01-13 15:29:55,2026-01-13 16:01:55,2026-01-13 16:19:55,51
4060,4368,89,2026-01-25 19:59:13,2026-01-25 20:27:13,2026-01-25 20:43:13,47
4061,4369,73,2026-01-28 21:20:01,2026-01-28 22:03:01,2026-01-28 22:27:01,69
4062,4370,116,2026-01-06 14:20:43,2026-01-06 14:57:43,2026-01-06 15:14:43,56
4063,4371,45,2026-01-18 22:52:49,2026-01-18 23:38:49,2026-01-19 00:03:49,73
4064,4372,24,2026-01-31 22:19:07,2026-01-31 22:52:07,2026-01-31 23:21:07,66
4065,4373,61,2026-01-16 21:08:41,2026-01-16 21:37:41,2026-01-16 22:01:41,56
4066,4375,68,2026-01-22 22:51:38,2026-01-22 23:25:38,2026-01-22 23:50:38,62
4067,4376,92,2026-01-22 22:59:26,2026-01-22 23:32:26,2026-01-23 00:00:26,63
4068,4377,2,2026-01-07 12:15:39,2026-01-07 12:53:39,2026-01-07 13:12:39,60
4069,4379,27,2026-01-28 23:56:02,2026-01-29 00:24:02,2026-01-29 00:44:02,50
4070,4380,16,2026-01-15 10:17:51,2026-01-15 10:35:51,2026-01-15 10:53:51,39
4071,4381,2,2026-01-12 14:24:43,2026-01-12 14:55:43,2026-01-12 15:22:43,60
4072,4382,37,2026-01-31 22:08:39,2026-01-31 22:49:39,2026-01-31 23:11:39,65
4073,4383,107,2026-01-21 13:53:49,2026-01-21 14:28:49,2026-01-21 14:54:49,65
4074,4384,49,2026-01-21 22:05:51,2026-01-21 22:41:51,2026-01-21 23:01:51,59
4075,4385,12,2026-01-13 07:56:51,2026-01-13 08:24:51,2026-01-13 08:48:51,55
4076,4386,49,2026-01-10 14:19:21,2026-01-10 14:49:21,2026-01-10 15:19:21,62
4077,4387,85,2026-01-23 22:46:35,2026-01-23 23:04:35,2026-01-23 23:32:35,48
4078,4388,49,2026-01-01 12:04:34,2026-01-01 12:25:34,2026-01-01 12:36:34,34
4079,4389,92,2026-01-12 15:36:54,2026-01-12 16:04:54,2026-01-12 16:36:54,64
4080,4390,78,2026-01-19 18:05:01,2026-01-19 18:37:01,2026-01-19 18:57:01,53
4081,4391,109,2026-01-02 17:09:31,2026-01-02 17:42:31,2026-01-02 17:58:31,53
4082,4392,1,2026-01-04 22:02:18,2026-01-04 22:37:18,2026-01-04 23:00:18,59
4083,4393,101,2026-01-12 05:22:53,2026-01-12 05:44:53,2026-01-12 05:56:53,37
4084,4394,57,2026-01-17 04:04:49,2026-01-17 04:24:49,2026-01-17 04:48:49,45
4085,4395,93,2026-01-18 03:59:17,2026-01-18 04:21:17,2026-01-18 04:39:17,43
4086,4396,67,2026-01-31 12:27:35,2026-01-31 12:42:35,2026-01-31 12:53:35,30
4087,4397,9,2026-01-17 03:00:06,2026-01-17 03:31:06,2026-01-17 03:46:06,48
4088,4398,48,2026-01-09 04:53:19,2026-01-09 05:14:19,2026-01-09 05:32:19,41
4089,4399,17,2026-01-13 13:35:43,2026-01-13 14:24:43,2026-01-13 14:52:43,81
4090,4400,87,2026-01-02 22:24:43,2026-01-02 22:55:43,2026-01-02 23:18:43,57
4091,4401,29,2026-01-03 14:34:13,2026-01-03 15:03:13,2026-01-03 15:28:13,57
4092,4403,81,2026-01-11 22:53:43,2026-01-11 23:25:43,2026-01-11 23:48:43,57
4093,4404,89,2026-01-27 22:24:11,2026-01-27 22:55:11,2026-01-27 23:11:11,49
4094,4405,76,2026-01-02 22:17:50,2026-01-02 22:48:50,2026-01-02 23:06:50,51
4095,4406,47,2026-01-28 13:34:58,2026-01-28 14:06:58,2026-01-28 14:28:58,57
4096,4407,57,2026-01-09 21:43:58,2026-01-09 22:20:58,2026-01-09 22:50:58,70
4097,4408,57,2026-01-23 21:51:17,2026-01-23 22:13:17,2026-01-23 22:40:17,51
4098,4409,55,2026-01-02 22:30:24,2026-01-02 23:09:24,2026-01-02 23:29:24,62
4099,4410,85,2026-01-09 21:45:49,2026-01-09 22:19:49,2026-01-09 22:45:49,63
4100,4411,84,2026-01-27 22:17:29,2026-01-27 22:47:29,2026-01-27 23:06:29,52
4101,4412,62,2026-01-22 21:57:16,2026-01-22 22:19:16,2026-01-22 22:47:16,52
4102,4413,86,2026-01-14 20:30:43,2026-01-14 20:51:43,2026-01-14 21:15:43,47
4103,4414,61,2026-01-30 13:59:02,2026-01-30 14:20:02,2026-01-30 14:37:02,39
4104,4415,25,2026-01-09 23:58:32,2026-01-10 00:22:32,2026-01-10 00:52:32,58
4105,4416,18,2026-01-02 14:18:45,2026-01-02 14:46:45,2026-01-02 15:22:45,68
4106,4417,117,2026-01-01 14:42:51,2026-01-01 15:14:51,2026-01-01 15:38:51,59
4107,4418,48,2026-01-22 21:44:12,2026-01-22 22:11:12,2026-01-22 22:38:12,55
4108,4419,55,2026-01-14 09:21:12,2026-01-14 09:45:12,2026-01-14 10:13:12,55
4109,4420,107,2026-01-24 13:33:50,2026-01-24 14:08:50,2026-01-24 14:36:50,66
4110,4421,9,2026-01-26 14:42:24,2026-01-26 15:17:24,2026-01-26 15:47:24,66
4111,4422,89,2026-01-22 08:23:29,2026-01-22 08:48:29,2026-01-22 09:00:29,40
4112,4423,8,2026-01-20 13:14:18,2026-01-20 13:39:18,2026-01-20 14:07:18,56
4113,4425,88,2026-01-13 15:01:19,2026-01-13 15:35:19,2026-01-13 15:49:19,50
4114,4426,95,2026-01-22 23:08:49,2026-01-22 23:32:49,2026-01-22 23:48:49,43
4115,4428,107,2026-01-30 17:32:03,2026-01-30 18:05:03,2026-01-30 18:25:03,56
4116,4429,12,2026-01-22 15:16:27,2026-01-22 15:44:27,2026-01-22 16:04:27,51
4117,4430,25,2026-01-23 15:23:51,2026-01-23 15:47:51,2026-01-23 16:16:51,57
4118,4431,78,2026-01-31 18:27:12,2026-01-31 18:44:12,2026-01-31 19:07:12,42
4119,4432,26,2026-01-26 17:30:21,2026-01-26 17:53:21,2026-01-26 18:18:21,52
4120,4433,93,2026-01-14 14:13:47,2026-01-14 14:38:47,2026-01-14 15:01:47,51
4121,4434,66,2026-01-05 23:33:09,2026-01-05 23:59:09,2026-01-06 00:14:09,42
4122,4435,34,2026-01-11 13:24:38,2026-01-11 13:53:38,2026-01-11 14:15:38,54
4123,4436,85,2026-01-30 09:30:05,2026-01-30 09:50:05,2026-01-30 10:02:05,34
4124,4437,69,2026-01-03 20:31:11,2026-01-03 20:57:11,2026-01-03 21:14:11,46
4125,4438,111,2026-01-03 14:47:35,2026-01-03 15:14:35,2026-01-03 15:48:35,65
4126,4439,21,2026-01-19 12:40:57,2026-01-19 13:08:57,2026-01-19 13:38:57,62
4127,4440,107,2026-01-02 12:42:54,2026-01-02 13:05:54,2026-01-02 13:21:54,41
4128,4441,13,2026-01-28 13:56:24,2026-01-28 14:26:24,2026-01-28 15:02:24,70
4129,4442,65,2026-01-01 07:11:14,2026-01-01 07:37:14,2026-01-01 07:54:14,44
4130,4443,107,2026-01-11 12:08:57,2026-01-11 12:24:57,2026-01-11 12:43:57,37
4131,4444,67,2026-01-28 13:59:43,2026-01-28 14:36:43,2026-01-28 15:06:43,70
4132,4445,53,2026-01-23 14:14:41,2026-01-23 14:35:41,2026-01-23 15:00:41,50
4133,4446,1,2026-01-12 21:55:07,2026-01-12 22:27:07,2026-01-12 22:49:07,56
4134,4448,53,2026-01-24 22:21:19,2026-01-24 22:46:19,2026-01-24 23:19:19,59
4135,4449,89,2026-01-22 22:16:50,2026-01-22 22:42:50,2026-01-22 23:05:50,53
4136,4450,32,2026-01-30 22:08:35,2026-01-30 22:49:35,2026-01-30 23:11:35,64
4137,4451,55,2026-01-21 15:02:33,2026-01-21 15:26:33,2026-01-21 15:51:33,50
4138,4452,74,2026-01-04 02:33:19,2026-01-04 02:46:19,2026-01-04 03:08:19,38
4139,4453,43,2026-01-18 03:24:11,2026-01-18 03:56:11,2026-01-18 04:16:11,54
4140,4454,30,2026-01-12 22:46:10,2026-01-12 23:22:10,2026-01-12 23:43:10,59
4141,4455,31,2026-01-26 02:25:32,2026-01-26 02:46:32,2026-01-26 03:03:32,41
4142,4456,2,2026-01-13 05:47:40,2026-01-13 06:26:40,2026-01-13 06:45:40,61
4143,4457,28,2026-01-16 12:22:33,2026-01-16 12:52:33,2026-01-16 13:02:33,44
4144,4458,101,2026-01-21 18:26:32,2026-01-21 18:47:32,2026-01-21 19:03:32,38
4145,4459,92,2026-01-12 07:37:00,2026-01-12 08:11:00,2026-01-12 08:26:00,51
4146,4460,98,2026-01-26 13:32:50,2026-01-26 14:00:50,2026-01-26 14:26:50,56
4147,4461,114,2026-01-23 22:01:08,2026-01-23 22:25:08,2026-01-23 22:51:08,53
4148,4462,61,2026-01-29 22:19:25,2026-01-29 22:47:25,2026-01-29 23:08:25,53
4149,4463,20,2026-01-26 14:20:17,2026-01-26 14:53:17,2026-01-26 15:18:17,60
4150,4464,87,2026-01-30 11:20:51,2026-01-30 11:47:51,2026-01-30 12:01:51,42
4151,4466,39,2026-01-25 20:54:13,2026-01-25 21:12:13,2026-01-25 21:41:13,51
4152,4467,65,2026-01-31 00:22:42,2026-01-31 00:45:42,2026-01-31 01:07:42,47
4153,4468,76,2026-01-27 12:11:40,2026-01-27 12:28:40,2026-01-27 12:43:40,36
4154,4469,23,2026-01-02 07:31:23,2026-01-02 07:48:23,2026-01-02 08:07:23,40
4155,4470,48,2026-01-12 14:55:13,2026-01-12 15:24:13,2026-01-12 15:44:13,53
4156,4471,80,2026-01-13 14:43:13,2026-01-13 15:16:13,2026-01-13 15:42:13,60
4157,4472,66,2026-01-21 22:49:15,2026-01-21 23:20:15,2026-01-21 23:39:15,51
4158,4473,98,2026-01-26 11:20:01,2026-01-26 11:46:01,2026-01-26 12:04:01,48
4159,4475,77,2026-01-14 16:57:40,2026-01-14 17:15:40,2026-01-14 17:43:40,50
4160,4476,37,2026-01-28 22:54:29,2026-01-28 23:22:29,2026-01-28 23:42:29,50
4161,4478,25,2026-01-09 14:29:09,2026-01-09 15:14:09,2026-01-09 15:41:09,75
4162,4479,70,2026-01-25 03:12:09,2026-01-25 03:36:09,2026-01-25 03:52:09,43
4163,4480,48,2026-01-10 21:25:43,2026-01-10 22:04:43,2026-01-10 22:31:43,68
4164,4483,88,2026-01-25 23:21:57,2026-01-25 23:49:57,2026-01-26 00:11:57,53
4165,4484,26,2026-01-22 21:14:11,2026-01-22 21:45:11,2026-01-22 22:12:11,61
4166,4485,67,2026-01-05 12:07:04,2026-01-05 12:31:04,2026-01-05 12:50:04,45
4167,4486,78,2026-01-14 21:24:31,2026-01-14 21:41:31,2026-01-14 21:55:31,35
4168,4487,60,2026-01-08 14:28:10,2026-01-08 15:10:10,2026-01-08 15:36:10,72
4169,4488,45,2026-01-21 20:06:44,2026-01-21 20:33:44,2026-01-21 20:53:44,49
4170,4489,15,2026-01-27 23:47:31,2026-01-28 00:17:31,2026-01-28 00:36:31,53
4171,4490,22,2026-01-12 03:10:00,2026-01-12 03:39:00,2026-01-12 04:01:00,54
4172,4491,45,2026-01-13 14:42:01,2026-01-13 15:05:01,2026-01-13 15:34:01,54
4173,4492,60,2026-01-07 20:50:09,2026-01-07 21:21:09,2026-01-07 21:40:09,54
4174,4495,26,2026-01-12 21:18:07,2026-01-12 22:04:07,2026-01-12 22:24:07,70
4175,4496,21,2026-01-12 11:25:20,2026-01-12 11:49:20,2026-01-12 12:02:20,39
4176,4497,61,2026-01-08 23:33:24,2026-01-08 23:56:24,2026-01-09 00:18:24,46
4177,4498,56,2026-01-26 21:10:59,2026-01-26 21:50:59,2026-01-26 22:15:59,68
4178,4499,116,2026-01-08 21:53:57,2026-01-08 22:23:57,2026-01-08 22:54:57,63
4179,4500,101,2026-01-02 21:25:47,2026-01-02 21:59:47,2026-01-02 22:28:47,64
4180,4501,11,2026-01-26 16:02:43,2026-01-26 16:22:43,2026-01-26 16:44:43,45
4181,4502,30,2026-01-07 21:31:48,2026-01-07 22:10:48,2026-01-07 22:39:48,72
4182,4503,78,2026-01-02 07:57:26,2026-01-02 08:24:26,2026-01-02 08:42:26,47
4183,4504,106,2026-01-28 02:01:12,2026-01-28 02:35:12,2026-01-28 02:47:12,49
4184,4505,33,2026-01-06 05:59:46,2026-01-06 06:27:46,2026-01-06 06:52:46,55
4185,4506,104,2026-01-28 20:26:55,2026-01-28 20:53:55,2026-01-28 21:10:55,48
4186,4507,46,2026-01-21 20:33:35,2026-01-21 20:54:35,2026-01-21 21:13:35,43
4187,4508,86,2026-01-19 18:00:33,2026-01-19 18:28:33,2026-01-19 18:46:33,50
4188,4509,41,2026-01-01 20:50:21,2026-01-01 21:10:21,2026-01-01 21:28:21,39
4189,4510,51,2026-01-26 17:07:53,2026-01-26 17:32:53,2026-01-26 17:54:53,51
4190,4511,27,2026-01-20 22:50:44,2026-01-20 23:18:44,2026-01-20 23:52:44,63
4191,4512,90,2026-01-22 19:56:12,2026-01-22 20:18:12,2026-01-22 20:36:12,41
4192,4513,13,2026-01-20 12:32:14,2026-01-20 13:01:14,2026-01-20 13:13:14,43
4193,4514,111,2026-01-07 12:56:00,2026-01-07 13:13:00,2026-01-07 13:26:00,32
4194,4515,102,2026-01-04 13:28:19,2026-01-04 13:55:19,2026-01-04 14:12:19,45
4195,4516,23,2026-01-08 10:00:23,2026-01-08 10:31:23,2026-01-08 10:50:23,51
4196,4517,112,2026-01-01 12:38:00,2026-01-01 13:02:00,2026-01-01 13:12:00,36
4197,4518,100,2026-01-03 16:56:22,2026-01-03 17:21:22,2026-01-03 17:32:22,37
4198,4519,38,2026-01-20 13:08:05,2026-01-20 13:48:05,2026-01-20 14:12:05,67
4199,4520,7,2026-01-02 13:35:39,2026-01-02 14:12:39,2026-01-02 14:45:39,74
4200,4521,70,2026-01-25 22:05:25,2026-01-25 22:34:25,2026-01-25 23:00:25,58
4201,4522,10,2026-01-12 19:53:32,2026-01-12 20:15:32,2026-01-12 20:36:32,45
4202,4523,27,2026-01-28 22:34:01,2026-01-28 22:56:01,2026-01-28 23:16:01,43
4203,4524,67,2026-01-07 18:49:21,2026-01-07 19:06:21,2026-01-07 19:24:21,37
4204,4525,44,2026-01-26 09:52:51,2026-01-26 10:09:51,2026-01-26 10:27:51,39
4205,4526,86,2026-01-30 08:06:59,2026-01-30 08:45:59,2026-01-30 09:06:59,62
4206,4527,70,2026-01-04 11:30:56,2026-01-04 12:00:56,2026-01-04 12:20:56,52
4207,4528,33,2026-01-30 21:52:08,2026-01-30 22:30:08,2026-01-30 22:52:08,62
4208,4529,7,2026-01-05 20:17:36,2026-01-05 20:41:36,2026-01-05 21:03:36,49
4209,4530,54,2026-01-26 15:26:12,2026-01-26 15:43:12,2026-01-26 16:02:12,37
4210,4531,49,2026-01-04 18:15:18,2026-01-04 18:46:18,2026-01-04 19:06:18,52
4211,4532,87,2026-01-17 17:39:19,2026-01-17 17:55:19,2026-01-17 18:15:19,37
4212,4533,36,2026-01-18 13:55:39,2026-01-18 14:44:39,2026-01-18 15:01:39,69
4213,4534,2,2026-01-30 22:00:42,2026-01-30 22:18:42,2026-01-30 22:43:42,45
4214,4535,6,2026-01-23 22:45:09,2026-01-23 23:29:09,2026-01-23 23:44:09,60
4215,4536,80,2026-01-20 15:29:20,2026-01-20 15:59:20,2026-01-20 16:18:20,50
4216,4538,117,2026-01-24 15:06:50,2026-01-24 15:33:50,2026-01-24 15:50:50,46
4217,4539,48,2026-01-03 20:51:33,2026-01-03 21:26:33,2026-01-03 21:48:33,61
4218,4540,59,2026-01-17 22:46:18,2026-01-17 23:14:18,2026-01-17 23:28:18,44
4219,4541,34,2026-01-15 14:25:31,2026-01-15 14:47:31,2026-01-15 15:23:31,61
4220,4542,24,2026-01-11 12:49:42,2026-01-11 13:08:42,2026-01-11 13:36:42,51
4221,4543,90,2026-01-01 06:05:17,2026-01-01 06:27:17,2026-01-01 06:43:17,41
4222,4545,50,2026-01-19 12:48:13,2026-01-19 13:22:13,2026-01-19 13:46:13,62
4223,4546,4,2026-01-25 22:00:05,2026-01-25 22:30:05,2026-01-25 22:47:05,51
4224,4547,39,2026-01-18 21:27:21,2026-01-18 21:56:21,2026-01-18 22:20:21,56
4225,4548,48,2026-01-20 13:12:33,2026-01-20 13:44:33,2026-01-20 14:07:33,58
4226,4549,9,2026-01-19 14:06:04,2026-01-19 14:36:04,2026-01-19 15:05:04,63
4227,4550,94,2026-01-16 22:37:25,2026-01-16 23:12:25,2026-01-16 23:33:25,57
4228,4551,39,2026-01-20 13:37:16,2026-01-20 14:21:16,2026-01-20 14:48:16,75
4229,4552,10,2026-01-31 13:52:43,2026-01-31 14:23:43,2026-01-31 14:46:43,58
4230,4553,54,2026-01-30 14:06:47,2026-01-30 14:40:47,2026-01-30 14:55:47,50
4231,4554,84,2026-01-09 12:41:55,2026-01-09 13:07:55,2026-01-09 13:17:55,39
4232,4555,56,2026-01-16 01:38:58,2026-01-16 02:04:58,2026-01-16 02:32:58,57
4233,4557,45,2026-01-30 19:16:17,2026-01-30 19:57:17,2026-01-30 20:08:17,53
4234,4558,89,2026-01-22 20:18:23,2026-01-22 20:42:23,2026-01-22 20:53:23,38
4235,4559,95,2026-01-29 06:40:30,2026-01-29 07:18:30,2026-01-29 07:37:30,60
4236,4560,47,2026-01-24 20:39:23,2026-01-24 21:09:23,2026-01-24 21:26:23,48
4237,4561,9,2026-01-08 23:14:43,2026-01-08 23:47:43,2026-01-09 00:07:43,56
4238,4562,52,2026-01-19 16:14:32,2026-01-19 16:33:32,2026-01-19 16:49:32,39
4239,4563,118,2026-01-30 22:21:36,2026-01-30 22:48:36,2026-01-30 23:13:36,56
4240,4564,93,2026-01-01 21:32:54,2026-01-01 21:58:54,2026-01-01 22:36:54,68
4241,4565,21,2026-01-13 00:39:09,2026-01-13 00:54:09,2026-01-13 01:14:09,39
4242,4566,43,2026-01-14 13:11:05,2026-01-14 13:44:05,2026-01-14 14:03:05,54
4243,4567,73,2026-01-20 12:51:17,2026-01-20 13:10:17,2026-01-20 13:26:17,37
4244,4568,117,2026-01-03 13:34:15,2026-01-03 14:00:15,2026-01-03 14:26:15,55
4245,4569,3,2026-01-20 15:55:16,2026-01-20 16:18:16,2026-01-20 16:39:16,46
4246,4570,78,2026-01-23 12:48:25,2026-01-23 13:17:25,2026-01-23 13:38:25,53
4247,4571,62,2026-01-24 22:33:27,2026-01-24 23:10:27,2026-01-24 23:41:27,72
4248,4572,60,2026-01-12 21:43:44,2026-01-12 22:29:44,2026-01-12 22:50:44,69
4249,4573,78,2026-01-15 21:46:31,2026-01-15 22:16:31,2026-01-15 22:44:31,61
4250,4574,42,2026-01-23 18:50:13,2026-01-23 19:09:13,2026-01-23 19:32:13,43
4251,4575,83,2026-01-14 21:32:08,2026-01-14 22:07:08,2026-01-14 22:28:08,60
4252,4576,44,2026-01-25 14:42:42,2026-01-25 15:12:42,2026-01-25 15:41:42,60
4253,4577,116,2026-01-08 20:16:15,2026-01-08 20:41:15,2026-01-08 20:54:15,42
4254,4578,33,2026-01-23 22:07:22,2026-01-23 22:37:22,2026-01-23 22:53:22,49
4255,4579,91,2026-01-11 00:07:09,2026-01-11 00:45:09,2026-01-11 01:00:09,55
4256,4580,117,2026-01-23 16:18:06,2026-01-23 16:47:06,2026-01-23 17:02:06,47
4257,4581,102,2026-01-24 07:43:59,2026-01-24 08:25:59,2026-01-24 08:48:59,69
4258,4582,33,2026-01-03 14:29:13,2026-01-03 14:55:13,2026-01-03 15:13:13,46
4259,4583,116,2026-01-07 14:03:06,2026-01-07 14:44:06,2026-01-07 14:57:06,55
4260,4584,87,2026-01-23 23:59:03,2026-01-24 00:35:03,2026-01-24 00:48:03,53
4261,4585,60,2026-01-28 21:23:25,2026-01-28 21:54:25,2026-01-28 22:18:25,57
4262,4586,113,2026-01-05 20:27:17,2026-01-05 20:48:17,2026-01-05 21:04:17,41
4263,4587,66,2026-01-18 15:05:18,2026-01-18 15:32:18,2026-01-18 15:45:18,44
4264,4588,50,2026-01-03 22:22:55,2026-01-03 22:44:55,2026-01-03 23:11:55,53
4265,4589,13,2026-01-17 23:29:07,2026-01-18 00:04:07,2026-01-18 00:21:07,56
4266,4590,27,2026-01-16 05:26:23,2026-01-16 05:48:23,2026-01-16 06:10:23,46
4267,4591,70,2026-01-20 11:36:36,2026-01-20 12:15:36,2026-01-20 12:41:36,66
4268,4592,4,2026-01-17 03:00:58,2026-01-17 03:28:58,2026-01-17 03:48:58,50
4269,4593,68,2026-01-30 12:37:30,2026-01-30 13:07:30,2026-01-30 13:22:30,49
4270,4594,58,2026-01-10 22:14:45,2026-01-10 22:43:45,2026-01-10 23:04:45,53
4271,4595,58,2026-01-03 15:49:32,2026-01-03 16:11:32,2026-01-03 16:22:32,35
4272,4596,42,2026-01-30 22:07:09,2026-01-30 22:40:09,2026-01-30 23:03:09,59
4273,4597,94,2026-01-08 14:45:02,2026-01-08 15:25:02,2026-01-08 15:55:02,74
4274,4598,66,2026-01-11 22:47:05,2026-01-11 23:24:05,2026-01-11 23:46:05,63
4275,4599,103,2026-01-26 15:34:09,2026-01-26 15:55:09,2026-01-26 16:05:09,35
4276,4600,46,2026-01-23 18:30:57,2026-01-23 18:59:57,2026-01-23 19:09:57,41
4277,4601,11,2026-01-09 23:53:15,2026-01-10 00:14:15,2026-01-10 00:33:15,42
4278,4602,62,2026-01-10 10:32:48,2026-01-10 10:51:48,2026-01-10 11:06:48,36
4279,4603,99,2026-01-12 14:22:24,2026-01-12 14:59:24,2026-01-12 15:28:24,68
4280,4604,49,2026-01-27 23:49:51,2026-01-28 00:12:51,2026-01-28 00:38:51,52
4281,4606,106,2026-01-07 14:50:15,2026-01-07 15:17:15,2026-01-07 15:42:15,56
4282,4607,105,2026-01-02 22:53:48,2026-01-02 23:27:48,2026-01-02 23:41:48,51
4283,4608,51,2026-01-06 20:59:51,2026-01-06 21:24:51,2026-01-06 21:35:51,38
4284,4609,29,2026-01-18 16:57:30,2026-01-18 17:20:30,2026-01-18 17:33:30,39
4285,4610,7,2026-01-14 20:59:59,2026-01-14 21:18:59,2026-01-14 21:37:59,41
4286,4611,82,2026-01-15 18:57:38,2026-01-15 19:20:38,2026-01-15 19:42:38,49
4287,4612,118,2026-01-06 12:37:49,2026-01-06 12:58:49,2026-01-06 13:13:49,40
4288,4613,80,2026-01-31 21:42:40,2026-01-31 22:07:40,2026-01-31 22:30:40,52
4289,4614,37,2026-01-30 14:54:09,2026-01-30 15:32:09,2026-01-30 15:53:09,60
4290,4615,108,2026-01-29 22:20:24,2026-01-29 23:00:24,2026-01-29 23:23:24,66
4291,4616,70,2026-01-28 05:36:31,2026-01-28 06:02:31,2026-01-28 06:18:31,43
4292,4617,104,2026-01-15 11:02:54,2026-01-15 11:29:54,2026-01-15 11:42:54,42
4293,4618,36,2026-01-15 20:38:34,2026-01-15 21:03:34,2026-01-15 21:19:34,44
4294,4619,93,2026-01-26 08:57:01,2026-01-26 09:24:01,2026-01-26 09:42:01,47
4295,4620,26,2026-01-10 23:18:55,2026-01-10 23:47:55,2026-01-11 00:10:55,54
4296,4622,65,2026-01-31 19:36:29,2026-01-31 19:59:29,2026-01-31 20:15:29,41
4297,4623,73,2026-01-15 04:52:33,2026-01-15 05:21:33,2026-01-15 05:43:33,53
4298,4624,6,2026-01-16 12:56:14,2026-01-16 13:27:14,2026-01-16 13:47:14,55
4299,4625,38,2026-01-02 23:59:04,2026-01-03 00:28:04,2026-01-03 00:41:04,44
4300,4626,24,2026-01-12 03:17:33,2026-01-12 03:40:33,2026-01-12 03:58:33,45
4301,4627,116,2026-01-04 22:52:31,2026-01-04 23:21:31,2026-01-04 23:33:31,43
4302,4628,73,2026-01-27 15:20:40,2026-01-27 15:37:40,2026-01-27 15:54:40,35
4303,4629,48,2026-01-20 22:42:14,2026-01-20 23:13:14,2026-01-20 23:35:14,54
4304,4630,54,2026-01-13 18:32:36,2026-01-13 19:04:36,2026-01-13 19:28:36,59
4305,4631,79,2026-01-07 20:37:11,2026-01-07 21:15:11,2026-01-07 21:33:11,60
4306,4632,8,2026-01-16 14:25:21,2026-01-16 14:51:21,2026-01-16 15:18:21,57
4307,4633,8,2026-01-23 08:55:19,2026-01-23 09:18:19,2026-01-23 09:35:19,42
4308,4634,14,2026-01-12 18:36:19,2026-01-12 18:56:19,2026-01-12 19:11:19,36
4309,4635,109,2026-01-29 06:35:35,2026-01-29 07:05:35,2026-01-29 07:18:35,45
4310,4636,8,2026-01-07 14:17:36,2026-01-07 14:45:36,2026-01-07 15:09:36,56
4311,4637,60,2026-01-21 23:17:04,2026-01-21 23:35:04,2026-01-21 23:51:04,37
4312,4638,19,2026-01-17 22:43:18,2026-01-17 23:14:18,2026-01-17 23:29:18,49
4313,4639,46,2026-01-13 22:14:50,2026-01-13 22:47:50,2026-01-13 23:13:50,61
4314,4640,80,2026-01-27 04:18:56,2026-01-27 04:48:56,2026-01-27 05:03:56,48
4315,4641,23,2026-01-19 22:15:59,2026-01-19 22:40:59,2026-01-19 23:12:59,60
4316,4643,81,2026-01-26 14:04:47,2026-01-26 14:30:47,2026-01-26 14:54:47,54
4317,4645,83,2026-01-22 14:57:07,2026-01-22 15:23:07,2026-01-22 15:54:07,61
4318,4646,96,2026-01-25 10:33:16,2026-01-25 10:47:16,2026-01-25 11:15:16,43
4319,4647,8,2026-01-10 22:39:24,2026-01-10 23:05:24,2026-01-10 23:32:24,57
4320,4648,63,2026-01-15 04:32:21,2026-01-15 04:52:21,2026-01-15 05:21:21,52
4321,4649,44,2026-01-31 12:11:12,2026-01-31 12:35:12,2026-01-31 12:46:12,39
4322,4650,81,2026-01-22 13:04:56,2026-01-22 13:38:56,2026-01-22 14:07:56,66
4323,4651,2,2026-01-30 15:36:18,2026-01-30 16:15:18,2026-01-30 16:38:18,63
4324,4652,111,2026-01-08 17:05:48,2026-01-08 17:29:48,2026-01-08 18:01:48,57
4325,4653,76,2026-01-16 12:05:21,2026-01-16 12:33:21,2026-01-16 12:52:21,51
4326,4654,57,2026-01-09 23:28:29,2026-01-09 23:50:29,2026-01-10 00:00:29,36
4327,4655,99,2026-01-29 21:59:06,2026-01-29 22:33:06,2026-01-29 22:56:06,58
4328,4656,62,2026-01-15 14:52:29,2026-01-15 15:30:29,2026-01-15 15:56:29,67
4329,4657,38,2026-01-13 14:36:49,2026-01-13 15:04:49,2026-01-13 15:29:49,55
4330,4659,1,2026-01-07 02:30:45,2026-01-07 02:50:45,2026-01-07 03:10:45,43
4331,4660,59,2026-01-16 14:58:48,2026-01-16 15:29:48,2026-01-16 15:55:48,58
4332,4661,98,2026-01-22 00:51:49,2026-01-22 01:15:49,2026-01-22 01:37:49,49
4333,4663,119,2026-01-22 21:44:42,2026-01-22 22:12:42,2026-01-22 22:50:42,68
4334,4664,88,2026-01-27 22:27:49,2026-01-27 22:57:49,2026-01-27 23:23:49,59
4335,4665,56,2026-01-10 07:37:24,2026-01-10 08:17:24,2026-01-10 08:35:24,62
4336,4666,58,2026-01-08 20:17:33,2026-01-08 20:39:33,2026-01-08 20:56:33,43
4337,4667,42,2026-01-04 21:06:46,2026-01-04 21:35:46,2026-01-04 21:57:46,52
4338,4668,34,2026-01-20 14:31:54,2026-01-20 15:05:54,2026-01-20 15:24:54,56
4339,4669,27,2026-01-11 19:25:16,2026-01-11 19:54:16,2026-01-11 20:15:16,52
4340,4670,73,2026-01-22 21:21:36,2026-01-22 21:51:36,2026-01-22 22:07:36,49
4341,4671,20,2026-01-20 12:15:00,2026-01-20 12:31:00,2026-01-20 12:49:00,38
4342,4672,20,2026-01-05 05:52:24,2026-01-05 06:11:24,2026-01-05 06:26:24,38
4343,4673,36,2026-01-04 13:34:34,2026-01-04 14:00:34,2026-01-04 14:21:34,48
4344,4674,23,2026-01-27 21:08:02,2026-01-27 21:48:02,2026-01-27 22:18:02,71
4345,4675,35,2026-01-24 17:39:38,2026-01-24 18:13:38,2026-01-24 18:29:38,53
4346,4676,3,2026-01-04 23:34:02,2026-01-05 00:00:02,2026-01-05 00:14:02,42
4347,4677,21,2026-01-18 22:13:56,2026-01-18 22:39:56,2026-01-18 22:57:56,45
4348,4678,82,2026-01-03 21:18:57,2026-01-03 21:48:57,2026-01-03 22:06:57,49
4349,4679,90,2026-01-30 14:34:18,2026-01-30 15:17:18,2026-01-30 15:46:18,73
4350,4680,25,2026-01-22 12:08:24,2026-01-22 12:42:24,2026-01-22 13:07:24,62
4351,4681,1,2026-01-18 12:26:49,2026-01-18 12:54:49,2026-01-18 13:08:49,44
4352,4682,15,2026-01-14 05:59:21,2026-01-14 06:20:21,2026-01-14 06:33:21,37
4353,4683,69,2026-01-02 03:14:01,2026-01-02 03:42:01,2026-01-02 04:09:01,56
4354,4684,92,2026-01-20 15:10:16,2026-01-20 15:31:16,2026-01-20 15:43:16,37
4355,4685,89,2026-01-08 08:22:10,2026-01-08 08:48:10,2026-01-08 09:02:10,43
4356,4686,60,2026-01-24 01:15:31,2026-01-24 01:40:31,2026-01-24 02:05:31,53
4357,4687,110,2026-01-16 22:14:39,2026-01-16 22:49:39,2026-01-16 23:14:39,61
4358,4688,21,2026-01-06 22:57:22,2026-01-06 23:25:22,2026-01-06 23:46:22,52
4359,4689,40,2026-01-20 20:24:43,2026-01-20 20:55:43,2026-01-20 21:16:43,54
4360,4690,71,2026-01-26 00:47:41,2026-01-26 01:18:41,2026-01-26 01:28:41,45
4361,4692,107,2026-01-10 12:25:38,2026-01-10 12:48:38,2026-01-10 13:08:38,44
4362,4694,16,2026-01-25 19:13:25,2026-01-25 19:45:25,2026-01-25 20:10:25,61
4363,4695,82,2026-01-07 20:45:03,2026-01-07 21:04:03,2026-01-07 21:24:03,42
4364,4696,22,2026-01-14 14:16:36,2026-01-14 14:42:36,2026-01-14 15:04:36,52
4365,4697,18,2026-01-07 21:15:31,2026-01-07 21:42:31,2026-01-07 22:18:31,67
4366,4698,113,2026-01-18 21:21:19,2026-01-18 21:50:19,2026-01-18 22:06:19,48
4367,4699,99,2026-01-13 13:39:45,2026-01-13 14:15:45,2026-01-13 14:41:45,63
4368,4700,76,2026-01-08 22:12:38,2026-01-08 22:45:38,2026-01-08 23:11:38,62
4369,4701,94,2026-01-27 02:28:57,2026-01-27 02:53:57,2026-01-27 03:17:57,52
4370,4702,33,2026-01-14 05:32:33,2026-01-14 05:51:33,2026-01-14 06:17:33,49
4371,4703,72,2026-01-12 14:48:05,2026-01-12 15:17:05,2026-01-12 15:38:05,52
4372,4704,67,2026-01-07 13:14:36,2026-01-07 13:41:36,2026-01-07 14:09:36,59
4373,4705,95,2026-01-10 14:13:26,2026-01-10 14:49:26,2026-01-10 15:13:26,62
4374,4707,75,2026-01-11 06:00:33,2026-01-11 06:22:33,2026-01-11 06:44:33,47
4375,4708,64,2026-01-06 12:35:25,2026-01-06 12:54:25,2026-01-06 13:14:25,43
4376,4709,8,2026-01-21 15:39:38,2026-01-21 15:59:38,2026-01-21 16:28:38,50
4377,4710,71,2026-01-26 21:32:26,2026-01-26 22:07:26,2026-01-26 22:28:26,59
4378,4711,77,2026-01-31 12:48:10,2026-01-31 13:23:10,2026-01-31 13:36:10,52
4379,4712,114,2026-01-10 23:57:15,2026-01-11 00:28:15,2026-01-11 00:44:15,48
4380,4713,105,2026-01-10 13:14:36,2026-01-10 13:57:36,2026-01-10 14:25:36,75
4381,4714,1,2026-01-17 12:38:39,2026-01-17 13:16:39,2026-01-17 13:41:39,64
4382,4715,107,2026-01-01 01:22:19,2026-01-01 01:54:19,2026-01-01 02:13:19,52
4383,4716,91,2026-01-16 05:45:18,2026-01-16 06:16:18,2026-01-16 06:28:18,45
4384,4717,72,2026-01-11 08:34:52,2026-01-11 09:00:52,2026-01-11 09:28:52,58
4385,4718,51,2026-01-25 14:23:12,2026-01-25 14:46:12,2026-01-25 15:09:12,47
4386,4719,87,2026-01-14 20:19:35,2026-01-14 20:39:35,2026-01-14 20:54:35,39
4387,4720,12,2026-01-29 21:20:59,2026-01-29 22:10:59,2026-01-29 22:38:59,80
4388,4721,17,2026-01-04 14:16:45,2026-01-04 14:54:45,2026-01-04 15:11:45,56
4389,4722,29,2026-01-21 00:03:32,2026-01-21 00:17:32,2026-01-21 00:34:32,35
4390,4723,21,2026-01-31 21:09:30,2026-01-31 21:45:30,2026-01-31 22:08:30,63
4391,4724,91,2026-01-10 23:18:30,2026-01-10 23:36:30,2026-01-10 23:55:30,39
4392,4725,57,2026-01-07 14:21:50,2026-01-07 14:49:50,2026-01-07 15:21:50,63
4393,4726,78,2026-01-02 21:48:27,2026-01-02 22:30:27,2026-01-02 22:45:27,59
4394,4727,62,2026-01-23 19:04:36,2026-01-23 19:42:36,2026-01-23 20:02:36,60
4395,4728,100,2026-01-20 13:12:53,2026-01-20 13:44:53,2026-01-20 14:07:53,56
4396,4729,108,2026-01-17 20:50:06,2026-01-17 21:10:06,2026-01-17 21:29:06,42
4397,4730,105,2026-01-07 03:26:15,2026-01-07 03:46:15,2026-01-07 04:07:15,43
4398,4731,100,2026-01-23 23:25:06,2026-01-23 23:49:06,2026-01-24 00:08:06,46
4399,4732,89,2026-01-11 20:31:46,2026-01-11 20:58:46,2026-01-11 21:08:46,40
4400,4733,85,2026-01-16 09:39:14,2026-01-16 10:03:14,2026-01-16 10:19:14,44
4401,4734,34,2026-01-27 22:45:21,2026-01-27 23:27:21,2026-01-27 23:49:21,67
4402,4735,62,2026-01-24 13:10:42,2026-01-24 13:41:42,2026-01-24 14:03:42,57
4403,4736,96,2026-01-03 15:02:46,2026-01-03 15:31:46,2026-01-03 15:53:46,52
4404,4737,10,2026-01-25 14:33:59,2026-01-25 15:05:59,2026-01-25 15:30:59,60
4405,4738,4,2026-01-07 21:17:33,2026-01-07 21:41:33,2026-01-07 22:08:33,52
4406,4739,33,2026-01-02 13:27:34,2026-01-02 13:51:34,2026-01-02 14:09:34,43
4407,4741,35,2026-01-14 08:23:59,2026-01-14 08:50:59,2026-01-14 09:10:59,51
4408,4742,43,2026-01-06 21:02:20,2026-01-06 21:26:20,2026-01-06 21:50:20,50
4409,4743,69,2026-01-31 22:26:35,2026-01-31 23:02:35,2026-01-31 23:16:35,54
4410,4744,5,2026-01-08 21:05:02,2026-01-08 21:33:02,2026-01-08 21:56:02,52
4411,4745,107,2026-01-30 21:04:24,2026-01-30 21:31:24,2026-01-30 21:58:24,57
4412,4746,53,2026-01-20 21:05:56,2026-01-20 21:41:56,2026-01-20 22:02:56,61
4413,4747,66,2026-01-12 16:01:09,2026-01-12 16:27:09,2026-01-12 16:40:09,42
4414,4748,89,2026-01-30 18:11:15,2026-01-30 18:31:15,2026-01-30 18:48:15,39
4415,4749,52,2026-01-04 14:07:18,2026-01-04 14:41:18,2026-01-04 15:03:18,59
4416,4750,44,2026-01-03 23:50:44,2026-01-04 00:16:44,2026-01-04 00:30:44,43
4417,4751,91,2026-01-02 14:06:10,2026-01-02 14:30:10,2026-01-02 15:01:10,56
4418,4752,25,2026-01-14 21:48:23,2026-01-14 22:16:23,2026-01-14 22:34:23,49
4419,4753,95,2026-01-24 22:21:09,2026-01-24 22:50:09,2026-01-24 23:13:09,53
4420,4754,96,2026-01-14 05:13:32,2026-01-14 05:40:32,2026-01-14 06:01:32,51
4421,4756,95,2026-01-20 21:17:13,2026-01-20 21:41:13,2026-01-20 22:03:13,50
4422,4757,74,2026-01-04 11:06:39,2026-01-04 11:33:39,2026-01-04 11:53:39,51
4423,4758,50,2026-01-01 06:23:22,2026-01-01 06:54:22,2026-01-01 07:26:22,66
4424,4759,15,2026-01-01 23:57:01,2026-01-02 00:17:01,2026-01-02 00:37:01,41
4425,4760,87,2026-01-06 21:03:53,2026-01-06 21:39:53,2026-01-06 21:59:53,59
4426,4761,55,2026-01-21 14:08:35,2026-01-21 14:29:35,2026-01-21 15:04:35,59
4427,4762,34,2026-01-11 17:20:59,2026-01-11 17:47:59,2026-01-11 17:59:59,43
4428,4763,58,2026-01-27 14:16:09,2026-01-27 14:55:09,2026-01-27 15:22:09,68
4429,4764,43,2026-01-04 23:29:52,2026-01-04 23:49:52,2026-01-05 00:08:52,40
4430,4765,48,2026-01-15 14:39:04,2026-01-15 15:16:04,2026-01-15 15:44:04,68
4431,4766,111,2026-01-16 20:07:06,2026-01-16 20:25:06,2026-01-16 20:44:06,38
4432,4767,53,2026-01-20 18:47:33,2026-01-20 19:09:33,2026-01-20 19:40:33,57
4433,4768,51,2026-01-29 12:58:01,2026-01-29 13:28:01,2026-01-29 13:52:01,58
4434,4769,28,2026-01-12 13:00:45,2026-01-12 13:22:45,2026-01-12 13:38:45,40
4435,4770,75,2026-01-03 01:58:55,2026-01-03 02:18:55,2026-01-03 02:42:55,45
4436,4771,62,2026-01-14 09:23:56,2026-01-14 09:46:56,2026-01-14 10:09:56,48
4437,4773,19,2026-01-08 21:15:40,2026-01-08 21:42:40,2026-01-08 22:06:40,54
4438,4774,75,2026-01-11 02:41:16,2026-01-11 03:16:16,2026-01-11 03:29:16,51
4439,4776,6,2026-01-19 11:19:00,2026-01-19 11:39:00,2026-01-19 11:53:00,37
4440,4777,101,2026-01-04 09:16:36,2026-01-04 09:49:36,2026-01-04 10:00:36,45
4441,4778,40,2026-01-14 14:18:37,2026-01-14 14:45:37,2026-01-14 15:02:37,46
4442,4779,81,2026-01-06 06:47:41,2026-01-06 07:21:41,2026-01-06 07:41:41,58
4443,4780,56,2026-01-08 22:55:50,2026-01-08 23:27:50,2026-01-08 23:50:50,58
4444,4781,115,2026-01-29 21:11:05,2026-01-29 21:43:05,2026-01-29 22:08:05,61
4445,4782,91,2026-01-28 02:07:35,2026-01-28 02:37:35,2026-01-28 03:01:35,55
4446,4783,11,2026-01-28 13:08:19,2026-01-28 13:42:19,2026-01-28 14:02:19,55
4447,4784,91,2026-01-06 14:13:39,2026-01-06 14:43:39,2026-01-06 15:11:39,60
4448,4785,94,2026-01-05 20:59:07,2026-01-05 21:26:07,2026-01-05 21:58:07,60
4449,4787,17,2026-01-19 14:17:31,2026-01-19 14:56:31,2026-01-19 15:15:31,60
4450,4788,22,2026-01-28 09:10:11,2026-01-28 09:44:11,2026-01-28 09:56:11,48
4451,4789,71,2026-01-17 14:19:03,2026-01-17 14:50:03,2026-01-17 15:13:03,58
4452,4790,9,2026-01-09 14:38:04,2026-01-09 15:06:04,2026-01-09 15:21:04,47
4453,4791,120,2026-01-15 13:05:17,2026-01-15 13:32:17,2026-01-15 13:59:17,58
4454,4792,18,2026-01-11 14:12:55,2026-01-11 14:37:55,2026-01-11 14:56:55,45
4455,4793,93,2026-01-18 13:55:44,2026-01-18 14:31:44,2026-01-18 14:50:44,59
4456,4794,77,2026-01-13 13:17:45,2026-01-13 13:51:45,2026-01-13 14:18:45,63
4457,4795,3,2026-01-28 05:23:10,2026-01-28 05:45:10,2026-01-28 06:07:10,48
4458,4796,16,2026-01-18 00:53:05,2026-01-18 01:13:05,2026-01-18 01:23:05,32
4459,4797,30,2026-01-14 15:46:03,2026-01-14 16:13:03,2026-01-14 16:38:03,55
4460,4798,115,2026-01-17 12:47:19,2026-01-17 13:07:19,2026-01-17 13:23:19,37
4461,4799,73,2026-01-03 17:44:57,2026-01-03 18:20:57,2026-01-03 18:42:57,62
4462,4800,62,2026-01-28 09:27:45,2026-01-28 09:50:45,2026-01-28 10:11:45,45
4463,4801,105,2026-01-28 14:20:39,2026-01-28 14:52:39,2026-01-28 15:20:39,63
4464,4802,15,2026-01-06 23:47:30,2026-01-07 00:02:30,2026-01-07 00:12:30,26
4465,4803,109,2026-01-27 23:25:22,2026-01-27 23:49:22,2026-01-28 00:07:22,46
4466,4804,24,2026-01-30 22:57:46,2026-01-30 23:31:46,2026-01-30 23:56:46,62
4467,4805,108,2026-01-29 07:21:48,2026-01-29 07:39:48,2026-01-29 07:51:48,31
4468,4807,11,2026-01-05 02:48:03,2026-01-05 03:09:03,2026-01-05 03:31:03,46
4469,4808,47,2026-01-07 15:36:37,2026-01-07 16:04:37,2026-01-07 16:21:37,47
4470,4809,86,2026-01-05 23:43:24,2026-01-06 00:06:24,2026-01-06 00:28:24,48
4471,4810,8,2026-01-24 10:20:48,2026-01-24 10:43:48,2026-01-24 11:01:48,42
4472,4811,120,2026-01-09 00:02:28,2026-01-09 00:26:28,2026-01-09 00:46:28,48
4473,4812,116,2026-01-15 21:16:07,2026-01-15 21:42:07,2026-01-15 22:02:07,47
4474,4813,36,2026-01-01 10:12:12,2026-01-01 10:46:12,2026-01-01 11:11:12,63
4475,4814,38,2026-01-19 11:54:41,2026-01-19 12:16:41,2026-01-19 12:38:41,46
4476,4815,11,2026-01-25 22:29:26,2026-01-25 23:02:26,2026-01-25 23:27:26,62
4477,4816,47,2026-01-23 21:29:25,2026-01-23 22:06:25,2026-01-23 22:28:25,60
4478,4817,89,2026-01-02 22:56:09,2026-01-02 23:38:09,2026-01-03 00:05:09,71
4479,4818,46,2026-01-16 23:25:38,2026-01-16 23:45:38,2026-01-16 23:58:38,34
4480,4819,75,2026-01-09 11:03:30,2026-01-09 11:26:30,2026-01-09 11:42:30,40
4481,4820,27,2026-01-06 21:46:21,2026-01-06 22:05:21,2026-01-06 22:22:21,37
4482,4821,66,2026-01-07 13:13:07,2026-01-07 13:40:07,2026-01-07 13:57:07,45
4483,4822,116,2026-01-23 21:11:11,2026-01-23 21:47:11,2026-01-23 22:16:11,67
4484,4823,27,2026-01-29 23:33:12,2026-01-30 00:03:12,2026-01-30 00:29:12,59
4485,4824,1,2026-01-29 06:28:30,2026-01-29 06:52:30,2026-01-29 07:07:30,40
4486,4826,4,2026-01-24 22:51:47,2026-01-24 23:22:47,2026-01-24 23:36:47,48
4487,4827,40,2026-01-03 21:22:57,2026-01-03 21:45:57,2026-01-03 22:09:57,49
4488,4828,54,2026-01-19 23:59:54,2026-01-20 00:26:54,2026-01-20 00:37:54,41
4489,4830,54,2026-01-09 20:25:49,2026-01-09 20:47:49,2026-01-09 21:01:49,38
4490,4831,76,2026-01-20 06:56:00,2026-01-20 07:16:00,2026-01-20 07:31:00,38
4491,4832,20,2026-01-23 21:35:01,2026-01-23 22:26:01,2026-01-23 22:50:01,78
4492,4833,81,2026-01-02 20:47:22,2026-01-02 21:16:22,2026-01-02 21:34:22,50
4493,4834,64,2026-01-18 06:02:34,2026-01-18 06:27:34,2026-01-18 06:55:34,57
4494,4836,12,2026-01-26 21:53:07,2026-01-26 22:32:07,2026-01-26 22:50:07,60
4495,4837,5,2026-01-13 14:31:02,2026-01-13 15:10:02,2026-01-13 15:32:02,64
4496,4838,120,2026-01-03 12:07:35,2026-01-03 12:36:35,2026-01-03 12:49:35,46
4497,4839,6,2026-01-19 02:34:20,2026-01-19 02:59:20,2026-01-19 03:19:20,47
4498,4841,101,2026-01-10 23:44:54,2026-01-11 00:13:54,2026-01-11 00:34:54,52
4499,4842,78,2026-01-13 14:44:59,2026-01-13 15:12:59,2026-01-13 15:31:59,50
4500,4843,83,2026-01-06 20:06:25,2026-01-06 20:27:25,2026-01-06 20:39:25,35
4501,4844,61,2026-01-10 19:46:24,2026-01-10 20:10:24,2026-01-10 20:29:24,46
4502,4845,47,2026-01-21 19:27:11,2026-01-21 19:41:11,2026-01-21 20:03:11,40
4503,4846,108,2026-01-26 14:50:07,2026-01-26 15:16:07,2026-01-26 15:37:07,50
4504,4847,85,2026-01-21 21:38:11,2026-01-21 22:06:11,2026-01-21 22:27:11,52
4505,4849,63,2026-01-20 21:38:06,2026-01-20 22:15:06,2026-01-20 22:40:06,64
4506,4850,77,2026-01-22 15:13:25,2026-01-22 15:34:25,2026-01-22 15:46:25,35
4507,4851,58,2026-01-07 22:54:30,2026-01-07 23:32:30,2026-01-07 23:58:30,66
4508,4852,4,2026-01-03 14:34:06,2026-01-03 15:14:06,2026-01-03 15:34:06,63
4509,4853,84,2026-01-18 04:58:42,2026-01-18 05:30:42,2026-01-18 05:50:42,54
4510,4854,22,2026-01-19 04:13:43,2026-01-19 04:31:43,2026-01-19 04:53:43,43
4511,4855,8,2026-01-16 01:06:31,2026-01-16 01:41:31,2026-01-16 01:51:31,46
4512,4856,51,2026-01-13 15:27:14,2026-01-13 15:56:14,2026-01-13 16:15:14,49
4513,4857,82,2026-01-24 14:21:48,2026-01-24 15:05:48,2026-01-24 15:29:48,71
4514,4858,74,2026-01-22 11:27:04,2026-01-22 12:05:04,2026-01-22 12:20:04,57
4515,4859,87,2026-01-05 14:15:17,2026-01-05 15:04:17,2026-01-05 15:30:17,77
4516,4860,66,2026-01-07 21:59:04,2026-01-07 22:37:04,2026-01-07 23:03:04,66
4517,4861,6,2026-01-28 20:29:01,2026-01-28 20:52:01,2026-01-28 21:09:01,43
4518,4863,12,2026-01-31 00:44:44,2026-01-31 01:16:44,2026-01-31 01:36:44,55
4519,4864,6,2026-01-07 08:54:21,2026-01-07 09:19:21,2026-01-07 09:47:21,56
4520,4865,49,2026-01-30 20:18:18,2026-01-30 20:39:18,2026-01-30 21:06:18,51
4521,4866,71,2026-01-01 00:43:54,2026-01-01 01:06:54,2026-01-01 01:32:54,53
4522,4868,82,2026-01-30 19:48:43,2026-01-30 20:21:43,2026-01-30 20:39:43,53
4523,4869,96,2026-01-11 21:01:22,2026-01-11 21:30:22,2026-01-11 21:48:22,48
4524,4870,43,2026-01-26 20:08:32,2026-01-26 20:29:32,2026-01-26 20:49:32,44
4525,4871,110,2026-01-31 12:52:00,2026-01-31 13:16:00,2026-01-31 13:29:00,41
4526,4872,59,2026-01-21 09:58:57,2026-01-21 10:14:57,2026-01-21 10:24:57,27
4527,4873,92,2026-01-13 20:31:31,2026-01-13 20:54:31,2026-01-13 21:13:31,43
4528,4874,70,2026-01-23 07:31:23,2026-01-23 07:48:23,2026-01-23 08:12:23,45
4529,4875,22,2026-01-12 10:52:23,2026-01-12 11:29:23,2026-01-12 11:43:23,53
4530,4876,49,2026-01-24 13:22:22,2026-01-24 13:46:22,2026-01-24 14:18:22,58
4531,4877,98,2026-01-27 19:46:54,2026-01-27 20:08:54,2026-01-27 20:23:54,40
4532,4878,33,2026-01-14 21:05:18,2026-01-14 21:50:18,2026-01-14 22:17:18,74
4533,4879,72,2026-01-31 23:50:49,2026-02-01 00:21:49,2026-02-01 00:46:49,57
4534,4880,46,2026-01-07 02:18:27,2026-01-07 02:49:27,2026-01-07 03:07:27,52
4535,4881,57,2026-01-17 18:10:56,2026-01-17 18:36:56,2026-01-17 18:59:56,50
4536,4882,32,2026-01-18 21:58:28,2026-01-18 22:27:28,2026-01-18 22:54:28,60
4537,4883,52,2026-01-26 01:33:20,2026-01-26 01:59:20,2026-01-26 02:13:20,42
4538,4886,31,2026-01-07 21:23:12,2026-01-07 21:47:12,2026-01-07 22:06:12,45
4539,4887,55,2026-01-08 13:52:54,2026-01-08 14:14:54,2026-01-08 14:38:54,49
4540,4888,8,2026-01-19 13:45:35,2026-01-19 14:17:35,2026-01-19 14:37:35,56
4541,4890,36,2026-01-03 03:18:41,2026-01-03 03:43:41,2026-01-03 04:10:41,55
4542,4891,31,2026-01-16 22:03:55,2026-01-16 22:32:55,2026-01-16 22:57:55,56
4543,4892,115,2026-01-04 19:32:25,2026-01-04 20:05:25,2026-01-04 20:21:25,53
4544,4893,22,2026-01-28 21:34:49,2026-01-28 22:04:49,2026-01-28 22:33:49,60
4545,4895,21,2026-01-22 15:40:04,2026-01-22 15:59:04,2026-01-22 16:11:04,34
4546,4896,16,2026-01-06 08:08:29,2026-01-06 08:29:29,2026-01-06 08:45:29,41
4547,4897,29,2026-01-22 23:22:58,2026-01-22 23:43:58,2026-01-23 00:01:58,42
4548,4898,96,2026-01-22 21:31:13,2026-01-22 22:08:13,2026-01-22 22:26:13,58
4549,4899,18,2026-01-18 23:41:58,2026-01-19 00:09:58,2026-01-19 00:33:58,56
4550,4900,70,2026-01-24 23:46:39,2026-01-25 00:12:39,2026-01-25 00:25:39,41
4551,4901,75,2026-01-23 20:51:04,2026-01-23 21:19:04,2026-01-23 21:30:04,41
4552,4902,1,2026-01-11 06:47:39,2026-01-11 07:05:39,2026-01-11 07:25:39,39
4553,4903,1,2026-01-29 13:14:32,2026-01-29 13:40:32,2026-01-29 14:09:32,56
4554,4904,29,2026-01-20 15:19:34,2026-01-20 15:46:34,2026-01-20 16:01:34,44
4555,4906,51,2026-01-02 15:15:23,2026-01-02 15:44:23,2026-01-02 16:04:23,53
4556,4907,14,2026-01-26 21:09:26,2026-01-26 21:35:26,2026-01-26 21:56:26,48
4557,4908,55,2026-01-01 10:51:03,2026-01-01 11:19:03,2026-01-01 11:44:03,57
4558,4909,48,2026-01-24 05:51:41,2026-01-24 06:31:41,2026-01-24 06:53:41,66
4559,4911,114,2026-01-06 14:31:24,2026-01-06 15:03:24,2026-01-06 15:25:24,57
4560,4912,118,2026-01-19 11:07:16,2026-01-19 11:42:16,2026-01-19 11:59:16,54
4561,4913,39,2026-01-24 12:44:23,2026-01-24 13:03:23,2026-01-24 13:25:23,42
4562,4914,98,2026-01-12 21:06:58,2026-01-12 21:41:58,2026-01-12 22:01:58,56
4563,4915,16,2026-01-17 08:05:31,2026-01-17 08:34:31,2026-01-17 08:56:31,53
4564,4917,59,2026-01-22 22:51:13,2026-01-22 23:17:13,2026-01-22 23:34:13,46
4565,4918,108,2026-01-11 23:44:46,2026-01-12 00:11:46,2026-01-12 00:28:46,45
4566,4919,39,2026-01-23 05:17:48,2026-01-23 05:34:48,2026-01-23 05:45:48,31
4567,4920,41,2026-01-31 23:36:45,2026-01-31 23:58:45,2026-02-01 00:10:45,35
4568,4921,23,2026-01-17 22:12:15,2026-01-17 22:41:15,2026-01-17 23:01:15,51
4569,4922,53,2026-01-17 13:47:44,2026-01-17 14:24:44,2026-01-17 14:44:44,61
4570,4923,34,2026-01-26 12:04:04,2026-01-26 12:32:04,2026-01-26 12:49:04,46
4571,4924,79,2026-01-12 13:13:44,2026-01-12 13:40:44,2026-01-12 14:08:44,58
4572,4925,53,2026-01-27 09:00:03,2026-01-27 09:29:03,2026-01-27 09:48:03,52
4573,4926,48,2026-01-16 13:40:19,2026-01-16 14:10:19,2026-01-16 14:34:19,55
4574,4927,62,2026-01-20 23:58:58,2026-01-21 00:24:58,2026-01-21 00:45:58,49
4575,4929,89,2026-01-01 14:12:37,2026-01-01 14:37:37,2026-01-01 14:55:37,45
4576,4930,103,2026-01-14 15:13:49,2026-01-14 15:35:49,2026-01-14 15:46:49,34
4577,4931,72,2026-01-12 14:54:31,2026-01-12 15:23:31,2026-01-12 15:45:31,55
4578,4932,75,2026-01-21 22:20:52,2026-01-21 22:47:52,2026-01-21 23:10:52,53
4579,4933,115,2026-01-08 22:25:07,2026-01-08 22:49:07,2026-01-08 23:06:07,43
4580,4934,14,2026-01-09 15:01:53,2026-01-09 15:26:53,2026-01-09 15:49:53,50
4581,4935,49,2026-01-02 15:13:28,2026-01-02 15:26:28,2026-01-02 15:36:28,27
4582,4936,31,2026-01-10 00:17:47,2026-01-10 00:42:47,2026-01-10 01:04:47,51
4583,4937,72,2026-01-18 09:16:07,2026-01-18 09:35:07,2026-01-18 09:46:07,32
4584,4938,102,2026-01-10 17:51:34,2026-01-10 18:15:34,2026-01-10 18:33:34,43
4585,4939,112,2026-01-08 22:55:47,2026-01-08 23:40:47,2026-01-09 00:00:47,69
4586,4940,74,2026-01-19 21:10:56,2026-01-19 21:43:56,2026-01-19 22:07:56,59
4587,4941,9,2026-01-05 15:38:51,2026-01-05 16:06:51,2026-01-05 16:35:51,58
4588,4942,90,2026-01-01 21:15:31,2026-01-01 21:49:31,2026-01-01 22:11:31,60
4589,4943,84,2026-01-31 09:31:00,2026-01-31 09:54:00,2026-01-31 10:15:00,46
4590,4944,7,2026-01-14 22:10:38,2026-01-14 22:36:38,2026-01-14 22:57:38,49
4591,4945,111,2026-01-08 22:12:18,2026-01-08 22:45:18,2026-01-08 23:13:18,65
4592,4946,109,2026-01-04 23:06:15,2026-01-04 23:46:15,2026-01-05 00:03:15,60
4593,4947,82,2026-01-17 14:39:01,2026-01-17 15:08:01,2026-01-17 15:30:01,55
4594,4948,34,2026-01-28 14:03:49,2026-01-28 14:35:49,2026-01-28 15:03:49,63
4595,4949,78,2026-01-09 11:54:11,2026-01-09 12:25:11,2026-01-09 12:41:11,51
4596,4950,106,2026-01-09 20:02:50,2026-01-09 20:36:50,2026-01-09 20:51:50,53
4597,4951,68,2026-01-21 05:04:42,2026-01-21 05:36:42,2026-01-21 05:53:42,52
4598,4952,95,2026-01-31 22:27:43,2026-01-31 22:56:43,2026-01-31 23:22:43,57
4599,4953,46,2026-01-15 12:26:38,2026-01-15 12:47:38,2026-01-15 13:08:38,45
4600,4954,97,2026-01-27 22:08:14,2026-01-27 22:38:14,2026-01-27 22:58:14,54
4601,4956,110,2026-01-30 14:44:53,2026-01-30 15:20:53,2026-01-30 15:34:53,51
4602,4957,111,2026-01-29 13:35:26,2026-01-29 14:00:26,2026-01-29 14:17:26,45
4603,4958,50,2026-01-02 14:44:12,2026-01-02 15:11:12,2026-01-02 15:33:12,52
4604,4959,13,2026-01-28 13:08:33,2026-01-28 13:44:33,2026-01-28 14:08:33,62
4605,4960,72,2026-01-29 18:57:26,2026-01-29 19:37:26,2026-01-29 19:48:26,52
4606,4961,56,2026-01-18 06:12:58,2026-01-18 06:26:58,2026-01-18 06:57:58,49
4607,4962,78,2026-01-11 12:57:41,2026-01-11 13:19:41,2026-01-11 13:46:41,52
4608,4963,101,2026-01-19 12:39:56,2026-01-19 13:04:56,2026-01-19 13:20:56,42
4609,4964,55,2026-01-16 23:44:33,2026-01-17 00:19:33,2026-01-17 00:48:33,66
4610,4967,10,2026-01-06 14:11:54,2026-01-06 14:56:54,2026-01-06 15:19:54,69
4611,4968,100,2026-01-27 06:37:28,2026-01-27 07:06:28,2026-01-27 07:25:28,52
4612,4969,13,2026-01-07 09:02:32,2026-01-07 09:23:32,2026-01-07 09:34:32,33
4613,4970,120,2026-01-01 12:49:13,2026-01-01 13:20:13,2026-01-01 13:59:13,72
4614,4971,53,2026-01-19 04:10:58,2026-01-19 04:46:58,2026-01-19 05:12:58,66
4615,4972,94,2026-01-04 14:35:15,2026-01-04 14:59:15,2026-01-04 15:26:15,52
4616,4973,30,2026-01-15 12:34:25,2026-01-15 13:00:25,2026-01-15 13:17:25,46
4617,4974,107,2026-01-02 12:29:25,2026-01-02 13:07:25,2026-01-02 13:23:25,56
4618,4975,116,2026-01-21 22:02:20,2026-01-21 22:36:20,2026-01-21 23:08:20,70
4619,4976,61,2026-01-27 11:24:45,2026-01-27 11:55:45,2026-01-27 12:13:45,53
4620,4978,6,2026-01-17 20:31:26,2026-01-17 20:53:26,2026-01-17 21:08:26,38
4621,4979,113,2026-01-25 15:38:03,2026-01-25 16:07:03,2026-01-25 16:24:03,49
4622,4980,63,2026-01-10 02:30:04,2026-01-10 02:54:04,2026-01-10 03:07:04,38
4623,4981,50,2026-01-11 15:38:50,2026-01-11 16:18:50,2026-01-11 16:31:50,57
4624,4982,61,2026-01-19 22:26:49,2026-01-19 23:10:49,2026-01-19 23:23:49,60
4625,4983,35,2026-01-19 00:50:07,2026-01-19 01:09:07,2026-01-19 01:33:07,44
4626,4984,10,2026-01-24 22:43:02,2026-01-24 23:09:02,2026-01-24 23:26:02,44
4627,4986,93,2026-01-13 21:25:08,2026-01-13 21:49:08,2026-01-13 22:09:08,45
4628,4987,19,2026-01-01 19:54:10,2026-01-01 20:17:10,2026-01-01 20:35:10,45
4629,4988,69,2026-01-01 21:17:46,2026-01-01 21:49:46,2026-01-01 22:10:46,56
4630,4989,91,2026-01-28 04:25:23,2026-01-28 04:52:23,2026-01-28 05:07:23,44
4631,4991,26,2026-01-08 06:01:16,2026-01-08 06:33:16,2026-01-08 06:51:16,54
4632,4992,61,2026-01-23 12:30:22,2026-01-23 13:08:22,2026-01-23 13:35:22,67
4633,4993,93,2026-01-16 11:54:41,2026-01-16 12:22:41,2026-01-16 12:34:41,44
4634,4994,58,2026-01-22 15:42:34,2026-01-22 16:03:34,2026-01-22 16:23:34,42
4635,4995,6,2026-01-08 13:20:52,2026-01-08 14:04:52,2026-01-08 14:24:52,67
4636,4996,63,2026-01-02 23:50:20,2026-01-03 00:24:20,2026-01-03 00:43:20,56
4637,4997,51,2026-01-26 21:12:59,2026-01-26 21:40:59,2026-01-26 21:58:59,50
4638,4998,103,2026-01-20 08:44:31,2026-01-20 09:07:31,2026-01-20 09:25:31,43
4639,4999,30,2026-01-26 14:45:47,2026-01-26 15:10:47,2026-01-26 15:31:47,48
4640,5000,88,2026-01-02 21:25:38,2026-01-02 22:17:38,2026-01-02 22:42:38,79
4641,5001,31,2026-01-03 09:36:27,2026-01-03 10:10:27,2026-01-03 10:29:27,57
4642,5002,56,2026-01-14 21:30:00,2026-01-14 22:04:00,2026-01-14 22:29:00,60
4643,5003,57,2026-01-22 03:00:14,2026-01-22 03:39:14,2026-01-22 03:55:14,56
4644,5004,51,2026-01-28 19:14:47,2026-01-28 19:39:47,2026-01-28 20:04:47,52
4645,5005,105,2026-01-09 22:26:15,2026-01-09 22:56:15,2026-01-09 23:18:15,54
4646,5006,18,2026-01-23 09:02:14,2026-01-23 09:20:14,2026-01-23 09:38:14,40
4647,5007,61,2026-01-19 22:26:56,2026-01-19 22:59:56,2026-01-19 23:21:56,56
4648,5008,82,2026-01-02 21:50:09,2026-01-02 22:34:09,2026-01-02 23:02:09,74
4649,5009,108,2026-01-21 20:57:23,2026-01-21 21:23:23,2026-01-21 21:45:23,50
4650,5010,10,2026-01-20 23:45:30,2026-01-21 00:20:30,2026-01-21 00:37:30,56
4651,5011,67,2026-01-28 13:44:40,2026-01-28 14:17:40,2026-01-28 14:48:40,65
4652,5012,15,2026-01-17 01:30:07,2026-01-17 01:44:07,2026-01-17 01:58:07,32
4653,5013,71,2026-01-10 14:49:34,2026-01-10 15:25:34,2026-01-10 15:50:34,65
4654,5014,93,2026-01-15 06:50:35,2026-01-15 07:18:35,2026-01-15 07:37:35,48
4655,5015,24,2026-01-12 20:08:16,2026-01-12 20:33:16,2026-01-12 20:52:16,48
4656,5016,24,2026-01-26 22:22:18,2026-01-26 22:56:18,2026-01-26 23:16:18,55
4657,5017,71,2026-01-29 22:05:14,2026-01-29 22:34:14,2026-01-29 22:57:14,53
4658,5018,13,2026-01-06 13:34:24,2026-01-06 13:58:24,2026-01-06 14:23:24,50
4659,5019,80,2026-01-04 14:10:08,2026-01-04 14:33:08,2026-01-04 14:59:08,50
4660,5020,65,2026-01-09 21:15:54,2026-01-09 21:39:54,2026-01-09 21:58:54,46
4661,5021,105,2026-01-21 12:42:17,2026-01-21 13:08:17,2026-01-21 13:32:17,52
4662,5023,91,2026-01-21 14:24:40,2026-01-21 15:02:40,2026-01-21 15:28:40,67
4663,5024,53,2026-01-05 21:35:39,2026-01-05 22:08:39,2026-01-05 22:27:39,55
4664,5025,38,2026-01-28 15:35:59,2026-01-28 16:06:59,2026-01-28 16:23:59,50
4665,5027,120,2026-01-03 14:03:21,2026-01-03 14:38:21,2026-01-03 14:59:21,58
4666,5028,9,2026-01-19 18:11:09,2026-01-19 18:29:09,2026-01-19 18:39:09,32
4667,5029,67,2026-01-19 22:57:58,2026-01-19 23:28:58,2026-01-19 23:53:58,58
4668,5030,35,2026-01-18 21:59:30,2026-01-18 22:38:30,2026-01-18 22:56:30,58
4669,5031,102,2026-01-10 20:39:12,2026-01-10 21:07:12,2026-01-10 21:27:12,51
4670,5032,15,2026-01-06 10:07:40,2026-01-06 10:36:40,2026-01-06 10:57:40,51
4671,5033,60,2026-01-03 14:21:35,2026-01-03 15:02:35,2026-01-03 15:33:35,73
4672,5034,60,2026-01-21 15:43:23,2026-01-21 15:58:23,2026-01-21 16:21:23,39
4673,5035,8,2026-01-01 23:20:32,2026-01-01 23:39:32,2026-01-01 23:58:32,40
4674,5036,24,2026-01-04 22:19:16,2026-01-04 22:44:16,2026-01-04 23:16:16,59
4675,5037,27,2026-01-06 14:00:26,2026-01-06 14:36:26,2026-01-06 15:00:26,64
4676,5038,99,2026-01-11 21:26:03,2026-01-11 21:53:03,2026-01-11 22:14:03,49
4677,5039,14,2026-01-13 23:56:03,2026-01-14 00:28:03,2026-01-14 00:42:03,50
4678,5040,9,2026-01-27 13:01:52,2026-01-27 13:33:52,2026-01-27 13:55:52,55
4679,5041,48,2026-01-18 14:59:42,2026-01-18 15:25:42,2026-01-18 15:42:42,44
4680,5042,40,2026-01-07 00:48:36,2026-01-07 01:17:36,2026-01-07 01:33:36,48
4681,5043,28,2026-01-01 14:40:28,2026-01-01 15:16:28,2026-01-01 15:39:28,61
4682,5044,73,2026-01-08 13:07:36,2026-01-08 13:35:36,2026-01-08 13:51:36,46
4683,5045,39,2026-01-04 08:19:41,2026-01-04 08:41:41,2026-01-04 09:04:41,49
4684,5046,79,2026-01-05 22:44:14,2026-01-05 23:18:14,2026-01-05 23:56:14,76
4685,5048,10,2026-01-18 20:52:07,2026-01-18 21:25:07,2026-01-18 21:41:07,50
4686,5049,25,2026-01-03 23:12:05,2026-01-03 23:42:05,2026-01-03 23:58:05,48
4687,5050,26,2026-01-30 13:38:31,2026-01-30 14:03:31,2026-01-30 14:34:31,60
4688,5051,37,2026-01-11 23:46:35,2026-01-12 00:01:35,2026-01-12 00:21:35,39
4689,5052,65,2026-01-03 22:11:57,2026-01-03 22:43:57,2026-01-03 23:16:57,69
4690,5053,28,2026-01-19 13:40:18,2026-01-19 14:13:18,2026-01-19 14:39:18,60
4691,5054,87,2026-01-07 13:08:08,2026-01-07 13:43:08,2026-01-07 13:55:08,50
4692,5055,64,2026-01-09 22:33:44,2026-01-09 23:12:44,2026-01-09 23:36:44,66
4693,5056,70,2026-01-14 18:20:46,2026-01-14 18:46:46,2026-01-14 19:03:46,46
4694,5057,44,2026-01-23 21:07:50,2026-01-23 21:35:50,2026-01-23 21:54:50,48
4695,5058,47,2026-01-31 11:25:47,2026-01-31 11:49:47,2026-01-31 12:15:47,53
4696,5059,9,2026-01-16 21:23:16,2026-01-16 21:59:16,2026-01-16 22:21:16,62
4697,5060,64,2026-01-07 22:38:25,2026-01-07 23:05:25,2026-01-07 23:30:25,54
4698,5061,33,2026-01-05 14:57:50,2026-01-05 15:25:50,2026-01-05 15:48:50,52
4699,5062,24,2026-01-30 23:57:18,2026-01-31 00:15:18,2026-01-31 00:35:18,39
4700,5063,1,2026-01-01 22:04:13,2026-01-01 22:45:13,2026-01-01 23:08:13,67
4701,5064,83,2026-01-12 13:56:39,2026-01-12 14:23:39,2026-01-12 14:44:39,50
4702,5065,107,2026-01-22 09:43:57,2026-01-22 10:02:57,2026-01-22 10:20:57,39
4703,5066,88,2026-01-06 19:10:55,2026-01-06 19:26:55,2026-01-06 19:42:55,33
4704,5068,87,2026-01-27 06:10:31,2026-01-27 06:30:31,2026-01-27 06:52:31,46
4705,5069,115,2026-01-14 14:45:54,2026-01-14 15:18:54,2026-01-14 15:37:54,54
4706,5070,19,2026-01-03 22:04:52,2026-01-03 22:25:52,2026-01-03 22:52:52,49
4707,5071,13,2026-01-06 22:23:07,2026-01-06 22:59:07,2026-01-06 23:19:07,57
4708,5072,14,2026-01-30 13:41:59,2026-01-30 14:07:59,2026-01-30 14:44:59,66
4709,5073,74,2026-01-14 07:02:49,2026-01-14 07:21:49,2026-01-14 07:38:49,40
4710,5074,69,2026-01-07 11:43:38,2026-01-07 12:10:38,2026-01-07 12:24:38,45
4711,5075,32,2026-01-29 20:23:24,2026-01-29 20:44:24,2026-01-29 21:02:24,42
4712,5076,27,2026-01-27 18:17:39,2026-01-27 18:42:39,2026-01-27 19:00:39,45
4713,5077,80,2026-01-18 14:52:59,2026-01-18 15:27:59,2026-01-18 15:53:59,62
4714,5078,56,2026-01-04 14:01:08,2026-01-04 14:25:08,2026-01-04 14:50:08,53
4715,5079,50,2026-01-24 20:17:30,2026-01-24 20:34:30,2026-01-24 20:49:30,35
4716,5080,67,2026-01-16 21:50:51,2026-01-16 22:30:51,2026-01-16 22:45:51,58
4717,5081,113,2026-01-25 10:55:27,2026-01-25 11:16:27,2026-01-25 11:35:27,44
4718,5084,10,2026-01-14 11:54:43,2026-01-14 12:32:43,2026-01-14 12:51:43,59
4719,5085,80,2026-01-19 22:49:33,2026-01-19 23:19:33,2026-01-19 23:50:33,65
4720,5086,107,2026-01-01 23:56:45,2026-01-02 00:28:45,2026-01-02 00:44:45,51
4721,5087,69,2026-01-28 11:45:40,2026-01-28 12:05:40,2026-01-28 12:21:40,37
4722,5088,106,2026-01-30 21:51:31,2026-01-30 22:21:31,2026-01-30 22:38:31,48
4723,5089,104,2026-01-11 15:25:12,2026-01-11 15:41:12,2026-01-11 15:54:12,31
4724,5090,103,2026-01-20 12:52:06,2026-01-20 13:34:06,2026-01-20 13:57:06,68
4725,5091,50,2026-01-30 11:08:43,2026-01-30 11:27:43,2026-01-30 11:54:43,47
4726,5092,96,2026-01-14 05:17:17,2026-01-14 05:34:17,2026-01-14 05:55:17,41
4727,5093,13,2026-01-12 21:51:34,2026-01-12 22:25:34,2026-01-12 22:51:34,63
4728,5094,85,2026-01-21 21:54:00,2026-01-21 22:21:00,2026-01-21 22:46:00,53
4729,5095,18,2026-01-20 14:55:15,2026-01-20 15:17:15,2026-01-20 15:44:15,53
4730,5096,82,2026-01-28 11:05:34,2026-01-28 11:25:34,2026-01-28 11:44:34,42
4731,5097,40,2026-01-11 14:21:04,2026-01-11 14:51:04,2026-01-11 15:11:04,54
4732,5098,68,2026-01-11 04:41:56,2026-01-11 05:10:56,2026-01-11 05:33:56,53
4733,5099,67,2026-01-18 23:28:31,2026-01-18 23:49:31,2026-01-18 23:59:31,33
4734,5100,35,2026-01-08 21:33:59,2026-01-08 22:15:59,2026-01-08 22:46:59,76
4735,5101,35,2026-01-18 13:48:51,2026-01-18 14:15:51,2026-01-18 14:42:51,58
4736,5102,9,2026-01-12 13:15:19,2026-01-12 13:43:19,2026-01-12 14:17:19,64
4737,5103,96,2026-01-03 14:35:37,2026-01-03 15:08:37,2026-01-03 15:30:37,56
4738,5104,65,2026-01-19 02:03:49,2026-01-19 02:42:49,2026-01-19 03:08:49,66
4739,5105,109,2026-01-20 13:45:03,2026-01-20 14:12:03,2026-01-20 14:36:03,53
4740,5106,97,2026-01-24 14:06:42,2026-01-24 14:37:42,2026-01-24 14:56:42,53
4741,5107,10,2026-01-19 14:54:13,2026-01-19 15:22:13,2026-01-19 15:38:13,45
4742,5108,8,2026-01-20 22:34:59,2026-01-20 23:02:59,2026-01-20 23:15:59,45
4743,5109,97,2026-01-10 15:07:27,2026-01-10 15:27:27,2026-01-10 15:45:27,40
4744,5110,13,2026-01-10 22:27:15,2026-01-10 23:09:15,2026-01-10 23:31:15,65
4745,5111,93,2026-01-18 02:01:51,2026-01-18 02:28:51,2026-01-18 02:48:51,51
4746,5112,95,2026-01-08 14:45:15,2026-01-08 15:19:15,2026-01-08 15:35:15,53
4747,5113,28,2026-01-31 23:39:54,2026-02-01 00:04:54,2026-02-01 00:25:54,47
4748,5114,33,2026-01-17 13:48:04,2026-01-17 14:27:04,2026-01-17 14:45:04,59
4749,5115,6,2026-01-21 15:42:15,2026-01-21 16:07:15,2026-01-21 16:20:15,40
4750,5116,79,2026-01-27 08:34:43,2026-01-27 09:08:43,2026-01-27 09:29:43,59
4751,5117,63,2026-01-24 12:53:45,2026-01-24 13:14:45,2026-01-24 13:36:45,44
4752,5118,4,2026-01-23 11:22:43,2026-01-23 11:48:43,2026-01-23 12:17:43,57
4753,5119,49,2026-01-23 16:01:11,2026-01-23 16:26:11,2026-01-23 16:41:11,42
4754,5120,82,2026-01-09 20:21:25,2026-01-09 20:43:25,2026-01-09 20:59:25,39
4755,5121,7,2026-01-13 10:59:55,2026-01-13 11:13:55,2026-01-13 11:33:55,36
4756,5122,90,2026-01-31 14:01:31,2026-01-31 14:40:31,2026-01-31 15:03:31,64
4757,5123,29,2026-01-25 15:03:13,2026-01-25 15:22:13,2026-01-25 15:37:13,36
4758,5124,16,2026-01-14 14:04:37,2026-01-14 14:36:37,2026-01-14 15:10:37,67
4759,5125,45,2026-01-03 13:50:01,2026-01-03 14:32:01,2026-01-03 15:03:01,76
4760,5126,97,2026-01-16 14:44:46,2026-01-16 15:23:46,2026-01-16 15:41:46,61
4761,5127,118,2026-01-20 13:45:32,2026-01-20 14:20:32,2026-01-20 14:54:32,71
4762,5128,33,2026-01-24 15:10:51,2026-01-24 15:30:51,2026-01-24 15:51:51,43
4763,5129,2,2026-01-24 12:10:23,2026-01-24 12:40:23,2026-01-24 12:56:23,48
4764,5130,113,2026-01-28 13:21:53,2026-01-28 13:55:53,2026-01-28 14:18:53,60
4765,5131,72,2026-01-23 13:20:18,2026-01-23 13:49:18,2026-01-23 14:21:18,65
4766,5133,60,2026-01-07 13:11:22,2026-01-07 13:50:22,2026-01-07 14:13:22,64
4767,5134,36,2026-01-31 23:24:57,2026-01-31 23:53:57,2026-02-01 00:20:57,58
4768,5135,97,2026-01-24 08:36:54,2026-01-24 09:05:54,2026-01-24 09:23:54,48
4769,5136,120,2026-01-19 21:11:29,2026-01-19 21:41:29,2026-01-19 21:53:29,44
4770,5137,94,2026-01-25 22:25:15,2026-01-25 23:14:15,2026-01-25 23:42:15,81
4771,5138,41,2026-01-18 23:57:40,2026-01-19 00:26:40,2026-01-19 00:50:40,56
4772,5139,65,2026-01-23 14:33:00,2026-01-23 15:02:00,2026-01-23 15:27:00,57
4773,5140,60,2026-01-11 21:05:07,2026-01-11 21:35:07,2026-01-11 22:06:07,65
4774,5142,26,2026-01-10 21:36:35,2026-01-10 21:56:35,2026-01-10 22:12:35,38
4775,5144,8,2026-01-20 22:14:24,2026-01-20 22:51:24,2026-01-20 23:08:24,58
4776,5145,5,2026-01-21 12:10:22,2026-01-21 12:35:22,2026-01-21 12:48:22,40
4777,5146,85,2026-01-17 13:22:40,2026-01-17 14:03:40,2026-01-17 14:23:40,65
4778,5148,27,2026-01-02 14:28:14,2026-01-02 14:58:14,2026-01-02 15:18:14,53
4779,5150,62,2026-01-15 20:45:13,2026-01-15 21:14:13,2026-01-15 21:46:13,65
4780,5151,67,2026-01-21 21:48:51,2026-01-21 22:22:51,2026-01-21 22:47:51,63
4781,5152,73,2026-01-23 07:18:17,2026-01-23 07:46:17,2026-01-23 08:03:17,49
4782,5153,63,2026-01-12 22:36:10,2026-01-12 23:07:10,2026-01-12 23:31:10,57
4783,5154,91,2026-01-30 23:59:07,2026-01-31 00:20:07,2026-01-31 00:41:07,44
4784,5155,24,2026-01-13 21:35:43,2026-01-13 22:05:43,2026-01-13 22:27:43,53
4785,5156,26,2026-01-11 10:13:29,2026-01-11 10:33:29,2026-01-11 10:51:29,39
4786,5157,114,2026-01-20 11:27:50,2026-01-20 11:57:50,2026-01-20 12:15:50,51
4787,5158,110,2026-01-27 21:21:16,2026-01-27 21:58:16,2026-01-27 22:34:16,76
4788,5159,59,2026-01-20 12:25:36,2026-01-20 12:53:36,2026-01-20 13:13:36,50
4789,5160,26,2026-01-30 15:16:22,2026-01-30 15:41:22,2026-01-30 16:00:22,46
4790,5161,79,2026-01-21 14:59:46,2026-01-21 15:27:46,2026-01-21 15:47:46,50
4791,5162,45,2026-01-31 14:01:57,2026-01-31 14:41:57,2026-01-31 14:57:57,58
4792,5163,47,2026-01-07 23:17:50,2026-01-07 23:39:50,2026-01-08 00:11:50,55
4793,5164,28,2026-01-08 03:47:35,2026-01-08 04:25:35,2026-01-08 04:49:35,64
4794,5165,70,2026-01-22 14:29:55,2026-01-22 14:59:55,2026-01-22 15:29:55,64
4795,5166,77,2026-01-23 02:18:27,2026-01-23 02:37:27,2026-01-23 02:56:27,41
4796,5167,35,2026-01-08 22:14:40,2026-01-08 22:51:40,2026-01-08 23:16:40,66
4797,5168,110,2026-01-04 21:50:22,2026-01-04 22:20:22,2026-01-04 22:48:22,59
4798,5169,91,2026-01-23 20:49:48,2026-01-23 21:12:48,2026-01-23 21:29:48,44
4799,5170,79,2026-01-12 22:15:49,2026-01-12 22:46:49,2026-01-12 23:08:49,54
4800,5171,3,2026-01-29 15:22:42,2026-01-29 15:39:42,2026-01-29 16:02:42,43
4801,5172,85,2026-01-11 20:51:05,2026-01-11 21:20:05,2026-01-11 21:31:05,41
4802,5173,117,2026-01-25 15:07:31,2026-01-25 15:33:31,2026-01-25 15:54:31,49
4803,5174,110,2026-01-19 14:32:53,2026-01-19 15:07:53,2026-01-19 15:35:53,66
4804,5175,40,2026-01-13 09:14:47,2026-01-13 09:42:47,2026-01-13 09:56:47,44
4805,5176,84,2026-01-06 23:35:24,2026-01-07 00:06:24,2026-01-07 00:39:24,68
4806,5177,24,2026-01-25 14:36:52,2026-01-25 15:10:52,2026-01-25 15:26:52,54
4807,5178,1,2026-01-22 21:32:00,2026-01-22 22:09:00,2026-01-22 22:39:00,71
4808,5180,20,2026-01-03 15:40:41,2026-01-03 15:56:41,2026-01-03 16:13:41,35
4809,5182,75,2026-01-20 22:47:11,2026-01-20 23:16:11,2026-01-20 23:44:11,60
4810,5183,70,2026-01-27 15:20:01,2026-01-27 15:48:01,2026-01-27 16:12:01,56
4811,5184,50,2026-01-08 02:59:00,2026-01-08 03:30:00,2026-01-08 03:48:00,51
4812,5185,106,2026-01-10 05:04:11,2026-01-10 05:36:11,2026-01-10 05:54:11,52
4813,5186,74,2026-01-24 14:26:17,2026-01-24 15:03:17,2026-01-24 15:21:17,57
4814,5187,49,2026-01-17 12:26:56,2026-01-17 12:51:56,2026-01-17 13:19:56,55
4815,5188,40,2026-01-21 21:10:17,2026-01-21 21:36:17,2026-01-21 21:51:17,43
4816,5189,88,2026-01-29 22:18:45,2026-01-29 22:56:45,2026-01-29 23:23:45,68
4817,5190,53,2026-01-16 00:01:54,2026-01-16 00:18:54,2026-01-16 00:28:54,30
4818,5191,10,2026-01-25 14:42:44,2026-01-25 15:15:44,2026-01-25 15:37:44,57
4819,5192,19,2026-01-01 12:14:53,2026-01-01 12:44:53,2026-01-01 13:09:53,59
4820,5193,53,2026-01-11 21:26:30,2026-01-11 21:50:30,2026-01-11 22:18:30,54
4821,5194,69,2026-01-20 14:25:01,2026-01-20 15:07:01,2026-01-20 15:30:01,69
4822,5195,43,2026-01-02 12:55:13,2026-01-02 13:28:13,2026-01-02 13:48:13,55
4823,5196,94,2026-01-06 12:58:32,2026-01-06 13:21:32,2026-01-06 13:40:32,43
4824,5197,112,2026-01-26 12:45:26,2026-01-26 13:10:26,2026-01-26 13:34:26,52
4825,5198,97,2026-01-22 03:09:10,2026-01-22 03:30:10,2026-01-22 03:54:10,46
4826,5199,80,2026-01-10 19:21:27,2026-01-10 19:41:27,2026-01-10 20:01:27,44
4827,5200,62,2026-01-06 22:28:47,2026-01-06 23:05:47,2026-01-06 23:29:47,63
4828,5201,81,2026-01-22 13:36:05,2026-01-22 14:05:05,2026-01-22 14:21:05,47
4829,5202,64,2026-01-28 21:25:37,2026-01-28 21:50:37,2026-01-28 22:18:37,56
4830,5203,48,2026-01-03 14:20:38,2026-01-03 14:47:38,2026-01-03 15:17:38,58
4831,5204,9,2026-01-03 15:14:37,2026-01-03 15:36:37,2026-01-03 15:51:37,39
4832,5205,91,2026-01-18 18:54:33,2026-01-18 19:13:33,2026-01-18 19:29:33,37
4833,5206,61,2026-01-17 20:21:53,2026-01-17 20:43:53,2026-01-17 21:02:53,43
4834,5207,107,2026-01-02 07:24:09,2026-01-02 07:58:09,2026-01-02 08:12:09,52
4835,5208,17,2026-01-17 14:11:53,2026-01-17 14:49:53,2026-01-17 15:06:53,59
4836,5209,44,2026-01-06 23:19:33,2026-01-06 23:38:33,2026-01-06 23:51:33,35
4837,5210,107,2026-01-03 13:42:22,2026-01-03 14:14:22,2026-01-03 14:37:22,56
4838,5211,6,2026-01-09 12:20:00,2026-01-09 12:49:00,2026-01-09 13:15:00,58
4839,5212,92,2026-01-06 15:00:43,2026-01-06 15:24:43,2026-01-06 15:51:43,55
4840,5213,21,2026-01-07 08:39:42,2026-01-07 09:04:42,2026-01-07 09:24:42,49
4841,5214,97,2026-01-28 14:30:15,2026-01-28 15:00:15,2026-01-28 15:25:15,59
4842,5216,62,2026-01-23 21:36:29,2026-01-23 22:04:29,2026-01-23 22:32:29,59
4843,5217,48,2026-01-22 21:32:25,2026-01-22 22:09:25,2026-01-22 22:34:25,63
4844,5218,111,2026-01-07 23:21:05,2026-01-07 23:40:05,2026-01-08 00:06:05,46
4845,5219,52,2026-01-15 23:57:41,2026-01-16 00:21:41,2026-01-16 00:42:41,48
4846,5220,120,2026-01-11 13:32:22,2026-01-11 13:59:22,2026-01-11 14:29:22,58
4847,5221,31,2026-01-09 21:01:44,2026-01-09 21:27:44,2026-01-09 21:58:44,58
4848,5222,115,2026-01-30 12:54:37,2026-01-30 13:20:37,2026-01-30 13:40:37,48
4849,5223,52,2026-01-30 18:10:53,2026-01-30 18:38:53,2026-01-30 18:49:53,42
4850,5224,118,2026-01-13 13:31:25,2026-01-13 13:52:25,2026-01-13 14:11:25,42
4851,5225,7,2026-01-12 00:45:40,2026-01-12 01:17:40,2026-01-12 01:30:40,46
4852,5226,9,2026-01-07 21:11:49,2026-01-07 21:47:49,2026-01-07 22:05:49,56
4853,5227,35,2026-01-01 22:27:55,2026-01-01 23:10:55,2026-01-01 23:30:55,67
4854,5228,66,2026-01-21 22:13:08,2026-01-21 22:39:08,2026-01-21 22:56:08,44
4855,5229,90,2026-01-26 22:46:52,2026-01-26 23:07:52,2026-01-26 23:35:52,53
4856,5230,61,2026-01-10 22:41:38,2026-01-10 23:03:38,2026-01-10 23:32:38,53
4857,5231,5,2026-01-16 00:15:29,2026-01-16 00:41:29,2026-01-16 00:59:29,45
4858,5232,61,2026-01-01 03:42:52,2026-01-01 04:07:52,2026-01-01 04:22:52,43
4859,5233,25,2026-01-06 21:24:50,2026-01-06 21:52:50,2026-01-06 22:21:50,61
4860,5234,111,2026-01-19 21:14:03,2026-01-19 21:42:03,2026-01-19 22:10:03,57
4861,5235,98,2026-01-05 23:28:24,2026-01-05 23:53:24,2026-01-06 00:12:24,48
4862,5236,39,2026-01-02 19:25:23,2026-01-02 19:54:23,2026-01-02 20:12:23,48
4863,5237,52,2026-01-01 14:28:18,2026-01-01 15:06:18,2026-01-01 15:31:18,66
4864,5238,74,2026-01-03 23:03:06,2026-01-03 23:27:06,2026-01-03 23:50:06,50
4865,5239,68,2026-01-05 12:29:30,2026-01-05 13:03:30,2026-01-05 13:17:30,52
4866,5240,29,2026-01-30 14:03:21,2026-01-30 14:38:21,2026-01-30 15:11:21,69
4867,5241,32,2026-01-14 22:37:32,2026-01-14 23:09:32,2026-01-14 23:36:32,62
4868,5242,67,2026-01-05 13:59:44,2026-01-05 14:35:44,2026-01-05 15:01:44,63
4869,5243,32,2026-01-18 21:09:28,2026-01-18 21:39:28,2026-01-18 22:10:28,63
4870,5244,12,2026-01-09 22:57:41,2026-01-09 23:32:41,2026-01-09 23:50:41,55
4871,5245,4,2026-01-06 05:03:43,2026-01-06 05:24:43,2026-01-06 05:42:43,43
4872,5246,47,2026-01-06 21:20:06,2026-01-06 21:50:06,2026-01-06 22:12:06,54
4873,5247,6,2026-01-05 22:48:08,2026-01-05 23:23:08,2026-01-05 23:47:08,63
4874,5248,8,2026-01-22 23:52:25,2026-01-23 00:23:25,2026-01-23 00:43:25,52
4875,5249,8,2026-01-27 05:46:15,2026-01-27 06:04:15,2026-01-27 06:27:15,44
4876,5250,58,2026-01-06 22:31:03,2026-01-06 23:01:03,2026-01-06 23:23:03,54
4877,5253,102,2026-01-21 15:37:50,2026-01-21 16:04:50,2026-01-21 16:21:50,46
4878,5254,88,2026-01-30 13:32:08,2026-01-30 14:03:08,2026-01-30 14:24:08,53
4879,5255,16,2026-01-08 13:48:11,2026-01-08 14:30:11,2026-01-08 14:51:11,64
4880,5256,54,2026-01-09 14:07:32,2026-01-09 14:55:32,2026-01-09 15:14:32,70
4881,5257,20,2026-01-20 16:18:24,2026-01-20 16:42:24,2026-01-20 16:53:24,37
4882,5259,45,2026-01-24 13:22:48,2026-01-24 13:45:48,2026-01-24 14:09:48,49
4883,5260,104,2026-01-02 09:42:56,2026-01-02 10:12:56,2026-01-02 10:23:56,43
4884,5261,70,2026-01-21 19:02:01,2026-01-21 19:30:01,2026-01-21 19:47:01,48
4885,5262,43,2026-01-02 14:19:05,2026-01-02 14:44:05,2026-01-02 15:04:05,46
4886,5263,60,2026-01-03 14:12:00,2026-01-03 14:40:00,2026-01-03 15:05:00,56
4887,5264,92,2026-01-17 16:18:40,2026-01-17 16:43:40,2026-01-17 17:05:40,50
4888,5265,75,2026-01-18 09:37:26,2026-01-18 10:13:26,2026-01-18 10:30:26,57
4889,5266,103,2026-01-24 06:02:32,2026-01-24 06:37:32,2026-01-24 06:54:32,54
4890,5267,106,2026-01-18 01:20:30,2026-01-18 01:46:30,2026-01-18 02:07:30,49
4891,5268,19,2026-01-20 13:44:42,2026-01-20 14:20:42,2026-01-20 14:38:42,57
4892,5269,19,2026-01-29 21:17:09,2026-01-29 21:51:09,2026-01-29 22:16:09,63
4893,5271,106,2026-01-04 07:07:41,2026-01-04 07:24:41,2026-01-04 07:42:41,39
4894,5272,54,2026-01-01 23:18:33,2026-01-01 23:45:33,2026-01-02 00:08:33,54
4895,5273,101,2026-01-04 14:36:55,2026-01-04 15:19:55,2026-01-04 15:46:55,72
4896,5274,5,2026-01-24 22:04:55,2026-01-24 22:38:55,2026-01-24 23:04:55,63
4897,5275,84,2026-01-14 21:16:11,2026-01-14 21:52:11,2026-01-14 22:27:11,75
4898,5276,37,2026-01-13 00:57:20,2026-01-13 01:39:20,2026-01-13 02:00:20,67
4899,5278,47,2026-01-20 22:23:52,2026-01-20 22:51:52,2026-01-20 23:06:52,47
4900,5279,39,2026-01-29 19:28:53,2026-01-29 19:56:53,2026-01-29 20:20:53,54
4901,5280,118,2026-01-11 00:31:21,2026-01-11 01:13:21,2026-01-11 01:34:21,64
4902,5281,22,2026-01-24 21:27:12,2026-01-24 22:04:12,2026-01-24 22:33:12,68
4903,5282,53,2026-01-24 12:05:09,2026-01-24 12:29:09,2026-01-24 12:45:09,43
4904,5283,76,2026-01-17 21:13:40,2026-01-17 21:36:40,2026-01-17 22:01:40,49
4905,5284,117,2026-01-08 21:37:09,2026-01-08 21:58:09,2026-01-08 22:21:09,48
4906,5285,76,2026-01-19 16:54:20,2026-01-19 17:33:20,2026-01-19 17:58:20,67
4907,5286,90,2026-01-04 10:47:13,2026-01-04 11:24:13,2026-01-04 11:53:13,67
4908,5287,31,2026-01-18 09:22:02,2026-01-18 09:51:02,2026-01-18 10:08:02,49
4909,5288,82,2026-01-09 04:51:54,2026-01-09 05:11:54,2026-01-09 05:35:54,48
4910,5289,85,2026-01-29 21:00:28,2026-01-29 21:22:28,2026-01-29 21:55:28,58
4911,5290,76,2026-01-14 14:19:12,2026-01-14 15:05:12,2026-01-14 15:27:12,70
4912,5291,101,2026-01-25 01:32:05,2026-01-25 02:09:05,2026-01-25 02:27:05,56
4913,5292,37,2026-01-11 02:32:45,2026-01-11 02:47:45,2026-01-11 03:12:45,41
4914,5293,98,2026-01-23 14:26:22,2026-01-23 14:59:22,2026-01-23 15:24:22,59
4915,5294,15,2026-01-11 00:32:31,2026-01-11 01:01:31,2026-01-11 01:21:31,51
4916,5295,40,2026-01-22 21:39:25,2026-01-22 22:06:25,2026-01-22 22:29:25,52
4917,5296,115,2026-01-05 07:57:18,2026-01-05 08:19:18,2026-01-05 08:37:18,41
4918,5297,117,2026-01-28 15:05:17,2026-01-28 15:31:17,2026-01-28 15:42:17,40
4919,5298,94,2026-01-18 05:22:52,2026-01-18 05:49:52,2026-01-18 06:10:52,49
4920,5299,109,2026-01-12 15:30:08,2026-01-12 16:06:08,2026-01-12 16:25:08,57
4921,5300,97,2026-01-23 14:00:08,2026-01-23 14:29:08,2026-01-23 14:51:08,54
4922,5301,97,2026-01-05 23:46:52,2026-01-06 00:12:52,2026-01-06 00:32:52,50
4923,5302,91,2026-01-07 21:00:28,2026-01-07 21:36:28,2026-01-07 21:54:28,55
4924,5303,88,2026-01-09 12:53:49,2026-01-09 13:19:49,2026-01-09 13:37:49,45
4925,5304,50,2026-01-13 06:09:51,2026-01-13 06:35:51,2026-01-13 06:58:51,52
4926,5305,25,2026-01-04 13:08:17,2026-01-04 13:41:17,2026-01-04 14:02:17,55
4927,5307,65,2026-01-16 21:27:26,2026-01-16 22:01:26,2026-01-16 22:28:26,63
4928,5308,21,2026-01-20 22:57:22,2026-01-20 23:29:22,2026-01-20 23:58:22,64
4929,5309,29,2026-01-06 20:16:14,2026-01-06 20:39:14,2026-01-06 21:06:14,51
4930,5310,118,2026-01-16 18:19:25,2026-01-16 18:43:25,2026-01-16 18:59:25,41
4931,5311,42,2026-01-23 22:40:15,2026-01-23 23:09:15,2026-01-23 23:23:15,45
4932,5312,83,2026-01-15 22:28:41,2026-01-15 22:57:41,2026-01-15 23:20:41,55
4933,5313,87,2026-01-21 13:15:21,2026-01-21 13:40:21,2026-01-21 14:05:21,52
4934,5314,9,2026-01-20 22:44:41,2026-01-20 23:09:41,2026-01-20 23:32:41,52
4935,5315,38,2026-01-24 14:43:08,2026-01-24 15:09:08,2026-01-24 15:35:08,54
4936,5316,78,2026-01-18 20:25:27,2026-01-18 20:49:27,2026-01-18 21:16:27,54
4937,5317,60,2026-01-17 20:13:40,2026-01-17 20:39:40,2026-01-17 20:54:40,44
4938,5318,119,2026-01-05 03:59:08,2026-01-05 04:26:08,2026-01-05 04:40:08,42
4939,5319,1,2026-01-07 20:09:45,2026-01-07 20:48:45,2026-01-07 21:00:45,55
4940,5320,60,2026-01-25 21:35:28,2026-01-25 22:10:28,2026-01-25 22:35:28,64
4941,5321,115,2026-01-12 15:17:34,2026-01-12 15:42:34,2026-01-12 16:04:34,50
4942,5322,71,2026-01-30 14:12:01,2026-01-30 14:45:01,2026-01-30 15:10:01,61
4943,5323,79,2026-01-24 15:16:51,2026-01-24 15:42:51,2026-01-24 15:56:51,42
4944,5324,4,2026-01-20 19:01:18,2026-01-20 19:29:18,2026-01-20 19:49:18,50
4945,5325,73,2026-01-23 16:49:22,2026-01-23 17:27:22,2026-01-23 17:54:22,66
4946,5326,23,2026-01-24 21:35:27,2026-01-24 22:23:27,2026-01-24 22:45:27,74
4947,5327,32,2026-01-26 05:45:38,2026-01-26 06:09:38,2026-01-26 06:23:38,42
4948,5328,62,2026-01-23 21:09:45,2026-01-23 21:41:45,2026-01-23 22:16:45,69
4949,5330,11,2026-01-16 13:42:27,2026-01-16 14:22:27,2026-01-16 14:48:27,68
4950,5331,10,2026-01-04 16:15:15,2026-01-04 16:51:15,2026-01-04 17:03:15,49
4951,5332,9,2026-01-11 09:13:24,2026-01-11 09:35:24,2026-01-11 09:58:24,48
4952,5333,117,2026-01-24 20:16:54,2026-01-24 20:38:54,2026-01-24 20:54:54,39
4953,5334,90,2026-01-15 23:39:30,2026-01-16 00:05:30,2026-01-16 00:21:30,45
4954,5335,69,2026-01-19 22:11:16,2026-01-19 22:52:16,2026-01-19 23:14:16,65
4955,5336,101,2026-01-02 13:49:11,2026-01-02 14:32:11,2026-01-02 14:54:11,66
4956,5337,111,2026-01-11 05:52:01,2026-01-11 06:20:01,2026-01-11 06:40:01,50
4957,5338,111,2026-01-28 21:09:14,2026-01-28 21:40:14,2026-01-28 22:07:14,61
4958,5339,108,2026-01-21 21:12:58,2026-01-21 21:44:58,2026-01-21 22:03:58,54
4959,5340,13,2026-01-14 22:52:59,2026-01-14 23:27:59,2026-01-14 23:42:59,52
4960,5341,106,2026-01-18 14:47:32,2026-01-18 15:27:32,2026-01-18 15:55:32,70
4961,5342,101,2026-01-23 22:14:38,2026-01-23 22:46:38,2026-01-23 23:16:38,66
4962,5343,8,2026-01-23 15:25:51,2026-01-23 16:02:51,2026-01-23 16:30:51,68
4963,5344,77,2026-01-28 06:49:53,2026-01-28 07:13:53,2026-01-28 07:26:53,38
4964,5345,36,2026-01-26 22:41:08,2026-01-26 23:21:08,2026-01-26 23:40:08,62
4965,5346,45,2026-01-05 01:11:14,2026-01-05 01:24:14,2026-01-05 01:45:14,36
4966,5347,8,2026-01-05 13:35:13,2026-01-05 14:04:13,2026-01-05 14:27:13,54
4967,5348,119,2026-01-03 12:25:05,2026-01-03 13:05:05,2026-01-03 13:25:05,63
4968,5349,111,2026-01-18 20:32:03,2026-01-18 21:10:03,2026-01-18 21:29:03,61
4969,5350,79,2026-01-20 13:25:55,2026-01-20 14:01:55,2026-01-20 14:24:55,63
4970,5351,29,2026-01-11 23:38:14,2026-01-12 00:06:14,2026-01-12 00:17:14,40
4971,5353,72,2026-01-15 11:16:57,2026-01-15 11:35:57,2026-01-15 12:00:57,45
4972,5354,101,2026-01-15 23:01:16,2026-01-15 23:31:16,2026-01-15 23:52:16,53
4973,5355,39,2026-01-10 02:21:20,2026-01-10 02:42:20,2026-01-10 03:04:20,45
4974,5356,101,2026-01-21 15:48:16,2026-01-21 16:12:16,2026-01-21 16:24:16,39
4975,5357,72,2026-01-18 18:04:43,2026-01-18 18:27:43,2026-01-18 18:43:43,42
4976,5358,13,2026-01-24 13:21:22,2026-01-24 13:48:22,2026-01-24 14:04:22,45
4977,5359,72,2026-01-18 04:47:59,2026-01-18 05:16:59,2026-01-18 05:33:59,47
4978,5360,29,2026-01-06 21:11:54,2026-01-06 21:48:54,2026-01-06 22:12:54,63
4979,5361,97,2026-01-08 12:18:24,2026-01-08 12:48:24,2026-01-08 13:14:24,60
4980,5362,88,2026-01-19 15:29:20,2026-01-19 15:44:20,2026-01-19 15:57:20,31
4981,5363,41,2026-01-20 13:10:19,2026-01-20 13:46:19,2026-01-20 14:10:19,62
4982,5364,103,2026-01-10 06:14:38,2026-01-10 06:39:38,2026-01-10 07:04:38,53
4983,5365,95,2026-01-22 22:43:05,2026-01-22 23:05:05,2026-01-22 23:34:05,54
4984,5366,99,2026-01-11 13:18:11,2026-01-11 13:43:11,2026-01-11 14:05:11,50
4985,5367,54,2026-01-01 13:14:27,2026-01-01 13:36:27,2026-01-01 13:55:27,44
4986,5368,32,2026-01-11 23:53:35,2026-01-12 00:16:35,2026-01-12 00:36:35,44
4987,5369,22,2026-01-31 15:47:01,2026-01-31 16:17:01,2026-01-31 16:41:01,55
4988,5370,15,2026-01-14 07:13:40,2026-01-14 07:43:40,2026-01-14 07:54:40,45
4989,5371,87,2026-01-24 09:40:21,2026-01-24 09:54:21,2026-01-24 10:18:21,39
4990,5372,25,2026-01-16 04:59:15,2026-01-16 05:17:15,2026-01-16 05:33:15,37
4991,5373,63,2026-01-11 14:21:02,2026-01-11 14:59:02,2026-01-11 15:19:02,59
4992,5374,8,2026-01-09 22:00:15,2026-01-09 22:38:15,2026-01-09 23:01:15,64
4993,5375,108,2026-01-28 17:22:45,2026-01-28 17:52:45,2026-01-28 18:16:45,57
4994,5376,32,2026-01-31 23:56:09,2026-02-01 00:27:09,2026-02-01 00:45:09,53
4995,5377,109,2026-01-22 22:56:32,2026-01-22 23:30:32,2026-01-22 23:43:32,51
4996,5378,117,2026-01-15 13:40:16,2026-01-15 14:12:16,2026-01-15 14:25:16,48
4997,5379,93,2026-01-02 15:33:12,2026-01-02 15:58:12,2026-01-02 16:16:12,47
4998,5380,106,2026-01-30 23:53:08,2026-01-31 00:11:08,2026-01-31 00:34:08,42
4999,5381,39,2026-01-08 22:37:02,2026-01-08 23:00:02,2026-01-08 23:26:02,51
5000,5382,80,2026-01-04 14:23:51,2026-01-04 14:55:51,2026-01-04 15:26:51,64
5001,5383,67,2026-01-04 14:49:24,2026-01-04 15:16:24,2026-01-04 15:44:24,56
5002,5384,56,2026-01-08 15:04:03,2026-01-08 15:22:03,2026-01-08 15:43:03,43
5003,5385,37,2026-01-19 20:38:16,2026-01-19 21:09:16,2026-01-19 21:35:16,60
5004,5386,51,2026-01-28 13:34:46,2026-01-28 14:04:46,2026-01-28 14:26:46,54
5005,5387,41,2026-01-01 13:26:00,2026-01-01 14:02:00,2026-01-01 14:14:00,49
5006,5388,86,2026-01-09 17:55:23,2026-01-09 18:21:23,2026-01-09 18:51:23,58
5007,5389,93,2026-01-09 05:07:45,2026-01-09 05:38:45,2026-01-09 06:00:45,55
5008,5390,62,2026-01-23 21:18:44,2026-01-23 21:52:44,2026-01-23 22:08:44,54
5009,5391,96,2026-01-22 03:10:19,2026-01-22 03:45:19,2026-01-22 04:05:19,59
5010,5392,84,2026-01-22 16:00:26,2026-01-22 16:33:26,2026-01-22 16:57:26,60
5011,5393,77,2026-01-01 01:29:34,2026-01-01 01:52:34,2026-01-01 02:02:34,37
5012,5394,68,2026-01-16 15:39:31,2026-01-16 16:09:31,2026-01-16 16:21:31,46
5013,5395,31,2026-01-21 12:35:34,2026-01-21 13:00:34,2026-01-21 13:11:34,37
5014,5396,89,2026-01-26 21:28:21,2026-01-26 21:51:21,2026-01-26 22:23:21,56
5015,5397,101,2026-01-24 21:37:29,2026-01-24 22:08:29,2026-01-24 22:28:29,52
5016,5398,16,2026-01-11 19:25:17,2026-01-11 19:51:17,2026-01-11 20:10:17,49
5017,5399,35,2026-01-02 22:42:30,2026-01-02 23:18:30,2026-01-02 23:48:30,69
5018,5400,99,2026-01-27 22:17:09,2026-01-27 22:50:09,2026-01-27 23:07:09,51
5019,5401,25,2026-01-06 20:30:54,2026-01-06 20:54:54,2026-01-06 21:16:54,48
5020,5402,56,2026-01-29 15:09:43,2026-01-29 15:33:43,2026-01-29 15:56:43,49
5021,5403,3,2026-01-29 10:25:52,2026-01-29 10:53:52,2026-01-29 11:10:52,46
5022,5404,72,2026-01-04 21:35:48,2026-01-04 22:06:48,2026-01-04 22:34:48,60
5023,5405,88,2026-01-16 20:20:54,2026-01-16 20:40:54,2026-01-16 20:58:54,40
5024,5406,42,2026-01-10 21:12:00,2026-01-10 21:44:00,2026-01-10 21:58:00,49
5025,5407,41,2026-01-22 13:27:09,2026-01-22 14:00:09,2026-01-22 14:14:09,50
5026,5408,6,2026-01-29 20:27:24,2026-01-29 21:01:24,2026-01-29 21:16:24,52
5027,5409,91,2026-01-23 23:17:28,2026-01-23 23:43:28,2026-01-24 00:05:28,49
5028,5410,2,2026-01-28 18:06:05,2026-01-28 18:46:05,2026-01-28 18:57:05,55
5029,5411,34,2026-01-22 23:46:24,2026-01-23 00:19:24,2026-01-23 00:31:24,46
5030,5412,35,2026-01-01 23:26:55,2026-01-01 23:56:55,2026-01-02 00:13:55,51
5031,5413,119,2026-01-29 03:22:32,2026-01-29 03:36:32,2026-01-29 03:57:32,39
5032,5415,4,2026-01-12 12:24:47,2026-01-12 12:59:47,2026-01-12 13:22:47,61
5033,5416,54,2026-01-16 11:35:08,2026-01-16 12:04:08,2026-01-16 12:24:08,53
5034,5417,112,2026-01-25 22:57:07,2026-01-25 23:26:07,2026-01-25 23:49:07,54
5035,5418,6,2026-01-29 23:14:20,2026-01-29 23:46:20,2026-01-30 00:05:20,53
5036,5419,34,2026-01-20 14:02:12,2026-01-20 14:40:12,2026-01-20 15:14:12,73
5037,5420,96,2026-01-02 15:10:59,2026-01-02 15:36:59,2026-01-02 15:56:59,48
5038,5422,86,2026-01-08 14:40:24,2026-01-08 15:25:24,2026-01-08 15:51:24,72
5039,5423,112,2026-01-05 22:37:19,2026-01-05 23:17:19,2026-01-05 23:52:19,77
5040,5424,53,2026-01-27 13:06:48,2026-01-27 13:29:48,2026-01-27 13:47:48,45
5041,5425,87,2026-01-04 23:26:02,2026-01-04 23:58:02,2026-01-05 00:15:02,53
5042,5427,98,2026-01-15 23:50:10,2026-01-16 00:15:10,2026-01-16 00:36:10,48
5043,5428,49,2026-01-29 21:47:21,2026-01-29 22:15:21,2026-01-29 22:38:21,53
5044,5430,39,2026-01-27 07:52:48,2026-01-27 08:14:48,2026-01-27 08:33:48,45
5045,5431,57,2026-01-27 14:41:06,2026-01-27 15:16:06,2026-01-27 15:44:06,64
5046,5432,73,2026-01-02 01:10:26,2026-01-02 01:40:26,2026-01-02 02:02:26,56
5047,5433,83,2026-01-16 15:58:01,2026-01-16 16:11:01,2026-01-16 16:22:01,28
5048,5435,43,2026-01-06 11:55:26,2026-01-06 12:29:26,2026-01-06 12:57:26,63
5049,5436,119,2026-01-11 15:15:46,2026-01-11 15:38:46,2026-01-11 15:52:46,39
5050,5437,32,2026-01-28 14:30:42,2026-01-28 15:13:42,2026-01-28 15:38:42,70
5051,5438,17,2026-01-04 05:50:47,2026-01-04 06:17:47,2026-01-04 06:30:47,43
5052,5439,78,2026-01-12 22:55:24,2026-01-12 23:21:24,2026-01-12 23:42:24,49
5053,5440,38,2026-01-02 22:04:51,2026-01-02 22:44:51,2026-01-02 23:05:51,62
5054,5441,9,2026-01-02 13:27:02,2026-01-02 13:59:02,2026-01-02 14:29:02,64
5055,5442,69,2026-01-18 13:17:03,2026-01-18 13:37:03,2026-01-18 14:08:03,53
5056,5443,5,2026-01-06 18:39:04,2026-01-06 18:55:04,2026-01-06 19:13:04,37
5057,5444,27,2026-01-15 20:23:37,2026-01-15 20:58:37,2026-01-15 21:23:37,61
5058,5445,22,2026-01-17 17:11:31,2026-01-17 17:32:31,2026-01-17 17:50:31,42
5059,5446,100,2026-01-17 13:36:37,2026-01-17 14:03:37,2026-01-17 14:37:37,65
5060,5447,1,2026-01-17 19:27:52,2026-01-17 19:54:52,2026-01-17 20:08:52,44
5061,5448,18,2026-01-17 23:29:15,2026-01-17 23:52:15,2026-01-18 00:09:15,42
5062,5449,63,2026-01-10 10:09:58,2026-01-10 10:35:58,2026-01-10 10:45:58,37
5063,5450,27,2026-01-07 23:12:08,2026-01-07 23:40:08,2026-01-07 23:54:08,46
5064,5451,56,2026-01-22 12:11:14,2026-01-22 12:31:14,2026-01-22 12:44:14,37
5065,5452,41,2026-01-31 13:43:25,2026-01-31 14:08:25,2026-01-31 14:24:25,42
5066,5453,38,2026-01-06 04:50:23,2026-01-06 05:23:23,2026-01-06 05:46:23,58
5067,5454,102,2026-01-17 12:53:18,2026-01-17 13:20:18,2026-01-17 13:36:18,47
5068,5455,88,2026-01-13 15:09:30,2026-01-13 15:30:30,2026-01-13 15:53:30,46
5069,5456,45,2026-01-20 17:23:14,2026-01-20 17:55:14,2026-01-20 18:05:14,45
5070,5457,33,2026-01-09 15:21:16,2026-01-09 15:36:16,2026-01-09 15:54:16,37
5071,5458,75,2026-01-19 13:26:22,2026-01-19 13:56:22,2026-01-19 14:23:22,60
5072,5460,118,2026-01-29 03:02:31,2026-01-29 03:35:31,2026-01-29 03:52:31,52
5073,5461,36,2026-01-01 11:16:22,2026-01-01 11:30:22,2026-01-01 11:54:22,41
5074,5462,105,2026-01-29 20:16:33,2026-01-29 20:31:33,2026-01-29 20:58:33,46
5075,5463,66,2026-01-20 21:42:46,2026-01-20 22:16:46,2026-01-20 22:29:46,51
5076,5464,52,2026-01-11 22:54:34,2026-01-11 23:19:34,2026-01-11 23:44:34,54
5077,5465,110,2026-01-11 22:34:08,2026-01-11 23:05:08,2026-01-11 23:30:08,57
5078,5466,92,2026-01-09 04:20:35,2026-01-09 04:50:35,2026-01-09 05:09:35,52
5079,5467,54,2026-01-30 10:59:47,2026-01-30 11:19:47,2026-01-30 11:41:47,43
5080,5468,49,2026-01-29 14:26:20,2026-01-29 15:09:20,2026-01-29 15:39:20,75
5081,5469,39,2026-01-03 20:04:27,2026-01-03 20:34:27,2026-01-03 20:57:27,56
5082,5470,67,2026-01-25 15:46:14,2026-01-25 16:15:14,2026-01-25 16:38:14,54
5083,5472,52,2026-01-28 15:15:53,2026-01-28 15:52:53,2026-01-28 16:06:53,52
5084,5473,27,2026-01-02 15:08:33,2026-01-02 15:32:33,2026-01-02 15:49:33,45
5085,5474,50,2026-01-20 23:59:03,2026-01-21 00:34:03,2026-01-21 00:56:03,58
5086,5476,8,2026-01-13 06:30:56,2026-01-13 07:04:56,2026-01-13 07:21:56,52
5087,5477,9,2026-01-20 14:31:43,2026-01-20 14:59:43,2026-01-20 15:31:43,63
5088,5478,8,2026-01-07 13:08:49,2026-01-07 13:39:49,2026-01-07 13:55:49,49
5089,5479,117,2026-01-21 15:00:02,2026-01-21 15:32:02,2026-01-21 15:59:02,61
5090,5480,108,2026-01-21 14:52:19,2026-01-21 15:37:19,2026-01-21 16:07:19,79
5091,5481,48,2026-01-15 12:41:31,2026-01-15 13:07:31,2026-01-15 13:17:31,39
5092,5482,22,2026-01-27 14:46:20,2026-01-27 15:18:20,2026-01-27 15:48:20,66
5093,5483,23,2026-01-26 15:27:55,2026-01-26 15:48:55,2026-01-26 16:07:55,44
5094,5484,67,2026-01-31 13:50:10,2026-01-31 14:29:10,2026-01-31 14:48:10,61
5095,5486,80,2026-01-29 14:11:57,2026-01-29 14:44:57,2026-01-29 15:13:57,66
5096,5487,15,2026-01-31 22:32:25,2026-01-31 23:05:25,2026-01-31 23:26:25,57
5097,5488,11,2026-01-26 23:25:51,2026-01-26 23:46:51,2026-01-27 00:07:51,46
5098,5489,64,2026-01-08 21:06:43,2026-01-08 21:29:43,2026-01-08 22:02:43,60
5099,5491,46,2026-01-07 08:42:08,2026-01-07 09:15:08,2026-01-07 09:30:08,52
5100,5492,118,2026-01-15 23:56:44,2026-01-16 00:29:44,2026-01-16 00:46:44,51
5101,5493,6,2026-01-09 13:09:34,2026-01-09 13:31:34,2026-01-09 13:54:34,47
5102,5494,32,2026-01-02 09:21:01,2026-01-02 09:45:01,2026-01-02 10:08:01,48
5103,5495,77,2026-01-12 13:16:33,2026-01-12 13:51:33,2026-01-12 14:19:33,65
5104,5497,7,2026-01-03 20:20:55,2026-01-03 20:41:55,2026-01-03 21:00:55,44
5105,5498,40,2026-01-14 05:44:46,2026-01-14 06:07:46,2026-01-14 06:26:46,44
5106,5499,110,2026-01-05 14:10:47,2026-01-05 14:34:47,2026-01-05 14:55:47,46
5107,5500,12,2026-01-29 22:13:33,2026-01-29 22:42:33,2026-01-29 23:10:33,58
5108,5501,84,2026-01-30 23:52:02,2026-01-31 00:20:02,2026-01-31 00:39:02,48
5109,5502,97,2026-01-21 06:02:10,2026-01-21 06:41:10,2026-01-21 06:59:10,58
5110,5504,5,2026-01-31 03:23:04,2026-01-31 03:48:04,2026-01-31 04:03:04,42
5111,5506,114,2026-01-13 01:47:08,2026-01-13 02:06:08,2026-01-13 02:24:08,39
5112,5507,45,2026-01-26 14:54:21,2026-01-26 15:26:21,2026-01-26 15:44:21,52
5113,5508,89,2026-01-30 00:39:23,2026-01-30 01:21:23,2026-01-30 01:42:23,66
5114,5509,77,2026-01-21 22:42:39,2026-01-21 23:24:39,2026-01-21 23:41:39,60
5115,5510,84,2026-01-14 15:11:42,2026-01-14 15:50:42,2026-01-14 16:08:42,58
5116,5511,19,2026-01-22 22:08:43,2026-01-22 22:43:43,2026-01-22 23:02:43,55
5117,5512,113,2026-01-01 16:54:40,2026-01-01 17:24:40,2026-01-01 17:43:40,50
5118,5513,40,2026-01-03 23:50:21,2026-01-04 00:28:21,2026-01-04 00:53:21,66
5119,5514,66,2026-01-24 15:33:36,2026-01-24 15:49:36,2026-01-24 16:19:36,47
5120,5515,118,2026-01-26 14:06:13,2026-01-26 14:44:13,2026-01-26 15:07:13,62
5121,5516,74,2026-01-24 13:05:21,2026-01-24 13:24:21,2026-01-24 13:47:21,46
5122,5517,29,2026-01-06 13:12:11,2026-01-06 13:41:11,2026-01-06 14:09:11,60
5123,5518,26,2026-01-11 14:31:13,2026-01-11 15:08:13,2026-01-11 15:33:13,65
5124,5519,79,2026-01-20 23:01:19,2026-01-20 23:22:19,2026-01-20 23:37:19,37
5125,5520,27,2026-01-18 20:00:16,2026-01-18 20:28:16,2026-01-18 20:42:16,44
5126,5521,27,2026-01-08 21:59:04,2026-01-08 22:29:04,2026-01-08 22:53:04,58
5127,5522,81,2026-01-10 13:39:51,2026-01-10 14:12:51,2026-01-10 14:37:51,62
5128,5523,60,2026-01-13 08:09:06,2026-01-13 08:30:06,2026-01-13 08:46:06,41
5129,5524,15,2026-01-27 14:03:13,2026-01-27 14:28:13,2026-01-27 14:56:13,54
5130,5525,52,2026-01-01 14:27:18,2026-01-01 15:01:18,2026-01-01 15:21:18,55
5131,5526,57,2026-01-30 21:49:13,2026-01-30 22:26:13,2026-01-30 22:59:13,72
5132,5527,72,2026-01-09 23:21:35,2026-01-09 23:53:35,2026-01-10 00:16:35,59
5133,5528,47,2026-01-09 12:33:12,2026-01-09 13:05:12,2026-01-09 13:20:12,50
5134,5529,11,2026-01-05 14:41:07,2026-01-05 15:08:07,2026-01-05 15:32:07,53
5135,5530,43,2026-01-08 02:41:21,2026-01-08 03:10:21,2026-01-08 03:32:21,55
5136,5531,30,2026-01-21 20:48:10,2026-01-21 21:14:10,2026-01-21 21:30:10,44
5137,5532,32,2026-01-25 23:16:17,2026-01-25 23:37:17,2026-01-25 23:55:17,41
5138,5533,106,2026-01-15 21:39:56,2026-01-15 22:08:56,2026-01-15 22:26:56,51
5139,5534,72,2026-01-03 14:10:34,2026-01-03 14:46:34,2026-01-03 15:10:34,61
5140,5535,12,2026-01-31 02:06:47,2026-01-31 02:27:47,2026-01-31 02:51:47,49
5141,5536,4,2026-01-01 21:58:24,2026-01-01 22:33:24,2026-01-01 22:57:24,61
5142,5537,74,2026-01-12 14:24:32,2026-01-12 14:58:32,2026-01-12 15:27:32,67
5143,5539,102,2026-01-10 20:33:57,2026-01-10 20:51:57,2026-01-10 21:04:57,35
5144,5540,106,2026-01-26 23:54:51,2026-01-27 00:12:51,2026-01-27 00:36:51,43
5145,5541,107,2026-01-08 12:56:09,2026-01-08 13:25:09,2026-01-08 13:51:09,57
5146,5542,67,2026-01-14 13:26:30,2026-01-14 13:56:30,2026-01-14 14:17:30,52
5147,5544,69,2026-01-26 21:27:24,2026-01-26 21:50:24,2026-01-26 22:20:24,57
5148,5545,7,2026-01-20 23:25:20,2026-01-20 23:50:20,2026-01-21 00:14:20,51
5149,5546,13,2026-01-05 07:27:17,2026-01-05 07:47:17,2026-01-05 08:04:17,40
5150,5547,34,2026-01-03 04:37:27,2026-01-03 05:01:27,2026-01-03 05:25:27,51
5151,5548,53,2026-01-02 22:19:08,2026-01-02 22:49:08,2026-01-02 23:05:08,50
5152,5549,98,2026-01-22 14:53:03,2026-01-22 15:19:03,2026-01-22 15:44:03,52
5153,5550,18,2026-01-16 13:12:44,2026-01-16 13:44:44,2026-01-16 14:09:44,58
5154,5551,42,2026-01-19 19:11:46,2026-01-19 19:35:46,2026-01-19 19:54:46,44
5155,5552,8,2026-01-05 20:17:37,2026-01-05 20:36:37,2026-01-05 20:48:37,35
5156,5553,118,2026-01-02 23:06:49,2026-01-02 23:30:49,2026-01-02 23:59:49,56
5157,5554,67,2026-01-13 12:34:55,2026-01-13 12:59:55,2026-01-13 13:18:55,48
5158,5555,71,2026-01-15 21:45:22,2026-01-15 22:22:22,2026-01-15 22:35:22,52
5159,5556,103,2026-01-22 14:15:37,2026-01-22 14:37:37,2026-01-22 15:08:37,55
5160,5557,70,2026-01-06 10:14:22,2026-01-06 10:42:22,2026-01-06 10:58:22,47
5161,5558,6,2026-01-08 01:14:46,2026-01-08 01:45:46,2026-01-08 01:59:46,46
5162,5559,32,2026-01-20 20:56:25,2026-01-20 21:14:25,2026-01-20 21:44:25,50
5163,5560,33,2026-01-04 07:03:10,2026-01-04 07:19:10,2026-01-04 07:39:10,37
5164,5561,2,2026-01-21 21:46:39,2026-01-21 22:12:39,2026-01-21 22:45:39,60
5165,5562,17,2026-01-11 18:09:24,2026-01-11 18:30:24,2026-01-11 18:40:24,33
5166,5563,115,2026-01-13 08:07:50,2026-01-13 08:39:50,2026-01-13 08:53:50,49
5167,5564,24,2026-01-31 21:07:40,2026-01-31 21:38:40,2026-01-31 22:04:40,58
5168,5565,80,2026-01-09 02:26:10,2026-01-09 02:48:10,2026-01-09 03:06:10,44
5169,5566,106,2026-01-24 20:44:54,2026-01-24 21:05:54,2026-01-24 21:16:54,34
5170,5567,108,2026-01-11 12:04:37,2026-01-11 12:36:37,2026-01-11 13:07:37,64
5171,5568,27,2026-01-23 07:25:45,2026-01-23 07:47:45,2026-01-23 08:11:45,47
5172,5569,20,2026-01-03 06:35:28,2026-01-03 07:02:28,2026-01-03 07:26:28,54
5173,5570,20,2026-01-04 15:33:21,2026-01-04 15:53:21,2026-01-04 16:14:21,45
5174,5571,108,2026-01-10 03:02:27,2026-01-10 03:27:27,2026-01-10 03:39:27,39
5175,5572,18,2026-01-11 23:29:43,2026-01-11 23:47:43,2026-01-12 00:08:43,40
5176,5573,38,2026-01-27 14:55:25,2026-01-27 15:28:25,2026-01-27 15:51:25,60
5177,5574,9,2026-01-05 16:34:54,2026-01-05 17:04:54,2026-01-05 17:28:54,58
5178,5575,111,2026-01-26 02:31:39,2026-01-26 03:00:39,2026-01-26 03:22:39,55
5179,5576,40,2026-01-13 14:28:29,2026-01-13 14:58:29,2026-01-13 15:25:29,59
5180,5577,2,2026-01-07 05:52:26,2026-01-07 06:16:26,2026-01-07 06:34:26,43
5181,5578,80,2026-01-07 18:44:58,2026-01-07 19:02:58,2026-01-07 19:14:58,34
5182,5579,112,2026-01-29 20:08:40,2026-01-29 20:31:40,2026-01-29 20:44:40,40
5183,5580,28,2026-01-21 12:42:55,2026-01-21 13:06:55,2026-01-21 13:19:55,41
5184,5581,35,2026-01-26 22:39:43,2026-01-26 23:21:43,2026-01-26 23:55:43,80
5185,5582,54,2026-01-08 21:45:33,2026-01-08 22:20:33,2026-01-08 22:40:33,58
5186,5583,62,2026-01-17 13:07:02,2026-01-17 13:29:02,2026-01-17 13:49:02,46
5187,5584,52,2026-01-10 18:03:22,2026-01-10 18:37:22,2026-01-10 18:49:22,47
5188,5585,114,2026-01-13 21:38:28,2026-01-13 22:02:28,2026-01-13 22:21:28,45
5189,5586,59,2026-01-11 13:43:08,2026-01-11 14:18:08,2026-01-11 14:52:08,72
5190,5587,62,2026-01-17 15:24:06,2026-01-17 15:56:06,2026-01-17 16:15:06,53
5191,5588,56,2026-01-21 16:37:16,2026-01-21 17:02:16,2026-01-21 17:33:16,57
5192,5589,60,2026-01-29 12:30:00,2026-01-29 13:08:00,2026-01-29 13:23:00,57
5193,5590,83,2026-01-04 14:24:30,2026-01-04 15:03:30,2026-01-04 15:21:30,60
5194,5591,15,2026-01-29 15:41:12,2026-01-29 16:04:12,2026-01-29 16:18:12,40
5195,5592,6,2026-01-07 15:56:52,2026-01-07 16:18:52,2026-01-07 16:30:52,37
5196,5593,17,2026-01-20 13:41:46,2026-01-20 14:02:46,2026-01-20 14:28:46,48
5197,5594,100,2026-01-27 22:25:41,2026-01-27 22:52:41,2026-01-27 23:15:41,53
5198,5595,87,2026-01-11 01:23:08,2026-01-11 01:49:08,2026-01-11 02:19:08,60
5199,5596,36,2026-01-12 23:31:39,2026-01-12 23:58:39,2026-01-13 00:15:39,48
5200,5598,106,2026-01-29 13:14:37,2026-01-29 13:44:37,2026-01-29 14:16:37,63
5201,5599,71,2026-01-20 22:38:44,2026-01-20 23:09:44,2026-01-20 23:40:44,64
5202,5600,20,2026-01-23 15:18:08,2026-01-23 15:47:08,2026-01-23 16:12:08,57
5203,5601,78,2026-01-04 18:13:37,2026-01-04 18:36:37,2026-01-04 18:50:37,40
5204,5602,50,2026-01-03 12:48:21,2026-01-03 13:04:21,2026-01-03 13:14:21,29
5205,5603,88,2026-01-05 10:28:46,2026-01-05 10:48:46,2026-01-05 11:04:46,38
5206,5604,45,2026-01-29 16:19:16,2026-01-29 16:37:16,2026-01-29 16:57:16,42
5207,5605,34,2026-01-01 01:25:33,2026-01-01 01:56:33,2026-01-01 02:16:33,52
5208,5606,52,2026-01-15 17:41:58,2026-01-15 18:18:58,2026-01-15 18:37:58,59
5209,5607,91,2026-01-10 06:34:54,2026-01-10 07:01:54,2026-01-10 07:16:54,46
5210,5609,48,2026-01-19 18:17:59,2026-01-19 18:31:59,2026-01-19 18:48:59,34
5211,5610,25,2026-01-13 12:45:52,2026-01-13 13:03:52,2026-01-13 13:18:52,37
5212,5611,46,2026-01-05 13:32:12,2026-01-05 14:02:12,2026-01-05 14:29:12,58
5213,5612,106,2026-01-31 01:18:51,2026-01-31 01:39:51,2026-01-31 01:55:51,39
5214,5613,102,2026-01-26 13:56:41,2026-01-26 14:21:41,2026-01-26 14:52:41,57
5215,5614,84,2026-01-07 14:29:17,2026-01-07 15:06:17,2026-01-07 15:38:17,72
5216,5615,79,2026-01-21 01:08:49,2026-01-21 01:33:49,2026-01-21 01:52:49,46
5217,5616,109,2026-01-23 18:51:05,2026-01-23 19:14:05,2026-01-23 19:37:05,49
5218,5617,103,2026-01-04 13:24:39,2026-01-04 14:04:39,2026-01-04 14:20:39,58
5219,5618,113,2026-01-31 10:17:21,2026-01-31 10:41:21,2026-01-31 11:08:21,53
5220,5619,37,2026-01-04 22:06:41,2026-01-04 22:36:41,2026-01-04 22:54:41,51
5221,5620,103,2026-01-12 14:23:56,2026-01-12 14:59:56,2026-01-12 15:29:56,69
5222,5621,46,2026-01-13 12:06:25,2026-01-13 12:44:25,2026-01-13 12:59:25,57
5223,5622,117,2026-01-08 13:57:47,2026-01-08 14:20:47,2026-01-08 14:49:47,55
5224,5623,78,2026-01-27 12:17:52,2026-01-27 12:40:52,2026-01-27 12:58:52,42
5225,5624,96,2026-01-01 12:15:06,2026-01-01 12:45:06,2026-01-01 13:04:06,50
5226,5625,89,2026-01-06 21:38:04,2026-01-06 21:56:04,2026-01-06 22:17:04,40
5227,5626,100,2026-01-20 12:11:10,2026-01-20 12:35:10,2026-01-20 12:50:10,43
5228,5628,72,2026-01-13 14:23:43,2026-01-13 14:46:43,2026-01-13 15:12:43,50
5229,5629,37,2026-01-31 14:33:12,2026-01-31 15:05:12,2026-01-31 15:28:12,57
5230,5630,118,2026-01-26 15:13:39,2026-01-26 15:30:39,2026-01-26 15:45:39,35
5231,5631,79,2026-01-14 20:59:37,2026-01-14 21:15:37,2026-01-14 21:37:37,41
5232,5632,92,2026-01-12 20:07:17,2026-01-12 20:28:17,2026-01-12 20:48:17,45
5233,5633,58,2026-01-24 13:23:59,2026-01-24 13:49:59,2026-01-24 14:17:59,55
5234,5634,100,2026-01-07 07:36:39,2026-01-07 07:56:39,2026-01-07 08:16:39,44
5235,5635,40,2026-01-24 21:29:08,2026-01-24 21:55:08,2026-01-24 22:21:08,55
5236,5636,95,2026-01-18 14:39:17,2026-01-18 15:11:17,2026-01-18 15:35:17,59
5237,5637,67,2026-01-16 13:44:27,2026-01-16 14:19:27,2026-01-16 14:48:27,66
5238,5638,64,2026-01-05 02:11:52,2026-01-05 02:43:52,2026-01-05 03:01:52,52
5239,5639,25,2026-01-10 08:57:00,2026-01-10 09:25:00,2026-01-10 09:38:00,43
5240,5640,84,2026-01-23 06:55:44,2026-01-23 07:14:44,2026-01-23 07:30:44,36
5241,5641,24,2026-01-23 18:11:32,2026-01-23 18:38:32,2026-01-23 18:53:32,45
5242,5642,33,2026-01-22 23:09:21,2026-01-22 23:30:21,2026-01-22 23:57:21,51
5243,5643,72,2026-01-12 13:58:17,2026-01-12 14:25:17,2026-01-12 14:49:17,55
5244,5644,5,2026-01-09 14:38:48,2026-01-09 15:06:48,2026-01-09 15:34:48,57
5245,5645,113,2026-01-24 13:16:24,2026-01-24 13:56:24,2026-01-24 14:27:24,74
5246,5646,26,2026-01-11 08:35:03,2026-01-11 08:59:03,2026-01-11 09:13:03,39
5247,5647,92,2026-01-05 19:34:56,2026-01-05 20:03:56,2026-01-05 20:18:56,48
5248,5648,71,2026-01-31 07:33:39,2026-01-31 07:51:39,2026-01-31 08:08:39,37
5249,5649,39,2026-01-12 06:18:48,2026-01-12 06:43:48,2026-01-12 07:00:48,45
5250,5650,107,2026-01-23 23:27:14,2026-01-23 23:53:14,2026-01-24 00:18:14,52
5251,5651,78,2026-01-31 10:36:34,2026-01-31 11:08:34,2026-01-31 11:30:34,58
5252,5652,41,2026-01-09 14:00:28,2026-01-09 14:32:28,2026-01-09 14:49:28,53
5253,5653,114,2026-01-12 11:14:25,2026-01-12 11:35:25,2026-01-12 11:55:25,42
5254,5655,75,2026-01-05 00:59:59,2026-01-05 01:23:59,2026-01-05 01:41:59,46
5255,5656,66,2026-01-02 07:35:03,2026-01-02 07:57:03,2026-01-02 08:13:03,40
5256,5657,70,2026-01-24 20:36:08,2026-01-24 21:12:08,2026-01-24 21:37:08,65
5257,5658,117,2026-01-28 13:36:19,2026-01-28 14:24:19,2026-01-28 14:57:19,82
5258,5659,16,2026-01-25 21:50:02,2026-01-25 22:17:02,2026-01-25 22:40:02,51
5259,5660,98,2026-01-05 15:35:48,2026-01-05 16:05:48,2026-01-05 16:22:48,50
5260,5661,104,2026-01-10 04:21:16,2026-01-10 04:46:16,2026-01-10 05:05:16,47
5261,5662,37,2026-01-26 22:49:58,2026-01-26 23:19:58,2026-01-26 23:48:58,63
5262,5663,8,2026-01-18 12:52:56,2026-01-18 13:13:56,2026-01-18 13:33:56,43
5263,5664,59,2026-01-16 18:21:32,2026-01-16 18:40:32,2026-01-16 18:51:32,32
5264,5666,35,2026-01-08 19:29:39,2026-01-08 19:53:39,2026-01-08 20:05:39,40
5265,5667,85,2026-01-24 18:53:26,2026-01-24 19:18:26,2026-01-24 19:46:26,56
5266,5668,55,2026-01-07 09:11:56,2026-01-07 09:45:56,2026-01-07 10:12:56,62
5267,5669,119,2026-01-03 14:41:20,2026-01-03 15:07:20,2026-01-03 15:34:20,57
5268,5670,7,2026-01-31 06:30:22,2026-01-31 07:03:22,2026-01-31 07:25:22,58
5269,5671,105,2026-01-14 13:38:50,2026-01-14 14:12:50,2026-01-14 14:42:50,68
5270,5672,36,2026-01-09 15:45:46,2026-01-09 16:19:46,2026-01-09 16:42:46,60
5271,5673,62,2026-01-03 22:17:17,2026-01-03 22:54:17,2026-01-03 23:16:17,63
5272,5674,26,2026-01-10 12:08:18,2026-01-10 12:29:18,2026-01-10 12:46:18,39
5273,5675,33,2026-01-30 15:21:01,2026-01-30 15:58:01,2026-01-30 16:10:01,53
5274,5676,4,2026-01-02 11:21:50,2026-01-02 11:44:50,2026-01-02 11:59:50,40
5275,5677,68,2026-01-23 12:58:05,2026-01-23 13:18:05,2026-01-23 13:41:05,46
5276,5678,79,2026-01-19 20:05:47,2026-01-19 20:25:47,2026-01-19 20:42:47,41
5277,5679,69,2026-01-01 22:44:42,2026-01-01 23:25:42,2026-01-01 23:55:42,74
5278,5680,4,2026-01-28 22:25:38,2026-01-28 22:53:38,2026-01-28 23:26:38,63
5279,5681,89,2026-01-25 14:17:14,2026-01-25 14:44:14,2026-01-25 15:18:14,65
5280,5682,81,2026-01-25 03:55:30,2026-01-25 04:14:30,2026-01-25 04:25:30,34
5281,5683,10,2026-01-29 09:31:44,2026-01-29 09:56:44,2026-01-29 10:12:44,44
5282,5685,42,2026-01-20 21:24:04,2026-01-20 22:04:04,2026-01-20 22:33:04,73
5283,5686,66,2026-01-19 12:45:23,2026-01-19 13:07:23,2026-01-19 13:20:23,36
5284,5687,16,2026-01-07 22:55:33,2026-01-07 23:29:33,2026-01-07 23:51:33,60
5285,5688,42,2026-01-21 23:59:07,2026-01-22 00:28:07,2026-01-22 00:50:07,52
5286,5689,59,2026-01-07 10:17:34,2026-01-07 10:47:34,2026-01-07 10:59:34,44
5287,5690,77,2026-01-06 14:41:33,2026-01-06 15:11:33,2026-01-06 15:38:33,61
5288,5691,98,2026-01-22 15:40:25,2026-01-22 15:55:25,2026-01-22 16:20:25,44
5289,5692,30,2026-01-06 00:41:47,2026-01-06 01:02:47,2026-01-06 01:22:47,42
5290,5693,100,2026-01-07 12:40:54,2026-01-07 13:03:54,2026-01-07 13:23:54,47
5291,5694,83,2026-01-31 22:02:05,2026-01-31 22:26:05,2026-01-31 22:56:05,58
5292,5695,42,2026-01-29 17:19:28,2026-01-29 17:44:28,2026-01-29 18:11:28,56
5293,5696,101,2026-01-29 20:16:34,2026-01-29 20:49:34,2026-01-29 21:07:34,53
5294,5697,8,2026-01-30 23:36:08,2026-01-30 23:57:08,2026-01-31 00:12:08,40
5295,5698,52,2026-01-27 03:08:27,2026-01-27 03:28:27,2026-01-27 03:50:27,45
5296,5699,85,2026-01-26 14:32:54,2026-01-26 15:00:54,2026-01-26 15:34:54,63
5297,5700,66,2026-01-09 20:24:54,2026-01-09 20:54:54,2026-01-09 21:05:54,43
5298,5701,63,2026-01-16 23:32:10,2026-01-16 23:53:10,2026-01-17 00:23:10,52
5299,5702,49,2026-01-05 08:36:11,2026-01-05 09:02:11,2026-01-05 09:21:11,47
5300,5703,27,2026-01-15 21:38:46,2026-01-15 22:19:46,2026-01-15 22:34:46,60
5301,5704,100,2026-01-10 22:19:33,2026-01-10 22:44:33,2026-01-10 23:12:33,56
5302,5705,119,2026-01-13 21:22:53,2026-01-13 21:57:53,2026-01-13 22:22:53,62
5303,5706,67,2026-01-19 10:00:32,2026-01-19 10:29:32,2026-01-19 10:48:32,50
5304,5707,63,2026-01-10 13:46:05,2026-01-10 14:22:05,2026-01-10 14:43:05,59
5305,5708,104,2026-01-28 14:57:55,2026-01-28 15:17:55,2026-01-28 15:49:55,55
5306,5709,64,2026-01-24 20:28:05,2026-01-24 20:56:05,2026-01-24 21:15:05,49
5307,5710,112,2026-01-13 23:25:03,2026-01-13 23:55:03,2026-01-14 00:15:03,51
5308,5711,55,2026-01-03 02:07:06,2026-01-03 02:29:06,2026-01-03 02:49:06,44
5309,5712,99,2026-01-14 10:59:28,2026-01-14 11:20:28,2026-01-14 11:34:28,36
5310,5713,57,2026-01-27 21:15:48,2026-01-27 21:42:48,2026-01-27 21:59:48,46
5311,5714,19,2026-01-14 06:44:30,2026-01-14 07:15:30,2026-01-14 07:42:30,61
5312,5715,94,2026-01-15 11:46:40,2026-01-15 12:11:40,2026-01-15 12:25:40,42
5313,5716,116,2026-01-19 22:36:31,2026-01-19 23:08:31,2026-01-19 23:28:31,53
5314,5717,120,2026-01-08 15:06:46,2026-01-08 15:27:46,2026-01-08 15:58:46,56
5315,5718,1,2026-01-05 00:44:20,2026-01-05 01:01:20,2026-01-05 01:24:20,44
5316,5719,33,2026-01-11 14:17:44,2026-01-11 14:42:44,2026-01-11 15:11:44,58
5317,5720,40,2026-01-05 22:42:44,2026-01-05 23:15:44,2026-01-05 23:30:44,49
5318,5721,80,2026-01-01 13:18:02,2026-01-01 13:56:02,2026-01-01 14:21:02,64
5319,5722,90,2026-01-14 03:52:31,2026-01-14 04:10:31,2026-01-14 04:27:31,39
5320,5723,41,2026-01-31 19:19:06,2026-01-31 19:33:06,2026-01-31 19:53:06,35
5321,5724,27,2026-01-20 22:08:59,2026-01-20 22:35:59,2026-01-20 22:55:59,50
5322,5725,43,2026-01-14 22:45:43,2026-01-14 23:18:43,2026-01-14 23:41:43,58
5323,5726,63,2026-01-06 12:51:54,2026-01-06 13:16:54,2026-01-06 13:29:54,42
5324,5727,29,2026-01-14 20:15:07,2026-01-14 20:38:07,2026-01-14 20:57:07,44
5325,5728,11,2026-01-27 04:02:51,2026-01-27 04:23:51,2026-01-27 04:37:51,36
5326,5729,103,2026-01-28 02:50:01,2026-01-28 03:21:01,2026-01-28 03:39:01,50
5327,5730,44,2026-01-13 08:19:53,2026-01-13 08:47:53,2026-01-13 09:11:53,53
5328,5731,99,2026-01-06 22:13:51,2026-01-06 22:42:51,2026-01-06 23:01:51,50
5329,5732,31,2026-01-10 12:52:38,2026-01-10 13:29:38,2026-01-10 13:51:38,62
5330,5733,107,2026-01-04 23:50:17,2026-01-05 00:18:17,2026-01-05 00:29:17,43
5331,5734,42,2026-01-10 12:21:47,2026-01-10 12:44:47,2026-01-10 13:02:47,42
5332,5735,46,2026-01-13 23:22:49,2026-01-14 00:04:49,2026-01-14 00:22:49,64
5333,5736,74,2026-01-09 15:13:01,2026-01-09 15:33:01,2026-01-09 15:50:01,39
5334,5737,114,2026-01-26 14:19:27,2026-01-26 14:44:27,2026-01-26 15:03:27,45
5335,5738,65,2026-01-29 15:32:02,2026-01-29 15:52:02,2026-01-29 16:17:02,47
5336,5739,36,2026-01-07 13:15:09,2026-01-07 13:35:09,2026-01-07 14:01:09,48
5337,5740,22,2026-01-14 22:55:55,2026-01-14 23:19:55,2026-01-14 23:47:55,54
5338,5741,86,2026-01-05 15:01:36,2026-01-05 15:26:36,2026-01-05 15:40:36,41
5339,5742,79,2026-01-24 13:17:36,2026-01-24 13:54:36,2026-01-24 14:26:36,73
5340,5743,15,2026-01-22 12:17:22,2026-01-22 12:43:22,2026-01-22 12:59:22,45
5341,5744,25,2026-01-20 12:36:51,2026-01-20 13:10:51,2026-01-20 13:28:51,53
5342,5745,81,2026-01-03 21:16:21,2026-01-03 21:48:21,2026-01-03 22:14:21,61
5343,5747,22,2026-01-30 14:57:19,2026-01-30 15:27:19,2026-01-30 15:50:19,55
5344,5748,38,2026-01-11 00:17:09,2026-01-11 00:48:09,2026-01-11 01:00:09,44
5345,5749,9,2026-01-22 16:12:24,2026-01-22 16:44:24,2026-01-22 16:59:24,48
5346,5750,44,2026-01-25 22:05:29,2026-01-25 22:38:29,2026-01-25 22:57:29,54
5347,5751,63,2026-01-28 13:28:48,2026-01-28 13:57:48,2026-01-28 14:16:48,52
5348,5752,49,2026-01-09 14:37:02,2026-01-09 15:14:02,2026-01-09 15:47:02,71
5349,5754,73,2026-01-26 12:51:35,2026-01-26 13:17:35,2026-01-26 13:35:35,48
5350,5755,74,2026-01-29 13:55:22,2026-01-29 14:30:22,2026-01-29 14:50:22,58
5351,5756,94,2026-01-23 15:01:32,2026-01-23 15:34:32,2026-01-23 16:02:32,62
5352,5757,85,2026-01-08 21:55:02,2026-01-08 22:30:02,2026-01-08 22:55:02,64
5353,5758,99,2026-01-11 21:14:57,2026-01-11 21:52:57,2026-01-11 22:13:57,61
5354,5759,112,2026-01-30 06:27:24,2026-01-30 06:46:24,2026-01-30 07:03:24,38
5355,5760,50,2026-01-28 22:20:36,2026-01-28 22:43:36,2026-01-28 23:08:36,49
5356,5761,85,2026-01-02 08:13:16,2026-01-02 08:37:16,2026-01-02 08:49:16,37
5357,5762,92,2026-01-14 20:54:09,2026-01-14 21:13:09,2026-01-14 21:33:09,40
5358,5763,30,2026-01-11 13:07:11,2026-01-11 13:31:11,2026-01-11 13:54:11,48
5359,5764,57,2026-01-05 14:53:39,2026-01-05 15:24:39,2026-01-05 15:49:39,57
5360,5766,78,2026-01-21 23:34:51,2026-01-21 23:53:51,2026-01-22 00:14:51,44
5361,5767,82,2026-01-08 05:39:19,2026-01-08 06:02:19,2026-01-08 06:23:19,48
5362,5768,34,2026-01-20 15:11:51,2026-01-20 15:34:51,2026-01-20 15:50:51,42
5363,5769,5,2026-01-12 22:37:49,2026-01-12 23:10:49,2026-01-12 23:37:49,62
5364,5770,4,2026-01-21 20:35:31,2026-01-21 20:56:31,2026-01-21 21:21:31,49
5365,5771,27,2026-01-13 22:23:25,2026-01-13 22:44:25,2026-01-13 23:08:25,49
5366,5772,91,2026-01-15 20:15:10,2026-01-15 20:32:10,2026-01-15 20:49:10,38
5367,5773,77,2026-01-05 02:04:19,2026-01-05 02:24:19,2026-01-05 02:37:19,34
5368,5774,120,2026-01-09 08:25:40,2026-01-09 08:48:40,2026-01-09 09:04:40,40
5369,5775,58,2026-01-02 03:53:26,2026-01-02 04:14:26,2026-01-02 04:42:26,50
5370,5776,78,2026-01-27 16:22:03,2026-01-27 16:49:03,2026-01-27 17:03:03,44
5371,5777,117,2026-01-13 13:28:35,2026-01-13 14:00:35,2026-01-13 14:35:35,70
5372,5779,80,2026-01-22 10:06:18,2026-01-22 10:35:18,2026-01-22 10:57:18,53
5373,5781,7,2026-01-10 14:39:38,2026-01-10 15:11:38,2026-01-10 15:39:38,64
5374,5782,103,2026-01-19 13:56:57,2026-01-19 14:47:57,2026-01-19 15:13:57,78
5375,5783,9,2026-01-13 21:14:07,2026-01-13 21:54:07,2026-01-13 22:16:07,65
5376,5785,22,2026-01-02 23:03:46,2026-01-02 23:28:46,2026-01-02 23:42:46,43
5377,5786,40,2026-01-05 13:27:53,2026-01-05 14:01:53,2026-01-05 14:13:53,50
5378,5787,31,2026-01-02 23:47:34,2026-01-03 00:10:34,2026-01-03 00:30:34,45
5379,5788,17,2026-01-27 12:38:14,2026-01-27 13:00:14,2026-01-27 13:30:14,53
5380,5789,117,2026-01-17 06:40:43,2026-01-17 07:06:43,2026-01-17 07:28:43,49
5381,5790,93,2026-01-29 22:23:04,2026-01-29 22:49:04,2026-01-29 23:27:04,65
5382,5791,3,2026-01-01 14:01:46,2026-01-01 14:38:46,2026-01-01 15:01:46,63
5383,5792,29,2026-01-15 21:47:38,2026-01-15 22:21:38,2026-01-15 22:43:38,58
5384,5793,79,2026-01-19 23:23:51,2026-01-19 23:45:51,2026-01-20 00:03:51,41
5385,5794,28,2026-01-09 13:49:29,2026-01-09 14:27:29,2026-01-09 14:55:29,70
5386,5795,120,2026-01-11 15:17:49,2026-01-11 15:47:49,2026-01-11 16:11:49,58
5387,5796,105,2026-01-28 10:21:17,2026-01-28 10:48:17,2026-01-28 11:07:17,48
5388,5797,54,2026-01-27 20:17:55,2026-01-27 20:44:55,2026-01-27 21:03:55,48
5389,5798,81,2026-01-13 20:54:02,2026-01-13 21:13:02,2026-01-13 21:41:02,51
5390,5799,30,2026-01-18 08:45:14,2026-01-18 09:17:14,2026-01-18 09:32:14,48
5391,5800,115,2026-01-17 13:04:39,2026-01-17 13:40:39,2026-01-17 13:57:39,56
5392,5801,27,2026-01-07 23:27:40,2026-01-07 23:50:40,2026-01-08 00:08:40,43
5393,5803,58,2026-01-11 21:57:27,2026-01-11 22:33:27,2026-01-11 22:47:27,52
5394,5804,93,2026-01-31 10:19:04,2026-01-31 10:48:04,2026-01-31 11:14:04,57
5395,5805,73,2026-01-23 23:31:10,2026-01-24 00:08:10,2026-01-24 00:28:10,60
5396,5806,107,2026-01-09 23:15:42,2026-01-09 23:39:42,2026-01-10 00:03:42,49
5397,5807,111,2026-01-11 13:19:59,2026-01-11 14:04:59,2026-01-11 14:32:59,76
5398,5809,69,2026-01-13 00:53:56,2026-01-13 01:15:56,2026-01-13 01:40:56,49
5399,5810,59,2026-01-06 12:22:18,2026-01-06 12:42:18,2026-01-06 13:06:18,46
5400,5811,107,2026-01-09 23:02:53,2026-01-09 23:27:53,2026-01-09 23:53:53,55
5401,5812,76,2026-01-19 20:25:35,2026-01-19 20:46:35,2026-01-19 21:11:35,48
5402,5813,101,2026-01-21 21:49:52,2026-01-21 22:18:52,2026-01-21 22:58:52,71
5403,5814,65,2026-01-31 21:54:03,2026-01-31 22:32:03,2026-01-31 22:59:03,69
5404,5815,104,2026-01-23 10:00:34,2026-01-23 10:33:34,2026-01-23 10:44:34,45
5405,5816,30,2026-01-11 08:32:39,2026-01-11 08:58:39,2026-01-11 09:15:39,44
5406,5817,94,2026-01-20 00:34:41,2026-01-20 01:05:41,2026-01-20 01:15:41,43
5407,5818,47,2026-01-07 21:15:05,2026-01-07 21:46:05,2026-01-07 22:06:05,53
5408,5819,86,2026-01-29 18:59:39,2026-01-29 19:33:39,2026-01-29 19:48:39,51
5409,5820,19,2026-01-02 14:58:13,2026-01-02 15:33:13,2026-01-02 15:50:13,53
5410,5821,58,2026-01-24 18:12:36,2026-01-24 18:26:36,2026-01-24 18:50:36,40
5411,5822,60,2026-01-22 13:11:35,2026-01-22 13:48:35,2026-01-22 14:18:35,70
5412,5823,60,2026-01-29 22:27:58,2026-01-29 22:59:58,2026-01-29 23:19:58,56
5413,5824,50,2026-01-25 03:25:09,2026-01-25 03:44:09,2026-01-25 04:04:09,42
5414,5825,53,2026-01-16 11:47:54,2026-01-16 12:05:54,2026-01-16 12:27:54,43
5415,5826,111,2026-01-09 18:46:41,2026-01-09 19:05:41,2026-01-09 19:29:41,45
5416,5827,32,2026-01-09 12:25:57,2026-01-09 12:51:57,2026-01-09 13:07:57,43
5417,5828,48,2026-01-17 03:41:45,2026-01-17 04:03:45,2026-01-17 04:21:45,44
5418,5829,105,2026-01-30 22:58:00,2026-01-30 23:20:00,2026-01-30 23:41:00,47
5419,5830,9,2026-01-21 22:25:32,2026-01-21 22:56:32,2026-01-21 23:19:32,56
5420,5831,115,2026-01-10 06:02:19,2026-01-10 06:27:19,2026-01-10 06:41:19,41
5421,5832,76,2026-01-01 23:53:16,2026-01-02 00:28:16,2026-01-02 00:38:16,48
5422,5833,28,2026-01-06 22:12:07,2026-01-06 22:43:07,2026-01-06 23:08:07,58
5423,5834,52,2026-01-07 13:46:02,2026-01-07 14:21:02,2026-01-07 14:56:02,72
5424,5835,109,2026-01-14 08:01:51,2026-01-14 08:25:51,2026-01-14 08:40:51,41
5425,5836,102,2026-01-13 22:20:59,2026-01-13 22:38:59,2026-01-13 22:59:59,41
5426,5837,90,2026-01-25 13:50:33,2026-01-25 14:09:33,2026-01-25 14:38:33,50
5427,5838,46,2026-01-18 15:16:17,2026-01-18 15:44:17,2026-01-18 16:02:17,48
5428,5839,75,2026-01-28 13:15:18,2026-01-28 13:50:18,2026-01-28 14:19:18,67
5429,5840,9,2026-01-13 23:25:57,2026-01-13 23:58:57,2026-01-14 00:22:57,61
5430,5841,40,2026-01-19 16:30:25,2026-01-19 16:59:25,2026-01-19 17:13:25,46
5431,5842,92,2026-01-21 14:58:38,2026-01-21 15:29:38,2026-01-21 15:51:38,55
5432,5843,63,2026-01-27 22:42:38,2026-01-27 23:18:38,2026-01-27 23:35:38,57
5433,5844,74,2026-01-15 07:40:07,2026-01-15 08:13:07,2026-01-15 08:24:07,45
5434,5845,80,2026-01-03 17:03:03,2026-01-03 17:29:03,2026-01-03 17:53:03,54
5435,5846,41,2026-01-31 22:29:41,2026-01-31 22:59:41,2026-01-31 23:16:41,51
5436,5847,32,2026-01-01 13:13:23,2026-01-01 13:38:23,2026-01-01 14:06:23,56
5437,5848,29,2026-01-28 23:01:27,2026-01-28 23:27:27,2026-01-28 23:47:27,47
5438,5849,77,2026-01-18 23:14:43,2026-01-18 23:39:43,2026-01-18 23:51:43,38
5439,5850,55,2026-01-06 08:59:56,2026-01-06 09:26:56,2026-01-06 09:49:56,54
5440,5851,96,2026-01-19 12:55:50,2026-01-19 13:21:50,2026-01-19 13:42:50,49
5441,5852,69,2026-01-04 13:06:25,2026-01-04 13:27:25,2026-01-04 13:49:25,46
5442,5853,115,2026-01-21 01:04:06,2026-01-21 01:25:06,2026-01-21 01:40:06,37
5443,5854,8,2026-01-28 22:42:52,2026-01-28 23:15:52,2026-01-28 23:45:52,66
5444,5855,109,2026-01-12 20:29:47,2026-01-12 20:49:47,2026-01-12 21:05:47,37
5445,5856,22,2026-01-18 11:35:50,2026-01-18 12:07:50,2026-01-18 12:43:50,72
5446,5857,58,2026-01-23 05:13:25,2026-01-23 05:39:25,2026-01-23 05:57:25,48
5447,5858,62,2026-01-25 21:17:51,2026-01-25 21:51:51,2026-01-25 22:14:51,58
5448,5859,115,2026-01-18 02:21:37,2026-01-18 02:44:37,2026-01-18 02:59:37,41
5449,5860,9,2026-01-16 20:13:49,2026-01-16 20:43:49,2026-01-16 21:05:49,55
5450,5861,38,2026-01-21 14:45:04,2026-01-21 15:14:04,2026-01-21 15:39:04,57
5451,5862,92,2026-01-29 22:29:05,2026-01-29 22:55:05,2026-01-29 23:12:05,45
5452,5864,46,2026-01-10 22:36:19,2026-01-10 22:54:19,2026-01-10 23:12:19,40
5453,5865,85,2026-01-11 15:13:27,2026-01-11 15:38:27,2026-01-11 16:00:27,48
5454,5866,58,2026-01-09 23:12:39,2026-01-09 23:37:39,2026-01-09 23:52:39,41
5455,5867,106,2026-01-19 23:10:56,2026-01-19 23:26:56,2026-01-19 23:43:56,35
5456,5868,70,2026-01-20 15:42:25,2026-01-20 16:10:25,2026-01-20 16:29:25,50
5457,5870,5,2026-01-20 22:52:28,2026-01-20 23:25:28,2026-01-20 23:45:28,56
5458,5871,60,2026-01-12 15:58:22,2026-01-12 16:17:22,2026-01-12 16:39:22,42
5459,5872,83,2026-01-11 21:04:50,2026-01-11 21:36:50,2026-01-11 22:01:50,60
5460,5873,97,2026-01-21 14:09:16,2026-01-21 14:39:16,2026-01-21 14:54:16,49
5461,5874,110,2026-01-22 14:56:18,2026-01-22 15:35:18,2026-01-22 16:02:18,67
5462,5875,25,2026-01-08 14:32:58,2026-01-08 15:10:58,2026-01-08 15:47:58,79
5463,5876,75,2026-01-30 21:22:58,2026-01-30 22:01:58,2026-01-30 22:27:58,66
5464,5878,61,2026-01-14 23:14:37,2026-01-14 23:38:37,2026-01-15 00:02:37,50
5465,5879,98,2026-01-25 15:57:19,2026-01-25 16:18:19,2026-01-25 16:40:19,47
5466,5880,14,2026-01-24 05:37:48,2026-01-24 05:57:48,2026-01-24 06:16:48,40
5467,5881,116,2026-01-05 22:22:14,2026-01-05 22:50:14,2026-01-05 23:15:14,55
5468,5883,15,2026-01-12 22:06:11,2026-01-12 22:44:11,2026-01-12 23:06:11,63
5469,5884,91,2026-01-29 22:23:09,2026-01-29 22:55:09,2026-01-29 23:20:09,60
5470,5885,106,2026-01-07 14:10:09,2026-01-07 14:41:09,2026-01-07 14:59:09,53
5471,5886,102,2026-01-18 12:15:02,2026-01-18 12:42:02,2026-01-18 13:00:02,46
5472,5887,86,2026-01-03 13:33:44,2026-01-03 14:06:44,2026-01-03 14:19:44,50
5473,5888,108,2026-01-18 22:21:02,2026-01-18 22:52:02,2026-01-18 23:23:02,64
5474,5889,53,2026-01-27 05:31:11,2026-01-27 05:53:11,2026-01-27 06:07:11,37
5475,5890,56,2026-01-13 13:44:03,2026-01-13 14:11:03,2026-01-13 14:34:03,51
5476,5891,120,2026-01-09 22:39:01,2026-01-09 23:04:01,2026-01-09 23:25:01,47
5477,5892,58,2026-01-21 00:02:35,2026-01-21 00:26:35,2026-01-21 00:42:35,42
5478,5893,86,2026-01-27 14:43:53,2026-01-27 15:08:53,2026-01-27 15:25:53,45
5479,5894,60,2026-01-26 23:06:20,2026-01-26 23:24:20,2026-01-26 23:44:20,41
5480,5895,115,2026-01-27 08:21:19,2026-01-27 08:51:19,2026-01-27 09:23:19,65
5481,5896,50,2026-01-24 21:01:59,2026-01-24 21:21:59,2026-01-24 21:34:59,37
5482,5897,29,2026-01-01 12:23:23,2026-01-01 12:38:23,2026-01-01 13:03:23,44
5483,5898,7,2026-01-07 23:03:18,2026-01-07 23:30:18,2026-01-07 23:48:18,47
5484,5899,54,2026-01-22 14:26:48,2026-01-22 14:59:48,2026-01-22 15:34:48,69
5485,5900,55,2026-01-11 01:10:50,2026-01-11 01:39:50,2026-01-11 02:03:50,55
5486,5901,80,2026-01-31 13:30:58,2026-01-31 14:04:58,2026-01-31 14:25:58,57
5487,5902,78,2026-01-10 21:26:24,2026-01-10 22:04:24,2026-01-10 22:19:24,55
5488,5903,100,2026-01-29 13:23:43,2026-01-29 13:54:43,2026-01-29 14:23:43,64
5489,5904,63,2026-01-10 13:07:49,2026-01-10 13:45:49,2026-01-10 14:11:49,65
5490,5905,8,2026-01-05 14:34:23,2026-01-05 15:04:23,2026-01-05 15:34:23,62
5491,5906,30,2026-01-04 23:01:10,2026-01-04 23:31:10,2026-01-04 23:53:10,53
5492,5907,101,2026-01-26 20:56:44,2026-01-26 21:30:44,2026-01-26 21:47:44,53
5493,5908,114,2026-01-13 13:51:58,2026-01-13 14:33:58,2026-01-13 14:59:58,69
5494,5909,38,2026-01-28 18:11:43,2026-01-28 18:40:43,2026-01-28 18:51:43,43
5495,5910,102,2026-01-15 22:11:00,2026-01-15 22:44:00,2026-01-15 23:14:00,67
5496,5911,25,2026-01-03 14:47:50,2026-01-03 15:33:50,2026-01-03 15:52:50,66
5497,5912,119,2026-01-18 12:25:43,2026-01-18 12:44:43,2026-01-18 13:02:43,40
5498,5913,80,2026-01-08 12:37:36,2026-01-08 13:04:36,2026-01-08 13:21:36,48
5499,5915,99,2026-01-01 20:34:33,2026-01-01 20:51:33,2026-01-01 21:11:33,39
5500,5916,70,2026-01-25 15:26:26,2026-01-25 15:49:26,2026-01-25 16:14:26,50
5501,5917,89,2026-01-01 14:42:25,2026-01-01 15:17:25,2026-01-01 15:34:25,56
5502,5918,108,2026-01-03 14:11:57,2026-01-03 14:48:57,2026-01-03 15:12:57,63
5503,5919,9,2026-01-28 23:18:51,2026-01-28 23:47:51,2026-01-29 00:06:51,52
5504,5920,63,2026-01-19 05:50:44,2026-01-19 06:19:44,2026-01-19 06:44:44,57
5505,5921,120,2026-01-11 15:26:56,2026-01-11 15:44:56,2026-01-11 16:03:56,41
5506,5922,26,2026-01-13 14:12:58,2026-01-13 14:39:58,2026-01-13 14:53:58,43
5507,5923,99,2026-01-23 16:38:24,2026-01-23 16:56:24,2026-01-23 17:11:24,35
5508,5924,92,2026-01-23 09:34:01,2026-01-23 09:54:01,2026-01-23 10:19:01,49
5509,5925,84,2026-01-24 09:22:39,2026-01-24 09:41:39,2026-01-24 09:59:39,41
5510,5926,19,2026-01-18 06:18:43,2026-01-18 06:58:43,2026-01-18 07:15:43,59
5511,5927,9,2026-01-27 14:04:28,2026-01-27 14:35:28,2026-01-27 14:56:28,54
5512,5928,65,2026-01-12 05:06:41,2026-01-12 05:22:41,2026-01-12 05:44:41,39
5513,5929,86,2026-01-11 22:30:05,2026-01-11 23:17:05,2026-01-11 23:48:05,82
5514,5930,23,2026-01-26 05:06:07,2026-01-26 05:31:07,2026-01-26 05:51:07,49
5515,5931,38,2026-01-11 15:47:40,2026-01-11 16:08:40,2026-01-11 16:28:40,45
5516,5932,108,2026-01-26 09:13:05,2026-01-26 09:43:05,2026-01-26 10:00:05,48
5517,5933,106,2026-01-06 03:21:09,2026-01-06 03:47:09,2026-01-06 04:10:09,51
5518,5934,96,2026-01-06 13:42:45,2026-01-06 14:06:45,2026-01-06 14:22:45,44
5519,5935,102,2026-01-02 04:32:21,2026-01-02 05:05:21,2026-01-02 05:38:21,67
5520,5936,113,2026-01-02 14:54:06,2026-01-02 15:30:06,2026-01-02 15:49:06,57
5521,5937,93,2026-01-18 13:50:00,2026-01-18 14:21:00,2026-01-18 14:46:00,57
5522,5938,88,2026-01-04 18:24:32,2026-01-04 18:53:32,2026-01-04 19:05:32,42
5523,5939,37,2026-01-28 13:55:05,2026-01-28 14:25:05,2026-01-28 14:46:05,55
5524,5940,28,2026-01-30 07:34:09,2026-01-30 07:49:09,2026-01-30 08:04:09,34
5525,5941,88,2026-01-19 21:49:18,2026-01-19 22:22:18,2026-01-19 22:46:18,61
5526,5942,46,2026-01-20 12:30:17,2026-01-20 12:48:17,2026-01-20 13:17:17,51
5527,5943,95,2026-01-09 20:18:52,2026-01-09 20:39:52,2026-01-09 20:57:52,41
5528,5944,28,2026-01-03 00:35:21,2026-01-03 01:00:21,2026-01-03 01:17:21,45
5529,5946,85,2026-01-07 07:09:01,2026-01-07 07:27:01,2026-01-07 07:54:01,46
5530,5947,65,2026-01-29 09:45:22,2026-01-29 09:59:22,2026-01-29 10:14:22,30
5531,5948,30,2026-01-24 09:54:09,2026-01-24 10:18:09,2026-01-24 10:40:09,47
5532,5949,92,2026-01-03 11:08:37,2026-01-03 11:29:37,2026-01-03 11:54:37,49
5533,5950,39,2026-01-17 21:31:29,2026-01-17 22:01:29,2026-01-17 22:26:29,57
5534,5951,38,2026-01-21 14:13:16,2026-01-21 14:40:16,2026-01-21 14:55:16,44
5535,5954,16,2026-01-17 13:43:42,2026-01-17 14:09:42,2026-01-17 14:36:42,55
5536,5955,87,2026-01-18 12:25:43,2026-01-18 13:06:43,2026-01-18 13:31:43,67
5537,5956,63,2026-01-13 06:29:18,2026-01-13 06:59:18,2026-01-13 07:20:18,52
5538,5957,83,2026-01-06 23:42:18,2026-01-07 00:14:18,2026-01-07 00:28:18,48
5539,5958,107,2026-01-30 11:28:36,2026-01-30 12:04:36,2026-01-30 12:17:36,53
5540,5959,118,2026-01-30 20:23:00,2026-01-30 20:42:00,2026-01-30 20:54:00,35
5541,5960,9,2026-01-18 13:29:39,2026-01-18 14:14:39,2026-01-18 14:49:39,84
5542,5961,104,2026-01-26 13:25:39,2026-01-26 14:03:39,2026-01-26 14:15:39,52
5543,5962,113,2026-01-23 03:04:15,2026-01-23 03:37:15,2026-01-23 03:55:15,54
5544,5963,46,2026-01-10 13:12:36,2026-01-10 13:43:36,2026-01-10 14:02:36,52
5545,5964,73,2026-01-07 20:23:56,2026-01-07 20:59:56,2026-01-07 21:21:56,61
5546,5965,19,2026-01-23 13:06:10,2026-01-23 13:38:10,2026-01-23 14:09:10,67
5547,5966,1,2026-01-14 14:51:28,2026-01-14 15:18:28,2026-01-14 15:44:28,56
5548,5967,75,2026-01-15 17:04:44,2026-01-15 17:33:44,2026-01-15 17:52:44,52
5549,5968,89,2026-01-22 21:32:09,2026-01-22 22:03:09,2026-01-22 22:34:09,66
5550,5969,73,2026-01-29 00:49:43,2026-01-29 01:06:43,2026-01-29 01:30:43,45
5551,5970,42,2026-01-24 04:43:14,2026-01-24 05:07:14,2026-01-24 05:25:14,43
5552,5971,94,2026-01-10 21:46:14,2026-01-10 22:15:14,2026-01-10 22:32:14,49
5553,5972,70,2026-01-08 20:19:37,2026-01-08 20:46:37,2026-01-08 20:59:37,43
5554,5973,62,2026-01-15 11:33:33,2026-01-15 12:07:33,2026-01-15 12:29:33,60
5555,5974,54,2026-01-15 21:21:48,2026-01-15 21:57:48,2026-01-15 22:33:48,75
5556,5975,1,2026-01-23 22:24:12,2026-01-23 22:52:12,2026-01-23 23:13:12,50
5557,5976,44,2026-01-28 18:38:12,2026-01-28 19:09:12,2026-01-28 19:27:12,51
5558,5977,18,2026-01-27 12:37:47,2026-01-27 12:59:47,2026-01-27 13:18:47,44
5559,5978,56,2026-01-02 12:18:56,2026-01-02 12:52:56,2026-01-02 13:11:56,56
5560,5979,83,2026-01-09 22:23:53,2026-01-09 23:01:53,2026-01-09 23:20:53,59
5561,5980,20,2026-01-07 11:10:25,2026-01-07 11:42:25,2026-01-07 12:03:25,56
5562,5981,2,2026-01-30 21:35:43,2026-01-30 22:01:43,2026-01-30 22:15:43,44
5563,5982,47,2026-01-30 19:41:52,2026-01-30 20:06:52,2026-01-30 20:39:52,59
5564,5983,42,2026-01-11 21:14:50,2026-01-11 21:43:50,2026-01-11 22:07:50,57
5565,5985,33,2026-01-04 23:32:37,2026-01-04 23:51:37,2026-01-05 00:07:37,39
5566,5986,4,2026-01-31 22:31:26,2026-01-31 23:06:26,2026-01-31 23:33:26,65
5567,5987,13,2026-01-31 06:16:04,2026-01-31 06:31:04,2026-01-31 06:45:04,32
5568,5988,84,2026-01-04 19:01:46,2026-01-04 19:26:46,2026-01-04 19:45:46,46
5569,5989,103,2026-01-02 22:19:50,2026-01-02 22:54:50,2026-01-02 23:14:50,57
5570,5990,50,2026-01-27 10:46:18,2026-01-27 11:16:18,2026-01-27 11:32:18,47
5571,5991,36,2026-01-04 23:53:37,2026-01-05 00:25:37,2026-01-05 00:41:37,49
5572,5992,29,2026-01-25 06:54:18,2026-01-25 07:22:18,2026-01-25 07:39:18,47
5573,5994,85,2026-01-06 15:51:45,2026-01-06 16:09:45,2026-01-06 16:25:45,37
5574,5996,103,2026-01-04 17:06:46,2026-01-04 17:30:46,2026-01-04 17:56:46,52
5575,5997,112,2026-01-07 19:24:50,2026-01-07 19:42:50,2026-01-07 19:52:50,32
5576,5998,119,2026-01-15 14:08:40,2026-01-15 14:46:40,2026-01-15 15:09:40,65
5577,5999,1,2026-01-15 17:12:42,2026-01-15 17:32:42,2026-01-15 17:45:42,37
5578,6000,108,2026-01-17 22:01:29,2026-01-17 22:31:29,2026-01-17 22:46:29,48
5579,6001,80,2026-01-25 03:56:16,2026-01-25 04:26:16,2026-01-25 04:43:16,48
5580,6002,37,2026-01-26 22:44:54,2026-01-26 23:21:54,2026-01-26 23:45:54,63
5581,6003,104,2026-01-31 09:48:40,2026-01-31 10:19:40,2026-01-31 10:38:40,51
5582,6004,55,2026-01-12 15:50:26,2026-01-12 16:11:26,2026-01-12 16:31:26,42
5583,6005,48,2026-01-23 04:16:41,2026-01-23 04:50:41,2026-01-23 05:12:41,60
5584,6006,23,2026-01-14 21:36:29,2026-01-14 22:14:29,2026-01-14 22:42:29,67
5585,6007,2,2026-01-10 14:50:35,2026-01-10 15:16:35,2026-01-10 15:45:35,59
5586,6008,76,2026-01-08 21:20:54,2026-01-08 21:47:54,2026-01-08 22:11:54,52
5587,6009,62,2026-01-25 04:17:20,2026-01-25 04:46:20,2026-01-25 05:00:20,44
5588,6011,87,2026-01-04 05:22:03,2026-01-04 05:42:03,2026-01-04 06:16:03,58
5589,6013,111,2026-01-12 12:28:21,2026-01-12 12:51:21,2026-01-12 13:08:21,43
5590,6014,67,2026-01-30 22:49:19,2026-01-30 23:08:19,2026-01-30 23:32:19,44
5591,6015,64,2026-01-14 21:46:29,2026-01-14 22:28:29,2026-01-14 22:50:29,67
5592,6017,29,2026-01-03 13:56:06,2026-01-03 14:31:06,2026-01-03 14:59:06,65
5593,6018,36,2026-01-18 20:16:03,2026-01-18 20:45:03,2026-01-18 21:02:03,50
5594,6019,84,2026-01-28 14:48:56,2026-01-28 15:13:56,2026-01-28 15:32:56,45
5595,6021,75,2026-01-15 18:04:42,2026-01-15 18:40:42,2026-01-15 19:06:42,64
5596,6022,15,2026-01-13 01:05:28,2026-01-13 01:34:28,2026-01-13 01:49:28,48
5597,6023,46,2026-01-02 13:14:31,2026-01-02 13:52:31,2026-01-02 14:17:31,66
5598,6024,83,2026-01-06 17:02:48,2026-01-06 17:19:48,2026-01-06 17:39:48,38
5599,6025,35,2026-01-14 12:57:47,2026-01-14 13:16:47,2026-01-14 13:34:47,40
5600,6026,5,2026-01-02 21:29:53,2026-01-02 21:57:53,2026-01-02 22:18:53,52
5601,6027,70,2026-01-28 12:21:18,2026-01-28 12:43:18,2026-01-28 12:54:18,34
5602,6028,23,2026-01-10 13:38:24,2026-01-10 14:02:24,2026-01-10 14:27:24,53
5603,6029,15,2026-01-14 20:57:58,2026-01-14 21:11:58,2026-01-14 21:27:58,31
5604,6030,8,2026-01-02 20:11:34,2026-01-02 20:35:34,2026-01-02 20:45:34,36
5605,6031,47,2026-01-21 10:52:28,2026-01-21 11:18:28,2026-01-21 11:32:28,41
5606,6032,13,2026-01-19 06:58:20,2026-01-19 07:17:20,2026-01-19 07:34:20,39
5607,6033,29,2026-01-07 20:10:12,2026-01-07 20:44:12,2026-01-07 21:03:12,57
5608,6034,35,2026-01-08 23:55:55,2026-01-09 00:23:55,2026-01-09 00:46:55,53
5609,6035,102,2026-01-18 15:26:59,2026-01-18 15:57:59,2026-01-18 16:09:59,47
5610,6036,29,2026-01-14 20:12:06,2026-01-14 20:31:06,2026-01-14 20:51:06,42
5611,6037,93,2026-01-17 14:22:18,2026-01-17 15:09:18,2026-01-17 15:29:18,69
5612,6038,14,2026-01-05 04:48:10,2026-01-05 05:20:10,2026-01-05 05:30:10,43
5613,6039,103,2026-01-28 15:14:18,2026-01-28 15:43:18,2026-01-28 16:13:18,60
5614,6040,42,2026-01-28 22:35:39,2026-01-28 23:03:39,2026-01-28 23:32:39,59
5615,6041,87,2026-01-16 14:47:50,2026-01-16 15:09:50,2026-01-16 15:32:50,47
5616,6042,89,2026-01-31 11:43:58,2026-01-31 12:00:58,2026-01-31 12:17:58,38
5617,6043,46,2026-01-11 17:03:47,2026-01-11 17:33:47,2026-01-11 17:53:47,52
5618,6044,96,2026-01-21 23:14:35,2026-01-21 23:39:35,2026-01-21 23:59:35,46
5619,6045,67,2026-01-10 18:12:11,2026-01-10 18:44:11,2026-01-10 19:03:11,55
5620,6046,40,2026-01-20 21:17:08,2026-01-20 21:50:08,2026-01-20 22:21:08,68
5621,6047,48,2026-01-10 14:02:42,2026-01-10 14:25:42,2026-01-10 14:56:42,58
5622,6048,57,2026-01-31 22:54:03,2026-01-31 23:31:03,2026-01-31 23:50:03,60
5623,6049,64,2026-01-23 21:06:13,2026-01-23 21:39:13,2026-01-23 21:59:13,57
5624,6050,6,2026-01-15 13:04:04,2026-01-15 13:27:04,2026-01-15 13:53:04,53
5625,6051,55,2026-01-05 10:27:45,2026-01-05 11:10:45,2026-01-05 11:23:45,60
5626,6052,8,2026-01-16 07:19:49,2026-01-16 07:53:49,2026-01-16 08:17:49,60
5627,6053,11,2026-01-17 02:07:19,2026-01-17 02:28:19,2026-01-17 02:51:19,48
5628,6055,96,2026-01-21 13:32:24,2026-01-21 14:06:24,2026-01-21 14:30:24,61
5629,6056,40,2026-01-24 05:03:51,2026-01-24 05:34:51,2026-01-24 05:50:51,48
5630,6058,68,2026-01-30 21:04:50,2026-01-30 21:36:50,2026-01-30 21:56:50,53
5631,6059,67,2026-01-09 21:04:25,2026-01-09 21:32:25,2026-01-09 22:04:25,62
5632,6060,112,2026-01-06 22:56:47,2026-01-06 23:22:47,2026-01-06 23:43:47,49
5633,6061,37,2026-01-25 07:21:29,2026-01-25 07:44:29,2026-01-25 07:57:29,40
5634,6062,45,2026-01-01 15:52:06,2026-01-01 16:18:06,2026-01-01 16:33:06,45
5635,6063,21,2026-01-03 23:04:36,2026-01-03 23:44:36,2026-01-04 00:02:36,61
5636,6064,54,2026-01-27 15:24:46,2026-01-27 15:49:46,2026-01-27 16:05:46,43
5637,6065,12,2026-01-24 15:54:05,2026-01-24 16:23:05,2026-01-24 16:37:05,47
5638,6066,68,2026-01-13 04:24:18,2026-01-13 04:53:18,2026-01-13 05:16:18,55
5639,6067,70,2026-01-31 13:43:25,2026-01-31 14:22:25,2026-01-31 14:49:25,68
5640,6068,99,2026-01-08 20:39:44,2026-01-08 21:01:44,2026-01-08 21:20:44,42
5641,6069,42,2026-01-18 21:42:32,2026-01-18 22:10:32,2026-01-18 22:34:32,54
5642,6070,74,2026-01-14 22:02:56,2026-01-14 22:26:56,2026-01-14 22:55:56,54
5643,6071,96,2026-01-16 09:23:10,2026-01-16 10:01:10,2026-01-16 10:27:10,67
5644,6072,2,2026-01-30 13:12:23,2026-01-30 13:42:23,2026-01-30 13:57:23,46
5645,6073,55,2026-01-19 14:57:21,2026-01-19 15:38:21,2026-01-19 16:03:21,69
5646,6074,21,2026-01-26 20:20:46,2026-01-26 20:50:46,2026-01-26 21:05:46,46
5647,6075,12,2026-01-07 09:55:21,2026-01-07 10:25:21,2026-01-07 10:49:21,55
5648,6077,10,2026-01-13 00:53:53,2026-01-13 01:16:53,2026-01-13 01:42:53,51
5649,6078,67,2026-01-24 21:57:00,2026-01-24 22:28:00,2026-01-24 22:43:00,50
5650,6079,43,2026-01-06 15:36:17,2026-01-06 15:50:17,2026-01-06 16:06:17,31
5651,6080,112,2026-01-03 15:28:43,2026-01-03 15:52:43,2026-01-03 16:15:43,50
5652,6081,46,2026-01-27 22:23:42,2026-01-27 22:58:42,2026-01-27 23:16:42,57
5653,6082,55,2026-01-13 13:52:27,2026-01-13 14:20:27,2026-01-13 14:43:27,52
5654,6083,100,2026-01-30 23:47:42,2026-01-31 00:03:42,2026-01-31 00:20:42,36
5655,6085,58,2026-01-22 08:49:17,2026-01-22 09:17:17,2026-01-22 09:44:17,57
5656,6086,62,2026-01-30 15:27:41,2026-01-30 16:00:41,2026-01-30 16:16:41,53
5657,6087,36,2026-01-03 23:52:39,2026-01-04 00:08:39,2026-01-04 00:27:39,39
5658,6089,54,2026-01-15 14:22:47,2026-01-15 15:01:47,2026-01-15 15:18:47,57
5659,6090,118,2026-01-01 12:24:03,2026-01-01 12:42:03,2026-01-01 13:08:03,45
5660,6091,32,2026-01-02 21:26:15,2026-01-02 22:08:15,2026-01-02 22:38:15,75
5661,6093,21,2026-01-29 12:39:50,2026-01-29 13:05:50,2026-01-29 13:24:50,49
5662,6094,56,2026-01-22 21:41:39,2026-01-22 22:16:39,2026-01-22 22:38:39,60
5663,6095,51,2026-01-27 19:53:33,2026-01-27 20:19:33,2026-01-27 20:34:33,42
5664,6096,120,2026-01-10 21:18:24,2026-01-10 21:45:24,2026-01-10 21:59:24,44
5665,6097,48,2026-01-31 13:44:58,2026-01-31 14:07:58,2026-01-31 14:28:58,47
5666,6098,108,2026-01-26 15:21:14,2026-01-26 15:48:14,2026-01-26 15:59:14,40
5667,6099,60,2026-01-24 20:00:58,2026-01-24 20:20:58,2026-01-24 20:46:58,47
5668,6100,31,2026-01-25 13:02:51,2026-01-25 13:48:51,2026-01-25 14:09:51,69
5669,6101,79,2026-01-28 09:35:25,2026-01-28 10:06:25,2026-01-28 10:26:25,54
5670,6102,85,2026-01-21 15:28:02,2026-01-21 15:51:02,2026-01-21 16:11:02,44
5671,6103,69,2026-01-23 21:40:27,2026-01-23 22:12:27,2026-01-23 22:33:27,56
5672,6104,68,2026-01-01 14:08:46,2026-01-01 14:44:46,2026-01-01 14:59:46,52
5673,6105,104,2026-01-07 22:32:48,2026-01-07 23:10:48,2026-01-07 23:43:48,74
5674,6106,5,2026-01-09 19:04:28,2026-01-09 19:28:28,2026-01-09 19:50:28,49
5675,6107,73,2026-01-14 21:15:48,2026-01-14 21:52:48,2026-01-14 22:12:48,60
5676,6108,63,2026-01-17 15:08:32,2026-01-17 15:22:32,2026-01-17 15:32:32,27
5677,6109,71,2026-01-29 10:19:58,2026-01-29 10:48:58,2026-01-29 11:07:58,50
5678,6110,97,2026-01-30 15:23:07,2026-01-30 15:54:07,2026-01-30 16:08:07,49
5679,6112,23,2026-01-02 13:44:03,2026-01-02 14:35:03,2026-01-02 15:00:03,80
5680,6113,54,2026-01-24 14:34:01,2026-01-24 15:09:01,2026-01-24 15:26:01,55
5681,6114,56,2026-01-07 10:54:16,2026-01-07 11:13:16,2026-01-07 11:24:16,31
5682,6115,25,2026-01-02 13:19:42,2026-01-02 14:03:42,2026-01-02 14:25:42,70
5683,6116,119,2026-01-23 12:53:58,2026-01-23 13:12:58,2026-01-23 13:31:58,42
5684,6117,117,2026-01-31 01:19:25,2026-01-31 01:59:25,2026-01-31 02:14:25,59
5685,6119,100,2026-01-07 22:06:49,2026-01-07 22:54:49,2026-01-07 23:24:49,79
5686,6120,103,2026-01-17 14:40:29,2026-01-17 15:15:29,2026-01-17 15:40:29,61
5687,6122,60,2026-01-03 23:38:26,2026-01-04 00:02:26,2026-01-04 00:28:26,51
5688,6123,54,2026-01-08 08:25:30,2026-01-08 09:02:30,2026-01-08 09:21:30,57
5689,6124,70,2026-01-27 00:50:03,2026-01-27 01:09:03,2026-01-27 01:29:03,42
5690,6125,81,2026-01-31 01:22:58,2026-01-31 01:47:58,2026-01-31 02:00:58,40
5691,6126,50,2026-01-20 23:23:51,2026-01-20 23:48:51,2026-01-21 00:09:51,50
5692,6127,15,2026-01-18 09:44:00,2026-01-18 10:16:00,2026-01-18 10:32:00,52
5693,6128,55,2026-01-22 20:59:31,2026-01-22 21:30:31,2026-01-22 21:50:31,54
5694,6129,52,2026-01-21 13:11:45,2026-01-21 13:47:45,2026-01-21 14:07:45,57
5695,6130,36,2026-01-13 20:32:42,2026-01-13 20:56:42,2026-01-13 21:12:42,43
5696,6131,94,2026-01-19 15:32:04,2026-01-19 16:01:04,2026-01-19 16:16:04,45
5697,6132,55,2026-01-22 20:09:39,2026-01-22 20:36:39,2026-01-22 20:51:39,43
5698,6133,20,2026-01-11 13:27:03,2026-01-11 14:04:03,2026-01-11 14:28:03,62
5699,6134,14,2026-01-07 01:55:35,2026-01-07 02:14:35,2026-01-07 02:33:35,42
5700,6135,98,2026-01-23 10:57:36,2026-01-23 11:22:36,2026-01-23 11:39:36,43
5701,6136,77,2026-01-17 03:20:51,2026-01-17 03:50:51,2026-01-17 04:07:51,49
5702,6137,102,2026-01-07 12:22:51,2026-01-07 12:39:51,2026-01-07 12:53:51,33
5703,6138,106,2026-01-11 13:14:02,2026-01-11 13:49:02,2026-01-11 14:14:02,62
5704,6139,30,2026-01-19 09:17:55,2026-01-19 09:41:55,2026-01-19 10:08:55,54
5705,6140,113,2026-01-31 13:10:09,2026-01-31 13:32:09,2026-01-31 13:52:09,44
5706,6141,120,2026-01-31 20:14:56,2026-01-31 20:48:56,2026-01-31 21:06:56,56
5707,6142,99,2026-01-28 15:27:25,2026-01-28 15:53:25,2026-01-28 16:04:25,40
5708,6143,1,2026-01-09 19:18:51,2026-01-09 19:43:51,2026-01-09 20:10:51,55
5709,6144,22,2026-01-13 17:33:03,2026-01-13 18:04:03,2026-01-13 18:21:03,51
5710,6145,97,2026-01-14 11:31:19,2026-01-14 11:52:19,2026-01-14 12:15:19,47
5711,6146,64,2026-01-17 20:04:10,2026-01-17 20:27:10,2026-01-17 20:46:10,43
5712,6147,30,2026-01-13 07:54:20,2026-01-13 08:27:20,2026-01-13 08:43:20,52
5713,6148,72,2026-01-01 14:01:09,2026-01-01 14:30:09,2026-01-01 14:55:09,55
5714,6149,79,2026-01-16 22:50:34,2026-01-16 23:24:34,2026-01-16 23:51:34,63
5715,6150,9,2026-01-29 21:02:23,2026-01-29 21:22:23,2026-01-29 21:37:23,38
5716,6151,35,2026-01-24 13:22:27,2026-01-24 13:45:27,2026-01-24 14:10:27,51
5717,6152,118,2026-01-04 04:50:35,2026-01-04 05:17:35,2026-01-04 05:33:35,45
5718,6153,92,2026-01-05 13:14:04,2026-01-05 13:44:04,2026-01-05 14:07:04,57
5719,6154,94,2026-01-11 00:54:33,2026-01-11 01:23:33,2026-01-11 01:42:33,50
5720,6155,30,2026-01-07 20:31:25,2026-01-07 20:56:25,2026-01-07 21:18:25,50
5721,6158,64,2026-01-18 09:10:49,2026-01-18 09:37:49,2026-01-18 10:02:49,55
5722,6159,62,2026-01-20 16:01:15,2026-01-20 16:28:15,2026-01-20 16:54:15,57
5723,6160,108,2026-01-31 20:52:41,2026-01-31 21:21:41,2026-01-31 21:43:41,54
5724,6161,2,2026-01-12 14:23:23,2026-01-12 14:55:23,2026-01-12 15:07:23,45
5725,6162,1,2026-01-29 15:16:34,2026-01-29 15:30:34,2026-01-29 15:51:34,38
5726,6163,21,2026-01-02 21:45:35,2026-01-02 22:23:35,2026-01-02 22:47:35,65
5727,6164,14,2026-01-26 13:37:49,2026-01-26 14:13:49,2026-01-26 14:31:49,57
5728,6165,4,2026-01-28 15:29:51,2026-01-28 15:47:51,2026-01-28 16:10:51,42
5729,6166,4,2026-01-20 20:35:22,2026-01-20 20:59:22,2026-01-20 21:22:22,50
5730,6168,47,2026-01-04 09:11:16,2026-01-04 09:39:16,2026-01-04 10:06:16,58
5731,6169,27,2026-01-23 20:59:56,2026-01-23 21:28:56,2026-01-23 21:40:56,43
5732,6170,16,2026-01-31 01:04:42,2026-01-31 01:36:42,2026-01-31 01:49:42,46
5733,6172,61,2026-01-23 20:29:11,2026-01-23 20:46:11,2026-01-23 21:06:11,41
5734,6173,13,2026-01-11 20:11:14,2026-01-11 20:34:14,2026-01-11 20:53:14,46
5735,6175,20,2026-01-24 23:00:52,2026-01-24 23:28:52,2026-01-24 23:42:52,46
5736,6176,57,2026-01-01 15:10:33,2026-01-01 15:41:33,2026-01-01 15:54:33,46
5737,6177,46,2026-01-10 13:03:58,2026-01-10 13:33:58,2026-01-10 13:59:58,59
5738,6178,16,2026-01-09 16:21:21,2026-01-09 16:49:21,2026-01-09 17:10:21,51
5739,6179,6,2026-01-16 02:42:54,2026-01-16 03:12:54,2026-01-16 03:28:54,47
5740,6180,107,2026-01-20 23:47:11,2026-01-21 00:06:11,2026-01-21 00:22:11,38
5741,6181,17,2026-01-15 20:33:07,2026-01-15 20:59:07,2026-01-15 21:14:07,45
5742,6182,61,2026-01-01 16:55:46,2026-01-01 17:11:46,2026-01-01 17:30:46,37
5743,6183,45,2026-01-03 14:32:58,2026-01-03 15:05:58,2026-01-03 15:26:58,55
5744,6184,114,2026-01-29 13:50:20,2026-01-29 14:26:20,2026-01-29 14:54:20,68
5745,6185,16,2026-01-18 14:16:02,2026-01-18 14:44:02,2026-01-18 15:03:02,49
5746,6186,91,2026-01-15 00:11:45,2026-01-15 00:31:45,2026-01-15 00:56:45,48
5747,6187,82,2026-01-06 14:18:12,2026-01-06 14:54:12,2026-01-06 15:16:12,60
5748,6189,45,2026-01-10 13:37:09,2026-01-10 14:09:09,2026-01-10 14:36:09,63
5749,6190,36,2026-01-15 21:15:06,2026-01-15 21:41:06,2026-01-15 22:04:06,53
5750,6191,89,2026-01-18 14:59:27,2026-01-18 15:31:27,2026-01-18 15:59:27,62
5751,6192,28,2026-01-23 16:35:04,2026-01-23 16:51:04,2026-01-23 17:03:04,31
5752,6193,108,2026-01-18 14:52:23,2026-01-18 15:16:23,2026-01-18 15:37:23,47
5753,6194,54,2026-01-08 21:56:03,2026-01-08 22:23:03,2026-01-08 22:56:03,62
5754,6195,65,2026-01-02 21:49:01,2026-01-02 22:24:01,2026-01-02 22:49:01,61
5755,6196,48,2026-01-24 14:07:01,2026-01-24 14:40:01,2026-01-24 15:00:01,57
5756,6197,88,2026-01-23 01:59:17,2026-01-23 02:23:17,2026-01-23 02:40:17,45
5757,6198,77,2026-01-08 12:51:01,2026-01-08 13:11:01,2026-01-08 13:29:01,41
5758,6199,117,2026-01-05 21:23:01,2026-01-05 21:52:01,2026-01-05 22:13:01,53
5759,6200,7,2026-01-15 15:45:26,2026-01-15 16:08:26,2026-01-15 16:38:26,55
5760,6201,113,2026-01-22 13:27:52,2026-01-22 13:57:52,2026-01-22 14:27:52,64
5761,6202,7,2026-01-16 16:46:52,2026-01-16 17:17:52,2026-01-16 17:27:52,44
5762,6203,5,2026-01-08 14:47:31,2026-01-08 15:17:31,2026-01-08 15:47:31,61
5763,6205,3,2026-01-23 15:00:56,2026-01-23 15:35:56,2026-01-23 15:56:56,59
5764,6206,56,2026-01-15 22:29:08,2026-01-15 23:04:08,2026-01-15 23:23:08,56
5765,6207,65,2026-01-17 19:02:43,2026-01-17 19:28:43,2026-01-17 19:52:43,52
5766,6208,56,2026-01-17 22:26:45,2026-01-17 23:06:45,2026-01-17 23:28:45,64
5767,6209,46,2026-01-19 14:23:26,2026-01-19 14:56:26,2026-01-19 15:18:26,57
5768,6210,9,2026-01-11 22:44:57,2026-01-11 23:09:57,2026-01-11 23:32:57,52
5769,6211,64,2026-01-28 22:43:12,2026-01-28 23:21:12,2026-01-28 23:40:12,58
5770,6212,76,2026-01-01 15:21:47,2026-01-01 15:36:47,2026-01-01 16:03:47,43
5771,6213,60,2026-01-17 22:41:45,2026-01-17 23:07:45,2026-01-17 23:34:45,55
5772,6214,36,2026-01-30 22:54:29,2026-01-30 23:22:29,2026-01-30 23:49:29,56
5773,6215,10,2026-01-25 13:45:03,2026-01-25 14:21:03,2026-01-25 14:42:03,60
5774,6216,18,2026-01-22 03:18:45,2026-01-22 03:45:45,2026-01-22 04:04:45,50
5775,6217,89,2026-01-07 22:04:24,2026-01-07 22:38:24,2026-01-07 22:55:24,55
5776,6218,84,2026-01-27 12:11:33,2026-01-27 12:41:33,2026-01-27 12:58:33,48
5777,6219,108,2026-01-22 15:53:41,2026-01-22 16:27:41,2026-01-22 16:38:41,49
5778,6220,62,2026-01-13 23:28:49,2026-01-13 23:58:49,2026-01-14 00:18:49,54
5779,6222,71,2026-01-10 20:49:00,2026-01-10 21:22:00,2026-01-10 21:45:00,58
5780,6223,28,2026-01-19 12:12:14,2026-01-19 12:32:14,2026-01-19 13:11:14,61
5781,6225,18,2026-01-09 00:21:04,2026-01-09 00:43:04,2026-01-09 01:06:04,46
5782,6226,45,2026-01-11 02:51:10,2026-01-11 03:15:10,2026-01-11 03:31:10,42
5783,6227,69,2026-01-13 06:12:46,2026-01-13 06:34:46,2026-01-13 06:50:46,40
5784,6228,117,2026-01-27 21:38:46,2026-01-27 22:14:46,2026-01-27 22:48:46,73
5785,6229,90,2026-01-15 16:54:23,2026-01-15 17:19:23,2026-01-15 17:37:23,44
5786,6230,24,2026-01-20 08:21:24,2026-01-20 08:40:24,2026-01-20 09:01:24,44
5787,6231,20,2026-01-01 12:44:04,2026-01-01 13:10:04,2026-01-01 13:31:04,49
5788,6232,46,2026-01-07 22:52:00,2026-01-07 23:19:00,2026-01-07 23:45:00,57
5789,6233,95,2026-01-09 20:31:53,2026-01-09 21:00:53,2026-01-09 21:19:53,49
5790,6234,32,2026-01-08 22:59:17,2026-01-08 23:26:17,2026-01-08 23:50:17,55
5791,6235,48,2026-01-12 11:03:50,2026-01-12 11:32:50,2026-01-12 11:47:50,45
5792,6236,23,2026-01-06 13:12:30,2026-01-06 13:44:30,2026-01-06 14:01:30,51
5793,6237,111,2026-01-12 17:54:03,2026-01-12 18:12:03,2026-01-12 18:32:03,39
5794,6238,17,2026-01-01 21:02:36,2026-01-01 21:21:36,2026-01-01 21:46:36,47
5795,6241,90,2026-01-09 16:04:20,2026-01-09 16:28:20,2026-01-09 16:45:20,42
5796,6242,81,2026-01-17 19:37:31,2026-01-17 20:05:31,2026-01-17 20:28:31,55
5797,6243,5,2026-01-19 23:26:27,2026-01-19 23:53:27,2026-01-20 00:10:27,48
5798,6244,14,2026-01-11 05:49:45,2026-01-11 06:17:45,2026-01-11 06:47:45,60
5799,6245,92,2026-01-09 17:04:12,2026-01-09 17:32:12,2026-01-09 17:55:12,55
5800,6246,26,2026-01-24 19:24:07,2026-01-24 19:50:07,2026-01-24 20:13:07,53
5801,6247,103,2026-01-27 18:47:28,2026-01-27 19:11:28,2026-01-27 19:34:28,50
5802,6248,37,2026-01-23 13:26:35,2026-01-23 13:54:35,2026-01-23 14:10:35,45
5803,6249,81,2026-01-12 08:14:55,2026-01-12 08:39:55,2026-01-12 08:54:55,42
5804,6250,51,2026-01-18 12:07:51,2026-01-18 12:21:51,2026-01-18 12:42:51,37
5805,6251,80,2026-01-07 17:52:22,2026-01-07 18:23:22,2026-01-07 18:37:22,47
5806,6252,68,2026-01-26 19:14:34,2026-01-26 19:40:34,2026-01-26 19:55:34,44
5807,6253,96,2026-01-12 13:00:24,2026-01-12 13:31:24,2026-01-12 13:50:24,52
5808,6254,25,2026-01-13 05:45:23,2026-01-13 06:18:23,2026-01-13 06:37:23,53
5809,6255,16,2026-01-24 12:18:50,2026-01-24 12:37:50,2026-01-24 12:47:50,32
5810,6256,112,2026-01-24 00:40:20,2026-01-24 01:18:20,2026-01-24 01:44:20,66
5811,6257,58,2026-01-28 23:01:20,2026-01-28 23:34:20,2026-01-29 00:01:20,63
5812,6258,95,2026-01-14 20:11:56,2026-01-14 20:42:56,2026-01-14 20:57:56,50
5813,6259,119,2026-01-24 19:00:23,2026-01-24 19:29:23,2026-01-24 19:42:23,44
5814,6260,91,2026-01-02 20:35:37,2026-01-02 21:08:37,2026-01-02 21:26:37,52
5815,6261,61,2026-01-15 01:19:35,2026-01-15 01:35:35,2026-01-15 01:53:35,36
5816,6262,37,2026-01-04 15:27:39,2026-01-04 15:55:39,2026-01-04 16:11:39,47
5817,6263,85,2026-01-28 12:35:32,2026-01-28 13:02:32,2026-01-28 13:21:32,49
5818,6264,114,2026-01-23 22:09:49,2026-01-23 22:41:49,2026-01-23 23:06:49,59
5819,6265,105,2026-01-11 05:19:33,2026-01-11 05:43:33,2026-01-11 06:03:33,47
5820,6266,16,2026-01-02 15:37:47,2026-01-02 15:56:47,2026-01-02 16:14:47,39
5821,6267,20,2026-01-15 21:02:30,2026-01-15 21:34:30,2026-01-15 21:55:30,54
5822,6268,102,2026-01-04 08:04:49,2026-01-04 08:26:49,2026-01-04 08:44:49,42
5823,6269,10,2026-01-10 13:34:55,2026-01-10 14:04:55,2026-01-10 14:18:55,47
5824,6270,25,2026-01-24 23:26:10,2026-01-24 23:47:10,2026-01-24 23:59:10,34
5825,6271,28,2026-01-30 15:09:11,2026-01-30 15:43:11,2026-01-30 15:54:11,46
5826,6272,13,2026-01-17 13:33:12,2026-01-17 14:05:12,2026-01-17 14:36:12,67
5827,6273,76,2026-01-26 16:53:11,2026-01-26 17:15:11,2026-01-26 17:38:11,46
5828,6274,25,2026-01-26 13:39:10,2026-01-26 14:12:10,2026-01-26 14:51:10,73
5829,6275,14,2026-01-22 12:31:36,2026-01-22 12:57:36,2026-01-22 13:11:36,43
5830,6277,108,2026-01-15 20:48:49,2026-01-15 21:18:49,2026-01-15 21:36:49,49
5831,6278,22,2026-01-24 21:52:00,2026-01-24 22:21:00,2026-01-24 22:49:00,61
5832,6280,88,2026-01-10 18:15:41,2026-01-10 18:53:41,2026-01-10 19:09:41,55
5833,6281,107,2026-01-23 21:50:33,2026-01-23 22:15:33,2026-01-23 22:30:33,42
5834,6282,31,2026-01-28 09:15:27,2026-01-28 09:42:27,2026-01-28 09:59:27,46
5835,6283,30,2026-01-18 08:21:51,2026-01-18 08:42:51,2026-01-18 08:54:51,37
5836,6284,94,2026-01-16 16:00:01,2026-01-16 16:34:01,2026-01-16 16:48:01,52
5837,6285,32,2026-01-03 21:41:51,2026-01-03 22:18:51,2026-01-03 22:41:51,62
5838,6286,21,2026-01-03 11:18:43,2026-01-03 11:43:43,2026-01-03 11:55:43,38
5839,6287,107,2026-01-19 05:11:20,2026-01-19 05:37:20,2026-01-19 05:54:20,47
5840,6288,18,2026-01-14 18:39:24,2026-01-14 19:04:24,2026-01-14 19:17:24,39
5841,6289,22,2026-01-29 12:30:18,2026-01-29 13:04:18,2026-01-29 13:23:18,54
5842,6290,45,2026-01-06 12:32:23,2026-01-06 13:01:23,2026-01-06 13:16:23,48
5843,6291,32,2026-01-16 13:53:18,2026-01-16 14:19:18,2026-01-16 14:39:18,49
5844,6292,117,2026-01-12 08:25:39,2026-01-12 08:52:39,2026-01-12 09:08:39,47
5845,6293,86,2026-01-08 03:13:58,2026-01-08 03:45:58,2026-01-08 04:03:58,52
5846,6294,31,2026-01-10 20:05:53,2026-01-10 20:32:53,2026-01-10 20:42:53,40
5847,6295,105,2026-01-05 05:06:39,2026-01-05 05:29:39,2026-01-05 05:48:39,43
5848,6296,38,2026-01-28 14:27:10,2026-01-28 14:54:10,2026-01-28 15:16:10,52
5849,6297,73,2026-01-29 10:17:16,2026-01-29 10:39:16,2026-01-29 10:54:16,39
5850,6298,32,2026-01-28 13:26:34,2026-01-28 13:59:34,2026-01-28 14:19:34,57
5851,6299,103,2026-01-24 21:26:52,2026-01-24 21:53:52,2026-01-24 22:21:52,59
5852,6300,55,2026-01-21 03:07:25,2026-01-21 03:25:25,2026-01-21 03:47:25,42
5853,6301,10,2026-01-01 21:47:39,2026-01-01 22:18:39,2026-01-01 22:34:39,49
5854,6302,55,2026-01-02 14:47:02,2026-01-02 15:18:02,2026-01-02 15:54:02,69
5855,6304,58,2026-01-23 22:36:49,2026-01-23 23:14:49,2026-01-23 23:48:49,74
5856,6305,15,2026-01-08 08:20:39,2026-01-08 08:50:39,2026-01-08 09:04:39,47
5857,6307,43,2026-01-24 20:03:38,2026-01-24 20:39:38,2026-01-24 20:58:38,57
5858,6308,32,2026-01-29 11:14:12,2026-01-29 11:43:12,2026-01-29 12:04:12,51
5859,6309,28,2026-01-29 10:06:28,2026-01-29 10:31:28,2026-01-29 10:53:28,50
5860,6310,27,2026-01-30 14:10:17,2026-01-30 14:34:17,2026-01-30 14:48:17,41
5861,6311,117,2026-01-04 07:34:54,2026-01-04 08:08:54,2026-01-04 08:31:54,61
5862,6312,90,2026-01-24 13:18:58,2026-01-24 13:49:58,2026-01-24 14:11:58,55
5863,6313,62,2026-01-28 12:16:38,2026-01-28 12:40:38,2026-01-28 12:57:38,42
5864,6314,21,2026-01-25 03:51:30,2026-01-25 04:11:30,2026-01-25 04:31:30,41
5865,6315,116,2026-01-15 04:58:07,2026-01-15 05:16:07,2026-01-15 05:41:07,45
5866,6316,70,2026-01-16 22:09:32,2026-01-16 22:48:32,2026-01-16 23:15:32,67
5867,6317,67,2026-01-16 15:14:50,2026-01-16 15:49:50,2026-01-16 16:02:50,51
5868,6318,14,2026-01-10 14:17:04,2026-01-10 14:42:04,2026-01-10 15:00:04,45
5869,6319,115,2026-01-10 13:43:38,2026-01-10 14:20:38,2026-01-10 14:34:38,55
5870,6320,29,2026-01-07 13:25:48,2026-01-07 13:44:48,2026-01-07 14:05:48,44
5871,6321,114,2026-01-28 09:11:56,2026-01-28 09:41:56,2026-01-28 09:55:56,48
5872,6322,13,2026-01-25 04:10:09,2026-01-25 04:36:09,2026-01-25 04:53:09,45
5873,6323,53,2026-01-30 14:45:33,2026-01-30 15:18:33,2026-01-30 15:41:33,60
5874,6324,80,2026-01-17 21:42:04,2026-01-17 22:17:04,2026-01-17 22:34:04,55
5875,6325,49,2026-01-01 05:46:25,2026-01-01 06:12:25,2026-01-01 06:30:25,45
5876,6326,65,2026-01-21 16:55:15,2026-01-21 17:24:15,2026-01-21 17:51:15,60
5877,6327,15,2026-01-28 21:33:50,2026-01-28 22:08:50,2026-01-28 22:28:50,59
5878,6328,88,2026-01-03 15:26:27,2026-01-03 15:48:27,2026-01-03 16:07:27,45
5879,6329,42,2026-01-19 15:18:49,2026-01-19 15:42:49,2026-01-19 16:05:49,50
5880,6330,65,2026-01-20 19:04:49,2026-01-20 19:32:49,2026-01-20 19:53:49,52
5881,6331,36,2026-01-29 08:54:19,2026-01-29 09:24:19,2026-01-29 09:39:19,48
5882,6332,112,2026-01-23 13:43:38,2026-01-23 14:12:38,2026-01-23 14:38:38,59
5883,6334,52,2026-01-09 15:19:13,2026-01-09 15:39:13,2026-01-09 15:49:13,32
5884,6335,55,2026-01-23 16:05:26,2026-01-23 16:29:26,2026-01-23 16:55:26,52
5885,6336,56,2026-01-09 13:02:17,2026-01-09 13:30:17,2026-01-09 13:59:17,59
5886,6337,4,2026-01-22 21:32:18,2026-01-22 22:14:18,2026-01-22 22:43:18,74
5887,6338,91,2026-01-10 09:47:43,2026-01-10 10:09:43,2026-01-10 10:27:43,44
5888,6339,107,2026-01-05 14:18:49,2026-01-05 14:58:49,2026-01-05 15:30:49,75
5889,6340,61,2026-01-31 00:23:09,2026-01-31 00:46:09,2026-01-31 01:18:09,56
5890,6342,60,2026-01-14 22:34:47,2026-01-14 22:55:47,2026-01-14 23:22:47,52
5891,6343,83,2026-01-27 14:00:03,2026-01-27 14:43:03,2026-01-27 15:12:03,75
5892,6344,4,2026-01-11 15:30:50,2026-01-11 15:48:50,2026-01-11 16:08:50,39
5893,6345,52,2026-01-22 21:25:24,2026-01-22 21:56:24,2026-01-22 22:17:24,55
5894,6346,89,2026-01-04 15:19:34,2026-01-04 15:40:34,2026-01-04 15:53:34,36
5895,6347,33,2026-01-25 22:19:21,2026-01-25 22:38:21,2026-01-25 22:51:21,36
5896,6348,71,2026-01-01 15:46:05,2026-01-01 16:10:05,2026-01-01 16:30:05,46
5897,6349,62,2026-01-03 18:36:49,2026-01-03 18:53:49,2026-01-03 19:07:49,34
5898,6350,76,2026-01-24 21:17:22,2026-01-24 21:58:22,2026-01-24 22:26:22,71
5899,6351,88,2026-01-08 20:30:20,2026-01-08 20:50:20,2026-01-08 21:10:20,44
5900,6352,4,2026-01-03 21:06:50,2026-01-03 21:38:50,2026-01-03 22:08:50,65
5901,6353,76,2026-01-11 15:21:18,2026-01-11 15:44:18,2026-01-11 16:03:18,43
5902,6354,25,2026-01-20 23:00:08,2026-01-20 23:33:08,2026-01-20 23:55:08,58
5903,6355,64,2026-01-21 22:14:05,2026-01-21 22:37:05,2026-01-21 22:50:05,37
5904,6356,3,2026-01-02 19:18:06,2026-01-02 19:38:06,2026-01-02 19:49:06,34
5905,6357,116,2026-01-23 05:45:19,2026-01-23 06:27:19,2026-01-23 06:51:19,68
5906,6358,3,2026-01-01 04:40:55,2026-01-01 05:05:55,2026-01-01 05:15:55,39
5907,6359,14,2026-01-07 15:12:03,2026-01-07 15:36:03,2026-01-07 15:50:03,39
5908,6360,45,2026-01-28 09:01:17,2026-01-28 09:40:17,2026-01-28 10:03:17,63
5909,6361,10,2026-01-07 10:01:38,2026-01-07 10:28:38,2026-01-07 10:46:38,47
5910,6362,112,2026-01-13 20:43:23,2026-01-13 21:01:23,2026-01-13 21:18:23,36
5911,6366,109,2026-01-12 22:18:31,2026-01-12 22:54:31,2026-01-12 23:17:31,63
5912,6367,64,2026-01-25 21:05:41,2026-01-25 21:30:41,2026-01-25 21:46:41,44
5913,6368,18,2026-01-27 01:17:40,2026-01-27 01:34:40,2026-01-27 02:04:40,48
5914,6369,16,2026-01-10 05:52:44,2026-01-10 06:12:44,2026-01-10 06:37:44,49
5915,6371,23,2026-01-13 14:31:03,2026-01-13 15:13:03,2026-01-13 15:27:03,60
5916,6372,77,2026-01-11 12:50:18,2026-01-11 13:08:18,2026-01-11 13:23:18,35
5917,6373,101,2026-01-22 14:10:18,2026-01-22 14:45:18,2026-01-22 15:14:18,67
5918,6374,90,2026-01-24 23:48:40,2026-01-25 00:17:40,2026-01-25 00:35:40,51
5919,6375,19,2026-01-14 23:55:00,2026-01-15 00:20:00,2026-01-15 00:34:00,42
5920,6376,1,2026-01-06 20:02:08,2026-01-06 20:28:08,2026-01-06 20:57:08,57
5921,6377,12,2026-01-09 06:03:30,2026-01-09 06:38:30,2026-01-09 06:56:30,57
5922,6378,36,2026-01-29 15:30:20,2026-01-29 15:48:20,2026-01-29 16:09:20,42
5923,6379,19,2026-01-04 03:44:46,2026-01-04 04:10:46,2026-01-04 04:34:46,52
5924,6381,93,2026-01-06 22:48:21,2026-01-06 23:18:21,2026-01-06 23:36:21,51
5925,6382,106,2026-01-27 22:05:21,2026-01-27 22:30:21,2026-01-27 22:58:21,55
5926,6383,83,2026-01-04 13:23:44,2026-01-04 14:00:44,2026-01-04 14:29:44,67
5927,6384,76,2026-01-29 09:02:58,2026-01-29 09:26:58,2026-01-29 09:48:58,49
5928,6385,39,2026-01-21 14:37:54,2026-01-21 15:08:54,2026-01-21 15:33:54,60
5929,6386,47,2026-01-02 22:29:32,2026-01-02 23:11:32,2026-01-02 23:33:32,66
5930,6387,105,2026-01-29 22:24:32,2026-01-29 22:48:32,2026-01-29 23:08:32,46
5931,6388,36,2026-01-22 10:57:14,2026-01-22 11:15:14,2026-01-22 11:35:14,39
5932,6389,68,2026-01-17 23:27:42,2026-01-17 23:54:42,2026-01-18 00:19:42,53
5933,6390,120,2026-01-20 14:25:57,2026-01-20 14:51:57,2026-01-20 15:15:57,54
5934,6391,80,2026-01-29 15:00:10,2026-01-29 15:32:10,2026-01-29 15:58:10,62
5935,6392,82,2026-01-27 00:26:15,2026-01-27 00:57:15,2026-01-27 01:21:15,59
5936,6393,83,2026-01-22 22:49:08,2026-01-22 23:28:08,2026-01-22 23:41:08,56
5937,6394,14,2026-01-06 22:52:34,2026-01-06 23:18:34,2026-01-06 23:41:34,53
5938,6395,57,2026-01-30 00:31:23,2026-01-30 00:46:23,2026-01-30 01:12:23,43
5939,6397,8,2026-01-16 23:47:02,2026-01-17 00:19:02,2026-01-17 00:37:02,52
5940,6398,76,2026-01-13 22:03:04,2026-01-13 22:30:04,2026-01-13 22:52:04,52
5941,6400,10,2026-01-08 11:05:43,2026-01-08 11:22:43,2026-01-08 11:39:43,37
5942,6401,95,2026-01-18 22:55:19,2026-01-18 23:31:19,2026-01-18 23:49:19,58
5943,6402,95,2026-01-22 15:05:31,2026-01-22 15:28:31,2026-01-22 15:57:31,53
5944,6403,93,2026-01-26 14:06:48,2026-01-26 14:33:48,2026-01-26 14:58:48,56
5945,6404,57,2026-01-25 15:24:07,2026-01-25 15:49:07,2026-01-25 16:08:07,45
5946,6405,77,2026-01-08 12:12:48,2026-01-08 12:47:48,2026-01-08 12:59:48,50
5947,6406,117,2026-01-03 21:31:45,2026-01-03 21:57:45,2026-01-03 22:19:45,50
5948,6408,6,2026-01-23 18:15:45,2026-01-23 18:41:45,2026-01-23 18:53:45,41
5949,6409,4,2026-01-06 00:00:27,2026-01-06 00:32:27,2026-01-06 00:51:27,54
5950,6410,74,2026-01-14 12:44:41,2026-01-14 13:09:41,2026-01-14 13:29:41,46
5951,6411,72,2026-01-24 15:06:09,2026-01-24 15:44:09,2026-01-24 15:54:09,49
5952,6412,116,2026-01-16 15:22:28,2026-01-16 15:34:28,2026-01-16 15:54:28,35
5953,6413,48,2026-01-14 21:07:03,2026-01-14 21:49:03,2026-01-14 22:19:03,75
5954,6414,83,2026-01-09 21:13:59,2026-01-09 21:47:59,2026-01-09 22:18:59,67
5955,6415,61,2026-01-02 19:16:23,2026-01-02 19:33:23,2026-01-02 20:01:23,46
5956,6416,60,2026-01-24 13:03:44,2026-01-24 13:28:44,2026-01-24 13:47:44,47
5957,6417,62,2026-01-04 21:41:33,2026-01-04 22:10:33,2026-01-04 22:32:33,54
5958,6418,67,2026-01-07 23:21:23,2026-01-07 23:57:23,2026-01-08 00:11:23,53
5959,6419,56,2026-01-23 12:29:50,2026-01-23 12:55:50,2026-01-23 13:14:50,48
5960,6420,78,2026-01-03 18:14:27,2026-01-03 18:48:27,2026-01-03 19:21:27,68
5961,6422,110,2026-01-20 14:36:08,2026-01-20 15:05:08,2026-01-20 15:31:08,59
5962,6423,99,2026-01-17 13:11:32,2026-01-17 13:44:32,2026-01-17 14:13:32,65
5963,6424,21,2026-01-05 13:38:51,2026-01-05 14:09:51,2026-01-05 14:33:51,58
5964,6425,42,2026-01-24 06:27:46,2026-01-24 06:51:46,2026-01-24 07:10:46,46
5965,6426,36,2026-01-29 10:53:59,2026-01-29 11:17:59,2026-01-29 11:42:59,53
5966,6427,98,2026-01-03 12:06:26,2026-01-03 12:23:26,2026-01-03 12:39:26,37
5967,6428,72,2026-01-16 12:15:43,2026-01-16 12:46:43,2026-01-16 13:05:43,53
5968,6429,52,2026-01-14 23:18:36,2026-01-14 23:48:36,2026-01-15 00:00:36,46
5969,6430,105,2026-01-10 21:49:12,2026-01-10 22:17:12,2026-01-10 22:41:12,55
5970,6431,81,2026-01-22 14:54:10,2026-01-22 15:14:10,2026-01-22 15:39:10,46
5971,6432,32,2026-01-27 23:23:52,2026-01-27 23:55:52,2026-01-28 00:21:52,62
5972,6433,87,2026-01-20 03:42:32,2026-01-20 04:06:32,2026-01-20 04:19:32,38
5973,6434,117,2026-01-09 15:34:57,2026-01-09 15:57:57,2026-01-09 16:11:57,38
5974,6435,92,2026-01-17 15:00:04,2026-01-17 15:28:04,2026-01-17 15:53:04,54
5975,6436,40,2026-01-09 20:08:33,2026-01-09 20:39:33,2026-01-09 20:51:33,45
5976,6437,31,2026-01-11 22:39:46,2026-01-11 23:07:46,2026-01-11 23:28:46,51
5977,6438,61,2026-01-14 20:16:07,2026-01-14 20:39:07,2026-01-14 21:01:07,48
5978,6439,18,2026-01-13 22:44:20,2026-01-13 23:08:20,2026-01-13 23:33:20,50
5979,6441,60,2026-01-08 21:25:50,2026-01-08 22:08:50,2026-01-08 22:35:50,72
5980,6442,71,2026-01-21 13:41:59,2026-01-21 14:06:59,2026-01-21 14:25:59,47
5981,6443,97,2026-01-10 21:46:30,2026-01-10 22:18:30,2026-01-10 22:34:30,52
5982,6444,79,2026-01-31 14:14:08,2026-01-31 14:41:08,2026-01-31 14:59:08,48
5983,6445,72,2026-01-27 13:40:31,2026-01-27 14:05:31,2026-01-27 14:35:31,58
5984,6446,7,2026-01-21 23:15:30,2026-01-21 23:39:30,2026-01-22 00:02:30,50
5985,6447,31,2026-01-03 22:19:01,2026-01-03 23:06:01,2026-01-03 23:31:01,76
5986,6448,97,2026-01-16 15:13:08,2026-01-16 15:36:08,2026-01-16 15:53:08,42
5987,6449,16,2026-01-01 15:49:03,2026-01-01 16:12:03,2026-01-01 16:28:03,41
5988,6450,7,2026-01-07 17:23:21,2026-01-07 17:49:21,2026-01-07 18:06:21,44
5989,6451,116,2026-01-09 12:33:58,2026-01-09 13:02:58,2026-01-09 13:25:58,56
5990,6452,44,2026-01-09 15:55:01,2026-01-09 16:10:01,2026-01-09 16:38:01,44
5991,6454,88,2026-01-23 22:49:06,2026-01-23 23:20:06,2026-01-23 23:56:06,68
5992,6455,59,2026-01-25 07:19:34,2026-01-25 07:53:34,2026-01-25 08:08:34,50
5993,6456,68,2026-01-27 14:21:07,2026-01-27 14:55:07,2026-01-27 15:11:07,53
5994,6457,87,2026-01-22 21:57:26,2026-01-22 22:20:26,2026-01-22 22:46:26,51
5995,6458,94,2026-01-05 21:48:53,2026-01-05 22:15:53,2026-01-05 22:46:53,62
5996,6459,54,2026-01-10 21:24:14,2026-01-10 21:57:14,2026-01-10 22:24:14,63
5997,6460,105,2026-01-27 23:33:32,2026-01-27 23:57:32,2026-01-28 00:19:32,47
5998,6461,113,2026-01-19 15:08:30,2026-01-19 15:32:30,2026-01-19 15:53:30,47
5999,6462,103,2026-01-30 21:10:23,2026-01-30 21:43:23,2026-01-30 22:02:23,54
6000,6463,15,2026-01-13 21:36:46,2026-01-13 22:09:46,2026-01-13 22:36:46,62
6001,6464,60,2026-01-14 09:42:01,2026-01-14 09:59:01,2026-01-14 10:20:01,39
6002,6465,113,2026-01-24 20:05:05,2026-01-24 20:29:05,2026-01-24 20:45:05,43
6003,6466,78,2026-01-24 15:07:23,2026-01-24 15:40:23,2026-01-24 16:00:23,56
6004,6467,23,2026-01-02 12:46:32,2026-01-02 13:02:32,2026-01-02 13:14:32,30
6005,6468,19,2026-01-30 00:57:10,2026-01-30 01:28:10,2026-01-30 01:56:10,62
6006,6469,21,2026-01-07 22:40:14,2026-01-07 23:10:14,2026-01-07 23:45:14,68
6007,6470,88,2026-01-09 22:23:46,2026-01-09 22:48:46,2026-01-09 23:09:46,49
6008,6471,85,2026-01-16 12:34:53,2026-01-16 13:03:53,2026-01-16 13:19:53,46
6009,6472,10,2026-01-21 14:19:36,2026-01-21 14:50:36,2026-01-21 15:17:36,61
6010,6473,38,2026-01-05 23:33:15,2026-01-05 23:46:15,2026-01-06 00:04:15,34
6011,6474,28,2026-01-17 18:03:41,2026-01-17 18:19:41,2026-01-17 18:36:41,37
6012,6475,36,2026-01-11 15:58:14,2026-01-11 16:27:14,2026-01-11 16:47:14,51
6013,6476,120,2026-01-10 22:58:46,2026-01-10 23:41:46,2026-01-11 00:06:46,71
6014,6477,84,2026-01-27 20:17:36,2026-01-27 20:41:36,2026-01-27 21:07:36,54
6015,6478,107,2026-01-04 12:09:53,2026-01-04 12:36:53,2026-01-04 12:48:53,42
6016,6479,6,2026-01-04 21:53:37,2026-01-04 22:23:37,2026-01-04 22:47:37,58
6017,6480,46,2026-01-17 15:02:20,2026-01-17 15:28:20,2026-01-17 15:48:20,47
6018,6481,22,2026-01-20 23:41:45,2026-01-21 00:15:45,2026-01-21 00:43:45,65
6019,6482,105,2026-01-18 20:17:48,2026-01-18 20:47:48,2026-01-18 21:05:48,51
6020,6483,1,2026-01-18 23:34:05,2026-01-18 23:55:05,2026-01-19 00:18:05,45
6021,6484,32,2026-01-14 19:01:15,2026-01-14 19:40:15,2026-01-14 20:08:15,70
6022,6485,39,2026-01-19 17:02:07,2026-01-19 17:29:07,2026-01-19 17:47:07,46
6023,6486,31,2026-01-03 13:46:47,2026-01-03 14:19:47,2026-01-03 14:39:47,56
6024,6487,8,2026-01-19 10:41:34,2026-01-19 11:06:34,2026-01-19 11:18:34,41
6025,6488,14,2026-01-06 13:27:56,2026-01-06 13:45:56,2026-01-06 14:02:56,38
6026,6489,35,2026-01-11 21:42:49,2026-01-11 22:18:49,2026-01-11 22:43:49,65
6027,6490,100,2026-01-09 22:21:56,2026-01-09 22:55:56,2026-01-09 23:24:56,66
6028,6491,84,2026-01-06 00:23:49,2026-01-06 00:48:49,2026-01-06 01:06:49,45
6029,6492,110,2026-01-20 16:17:40,2026-01-20 16:47:40,2026-01-20 17:03:40,47
6030,6493,19,2026-01-13 20:11:16,2026-01-13 20:32:16,2026-01-13 20:55:16,48
6031,6495,119,2026-01-18 13:52:13,2026-01-18 14:25:13,2026-01-18 14:42:13,54
6032,6496,30,2026-01-18 13:40:20,2026-01-18 14:19:20,2026-01-18 14:35:20,57
6033,6497,75,2026-01-04 12:29:21,2026-01-04 12:54:21,2026-01-04 13:09:21,43
6034,6498,79,2026-01-14 21:59:35,2026-01-14 22:32:35,2026-01-14 22:59:35,62
6035,6499,32,2026-01-12 14:23:53,2026-01-12 14:56:53,2026-01-12 15:18:53,57
6036,6502,39,2026-01-23 13:35:02,2026-01-23 14:00:02,2026-01-23 14:13:02,40
6037,6503,5,2026-01-01 21:18:15,2026-01-01 21:40:15,2026-01-01 22:00:15,43
6038,6504,25,2026-01-23 21:26:04,2026-01-23 21:52:04,2026-01-23 22:21:04,56
6039,6506,30,2026-01-24 14:39:54,2026-01-24 15:06:54,2026-01-24 15:30:54,55
6040,6507,16,2026-01-17 21:36:43,2026-01-17 22:10:43,2026-01-17 22:35:43,63
6041,6509,4,2026-01-31 22:15:21,2026-01-31 22:43:21,2026-01-31 23:12:21,58
6042,6510,66,2026-01-11 22:38:41,2026-01-11 23:08:41,2026-01-11 23:32:41,57
6043,6511,55,2026-01-07 03:09:38,2026-01-07 03:32:38,2026-01-07 03:54:38,49
6044,6512,50,2026-01-01 09:11:17,2026-01-01 09:37:17,2026-01-01 10:00:17,53
6045,6513,11,2026-01-08 10:54:02,2026-01-08 11:12:02,2026-01-08 11:28:02,37
6046,6515,115,2026-01-13 21:05:54,2026-01-13 21:38:54,2026-01-13 22:08:54,64
6047,6517,105,2026-01-05 12:48:06,2026-01-05 13:27:06,2026-01-05 13:44:06,58
6048,6518,85,2026-01-12 14:24:24,2026-01-12 15:08:24,2026-01-12 15:30:24,68
6049,6519,85,2026-01-17 22:16:46,2026-01-17 22:48:46,2026-01-17 23:11:46,57
6050,6520,94,2026-01-01 14:43:04,2026-01-01 15:08:04,2026-01-01 15:25:04,45
6051,6521,30,2026-01-03 20:29:01,2026-01-03 20:56:01,2026-01-03 21:09:01,42
6052,6522,88,2026-01-08 03:36:53,2026-01-08 03:59:53,2026-01-08 04:13:53,39
6053,6523,48,2026-01-10 04:42:03,2026-01-10 05:18:03,2026-01-10 05:34:03,53
6054,6524,43,2026-01-04 21:59:04,2026-01-04 22:21:04,2026-01-04 22:51:04,53
6055,6525,116,2026-01-08 03:39:08,2026-01-08 04:04:08,2026-01-08 04:14:08,36
6056,6526,32,2026-01-02 13:00:09,2026-01-02 13:30:09,2026-01-02 13:47:09,48
6057,6527,30,2026-01-07 04:24:27,2026-01-07 04:48:27,2026-01-07 05:18:27,57
6058,6528,59,2026-01-06 22:51:47,2026-01-06 23:36:47,2026-01-06 23:58:47,71
6059,6529,43,2026-01-21 21:52:25,2026-01-21 22:28:25,2026-01-21 23:01:25,70
6060,6530,70,2026-01-24 21:32:47,2026-01-24 22:14:47,2026-01-24 22:39:47,71
6061,6531,56,2026-01-12 20:24:06,2026-01-12 20:39:06,2026-01-12 21:06:06,46
6062,6533,113,2026-01-19 18:41:19,2026-01-19 19:02:19,2026-01-19 19:28:19,50
6063,6534,20,2026-01-18 23:32:01,2026-01-19 00:04:01,2026-01-19 00:19:01,50
6064,6535,17,2026-01-05 23:32:02,2026-01-05 23:54:02,2026-01-06 00:09:02,38
6065,6536,97,2026-01-05 05:17:35,2026-01-05 05:39:35,2026-01-05 05:57:35,43
6066,6537,90,2026-01-02 10:06:33,2026-01-02 10:29:33,2026-01-02 10:47:33,42
6067,6538,114,2026-01-22 22:41:33,2026-01-22 23:15:33,2026-01-22 23:46:33,68
6068,6539,56,2026-01-06 15:39:18,2026-01-06 16:03:18,2026-01-06 16:34:18,59
6069,6540,25,2026-01-29 14:51:06,2026-01-29 15:16:06,2026-01-29 15:39:06,51
6070,6541,43,2026-01-02 02:59:15,2026-01-02 03:18:15,2026-01-02 03:38:15,41
6071,6542,33,2026-01-28 05:27:18,2026-01-28 05:59:18,2026-01-28 06:22:18,58
6072,6543,76,2026-01-26 21:49:31,2026-01-26 22:23:31,2026-01-26 22:42:31,56
6073,6544,116,2026-01-11 13:44:50,2026-01-11 14:16:50,2026-01-11 14:38:50,57
6074,6545,76,2026-01-29 20:54:53,2026-01-29 21:11:53,2026-01-29 21:42:53,49
6075,6546,110,2026-01-06 21:46:17,2026-01-06 22:14:17,2026-01-06 22:30:17,45
6076,6547,81,2026-01-16 01:39:45,2026-01-16 01:55:45,2026-01-16 02:10:45,32
6077,6548,80,2026-01-29 23:20:09,2026-01-29 23:46:09,2026-01-30 00:01:09,45
6078,6549,28,2026-01-08 16:33:49,2026-01-08 17:03:49,2026-01-08 17:22:49,50
6079,6550,78,2026-01-23 10:26:29,2026-01-23 10:52:29,2026-01-23 11:10:29,48
6080,6551,79,2026-01-19 06:18:55,2026-01-19 06:45:55,2026-01-19 07:04:55,49
6081,6552,60,2026-01-14 20:37:31,2026-01-14 21:01:31,2026-01-14 21:34:31,61
6082,6553,24,2026-01-30 08:34:55,2026-01-30 08:46:55,2026-01-30 09:05:55,32
6083,6554,115,2026-01-10 14:39:45,2026-01-10 15:05:45,2026-01-10 15:28:45,52
6084,6555,18,2026-01-10 17:33:01,2026-01-10 17:58:01,2026-01-10 18:15:01,45
6085,6556,66,2026-01-10 04:17:44,2026-01-10 04:45:44,2026-01-10 05:17:44,63
6086,6557,21,2026-01-14 13:53:11,2026-01-14 14:24:11,2026-01-14 14:48:11,59
6087,6558,53,2026-01-08 10:07:30,2026-01-08 10:33:30,2026-01-08 10:43:30,38
6088,6559,10,2026-01-04 14:24:57,2026-01-04 14:59:57,2026-01-04 15:27:57,64
6089,6560,23,2026-01-02 13:10:34,2026-01-02 13:38:34,2026-01-02 14:03:34,54
6090,6561,99,2026-01-06 14:39:55,2026-01-06 15:17:55,2026-01-06 15:40:55,63
6091,6562,111,2026-01-09 23:03:28,2026-01-09 23:33:28,2026-01-09 23:50:28,49
6092,6563,43,2026-01-18 23:55:50,2026-01-19 00:28:50,2026-01-19 00:40:50,49
6093,6564,79,2026-01-22 14:30:49,2026-01-22 14:51:49,2026-01-22 15:13:49,44
6094,6565,71,2026-01-07 18:33:54,2026-01-07 18:53:54,2026-01-07 19:08:54,36
6095,6566,52,2026-01-23 03:57:28,2026-01-23 04:21:28,2026-01-23 04:38:28,44
6096,6567,86,2026-01-13 05:32:05,2026-01-13 05:55:05,2026-01-13 06:09:05,40
6097,6568,94,2026-01-02 21:46:03,2026-01-02 22:03:03,2026-01-02 22:26:03,44
6098,6569,14,2026-01-09 22:48:59,2026-01-09 23:29:59,2026-01-09 23:46:59,60
6099,6570,90,2026-01-27 09:28:42,2026-01-27 09:51:42,2026-01-27 10:09:42,45
6100,6571,90,2026-01-30 12:23:29,2026-01-30 12:54:29,2026-01-30 13:11:29,51
6101,6572,40,2026-01-19 22:41:26,2026-01-19 23:07:26,2026-01-19 23:40:26,61
6102,6573,102,2026-01-20 13:19:27,2026-01-20 13:51:27,2026-01-20 14:13:27,56
6103,6574,90,2026-01-27 01:50:18,2026-01-27 02:18:18,2026-01-27 02:36:18,50
6104,6575,104,2026-01-03 22:47:24,2026-01-03 23:17:24,2026-01-03 23:39:24,56
6105,6576,3,2026-01-26 13:40:55,2026-01-26 14:09:55,2026-01-26 14:31:55,52
6106,6577,3,2026-01-19 20:02:42,2026-01-19 20:39:42,2026-01-19 20:58:42,58
6107,6578,29,2026-01-23 10:57:51,2026-01-23 11:23:51,2026-01-23 11:40:51,46
6108,6579,54,2026-01-23 12:41:29,2026-01-23 13:05:29,2026-01-23 13:19:29,42
6109,6580,55,2026-01-19 07:22:47,2026-01-19 07:38:47,2026-01-19 08:00:47,39
6110,6581,115,2026-01-11 21:32:33,2026-01-11 22:01:33,2026-01-11 22:25:33,54
6111,6582,40,2026-01-26 22:42:19,2026-01-26 23:09:19,2026-01-26 23:30:19,52
6112,6583,6,2026-01-20 23:58:49,2026-01-21 00:28:49,2026-01-21 00:57:49,62
6113,6585,36,2026-01-18 20:35:20,2026-01-18 21:06:20,2026-01-18 21:26:20,55
6114,6586,34,2026-01-24 21:56:28,2026-01-24 22:29:28,2026-01-24 22:55:28,63
6115,6588,78,2026-01-15 07:14:30,2026-01-15 07:35:30,2026-01-15 07:50:30,40
6116,6589,82,2026-01-01 05:28:19,2026-01-01 05:49:19,2026-01-01 06:02:19,37
6117,6590,13,2026-01-18 13:53:52,2026-01-18 14:20:52,2026-01-18 14:37:52,47
6118,6591,43,2026-01-07 11:55:32,2026-01-07 12:13:32,2026-01-07 12:33:32,42
6119,6592,5,2026-01-25 13:12:58,2026-01-25 13:39:58,2026-01-25 13:58:58,50
6120,6593,93,2026-01-04 15:31:04,2026-01-04 15:56:04,2026-01-04 16:10:04,43
6121,6594,7,2026-01-26 20:15:23,2026-01-26 20:51:23,2026-01-26 21:10:23,59
6122,6595,95,2026-01-24 20:21:49,2026-01-24 20:37:49,2026-01-24 20:56:49,39
6123,6596,75,2026-01-15 12:09:26,2026-01-15 12:24:26,2026-01-15 12:42:26,34
6124,6597,90,2026-01-07 12:14:15,2026-01-07 12:38:15,2026-01-07 13:05:15,54
6125,6598,99,2026-01-06 21:05:26,2026-01-06 21:48:26,2026-01-06 22:01:26,60
6126,6599,63,2026-01-29 12:08:58,2026-01-29 12:29:58,2026-01-29 12:46:58,40
6127,6600,100,2026-01-04 13:54:36,2026-01-04 14:17:36,2026-01-04 14:44:36,52
6128,6602,59,2026-01-25 23:36:22,2026-01-26 00:00:22,2026-01-26 00:26:22,52
6129,6603,32,2026-01-11 06:50:16,2026-01-11 07:13:16,2026-01-11 07:28:16,39
6130,6604,117,2026-01-03 21:02:33,2026-01-03 21:23:33,2026-01-03 21:35:33,37
6131,6605,1,2026-01-12 02:29:11,2026-01-12 02:59:11,2026-01-12 03:11:11,45
6132,6606,24,2026-01-23 14:32:47,2026-01-23 15:09:47,2026-01-23 15:34:47,65
6133,6607,62,2026-01-20 14:29:05,2026-01-20 15:00:05,2026-01-20 15:31:05,64
6134,6608,7,2026-01-02 06:22:39,2026-01-02 06:45:39,2026-01-02 07:09:39,49
6135,6609,27,2026-01-05 14:57:45,2026-01-05 15:29:45,2026-01-05 15:47:45,52
6136,6610,79,2026-01-17 20:58:04,2026-01-17 21:21:04,2026-01-17 21:40:04,43
6137,6611,91,2026-01-14 14:38:22,2026-01-14 15:11:22,2026-01-14 15:34:22,59
6138,6612,63,2026-01-31 21:15:12,2026-01-31 21:45:12,2026-01-31 22:08:12,56
6139,6613,58,2026-01-04 14:57:25,2026-01-04 15:40:25,2026-01-04 16:01:25,67
6140,6614,65,2026-01-02 13:30:39,2026-01-02 14:00:39,2026-01-02 14:22:39,55
6141,6615,91,2026-01-31 22:29:12,2026-01-31 23:12:12,2026-01-31 23:37:12,72
6142,6616,3,2026-01-14 21:55:23,2026-01-14 22:20:23,2026-01-14 22:45:23,52
6143,6617,63,2026-01-08 21:40:53,2026-01-08 22:23:53,2026-01-08 22:42:53,64
6144,6618,53,2026-01-20 21:04:05,2026-01-20 21:31:05,2026-01-20 21:46:05,46
6145,6619,26,2026-01-16 14:18:02,2026-01-16 14:49:02,2026-01-16 15:02:02,46
6146,6620,34,2026-01-01 14:14:42,2026-01-01 14:43:42,2026-01-01 15:08:42,58
6147,6621,85,2026-01-28 21:20:55,2026-01-28 21:54:55,2026-01-28 22:16:55,59
6148,6622,99,2026-01-12 22:00:02,2026-01-12 22:28:02,2026-01-12 22:58:02,62
6149,6623,105,2026-01-16 13:07:17,2026-01-16 13:35:17,2026-01-16 13:56:17,53
6150,6624,15,2026-01-01 22:57:17,2026-01-01 23:37:17,2026-01-02 00:01:17,65
6151,6625,70,2026-01-12 23:02:42,2026-01-12 23:34:42,2026-01-12 23:54:42,54
6152,6626,88,2026-01-21 22:07:57,2026-01-21 22:38:57,2026-01-21 22:58:57,53
6153,6627,102,2026-01-26 13:11:40,2026-01-26 13:42:40,2026-01-26 14:09:40,61
6154,6628,117,2026-01-11 20:43:04,2026-01-11 21:07:04,2026-01-11 21:28:04,46
6155,6629,66,2026-01-13 07:39:28,2026-01-13 08:02:28,2026-01-13 08:14:28,36
6156,6630,83,2026-01-29 14:05:56,2026-01-29 14:40:56,2026-01-29 15:00:56,58
6157,6631,19,2026-01-01 20:54:46,2026-01-01 21:25:46,2026-01-01 21:45:46,55
6158,6632,88,2026-01-20 04:00:15,2026-01-20 04:21:15,2026-01-20 04:44:15,47
6159,6633,108,2026-01-01 10:22:07,2026-01-01 10:45:07,2026-01-01 10:59:07,39
6160,6634,93,2026-01-15 03:35:29,2026-01-15 03:52:29,2026-01-15 04:16:29,43
6161,6635,3,2026-01-07 20:58:21,2026-01-07 21:17:21,2026-01-07 21:33:21,36
6162,6636,40,2026-01-02 14:58:45,2026-01-02 15:35:45,2026-01-02 16:03:45,69
6163,6637,39,2026-01-25 12:03:03,2026-01-25 12:18:03,2026-01-25 12:37:03,38
6164,6638,58,2026-01-23 20:54:51,2026-01-23 21:09:51,2026-01-23 21:22:51,32
6165,6639,33,2026-01-06 20:54:55,2026-01-06 21:22:55,2026-01-06 21:44:55,52
6166,6640,67,2026-01-16 20:31:49,2026-01-16 20:56:49,2026-01-16 21:23:49,54
6167,6641,9,2026-01-18 14:24:11,2026-01-18 14:55:11,2026-01-18 15:30:11,70
6168,6642,27,2026-01-08 12:06:36,2026-01-08 12:33:36,2026-01-08 12:50:36,47
6169,6643,56,2026-01-16 14:59:53,2026-01-16 15:39:53,2026-01-16 15:57:53,59
6170,6644,48,2026-01-12 15:22:15,2026-01-12 15:47:15,2026-01-12 16:04:15,46
6171,6645,43,2026-01-25 22:23:37,2026-01-25 23:01:37,2026-01-25 23:23:37,62
6172,6646,39,2026-01-04 15:34:15,2026-01-04 15:52:15,2026-01-04 16:19:15,48
6173,6647,103,2026-01-09 08:02:33,2026-01-09 08:28:33,2026-01-09 08:41:33,42
6174,6649,93,2026-01-31 14:59:33,2026-01-31 15:29:33,2026-01-31 16:02:33,66
6175,6650,57,2026-01-19 13:50:40,2026-01-19 14:23:40,2026-01-19 14:44:40,57
6176,6651,68,2026-01-09 20:18:00,2026-01-09 20:41:00,2026-01-09 21:00:00,43
6177,6652,16,2026-01-25 15:57:02,2026-01-25 16:17:02,2026-01-25 16:42:02,47
6178,6653,59,2026-01-24 15:32:42,2026-01-24 15:55:42,2026-01-24 16:13:42,43
6179,6654,18,2026-01-21 22:19:13,2026-01-21 22:48:13,2026-01-21 23:13:13,56
6180,6655,109,2026-01-13 21:37:28,2026-01-13 22:13:28,2026-01-13 22:37:28,61
6181,6656,82,2026-01-16 04:20:38,2026-01-16 04:36:38,2026-01-16 05:00:38,43
6182,6657,91,2026-01-20 16:13:58,2026-01-20 16:34:58,2026-01-20 16:47:58,35
6183,6658,13,2026-01-06 13:52:22,2026-01-06 14:23:22,2026-01-06 14:40:22,49
6184,6659,61,2026-01-20 11:21:53,2026-01-20 11:39:53,2026-01-20 12:02:53,45
6185,6660,45,2026-01-30 22:43:05,2026-01-30 23:07:05,2026-01-30 23:32:05,51
6186,6661,81,2026-01-11 05:39:02,2026-01-11 05:59:02,2026-01-11 06:12:02,37
6187,6662,112,2026-01-11 13:23:15,2026-01-11 14:08:15,2026-01-11 14:35:15,73
6188,6664,90,2026-01-27 15:52:28,2026-01-27 16:16:28,2026-01-27 16:34:28,44
6189,6666,76,2026-01-14 07:36:55,2026-01-14 07:57:55,2026-01-14 08:15:55,40
6190,6667,25,2026-01-14 23:56:21,2026-01-15 00:14:21,2026-01-15 00:49:21,54
6191,6668,60,2026-01-07 13:06:15,2026-01-07 13:33:15,2026-01-07 13:58:15,56
6192,6669,59,2026-01-04 14:24:07,2026-01-04 14:49:07,2026-01-04 15:10:07,48
6193,6670,48,2026-01-09 20:09:13,2026-01-09 20:39:13,2026-01-09 21:01:13,54
6194,6671,98,2026-01-24 13:43:50,2026-01-24 14:20:50,2026-01-24 14:37:50,57
6195,6672,1,2026-01-27 14:38:23,2026-01-27 15:05:23,2026-01-27 15:27:23,53
6196,6673,54,2026-01-27 21:57:48,2026-01-27 22:21:48,2026-01-27 22:42:48,49
6197,6674,111,2026-01-05 06:57:23,2026-01-05 07:23:23,2026-01-05 07:38:23,44
6198,6675,95,2026-01-08 14:01:21,2026-01-08 14:32:21,2026-01-08 14:56:21,59
6199,6676,106,2026-01-08 06:33:58,2026-01-08 06:53:58,2026-01-08 07:15:58,43
6200,6677,86,2026-01-19 20:29:20,2026-01-19 21:11:20,2026-01-19 21:25:20,58
6201,6678,118,2026-01-04 22:44:40,2026-01-04 23:20:40,2026-01-04 23:39:40,58
6202,6679,39,2026-01-26 16:53:45,2026-01-26 17:11:45,2026-01-26 17:25:45,34
6203,6680,55,2026-01-21 12:08:29,2026-01-21 12:38:29,2026-01-21 13:00:29,56
6204,6681,90,2026-01-19 13:46:20,2026-01-19 14:14:20,2026-01-19 14:35:20,53
6205,6682,22,2026-01-20 12:25:00,2026-01-20 12:48:00,2026-01-20 13:08:00,46
6206,6684,111,2026-01-22 21:54:03,2026-01-22 22:41:03,2026-01-22 23:06:03,75
6207,6685,114,2026-01-24 13:47:50,2026-01-24 14:16:50,2026-01-24 14:34:50,51
6208,6686,3,2026-01-23 17:48:52,2026-01-23 18:29:52,2026-01-23 18:50:52,66
6209,6687,50,2026-01-31 12:55:10,2026-01-31 13:20:10,2026-01-31 13:31:10,38
6210,6688,17,2026-01-22 15:44:56,2026-01-22 16:13:56,2026-01-22 16:35:56,55
6211,6690,65,2026-01-18 13:14:16,2026-01-18 13:44:16,2026-01-18 14:08:16,56
6212,6691,2,2026-01-22 22:54:42,2026-01-22 23:28:42,2026-01-22 23:45:42,55
6213,6692,15,2026-01-02 22:13:44,2026-01-02 22:55:44,2026-01-02 23:24:44,75
6214,6693,37,2026-01-06 20:34:28,2026-01-06 20:56:28,2026-01-06 21:10:28,38
6215,6694,90,2026-01-18 14:23:38,2026-01-18 14:58:38,2026-01-18 15:18:38,58
6216,6695,20,2026-01-13 11:27:18,2026-01-13 11:51:18,2026-01-13 12:10:18,47
6217,6696,114,2026-01-15 13:08:56,2026-01-15 13:34:56,2026-01-15 13:57:56,51
6218,6697,18,2026-01-04 21:37:12,2026-01-04 22:05:12,2026-01-04 22:34:12,61
6219,6698,72,2026-01-12 06:32:43,2026-01-12 07:08:43,2026-01-12 07:19:43,49
6220,6699,8,2026-01-24 13:10:03,2026-01-24 13:40:03,2026-01-24 14:06:03,58
6221,6700,118,2026-01-27 21:52:59,2026-01-27 22:20:59,2026-01-27 22:36:59,45
6222,6701,36,2026-01-27 14:49:25,2026-01-27 15:25:25,2026-01-27 15:40:25,53
6223,6702,116,2026-01-05 21:54:02,2026-01-05 22:39:02,2026-01-05 23:08:02,75
6224,6703,89,2026-01-11 09:48:27,2026-01-11 10:05:27,2026-01-11 10:33:27,49
6225,6704,94,2026-01-11 17:45:20,2026-01-11 18:08:20,2026-01-11 18:24:20,42
6226,6705,74,2026-01-17 08:31:12,2026-01-17 08:49:12,2026-01-17 09:10:12,42
6227,6706,45,2026-01-15 00:54:21,2026-01-15 01:22:21,2026-01-15 01:44:21,52
6228,6707,93,2026-01-19 13:37:01,2026-01-19 14:19:01,2026-01-19 14:43:01,67
6229,6708,44,2026-01-26 22:12:32,2026-01-26 22:51:32,2026-01-26 23:13:32,62
6230,6709,12,2026-01-23 23:59:28,2026-01-24 00:27:28,2026-01-24 00:40:28,44
6231,6710,65,2026-01-26 07:26:47,2026-01-26 07:50:47,2026-01-26 08:03:47,40
6232,6711,110,2026-01-28 22:27:41,2026-01-28 22:56:41,2026-01-28 23:29:41,65
6233,6712,60,2026-01-26 02:07:35,2026-01-26 02:36:35,2026-01-26 02:54:35,50
6234,6713,2,2026-01-25 13:52:29,2026-01-25 14:28:29,2026-01-25 14:49:29,59
6235,6714,98,2026-01-07 06:58:28,2026-01-07 07:11:28,2026-01-07 07:33:28,39
6236,6715,14,2026-01-31 22:45:48,2026-01-31 23:11:48,2026-01-31 23:40:48,58
6237,6716,95,2026-01-27 20:27:09,2026-01-27 20:56:09,2026-01-27 21:22:09,57
6238,6717,41,2026-01-03 14:12:43,2026-01-03 14:33:43,2026-01-03 15:01:43,51
6239,6718,32,2026-01-18 22:56:35,2026-01-18 23:24:35,2026-01-18 23:44:35,51
6240,6719,10,2026-01-26 22:04:33,2026-01-26 22:26:33,2026-01-26 22:50:33,50
6241,6720,65,2026-01-22 15:21:40,2026-01-22 15:48:40,2026-01-22 16:14:40,55
6242,6721,38,2026-01-17 15:22:39,2026-01-17 15:45:39,2026-01-17 15:59:39,39
6243,6722,91,2026-01-07 23:14:31,2026-01-07 23:54:31,2026-01-08 00:08:31,55
6244,6723,39,2026-01-23 23:16:35,2026-01-23 23:52:35,2026-01-24 00:11:35,58
6245,6724,69,2026-01-08 03:09:30,2026-01-08 03:36:30,2026-01-08 03:53:30,48
6246,6725,74,2026-01-02 21:21:25,2026-01-02 21:52:25,2026-01-02 22:20:25,60
6247,6727,67,2026-01-28 13:56:50,2026-01-28 14:36:50,2026-01-28 15:02:50,68
6248,6728,32,2026-01-09 13:45:31,2026-01-09 14:06:31,2026-01-09 14:37:31,53
6249,6729,83,2026-01-13 02:34:32,2026-01-13 03:08:32,2026-01-13 03:22:32,50
6250,6730,97,2026-01-15 10:54:56,2026-01-15 11:17:56,2026-01-15 11:38:56,47
6251,6731,14,2026-01-25 21:18:38,2026-01-25 21:48:38,2026-01-25 22:12:38,58
6252,6732,66,2026-01-15 13:13:48,2026-01-15 13:43:48,2026-01-15 14:09:48,57
6253,6733,74,2026-01-24 21:31:58,2026-01-24 22:06:58,2026-01-24 22:24:58,57
6254,6734,60,2026-01-31 03:00:37,2026-01-31 03:23:37,2026-01-31 03:36:37,40
6255,6735,69,2026-01-09 21:53:14,2026-01-09 22:21:14,2026-01-09 22:46:14,56
6256,6736,83,2026-01-30 13:39:03,2026-01-30 14:06:03,2026-01-30 14:29:03,54
6257,6737,56,2026-01-29 22:42:21,2026-01-29 23:09:21,2026-01-29 23:44:21,65
6258,6738,83,2026-01-16 20:28:05,2026-01-16 20:49:05,2026-01-16 21:02:05,36
6259,6739,69,2026-01-29 15:27:02,2026-01-29 15:58:02,2026-01-29 16:13:02,48
6260,6740,34,2026-01-11 10:15:33,2026-01-11 10:44:33,2026-01-11 11:02:33,50
6261,6741,27,2026-01-24 23:07:50,2026-01-24 23:36:50,2026-01-24 23:47:50,43
6262,6742,8,2026-01-30 22:41:16,2026-01-30 23:07:16,2026-01-30 23:28:16,48
6263,6744,11,2026-01-04 14:13:28,2026-01-04 14:39:28,2026-01-04 15:00:28,48
6264,6745,85,2026-01-20 14:24:07,2026-01-20 14:55:07,2026-01-20 15:13:07,51
6265,6746,10,2026-01-21 22:50:17,2026-01-21 23:23:17,2026-01-21 23:48:17,60
6266,6747,44,2026-01-11 21:47:19,2026-01-11 22:19:19,2026-01-11 22:39:19,54
6267,6748,92,2026-01-05 14:08:28,2026-01-05 14:51:28,2026-01-05 15:18:28,72
6268,6749,69,2026-01-31 16:11:02,2026-01-31 16:24:02,2026-01-31 16:45:02,35
6269,6750,29,2026-01-13 17:30:44,2026-01-13 17:52:44,2026-01-13 18:14:44,47
6270,6751,113,2026-01-09 21:55:36,2026-01-09 22:34:36,2026-01-09 23:00:36,68
6271,6752,113,2026-01-10 12:35:37,2026-01-10 12:59:37,2026-01-10 13:11:37,40
6272,6754,90,2026-01-08 13:05:52,2026-01-08 13:33:52,2026-01-08 14:00:52,58
6273,6756,49,2026-01-22 10:07:50,2026-01-22 10:27:50,2026-01-22 10:46:50,43
6274,6757,39,2026-01-22 12:04:01,2026-01-22 12:44:01,2026-01-22 12:55:01,55
6275,6758,27,2026-01-30 12:43:15,2026-01-30 13:15:15,2026-01-30 13:30:15,50
6276,6759,114,2026-01-20 23:00:59,2026-01-20 23:26:59,2026-01-20 23:51:59,55
6277,6760,63,2026-01-28 14:35:45,2026-01-28 15:02:45,2026-01-28 15:18:45,45
6278,6761,111,2026-01-28 21:45:08,2026-01-28 22:12:08,2026-01-28 22:35:08,53
6279,6762,37,2026-01-15 20:18:24,2026-01-15 20:47:24,2026-01-15 21:06:24,52
6280,6763,35,2026-01-07 09:15:00,2026-01-07 09:34:00,2026-01-07 09:56:00,42
6281,6764,117,2026-01-03 21:55:26,2026-01-03 22:26:26,2026-01-03 22:48:26,56
6282,6765,57,2026-01-03 23:14:53,2026-01-03 23:33:53,2026-01-03 23:46:53,34
6283,6766,18,2026-01-15 13:55:23,2026-01-15 14:24:23,2026-01-15 14:44:23,52
6284,6767,94,2026-01-02 14:58:49,2026-01-02 15:35:49,2026-01-02 15:59:49,64
6285,6768,11,2026-01-08 13:26:46,2026-01-08 14:04:46,2026-01-08 14:26:46,61
6286,6769,9,2026-01-26 14:40:35,2026-01-26 15:20:35,2026-01-26 15:34:35,55
6287,6770,83,2026-01-17 15:23:45,2026-01-17 15:56:45,2026-01-17 16:06:45,44
6288,6771,59,2026-01-13 07:29:51,2026-01-13 07:45:51,2026-01-13 08:02:51,35
6289,6773,69,2026-01-12 14:14:49,2026-01-12 14:49:49,2026-01-12 15:07:49,57
6290,6774,18,2026-01-01 23:42:52,2026-01-02 00:05:52,2026-01-02 00:23:52,42
6291,6775,65,2026-01-09 13:48:49,2026-01-09 14:23:49,2026-01-09 14:39:49,52
6292,6776,25,2026-01-26 21:49:34,2026-01-26 22:23:34,2026-01-26 22:45:34,60
6293,6777,92,2026-01-13 12:13:00,2026-01-13 12:48:00,2026-01-13 13:06:00,54
6294,6778,94,2026-01-10 20:02:15,2026-01-10 20:30:15,2026-01-10 20:40:15,40
6295,6780,77,2026-01-17 19:19:56,2026-01-17 19:44:56,2026-01-17 20:02:56,46
6296,6782,75,2026-01-16 22:28:13,2026-01-16 23:04:13,2026-01-16 23:33:13,69
6297,6783,93,2026-01-29 05:21:45,2026-01-29 05:42:45,2026-01-29 05:52:45,35
6298,6784,20,2026-01-07 20:44:51,2026-01-07 21:13:51,2026-01-07 21:23:51,43
6299,6785,15,2026-01-07 17:27:16,2026-01-07 17:51:16,2026-01-07 18:04:16,38
6300,6786,118,2026-01-23 15:36:41,2026-01-23 15:51:41,2026-01-23 16:11:41,38
6301,6787,11,2026-01-03 01:53:05,2026-01-03 02:15:05,2026-01-03 02:32:05,42
6302,6788,47,2026-01-29 12:26:28,2026-01-29 12:50:28,2026-01-29 13:07:28,43
6303,6789,15,2026-01-22 14:59:03,2026-01-22 15:38:03,2026-01-22 15:54:03,59
6304,6790,45,2026-01-29 13:38:52,2026-01-29 14:22:52,2026-01-29 14:47:52,70
6305,6791,14,2026-01-31 13:09:00,2026-01-31 13:56:00,2026-01-31 14:22:00,76
6306,6793,4,2026-01-03 22:05:30,2026-01-03 22:26:30,2026-01-03 22:50:30,48
6307,6794,75,2026-01-06 21:30:54,2026-01-06 22:01:54,2026-01-06 22:32:54,63
6308,6795,61,2026-01-02 04:57:39,2026-01-02 05:29:39,2026-01-02 05:47:39,52
6309,6796,120,2026-01-01 15:09:42,2026-01-01 15:33:42,2026-01-01 15:51:42,45
6310,6797,70,2026-01-12 12:46:07,2026-01-12 13:12:07,2026-01-12 13:40:07,55
6311,6798,99,2026-01-25 02:28:24,2026-01-25 03:00:24,2026-01-25 03:17:24,51
6312,6799,82,2026-01-09 13:44:30,2026-01-09 14:10:30,2026-01-09 14:35:30,52
6313,6800,9,2026-01-31 02:22:15,2026-01-31 02:45:15,2026-01-31 03:03:15,42
6314,6801,116,2026-01-31 18:12:43,2026-01-31 18:45:43,2026-01-31 19:05:43,57
6315,6802,71,2026-01-09 21:04:50,2026-01-09 21:38:50,2026-01-09 22:05:50,62
6316,6803,90,2026-01-03 18:34:42,2026-01-03 19:10:42,2026-01-03 19:28:42,55
6317,6804,75,2026-01-17 21:22:08,2026-01-17 22:08:08,2026-01-17 22:27:08,68
6318,6805,38,2026-01-06 06:39:34,2026-01-06 07:02:34,2026-01-06 07:20:34,43
6319,6806,16,2026-01-15 21:18:29,2026-01-15 21:47:29,2026-01-15 22:06:29,49
6320,6807,11,2026-01-06 20:20:15,2026-01-06 20:37:15,2026-01-06 20:55:15,36
6321,6808,78,2026-01-16 21:24:29,2026-01-16 21:51:29,2026-01-16 22:19:29,56
6322,6809,73,2026-01-05 14:49:07,2026-01-05 15:14:07,2026-01-05 15:31:07,45
6323,6810,18,2026-01-21 13:14:10,2026-01-21 13:52:10,2026-01-21 14:13:10,63
6324,6811,27,2026-01-29 06:33:45,2026-01-29 06:57:45,2026-01-29 07:11:45,42
6325,6813,43,2026-01-10 23:57:02,2026-01-11 00:14:02,2026-01-11 00:36:02,41
6326,6814,118,2026-01-09 13:03:15,2026-01-09 13:37:15,2026-01-09 14:07:15,66
6327,6815,49,2026-01-11 21:44:13,2026-01-11 22:16:13,2026-01-11 22:37:13,54
6328,6816,31,2026-01-25 15:53:56,2026-01-25 16:18:56,2026-01-25 16:34:56,43
6329,6817,23,2026-01-01 15:37:20,2026-01-01 16:11:20,2026-01-01 16:32:20,58
6330,6818,51,2026-01-16 23:35:34,2026-01-17 00:01:34,2026-01-17 00:18:34,47
6331,6819,98,2026-01-03 08:18:08,2026-01-03 08:52:08,2026-01-03 09:14:08,60
6332,6820,15,2026-01-14 20:06:04,2026-01-14 20:30:04,2026-01-14 20:47:04,42
6333,6821,62,2026-01-03 14:12:24,2026-01-03 14:35:24,2026-01-03 15:05:24,54
6334,6822,87,2026-01-05 23:22:20,2026-01-05 23:45:20,2026-01-05 23:59:20,39
6335,6823,101,2026-01-12 12:56:56,2026-01-12 13:21:56,2026-01-12 13:39:56,47
6336,6825,85,2026-01-25 23:15:30,2026-01-25 23:42:30,2026-01-26 00:05:30,52
6337,6826,109,2026-01-04 13:33:50,2026-01-04 13:58:50,2026-01-04 14:27:50,55
6338,6827,43,2026-01-10 19:05:14,2026-01-10 19:36:14,2026-01-10 19:49:14,47
6339,6828,87,2026-01-21 21:05:20,2026-01-21 21:36:20,2026-01-21 21:56:20,55
6340,6829,92,2026-01-27 21:12:35,2026-01-27 21:58:35,2026-01-27 22:18:35,67
6341,6830,31,2026-01-29 21:35:06,2026-01-29 22:08:06,2026-01-29 22:35:06,62
6342,6831,113,2026-01-08 13:41:36,2026-01-08 14:06:36,2026-01-08 14:23:36,46
6343,6832,52,2026-01-20 14:40:13,2026-01-20 15:09:13,2026-01-20 15:28:13,52
6344,6833,63,2026-01-22 12:36:08,2026-01-22 13:04:08,2026-01-22 13:27:08,52
6345,6834,45,2026-01-20 23:53:16,2026-01-21 00:15:16,2026-01-21 00:27:16,36
6346,6835,70,2026-01-31 20:08:02,2026-01-31 20:40:02,2026-01-31 21:02:02,55
6347,6836,112,2026-01-29 12:40:57,2026-01-29 13:16:57,2026-01-29 13:31:57,54
6348,6837,14,2026-01-03 12:42:49,2026-01-03 13:23:49,2026-01-03 13:47:49,66
6349,6838,82,2026-01-09 18:09:27,2026-01-09 18:31:27,2026-01-09 18:46:27,40
6350,6839,2,2026-01-26 14:19:48,2026-01-26 14:54:48,2026-01-26 15:28:48,73
6351,6840,110,2026-01-06 23:59:38,2026-01-07 00:22:38,2026-01-07 00:39:38,44
6352,6841,120,2026-01-09 15:56:50,2026-01-09 16:27:50,2026-01-09 17:01:50,66
6353,6842,20,2026-01-10 14:38:06,2026-01-10 15:04:06,2026-01-10 15:26:06,50
6354,6844,3,2026-01-13 13:27:42,2026-01-13 14:08:42,2026-01-13 14:32:42,66
6355,6845,118,2026-01-10 21:24:30,2026-01-10 21:56:30,2026-01-10 22:22:30,62
6356,6846,56,2026-01-30 23:09:02,2026-01-30 23:28:02,2026-01-30 23:50:02,44
6357,6848,47,2026-01-17 23:19:29,2026-01-17 23:39:29,2026-01-18 00:00:29,44
6358,6849,111,2026-01-26 01:54:58,2026-01-26 02:21:58,2026-01-26 02:35:58,45
6359,6850,88,2026-01-26 23:47:13,2026-01-27 00:00:13,2026-01-27 00:13:13,28
6360,6851,87,2026-01-18 06:39:36,2026-01-18 07:04:36,2026-01-18 07:22:36,45
6361,6852,114,2026-01-08 13:48:19,2026-01-08 14:17:19,2026-01-08 14:53:19,69
6362,6853,100,2026-01-31 22:22:39,2026-01-31 22:52:39,2026-01-31 23:16:39,58
6363,6854,82,2026-01-01 12:38:45,2026-01-01 13:05:45,2026-01-01 13:21:45,44
6364,6855,12,2026-01-31 06:19:27,2026-01-31 06:52:27,2026-01-31 07:06:27,49
6365,6856,34,2026-01-29 13:05:12,2026-01-29 13:44:12,2026-01-29 14:14:12,71
6366,6857,33,2026-01-09 14:27:37,2026-01-09 14:47:37,2026-01-09 15:04:37,39
6367,6858,93,2026-01-10 05:34:05,2026-01-10 06:02:05,2026-01-10 06:28:05,55
6368,6859,11,2026-01-11 17:36:11,2026-01-11 17:59:11,2026-01-11 18:11:11,37
6369,6860,98,2026-01-02 07:31:33,2026-01-02 07:50:33,2026-01-02 08:00:33,32
6370,6861,101,2026-01-18 08:21:45,2026-01-18 08:49:45,2026-01-18 09:04:45,46
6371,6862,65,2026-01-12 03:25:25,2026-01-12 03:47:25,2026-01-12 04:06:25,44
6372,6863,54,2026-01-21 13:56:39,2026-01-21 14:25:39,2026-01-21 14:53:39,59
6373,6864,14,2026-01-29 20:38:09,2026-01-29 21:17:09,2026-01-29 21:36:09,60
6374,6865,76,2026-01-25 13:40:03,2026-01-25 14:12:03,2026-01-25 14:35:03,57
6375,6866,90,2026-01-30 01:07:12,2026-01-30 01:29:12,2026-01-30 01:46:12,41
6376,6867,64,2026-01-24 12:05:05,2026-01-24 12:32:05,2026-01-24 12:56:05,53
6377,6868,19,2026-01-23 21:45:55,2026-01-23 22:17:55,2026-01-23 22:45:55,62
6378,6869,37,2026-01-18 06:33:21,2026-01-18 06:58:21,2026-01-18 07:18:21,48
6379,6870,119,2026-01-15 13:55:46,2026-01-15 14:21:46,2026-01-15 14:51:46,58
6380,6871,85,2026-01-17 20:44:36,2026-01-17 21:11:36,2026-01-17 21:24:36,44
6381,6872,12,2026-01-10 10:14:55,2026-01-10 10:33:55,2026-01-10 10:53:55,42
6382,6873,109,2026-01-30 13:43:23,2026-01-30 14:11:23,2026-01-30 14:31:23,52
6383,6874,37,2026-01-18 14:46:19,2026-01-18 15:33:19,2026-01-18 16:06:19,83
6384,6875,32,2026-01-17 09:41:25,2026-01-17 10:14:25,2026-01-17 10:33:25,55
6385,6877,82,2026-01-15 20:58:00,2026-01-15 21:14:00,2026-01-15 21:32:00,37
6386,6878,40,2026-01-16 04:18:07,2026-01-16 04:39:07,2026-01-16 04:53:07,38
6387,6879,41,2026-01-17 15:43:50,2026-01-17 16:08:50,2026-01-17 16:22:50,42
6388,6880,105,2026-01-30 08:48:08,2026-01-30 09:16:08,2026-01-30 09:26:08,41
6389,6881,74,2026-01-17 21:47:59,2026-01-17 22:26:59,2026-01-17 22:47:59,62
6390,6882,39,2026-01-30 22:04:09,2026-01-30 22:32:09,2026-01-30 22:51:09,48
6391,6883,101,2026-01-26 03:08:17,2026-01-26 03:28:17,2026-01-26 03:42:17,38
6392,6884,88,2026-01-22 21:56:42,2026-01-22 22:43:42,2026-01-22 23:09:42,76
6393,6885,103,2026-01-26 18:28:53,2026-01-26 18:49:53,2026-01-26 19:04:53,39
6394,6886,45,2026-01-03 14:09:08,2026-01-03 14:37:08,2026-01-03 15:05:08,60
6395,6887,97,2026-01-13 14:54:13,2026-01-13 15:21:13,2026-01-13 15:44:13,51
6396,6888,13,2026-01-24 12:40:47,2026-01-24 13:01:47,2026-01-24 13:12:47,36
6397,6889,112,2026-01-22 13:58:59,2026-01-22 14:25:59,2026-01-22 14:49:59,55
6398,6890,15,2026-01-05 08:12:07,2026-01-05 08:31:07,2026-01-05 08:59:07,48
6399,6893,50,2026-01-29 13:14:24,2026-01-29 13:50:24,2026-01-29 14:17:24,65
6400,6895,8,2026-01-21 16:09:33,2026-01-21 16:43:33,2026-01-21 16:56:33,51
6401,6896,102,2026-01-30 13:55:16,2026-01-30 14:42:16,2026-01-30 15:01:16,69
6402,6897,95,2026-01-11 05:16:03,2026-01-11 05:42:03,2026-01-11 05:56:03,42
6403,6898,116,2026-01-26 23:10:55,2026-01-26 23:45:55,2026-01-27 00:04:55,57
6404,6899,67,2026-01-10 14:55:57,2026-01-10 15:22:57,2026-01-10 15:52:57,61
6405,6900,19,2026-01-21 01:58:19,2026-01-21 02:26:19,2026-01-21 02:51:19,57
6406,6901,104,2026-01-28 13:39:47,2026-01-28 14:08:47,2026-01-28 14:35:47,58
6407,6903,5,2026-01-28 22:41:32,2026-01-28 23:12:32,2026-01-28 23:26:32,47
6408,6904,36,2026-01-26 07:53:47,2026-01-26 08:19:47,2026-01-26 08:29:47,39
6409,6905,62,2026-01-14 15:12:07,2026-01-14 15:36:07,2026-01-14 15:54:07,45
6410,6906,80,2026-01-29 14:20:51,2026-01-29 14:46:51,2026-01-29 15:09:51,52
6411,6907,20,2026-01-15 13:50:22,2026-01-15 14:24:22,2026-01-15 14:51:22,64
6412,6908,15,2026-01-09 11:35:13,2026-01-09 11:48:13,2026-01-09 12:18:13,46
6413,6909,111,2026-01-08 13:57:24,2026-01-08 14:30:24,2026-01-08 14:56:24,61
6414,6910,21,2026-01-12 23:25:46,2026-01-12 23:46:46,2026-01-13 00:08:46,47
6415,6911,72,2026-01-11 05:54:09,2026-01-11 06:29:09,2026-01-11 06:54:09,62
6416,6912,87,2026-01-28 13:22:31,2026-01-28 13:42:31,2026-01-28 14:03:31,45
6417,6914,23,2026-01-17 23:12:53,2026-01-17 23:53:53,2026-01-18 00:11:53,62
6418,6915,21,2026-01-24 06:50:55,2026-01-24 07:14:55,2026-01-24 07:26:55,39
6419,6916,76,2026-01-31 12:24:24,2026-01-31 12:54:24,2026-01-31 13:11:24,51
6420,6917,114,2026-01-06 23:19:30,2026-01-06 23:45:30,2026-01-07 00:04:30,47
6421,6918,18,2026-01-19 21:11:27,2026-01-19 21:45:27,2026-01-19 22:05:27,57
6422,6919,119,2026-01-08 14:08:39,2026-01-08 14:47:39,2026-01-08 15:14:39,70
6423,6920,72,2026-01-26 20:01:36,2026-01-26 20:17:36,2026-01-26 20:30:36,30
6424,6921,91,2026-01-27 22:05:46,2026-01-27 22:28:46,2026-01-27 22:47:46,45
6425,6922,79,2026-01-05 22:40:02,2026-01-05 23:22:02,2026-01-05 23:35:02,56
6426,6923,50,2026-01-03 13:46:33,2026-01-03 14:19:33,2026-01-03 14:43:33,59
6427,6924,99,2026-01-31 14:06:44,2026-01-31 14:52:44,2026-01-31 15:18:44,76
6428,6925,59,2026-01-23 21:08:43,2026-01-23 21:55:43,2026-01-23 22:21:43,76
6429,6926,105,2026-01-08 13:39:09,2026-01-08 14:05:09,2026-01-08 14:31:09,56
6430,6927,31,2026-01-03 13:44:57,2026-01-03 14:25:57,2026-01-03 14:39:57,58
6431,6928,9,2026-01-21 13:33:51,2026-01-21 13:57:51,2026-01-21 14:23:51,53
6432,6929,24,2026-01-18 19:22:52,2026-01-18 19:41:52,2026-01-18 20:00:52,40
6433,6930,1,2026-01-24 20:21:25,2026-01-24 20:40:25,2026-01-24 21:00:25,40
6434,6931,110,2026-01-20 19:45:00,2026-01-20 20:11:00,2026-01-20 20:26:00,42
6435,6932,111,2026-01-04 08:23:12,2026-01-04 08:44:12,2026-01-04 08:59:12,38
6436,6933,85,2026-01-04 21:45:59,2026-01-04 22:10:59,2026-01-04 22:27:59,43
6437,6934,106,2026-01-19 01:21:04,2026-01-19 01:42:04,2026-01-19 01:56:04,36
6438,6935,25,2026-01-11 13:14:20,2026-01-11 13:47:20,2026-01-11 14:14:20,62
6439,6936,68,2026-01-27 12:50:14,2026-01-27 13:19:14,2026-01-27 13:30:14,43
6440,6937,101,2026-01-20 11:14:38,2026-01-20 11:31:38,2026-01-20 11:45:38,32
6441,6938,46,2026-01-30 15:33:02,2026-01-30 16:01:02,2026-01-30 16:26:02,57
6442,6939,64,2026-01-21 00:20:46,2026-01-21 00:43:46,2026-01-21 01:12:46,54
6443,6940,41,2026-01-05 23:17:13,2026-01-05 23:34:13,2026-01-05 23:54:13,39
6444,6941,11,2026-01-04 23:51:31,2026-01-05 00:13:31,2026-01-05 00:33:31,46
6445,6942,35,2026-01-04 14:54:16,2026-01-04 15:24:16,2026-01-04 15:50:16,59
6446,6943,103,2026-01-14 12:20:11,2026-01-14 12:41:11,2026-01-14 13:02:11,43
6447,6945,84,2026-01-09 15:25:56,2026-01-09 15:51:56,2026-01-09 16:16:56,53
6448,6946,58,2026-01-23 14:35:41,2026-01-23 15:16:41,2026-01-23 15:35:41,64
6449,6948,35,2026-01-16 02:55:32,2026-01-16 03:29:32,2026-01-16 03:50:32,59
6450,6949,98,2026-01-05 15:00:01,2026-01-05 15:42:01,2026-01-05 16:10:01,72
6451,6952,58,2026-01-19 12:54:40,2026-01-19 13:19:40,2026-01-19 13:35:40,44
6452,6953,19,2026-01-25 12:19:34,2026-01-25 12:43:34,2026-01-25 12:55:34,37
6453,6954,70,2026-01-02 14:48:15,2026-01-02 15:24:15,2026-01-02 15:43:15,59
6454,6955,118,2026-01-30 21:15:58,2026-01-30 21:48:58,2026-01-30 22:13:58,61
6455,6956,88,2026-01-26 21:26:50,2026-01-26 21:54:50,2026-01-26 22:31:50,69
6456,6957,78,2026-01-23 16:58:28,2026-01-23 17:25:28,2026-01-23 17:35:28,39
6457,6958,54,2026-01-14 18:32:14,2026-01-14 18:57:14,2026-01-14 19:15:14,47
6458,6959,23,2026-01-21 21:27:53,2026-01-21 21:59:53,2026-01-21 22:28:53,62
6459,6960,86,2026-01-24 15:59:52,2026-01-24 16:24:52,2026-01-24 16:42:52,47
6460,6961,31,2026-01-26 23:58:03,2026-01-27 00:21:03,2026-01-27 00:37:03,43
6461,6962,5,2026-01-20 22:14:46,2026-01-20 22:40:46,2026-01-20 23:03:46,52
6462,6963,114,2026-01-10 00:56:51,2026-01-10 01:16:51,2026-01-10 01:31:51,39
6463,6965,12,2026-01-06 14:23:28,2026-01-06 14:46:28,2026-01-06 15:00:28,41
6464,6966,24,2026-01-11 22:16:05,2026-01-11 22:47:05,2026-01-11 23:05:05,50
6465,6967,106,2026-01-28 02:51:57,2026-01-28 03:14:57,2026-01-28 03:30:57,40
6466,6969,4,2026-01-23 23:56:58,2026-01-24 00:17:58,2026-01-24 00:30:58,38
6467,6970,68,2026-01-18 01:18:51,2026-01-18 01:40:51,2026-01-18 02:03:51,49
6468,6972,100,2026-01-22 13:17:56,2026-01-22 13:49:56,2026-01-22 14:13:56,59
6469,6973,109,2026-01-29 05:08:25,2026-01-29 05:42:25,2026-01-29 06:07:25,63
6470,6974,62,2026-01-16 03:02:48,2026-01-16 03:27:48,2026-01-16 03:53:48,54
6471,6975,57,2026-01-07 21:14:34,2026-01-07 21:46:34,2026-01-07 22:15:34,64
6472,6976,83,2026-01-19 20:18:23,2026-01-19 20:36:23,2026-01-19 20:49:23,33
6473,6977,90,2026-01-14 22:48:42,2026-01-14 23:15:42,2026-01-14 23:40:42,56
6474,6978,8,2026-01-27 13:26:46,2026-01-27 14:03:46,2026-01-27 14:29:46,64
6475,6979,35,2026-01-03 22:33:40,2026-01-03 23:19:40,2026-01-03 23:44:40,74
6476,6980,87,2026-01-24 10:09:15,2026-01-24 10:38:15,2026-01-24 10:55:15,47
6477,6981,112,2026-01-27 12:20:40,2026-01-27 12:52:40,2026-01-27 13:10:40,53
6478,6982,63,2026-01-10 12:12:08,2026-01-10 12:39:08,2026-01-10 12:54:08,43
6479,6983,67,2026-01-19 06:28:55,2026-01-19 06:52:55,2026-01-19 07:12:55,47
6480,6984,50,2026-01-20 15:00:16,2026-01-20 15:41:16,2026-01-20 16:00:16,62
6481,6985,32,2026-01-24 00:08:30,2026-01-24 00:38:30,2026-01-24 00:56:30,49
6482,6986,43,2026-01-03 13:12:24,2026-01-03 13:41:24,2026-01-03 14:09:24,60
6483,6987,23,2026-01-26 20:51:42,2026-01-26 21:10:42,2026-01-26 21:27:42,38
6484,6988,96,2026-01-26 13:58:50,2026-01-26 14:30:50,2026-01-26 14:49:50,54
6485,6989,114,2026-01-31 12:53:17,2026-01-31 13:09:17,2026-01-31 13:31:17,39
6486,6990,108,2026-01-17 23:52:58,2026-01-18 00:13:58,2026-01-18 00:35:58,44
6487,6992,26,2026-01-31 13:57:42,2026-01-31 14:22:42,2026-01-31 14:50:42,54
6488,6993,95,2026-01-06 19:48:51,2026-01-06 20:06:51,2026-01-06 20:22:51,35
6489,6994,88,2026-01-13 07:05:08,2026-01-13 07:29:08,2026-01-13 07:48:08,44
6490,6995,25,2026-01-14 22:48:53,2026-01-14 23:25:53,2026-01-14 23:48:53,64
6491,6996,120,2026-01-06 13:42:34,2026-01-06 14:09:34,2026-01-06 14:31:34,53
6492,6997,80,2026-01-15 22:36:33,2026-01-15 23:05:33,2026-01-15 23:22:33,47
6493,6998,77,2026-01-12 21:48:17,2026-01-12 22:14:17,2026-01-12 22:43:17,57
6494,6999,36,2026-01-06 13:02:19,2026-01-06 13:33:19,2026-01-06 13:54:19,53
6495,7000,5,2026-01-25 20:16:55,2026-01-25 20:33:55,2026-01-25 20:53:55,40
6496,7001,44,2026-01-13 00:35:35,2026-01-13 01:06:35,2026-01-13 01:25:35,53
6497,7002,6,2026-01-22 12:19:43,2026-01-22 12:47:43,2026-01-22 13:03:43,45
6498,7003,10,2026-01-03 22:40:09,2026-01-03 23:03:09,2026-01-03 23:24:09,48
6499,7004,99,2026-01-22 14:56:56,2026-01-22 15:29:56,2026-01-22 15:55:56,62
6500,7005,62,2026-01-20 14:23:31,2026-01-20 14:45:31,2026-01-20 15:11:31,52
6501,7006,7,2026-01-31 15:47:56,2026-01-31 16:17:56,2026-01-31 16:44:56,58
6502,7007,107,2026-01-05 13:34:11,2026-01-05 14:11:11,2026-01-05 14:38:11,67
6503,7008,104,2026-01-02 08:51:19,2026-01-02 09:18:19,2026-01-02 09:31:19,43
6504,7009,114,2026-01-07 23:48:29,2026-01-08 00:15:29,2026-01-08 00:38:29,54
6505,7010,62,2026-01-03 14:46:12,2026-01-03 15:22:12,2026-01-03 15:36:12,51
6506,7011,46,2026-01-30 22:51:35,2026-01-30 23:22:35,2026-01-30 23:47:35,59
6507,7012,45,2026-01-14 13:13:09,2026-01-14 13:48:09,2026-01-14 14:17:09,67
6508,7013,13,2026-01-07 10:35:57,2026-01-07 11:00:57,2026-01-07 11:14:57,42
6509,7014,65,2026-01-09 13:46:54,2026-01-09 14:14:54,2026-01-09 14:34:54,52
6510,7015,90,2026-01-05 22:20:00,2026-01-05 22:49:00,2026-01-05 23:13:00,56
6511,7016,44,2026-01-17 20:35:45,2026-01-17 20:59:45,2026-01-17 21:21:45,47
6512,7017,65,2026-01-24 10:17:47,2026-01-24 10:36:47,2026-01-24 11:01:47,47
6513,7018,22,2026-01-05 14:08:46,2026-01-05 14:37:46,2026-01-05 14:59:46,53
6514,7019,12,2026-01-14 14:52:52,2026-01-14 15:20:52,2026-01-14 15:38:52,50
6515,7020,23,2026-01-02 13:43:51,2026-01-02 14:24:51,2026-01-02 14:51:51,72
6516,7021,109,2026-01-10 13:43:45,2026-01-10 14:22:45,2026-01-10 14:47:45,65
6517,7022,13,2026-01-14 13:13:24,2026-01-14 13:49:24,2026-01-14 14:16:24,66
6518,7023,50,2026-01-23 21:21:52,2026-01-23 22:02:52,2026-01-23 22:25:52,65
6519,7024,104,2026-01-06 22:42:58,2026-01-06 23:04:58,2026-01-06 23:23:58,42
6520,7025,38,2026-01-09 08:21:31,2026-01-09 08:51:31,2026-01-09 09:14:31,57
6521,7026,59,2026-01-21 19:52:06,2026-01-21 20:18:06,2026-01-21 20:37:06,47
6522,7027,30,2026-01-11 07:40:53,2026-01-11 08:13:53,2026-01-11 08:35:53,58
6523,7028,49,2026-01-25 22:56:10,2026-01-25 23:33:10,2026-01-26 00:00:10,65
6524,7030,97,2026-01-07 21:18:08,2026-01-07 21:49:08,2026-01-07 22:21:08,67
6525,7031,94,2026-01-02 10:17:26,2026-01-02 10:43:26,2026-01-02 11:12:26,58
6526,7032,99,2026-01-06 22:44:00,2026-01-06 23:22:00,2026-01-06 23:49:00,68
6527,7033,92,2026-01-25 21:07:42,2026-01-25 21:39:42,2026-01-25 21:58:42,54
6528,7034,11,2026-01-04 20:13:01,2026-01-04 20:31:01,2026-01-04 20:55:01,44
6529,7035,116,2026-01-05 12:37:43,2026-01-05 13:04:43,2026-01-05 13:31:43,58
6530,7036,72,2026-01-05 22:05:01,2026-01-05 22:33:01,2026-01-05 22:58:01,55
6531,7037,117,2026-01-10 21:40:16,2026-01-10 22:03:16,2026-01-10 22:39:16,63
6532,7038,93,2026-01-14 12:09:12,2026-01-14 12:30:12,2026-01-14 12:53:12,45
6533,7039,26,2026-01-18 03:05:34,2026-01-18 03:24:34,2026-01-18 03:45:34,44
6534,7041,45,2026-01-05 12:37:45,2026-01-05 12:55:45,2026-01-05 13:10:45,34
6535,7042,8,2026-01-04 16:07:38,2026-01-04 16:37:38,2026-01-04 16:51:38,46
6536,7043,112,2026-01-20 09:58:07,2026-01-20 10:24:07,2026-01-20 10:51:07,57
6537,7044,25,2026-01-10 21:40:49,2026-01-10 22:11:49,2026-01-10 22:33:49,55
6538,7045,44,2026-01-23 14:14:48,2026-01-23 14:46:48,2026-01-23 15:12:48,61
6539,7046,45,2026-01-15 21:04:30,2026-01-15 21:27:30,2026-01-15 21:57:30,54
6540,7047,37,2026-01-29 23:28:52,2026-01-29 23:48:52,2026-01-30 00:10:52,44
6541,7048,32,2026-01-15 14:14:37,2026-01-15 14:40:37,2026-01-15 15:03:37,50
6542,7049,80,2026-01-08 12:12:05,2026-01-08 12:44:05,2026-01-08 13:02:05,54
6543,7050,29,2026-01-20 20:32:41,2026-01-20 20:52:41,2026-01-20 21:02:41,31
6544,7051,38,2026-01-19 11:27:57,2026-01-19 12:01:57,2026-01-19 12:21:57,55
6545,7052,52,2026-01-23 15:44:39,2026-01-23 16:20:39,2026-01-23 16:49:39,69
6546,7053,45,2026-01-08 23:16:09,2026-01-08 23:45:09,2026-01-08 23:58:09,44
6547,7054,14,2026-01-05 20:33:47,2026-01-05 20:50:47,2026-01-05 21:05:47,36
6548,7056,52,2026-01-23 12:22:40,2026-01-23 12:44:40,2026-01-23 12:58:40,38
6549,7057,32,2026-01-25 22:42:36,2026-01-25 23:14:36,2026-01-25 23:36:36,55
6550,7058,14,2026-01-11 09:06:16,2026-01-11 09:30:16,2026-01-11 09:46:16,43
6551,7059,88,2026-01-29 22:20:20,2026-01-29 22:52:20,2026-01-29 23:21:20,63
6552,7060,26,2026-01-02 20:04:30,2026-01-02 20:21:30,2026-01-02 20:41:30,41
6553,7061,26,2026-01-06 09:41:32,2026-01-06 10:23:32,2026-01-06 10:41:32,63
6554,7062,61,2026-01-26 22:21:11,2026-01-26 22:40:11,2026-01-26 23:01:11,41
6555,7063,69,2026-01-31 23:20:19,2026-01-31 23:48:19,2026-02-01 00:12:19,56
6556,7064,112,2026-01-18 21:03:39,2026-01-18 21:24:39,2026-01-18 21:50:39,50
6557,7066,92,2026-01-15 16:45:14,2026-01-15 17:14:14,2026-01-15 17:29:14,45
6558,7067,120,2026-01-31 06:47:11,2026-01-31 07:11:11,2026-01-31 07:35:11,51
6559,7068,78,2026-01-21 22:01:54,2026-01-21 22:43:54,2026-01-21 23:02:54,64
6560,7069,23,2026-01-03 13:32:20,2026-01-03 14:09:20,2026-01-03 14:31:20,61
6561,7070,108,2026-01-31 08:06:17,2026-01-31 08:31:17,2026-01-31 08:46:17,41
6562,7071,2,2026-01-31 11:05:46,2026-01-31 11:38:46,2026-01-31 11:57:46,55
6563,7072,39,2026-01-29 14:50:23,2026-01-29 15:29:23,2026-01-29 16:00:23,72
6564,7073,93,2026-01-08 23:37:55,2026-01-09 00:04:55,2026-01-09 00:30:55,54
6565,7074,86,2026-01-06 23:37:52,2026-01-06 23:55:52,2026-01-07 00:16:52,43
6566,7076,109,2026-01-11 14:55:11,2026-01-11 15:24:11,2026-01-11 15:49:11,55
6567,7077,87,2026-01-12 21:13:35,2026-01-12 21:44:35,2026-01-12 22:12:35,61
6568,7078,3,2026-01-11 13:12:01,2026-01-11 13:43:01,2026-01-11 14:04:01,56
6569,7079,32,2026-01-20 14:30:41,2026-01-20 15:02:41,2026-01-20 15:17:41,48
6570,7080,54,2026-01-13 14:39:12,2026-01-13 15:12:12,2026-01-13 15:30:12,53
6571,7081,120,2026-01-29 22:21:55,2026-01-29 22:45:55,2026-01-29 23:17:55,60
6572,7082,99,2026-01-24 09:14:18,2026-01-24 09:38:18,2026-01-24 09:52:18,39
6573,7083,99,2026-01-22 09:36:01,2026-01-22 10:10:01,2026-01-22 10:25:01,53
6574,7084,35,2026-01-30 01:11:33,2026-01-30 01:44:33,2026-01-30 02:00:33,52
6575,7085,95,2026-01-21 13:01:32,2026-01-21 13:30:32,2026-01-21 13:42:32,44
6576,7086,58,2026-01-03 14:41:12,2026-01-03 15:08:12,2026-01-03 15:33:12,55
6577,7087,56,2026-01-06 15:18:49,2026-01-06 15:38:49,2026-01-06 15:52:49,37
6578,7088,111,2026-01-06 20:35:49,2026-01-06 21:00:49,2026-01-06 21:11:49,40
6579,7089,100,2026-01-05 21:56:39,2026-01-05 22:25:39,2026-01-05 22:52:39,57
6580,7090,84,2026-01-05 12:33:41,2026-01-05 13:12:41,2026-01-05 13:32:41,60
6581,7091,11,2026-01-06 22:20:15,2026-01-06 22:54:15,2026-01-06 23:16:15,58
6582,7092,110,2026-01-09 11:49:57,2026-01-09 12:12:57,2026-01-09 12:38:57,53
6583,7093,31,2026-01-06 13:10:27,2026-01-06 13:49:27,2026-01-06 14:06:27,58
6584,7095,29,2026-01-27 13:27:42,2026-01-27 14:09:42,2026-01-27 14:24:42,58
6585,7097,48,2026-01-17 15:34:01,2026-01-17 15:55:01,2026-01-17 16:08:01,38
6586,7098,101,2026-01-23 23:35:43,2026-01-23 23:52:43,2026-01-24 00:05:43,31
6587,7099,99,2026-01-21 04:14:47,2026-01-21 04:29:47,2026-01-21 04:47:47,37
6588,7100,75,2026-01-02 12:21:29,2026-01-02 12:42:29,2026-01-02 13:06:29,48
6589,7101,105,2026-01-13 22:57:08,2026-01-13 23:35:08,2026-01-13 23:50:08,57
6590,7102,89,2026-01-17 14:07:46,2026-01-17 14:37:46,2026-01-17 15:01:46,56
6591,7103,34,2026-01-23 12:05:13,2026-01-23 12:33:13,2026-01-23 12:57:13,53
6592,7104,51,2026-01-11 17:47:27,2026-01-11 18:10:27,2026-01-11 18:37:27,51
6593,7105,39,2026-01-01 12:49:17,2026-01-01 13:15:17,2026-01-01 13:26:17,39
6594,7106,41,2026-01-10 01:44:37,2026-01-10 02:17:37,2026-01-10 02:30:37,49
6595,7107,60,2026-01-27 22:06:55,2026-01-27 22:34:55,2026-01-27 22:56:55,54
6596,7109,24,2026-01-21 12:11:14,2026-01-21 12:38:14,2026-01-21 13:06:14,58
6597,7110,101,2026-01-24 21:30:14,2026-01-24 22:04:14,2026-01-24 22:28:14,61
6598,7111,72,2026-01-27 15:00:25,2026-01-27 15:32:25,2026-01-27 15:56:25,60
6599,7112,19,2026-01-01 15:19:50,2026-01-01 15:47:50,2026-01-01 16:03:50,47
6600,7113,104,2026-01-15 12:46:13,2026-01-15 13:09:13,2026-01-15 13:24:13,41
6601,7114,50,2026-01-12 14:24:26,2026-01-12 14:51:26,2026-01-12 15:18:26,57
6602,7115,37,2026-01-25 13:46:41,2026-01-25 14:18:41,2026-01-25 14:37:41,54
6603,7116,60,2026-01-30 23:33:12,2026-01-30 23:58:12,2026-01-31 00:17:12,45
6604,7117,5,2026-01-10 13:39:53,2026-01-10 14:19:53,2026-01-10 14:47:53,69
6605,7118,45,2026-01-26 12:18:03,2026-01-26 12:42:03,2026-01-26 13:07:03,50
6606,7119,58,2026-01-29 21:50:10,2026-01-29 22:22:10,2026-01-29 22:45:10,57
6607,7120,63,2026-01-13 05:46:34,2026-01-13 06:09:34,2026-01-13 06:26:34,43
6608,7121,89,2026-01-06 13:03:59,2026-01-06 13:31:59,2026-01-06 13:48:59,47
6609,7122,47,2026-01-21 14:35:22,2026-01-21 15:15:22,2026-01-21 15:49:22,76
6610,7123,10,2026-01-11 20:06:33,2026-01-11 20:34:33,2026-01-11 21:12:33,69
6611,7125,64,2026-01-26 14:47:08,2026-01-26 15:30:08,2026-01-26 15:47:08,62
6612,7126,103,2026-01-26 21:30:03,2026-01-26 21:57:03,2026-01-26 22:20:03,51
6613,7127,38,2026-01-22 21:40:19,2026-01-22 22:12:19,2026-01-22 22:25:19,48
6614,7129,52,2026-01-16 01:07:18,2026-01-16 01:39:18,2026-01-16 01:54:18,48
6615,7130,87,2026-01-07 21:04:38,2026-01-07 21:24:38,2026-01-07 21:49:38,47
6616,7131,92,2026-01-12 13:24:48,2026-01-12 14:05:48,2026-01-12 14:33:48,71
6617,7132,74,2026-01-21 21:42:30,2026-01-21 22:14:30,2026-01-21 22:40:30,62
6618,7133,5,2026-01-17 13:28:52,2026-01-17 14:00:52,2026-01-17 14:22:52,55
6619,7134,87,2026-01-27 14:32:36,2026-01-27 15:19:36,2026-01-27 15:48:36,80
6620,7135,6,2026-01-11 20:14:42,2026-01-11 20:44:42,2026-01-11 20:55:42,43
6621,7136,3,2026-01-10 22:56:26,2026-01-10 23:26:26,2026-01-10 23:43:26,51
6622,7137,53,2026-01-19 20:08:48,2026-01-19 20:35:48,2026-01-19 20:45:48,38
6623,7138,100,2026-01-02 23:29:30,2026-01-02 23:49:30,2026-01-03 00:02:30,36
6624,7139,45,2026-01-06 21:56:50,2026-01-06 22:33:50,2026-01-06 22:54:50,62
6625,7140,56,2026-01-24 20:32:24,2026-01-24 20:53:24,2026-01-24 21:16:24,47
6626,7141,67,2026-01-04 02:03:46,2026-01-04 02:15:46,2026-01-04 02:40:46,38
6627,7142,72,2026-01-25 15:32:26,2026-01-25 16:06:26,2026-01-25 16:24:26,53
6628,7143,46,2026-01-10 10:25:33,2026-01-10 11:01:33,2026-01-10 11:15:33,53
6629,7144,84,2026-01-28 15:29:16,2026-01-28 15:52:16,2026-01-28 16:06:16,38
6630,7145,9,2026-01-21 00:19:10,2026-01-21 00:50:10,2026-01-21 01:11:10,56
6631,7146,29,2026-01-22 13:13:02,2026-01-22 13:49:02,2026-01-22 14:18:02,69
6632,7148,106,2026-01-16 10:21:23,2026-01-16 10:43:23,2026-01-16 11:04:23,46
6633,7149,6,2026-01-10 12:42:47,2026-01-10 13:16:47,2026-01-10 13:30:47,49
6634,7150,22,2026-01-02 23:46:53,2026-01-03 00:04:53,2026-01-03 00:23:53,38
6635,7151,17,2026-01-12 01:48:45,2026-01-12 02:20:45,2026-01-12 02:33:45,46
6636,7152,29,2026-01-28 23:57:23,2026-01-29 00:24:23,2026-01-29 00:37:23,42
6637,7153,106,2026-01-04 21:45:04,2026-01-04 22:16:04,2026-01-04 22:38:04,54
6638,7154,10,2026-01-12 11:36:12,2026-01-12 12:03:12,2026-01-12 12:23:12,50
6639,7155,119,2026-01-18 20:29:29,2026-01-18 20:47:29,2026-01-18 21:10:29,42
6640,7156,12,2026-01-27 11:56:54,2026-01-27 12:22:54,2026-01-27 12:38:54,45
6641,7157,72,2026-01-12 11:46:52,2026-01-12 12:02:52,2026-01-12 12:21:52,39
6642,7158,118,2026-01-21 00:58:12,2026-01-21 01:23:12,2026-01-21 01:34:12,40
6643,7159,22,2026-01-10 11:08:37,2026-01-10 11:25:37,2026-01-10 11:40:37,35
6644,7160,48,2026-01-29 12:22:32,2026-01-29 12:36:32,2026-01-29 12:52:32,32
6645,7161,32,2026-01-17 21:22:33,2026-01-17 21:53:33,2026-01-17 22:18:33,60
6646,7163,76,2026-01-02 17:28:30,2026-01-02 17:46:30,2026-01-02 18:06:30,41
6647,7164,12,2026-01-08 23:54:39,2026-01-09 00:16:39,2026-01-09 00:31:39,40
6648,7165,85,2026-01-03 14:59:41,2026-01-03 15:30:41,2026-01-03 15:48:41,52
6649,7166,96,2026-01-07 03:39:28,2026-01-07 04:17:28,2026-01-07 04:34:28,59
6650,7167,100,2026-01-30 15:45:03,2026-01-30 16:01:03,2026-01-30 16:19:03,36
6651,7168,114,2026-01-31 21:40:14,2026-01-31 22:19:14,2026-01-31 22:42:14,66
6652,7169,22,2026-01-07 20:47:53,2026-01-07 21:24:53,2026-01-07 21:38:53,53
6653,7170,115,2026-01-20 22:28:56,2026-01-20 22:57:56,2026-01-20 23:14:56,50
6654,7171,100,2026-01-10 16:40:10,2026-01-10 17:07:10,2026-01-10 17:27:10,51
6655,7172,29,2026-01-01 00:59:19,2026-01-01 01:14:19,2026-01-01 01:34:19,37
6656,7173,72,2026-01-28 21:07:47,2026-01-28 21:32:47,2026-01-28 22:03:47,60
6657,7174,118,2026-01-19 23:21:37,2026-01-19 23:48:37,2026-01-20 00:04:37,47
6658,7175,72,2026-01-24 22:49:45,2026-01-24 23:22:45,2026-01-24 23:36:45,50
6659,7176,19,2026-01-14 22:48:56,2026-01-14 23:16:56,2026-01-14 23:42:56,57
6660,7177,77,2026-01-02 02:58:42,2026-01-02 03:28:42,2026-01-02 03:44:42,49
6661,7179,115,2026-01-18 23:15:12,2026-01-18 23:37:12,2026-01-18 23:47:12,34
6662,7180,10,2026-01-25 21:29:33,2026-01-25 21:56:33,2026-01-25 22:23:33,55
6663,7181,34,2026-01-07 03:21:34,2026-01-07 03:47:34,2026-01-07 04:06:34,48
6664,7182,117,2026-01-30 13:59:14,2026-01-30 14:28:14,2026-01-30 14:46:14,50
6665,7183,117,2026-01-25 06:22:20,2026-01-25 06:39:20,2026-01-25 06:57:20,37
6666,7184,5,2026-01-23 13:49:54,2026-01-23 14:32:54,2026-01-23 14:55:54,67
6667,7185,47,2026-01-08 20:45:00,2026-01-08 21:11:00,2026-01-08 21:30:00,47
6668,7186,113,2026-01-14 23:02:12,2026-01-14 23:30:12,2026-01-14 23:53:12,54
6669,7187,98,2026-01-20 14:15:57,2026-01-20 14:53:57,2026-01-20 15:14:57,62
6670,7188,49,2026-01-05 21:37:35,2026-01-05 22:06:35,2026-01-05 22:25:35,50
6671,7189,42,2026-01-30 13:04:21,2026-01-30 13:39:21,2026-01-30 14:03:21,61
6672,7190,18,2026-01-17 13:03:40,2026-01-17 13:42:40,2026-01-17 14:10:40,68
6673,7191,98,2026-01-27 00:59:37,2026-01-27 01:24:37,2026-01-27 01:38:37,43
6674,7192,44,2026-01-27 23:56:02,2026-01-28 00:25:02,2026-01-28 00:51:02,58
6675,7193,106,2026-01-27 23:25:12,2026-01-27 23:51:12,2026-01-28 00:03:12,40
6676,7194,25,2026-01-02 12:40:24,2026-01-02 12:58:24,2026-01-02 13:18:24,42
6677,7195,15,2026-01-25 13:41:04,2026-01-25 14:18:04,2026-01-25 14:48:04,69
6678,7196,90,2026-01-20 21:08:36,2026-01-20 21:42:36,2026-01-20 21:54:36,47
6679,7197,45,2026-01-14 01:11:49,2026-01-14 01:37:49,2026-01-14 01:53:49,44
6680,7198,24,2026-01-20 15:30:51,2026-01-20 15:56:51,2026-01-20 16:09:51,43
6681,7199,98,2026-01-07 23:10:08,2026-01-07 23:25:08,2026-01-07 23:40:08,31
6682,7200,70,2026-01-14 23:26:48,2026-01-14 23:50:48,2026-01-15 00:09:48,44
6683,7202,24,2026-01-02 20:40:24,2026-01-02 21:04:24,2026-01-02 21:32:24,56
6684,7203,115,2026-01-10 19:29:03,2026-01-10 19:56:03,2026-01-10 20:21:03,53
6685,7205,35,2026-01-19 01:03:51,2026-01-19 01:28:51,2026-01-19 01:57:51,55
6686,7206,51,2026-01-30 04:44:03,2026-01-30 05:11:03,2026-01-30 05:27:03,47
6687,7207,41,2026-01-29 12:14:54,2026-01-29 12:39:54,2026-01-29 12:56:54,44
6688,7208,43,2026-01-18 03:09:46,2026-01-18 03:34:46,2026-01-18 03:56:46,51
6689,7209,28,2026-01-25 15:41:04,2026-01-25 16:09:04,2026-01-25 16:31:04,51
6690,7212,90,2026-01-21 14:33:32,2026-01-21 15:12:32,2026-01-21 15:31:32,60
6691,7213,18,2026-01-18 21:50:56,2026-01-18 22:25:56,2026-01-18 22:51:56,65
6692,7214,1,2026-01-22 21:09:43,2026-01-22 21:44:43,2026-01-22 22:14:43,69
6693,7215,55,2026-01-06 00:00:02,2026-01-06 00:16:02,2026-01-06 00:42:02,46
6694,7216,100,2026-01-24 06:05:13,2026-01-24 06:36:13,2026-01-24 06:55:13,53
6695,7217,78,2026-01-13 20:35:16,2026-01-13 20:56:16,2026-01-13 21:25:16,52
6696,7218,95,2026-01-13 23:09:38,2026-01-13 23:45:38,2026-01-14 00:00:38,55
6697,7219,100,2026-01-26 17:26:42,2026-01-26 17:59:42,2026-01-26 18:14:42,52
6698,7220,67,2026-01-18 08:58:42,2026-01-18 09:22:42,2026-01-18 09:32:42,37
6699,7221,63,2026-01-04 21:05:07,2026-01-04 21:46:07,2026-01-04 22:06:07,63
6700,7222,119,2026-01-25 22:02:36,2026-01-25 22:40:36,2026-01-25 23:08:36,70
6701,7223,101,2026-01-03 21:35:44,2026-01-03 22:16:44,2026-01-03 22:47:44,74
6702,7224,10,2026-01-03 15:44:47,2026-01-03 16:06:47,2026-01-03 16:25:47,42
6703,7225,86,2026-01-19 22:19:45,2026-01-19 22:38:45,2026-01-19 23:09:45,52
6704,7227,93,2026-01-10 15:24:37,2026-01-10 15:48:37,2026-01-10 16:06:37,43
6705,7229,47,2026-01-17 12:06:57,2026-01-17 12:36:57,2026-01-17 12:55:57,50
6706,7230,21,2026-01-13 15:11:51,2026-01-13 15:39:51,2026-01-13 15:56:51,46
6707,7231,120,2026-01-04 14:50:43,2026-01-04 15:31:43,2026-01-04 16:01:43,73
6708,7232,32,2026-01-20 22:37:30,2026-01-20 22:56:30,2026-01-20 23:19:30,44
6709,7233,101,2026-01-27 22:29:02,2026-01-27 23:02:02,2026-01-27 23:26:02,60
6710,7234,101,2026-01-22 11:15:50,2026-01-22 11:35:50,2026-01-22 12:11:50,60
6711,7235,87,2026-01-20 20:24:36,2026-01-20 20:56:36,2026-01-20 21:19:36,59
6712,7236,98,2026-01-21 20:33:49,2026-01-21 21:12:49,2026-01-21 21:37:49,65
6713,7237,81,2026-01-06 14:54:44,2026-01-06 15:21:44,2026-01-06 15:37:44,45
6714,7238,114,2026-01-02 15:22:54,2026-01-02 15:46:54,2026-01-02 15:57:54,37
6715,7239,55,2026-01-06 14:47:32,2026-01-06 15:12:32,2026-01-06 15:38:32,53
6716,7240,14,2026-01-14 22:05:06,2026-01-14 22:44:06,2026-01-14 23:04:06,62
6717,7241,21,2026-01-31 13:42:53,2026-01-31 14:13:53,2026-01-31 14:46:53,66
6718,7242,37,2026-01-28 22:22:07,2026-01-28 22:52:07,2026-01-28 23:11:07,53
6719,7243,17,2026-01-20 14:41:41,2026-01-20 15:17:41,2026-01-20 15:42:41,63
6720,7244,71,2026-01-17 07:49:11,2026-01-17 08:09:11,2026-01-17 08:22:11,36
6721,7246,112,2026-01-14 00:24:58,2026-01-14 00:47:58,2026-01-14 00:59:58,38
6722,7247,81,2026-01-19 21:16:51,2026-01-19 21:44:51,2026-01-19 22:06:51,51
6723,7248,20,2026-01-11 02:35:51,2026-01-11 02:58:51,2026-01-11 03:13:51,40
6724,7249,8,2026-01-25 14:46:37,2026-01-25 15:11:37,2026-01-25 15:42:37,57
6725,7250,15,2026-01-20 15:03:54,2026-01-20 15:38:54,2026-01-20 15:51:54,52
6726,7251,79,2026-01-31 00:11:10,2026-01-31 00:34:10,2026-01-31 00:50:10,41
6727,7252,18,2026-01-20 22:21:32,2026-01-20 23:07:32,2026-01-20 23:32:32,74
6728,7253,7,2026-01-16 15:48:51,2026-01-16 16:28:51,2026-01-16 16:45:51,58
6729,7254,66,2026-01-26 12:20:44,2026-01-26 12:38:44,2026-01-26 12:58:44,40
6730,7255,43,2026-01-09 00:00:10,2026-01-09 00:26:10,2026-01-09 00:42:10,44
6731,7256,50,2026-01-16 15:52:07,2026-01-16 16:25:07,2026-01-16 16:53:07,62
6732,7257,54,2026-01-08 21:22:38,2026-01-08 21:52:38,2026-01-08 22:10:38,50
6733,7258,104,2026-01-01 14:52:09,2026-01-01 15:26:09,2026-01-01 15:52:09,62
6734,7259,118,2026-01-18 21:02:45,2026-01-18 21:32:45,2026-01-18 21:52:45,51
6735,7260,95,2026-01-28 22:51:09,2026-01-28 23:42:09,2026-01-29 00:12:09,82
6736,7261,29,2026-01-06 21:41:52,2026-01-06 22:13:52,2026-01-06 22:36:52,59
6737,7262,106,2026-01-02 12:26:55,2026-01-02 12:49:55,2026-01-02 13:06:55,42
6738,7263,95,2026-01-31 14:53:56,2026-01-31 15:31:56,2026-01-31 16:01:56,72
6739,7264,110,2026-01-29 13:09:12,2026-01-29 13:43:12,2026-01-29 14:09:12,63
6740,7265,101,2026-01-05 23:00:59,2026-01-05 23:37:59,2026-01-05 23:53:59,57
6741,7266,37,2026-01-18 13:10:09,2026-01-18 13:40:09,2026-01-18 14:17:09,70
6742,7267,80,2026-01-06 14:21:24,2026-01-06 14:52:24,2026-01-06 15:17:24,57
6743,7268,7,2026-01-26 20:27:48,2026-01-26 20:43:48,2026-01-26 21:01:48,37
6744,7269,54,2026-01-01 17:14:16,2026-01-01 17:42:16,2026-01-01 18:04:16,51
6745,7270,34,2026-01-03 20:11:29,2026-01-03 20:42:29,2026-01-03 21:04:29,56
6746,7271,76,2026-01-10 20:13:19,2026-01-10 20:34:19,2026-01-10 20:50:19,39
6747,7272,20,2026-01-12 15:39:47,2026-01-12 16:12:47,2026-01-12 16:26:47,48
6748,7273,79,2026-01-16 18:35:58,2026-01-16 18:53:58,2026-01-16 19:05:58,31
6749,7274,85,2026-01-30 02:01:52,2026-01-30 02:24:52,2026-01-30 02:40:52,43
6750,7275,43,2026-01-29 20:51:51,2026-01-29 21:12:51,2026-01-29 21:35:51,47
6751,7276,96,2026-01-27 21:48:40,2026-01-27 22:20:40,2026-01-27 22:41:40,56
6752,7277,35,2026-01-17 12:56:22,2026-01-17 13:24:22,2026-01-17 13:59:22,65
6753,7278,94,2026-01-09 11:23:17,2026-01-09 11:52:17,2026-01-09 12:07:17,48
6754,7279,59,2026-01-22 14:12:48,2026-01-22 14:38:48,2026-01-22 15:00:48,49
6755,7280,86,2026-01-26 18:37:57,2026-01-26 19:00:57,2026-01-26 19:20:57,44
6756,7281,78,2026-01-24 15:26:50,2026-01-24 15:50:50,2026-01-24 16:09:50,47
6757,7282,48,2026-01-16 12:19:08,2026-01-16 12:38:08,2026-01-16 13:03:08,46
6758,7283,99,2026-01-01 23:55:31,2026-01-02 00:30:31,2026-01-02 00:45:31,51
6759,7284,66,2026-01-03 08:09:35,2026-01-03 08:35:35,2026-01-03 08:54:35,46
6760,7285,86,2026-01-21 13:14:49,2026-01-21 13:45:49,2026-01-21 14:10:49,58
6761,7286,78,2026-01-27 23:33:25,2026-01-27 23:59:25,2026-01-28 00:11:25,39
6762,7287,102,2026-01-15 13:29:02,2026-01-15 13:54:02,2026-01-15 14:19:02,51
6763,7288,82,2026-01-19 09:30:45,2026-01-19 10:00:45,2026-01-19 10:21:45,53
6764,7289,23,2026-01-12 23:00:21,2026-01-12 23:35:21,2026-01-12 23:53:21,55
6765,7290,118,2026-01-16 22:45:08,2026-01-16 23:27:08,2026-01-16 23:44:08,60
6766,7291,29,2026-01-17 12:33:17,2026-01-17 13:04:17,2026-01-17 13:23:17,52
6767,7292,7,2026-01-23 05:51:30,2026-01-23 06:17:30,2026-01-23 06:42:30,53
6768,7293,43,2026-01-22 20:27:00,2026-01-22 21:08:00,2026-01-22 21:31:00,67
6769,7294,20,2026-01-18 17:56:46,2026-01-18 18:17:46,2026-01-18 18:33:46,38
6770,7295,1,2026-01-15 20:34:24,2026-01-15 21:00:24,2026-01-15 21:18:24,47
6771,7296,30,2026-01-03 22:57:13,2026-01-03 23:25:13,2026-01-03 23:49:13,55
6772,7297,57,2026-01-29 13:11:04,2026-01-29 13:46:04,2026-01-29 14:05:04,58
6773,7298,84,2026-01-06 12:47:02,2026-01-06 13:11:02,2026-01-06 13:32:02,47
6774,7299,10,2026-01-24 12:14:40,2026-01-24 12:40:40,2026-01-24 13:07:40,56
6775,7300,106,2026-01-22 13:46:21,2026-01-22 14:17:21,2026-01-22 14:37:21,53
6776,7301,37,2026-01-14 01:11:45,2026-01-14 01:42:45,2026-01-14 01:52:45,44
6777,7302,49,2026-01-25 12:08:44,2026-01-25 12:33:44,2026-01-25 12:58:44,51
6778,7303,52,2026-01-14 01:57:39,2026-01-14 02:21:39,2026-01-14 02:35:39,41
6779,7304,109,2026-01-18 13:26:41,2026-01-18 13:53:41,2026-01-18 14:10:41,48
6780,7305,77,2026-01-14 20:44:18,2026-01-14 21:08:18,2026-01-14 21:24:18,41
6781,7307,79,2026-01-16 00:51:34,2026-01-16 01:17:34,2026-01-16 01:34:34,44
6782,7308,103,2026-01-24 21:26:18,2026-01-24 21:59:18,2026-01-24 22:21:18,57
6783,7309,99,2026-01-08 13:18:17,2026-01-08 13:53:17,2026-01-08 14:12:17,56
6784,7310,117,2026-01-17 05:31:48,2026-01-17 05:53:48,2026-01-17 06:21:48,53
6785,7311,36,2026-01-23 21:33:35,2026-01-23 22:04:35,2026-01-23 22:27:35,57
6786,7312,19,2026-01-27 21:19:39,2026-01-27 21:41:39,2026-01-27 22:03:39,47
6787,7313,46,2026-01-11 04:50:18,2026-01-11 05:08:18,2026-01-11 05:25:18,36
6788,7314,77,2026-01-06 12:09:05,2026-01-06 12:33:05,2026-01-06 12:44:05,39
6789,7315,67,2026-01-01 13:07:02,2026-01-01 13:37:02,2026-01-01 14:00:02,56
6790,7316,53,2026-01-16 23:40:04,2026-01-17 00:20:04,2026-01-17 00:37:04,61
6791,7317,68,2026-01-06 16:41:52,2026-01-06 17:04:52,2026-01-06 17:20:52,41
6792,7318,77,2026-01-01 21:55:21,2026-01-01 22:29:21,2026-01-01 22:59:21,66
6793,7319,3,2026-01-06 20:02:07,2026-01-06 20:27:07,2026-01-06 20:48:07,47
6794,7320,24,2026-01-10 13:11:17,2026-01-10 13:51:17,2026-01-10 14:14:17,66
6795,7321,90,2026-01-17 23:30:49,2026-01-17 23:53:49,2026-01-18 00:15:49,46
6796,7322,106,2026-01-11 08:00:14,2026-01-11 08:22:14,2026-01-11 08:38:14,40
6797,7323,102,2026-01-02 02:35:40,2026-01-02 03:06:40,2026-01-02 03:26:40,53
6798,7324,36,2026-01-01 00:10:08,2026-01-01 00:31:08,2026-01-01 00:54:08,46
6799,7325,2,2026-01-06 21:17:20,2026-01-06 21:48:20,2026-01-06 22:10:20,55
6800,7326,79,2026-01-29 15:27:28,2026-01-29 15:58:28,2026-01-29 16:18:28,52
6801,7327,85,2026-01-27 13:25:47,2026-01-27 14:00:47,2026-01-27 14:23:47,59
6802,7328,17,2026-01-14 13:54:26,2026-01-14 14:24:26,2026-01-14 14:56:26,66
6803,7329,79,2026-01-03 20:27:54,2026-01-03 20:56:54,2026-01-03 21:17:54,52
6804,7330,12,2026-01-12 22:33:36,2026-01-12 22:57:36,2026-01-12 23:26:36,54
6805,7331,108,2026-01-07 15:47:15,2026-01-07 16:27:15,2026-01-07 16:47:15,61
6806,7332,72,2026-01-10 15:09:52,2026-01-10 15:28:52,2026-01-10 15:52:52,45
6807,7334,92,2026-01-01 21:41:05,2026-01-01 22:18:05,2026-01-01 22:44:05,67
6808,7335,60,2026-01-29 13:43:12,2026-01-29 14:07:12,2026-01-29 14:23:12,43
6809,7336,74,2026-01-07 13:58:23,2026-01-07 14:26:23,2026-01-07 14:54:23,59
6810,7337,85,2026-01-02 21:09:08,2026-01-02 21:40:08,2026-01-02 21:59:08,54
6811,7338,38,2026-01-13 23:29:41,2026-01-13 23:52:41,2026-01-14 00:16:41,48
6812,7339,29,2026-01-02 22:57:38,2026-01-02 23:37:38,2026-01-03 00:06:38,71
6813,7340,65,2026-01-01 20:05:22,2026-01-01 20:29:22,2026-01-01 20:54:22,52
6814,7341,89,2026-01-23 14:25:47,2026-01-23 14:56:47,2026-01-23 15:24:47,61
6815,7342,48,2026-01-24 01:37:54,2026-01-24 02:06:54,2026-01-24 02:31:54,58
6816,7343,97,2026-01-06 08:10:51,2026-01-06 08:31:51,2026-01-06 08:49:51,43
6817,7344,30,2026-01-14 08:34:42,2026-01-14 09:00:42,2026-01-14 09:22:42,50
6818,7345,2,2026-01-31 07:49:49,2026-01-31 08:24:49,2026-01-31 08:44:49,57
6819,7346,119,2026-01-09 12:04:50,2026-01-09 12:31:50,2026-01-09 12:43:50,42
6820,7347,99,2026-01-11 15:03:40,2026-01-11 15:41:40,2026-01-11 16:07:40,68
6821,7348,25,2026-01-05 13:44:52,2026-01-05 14:18:52,2026-01-05 14:47:52,67
6822,7349,11,2026-01-04 12:45:31,2026-01-04 13:11:31,2026-01-04 13:25:31,41
6823,7350,99,2026-01-09 15:48:57,2026-01-09 16:02:57,2026-01-09 16:21:57,36
6824,7351,11,2026-01-01 22:36:36,2026-01-01 23:01:36,2026-01-01 23:25:36,53
6825,7352,33,2026-01-03 22:05:59,2026-01-03 22:43:59,2026-01-03 23:05:59,63
6826,7353,95,2026-01-03 22:03:27,2026-01-03 22:33:27,2026-01-03 22:46:27,47
6827,7354,20,2026-01-08 07:13:13,2026-01-08 07:45:13,2026-01-08 07:55:13,44
6828,7355,7,2026-01-14 18:03:23,2026-01-14 18:25:23,2026-01-14 18:50:23,49
6829,7357,15,2026-01-01 16:39:19,2026-01-01 17:04:19,2026-01-01 17:19:19,44
6830,7358,106,2026-01-05 21:55:28,2026-01-05 22:25:28,2026-01-05 22:54:28,62
6831,7359,4,2026-01-26 13:28:11,2026-01-26 13:52:11,2026-01-26 14:14:11,49
6832,7360,59,2026-01-27 21:12:01,2026-01-27 21:39:01,2026-01-27 22:15:01,66
6833,7362,100,2026-01-14 14:57:24,2026-01-14 15:18:24,2026-01-14 15:47:24,51
6834,7364,60,2026-01-04 21:12:08,2026-01-04 21:47:08,2026-01-04 22:09:08,58
6835,7365,62,2026-01-16 21:27:06,2026-01-16 21:58:06,2026-01-16 22:17:06,54
6836,7366,70,2026-01-17 15:21:41,2026-01-17 15:47:41,2026-01-17 16:14:41,55
6837,7367,18,2026-01-03 14:53:37,2026-01-03 15:21:37,2026-01-03 15:53:37,63
6838,7368,19,2026-01-09 22:48:11,2026-01-09 23:21:11,2026-01-09 23:39:11,52
6839,7369,70,2026-01-07 19:37:08,2026-01-07 20:03:08,2026-01-07 20:25:08,52
6840,7370,104,2026-01-22 14:03:05,2026-01-22 14:37:05,2026-01-22 14:57:05,57
6841,7371,16,2026-01-23 14:21:36,2026-01-23 14:51:36,2026-01-23 15:14:36,56
6842,7372,78,2026-01-11 07:52:04,2026-01-11 08:13:04,2026-01-11 08:27:04,37
6843,7375,18,2026-01-26 00:56:04,2026-01-26 01:15:04,2026-01-26 01:32:04,39
6844,7376,31,2026-01-29 23:12:06,2026-01-29 23:46:06,2026-01-29 23:58:06,50
6845,7377,45,2026-01-11 20:02:59,2026-01-11 20:34:59,2026-01-11 20:45:59,44
6846,7378,20,2026-01-06 13:27:49,2026-01-06 14:07:49,2026-01-06 14:26:49,60
6847,7379,42,2026-01-05 21:09:49,2026-01-05 21:35:49,2026-01-05 22:00:49,54
6848,7380,36,2026-01-28 15:27:49,2026-01-28 15:39:49,2026-01-28 15:59:49,36
6849,7381,20,2026-01-22 20:50:00,2026-01-22 21:13:00,2026-01-22 21:24:00,36
6850,7382,30,2026-01-21 04:20:04,2026-01-21 04:38:04,2026-01-21 04:56:04,40
6851,7383,118,2026-01-26 01:46:51,2026-01-26 02:05:51,2026-01-26 02:25:51,42
6852,7384,81,2026-01-12 14:38:25,2026-01-12 15:00:25,2026-01-12 15:22:25,47
6853,7385,18,2026-01-31 23:22:28,2026-01-31 23:48:28,2026-01-31 23:59:28,41
6854,7386,35,2026-01-05 11:04:42,2026-01-05 11:26:42,2026-01-05 11:40:42,39
6855,7387,79,2026-01-30 22:11:48,2026-01-30 22:46:48,2026-01-30 23:18:48,70
6856,7388,79,2026-01-25 09:00:41,2026-01-25 09:38:41,2026-01-25 09:50:41,53
6857,7389,84,2026-01-07 14:33:27,2026-01-07 14:57:27,2026-01-07 15:23:27,54
6858,7390,41,2026-01-20 11:05:17,2026-01-20 11:35:17,2026-01-20 12:00:17,56
6859,7392,64,2026-01-10 11:24:53,2026-01-10 11:44:53,2026-01-10 12:08:53,45
6860,7393,51,2026-01-19 09:20:40,2026-01-19 09:47:40,2026-01-19 10:10:40,53
6861,7394,78,2026-01-07 17:56:20,2026-01-07 18:19:20,2026-01-07 18:42:20,48
6862,7395,20,2026-01-16 11:22:47,2026-01-16 11:48:47,2026-01-16 12:11:47,52
6863,7396,106,2026-01-14 15:18:01,2026-01-14 15:36:01,2026-01-14 16:01:01,46
6864,7397,55,2026-01-01 13:40:23,2026-01-01 14:14:23,2026-01-01 14:49:23,71
6865,7398,36,2026-01-23 12:58:08,2026-01-23 13:26:08,2026-01-23 13:46:08,50
6866,7399,44,2026-01-19 10:51:58,2026-01-19 11:15:58,2026-01-19 11:28:58,39
6867,7400,93,2026-01-24 21:19:03,2026-01-24 21:57:03,2026-01-24 22:19:03,63
6868,7401,42,2026-01-15 01:39:25,2026-01-15 02:11:25,2026-01-15 02:35:25,58
6869,7402,70,2026-01-24 18:24:33,2026-01-24 18:40:33,2026-01-24 18:57:33,34
6870,7403,37,2026-01-26 23:38:04,2026-01-27 00:07:04,2026-01-27 00:31:04,54
6871,7404,78,2026-01-09 14:32:28,2026-01-09 15:06:28,2026-01-09 15:24:28,55
6872,7405,8,2026-01-26 01:47:16,2026-01-26 02:22:16,2026-01-26 02:33:16,50
6873,7406,62,2026-01-15 23:51:43,2026-01-16 00:09:43,2026-01-16 00:28:43,41
6874,7407,38,2026-01-23 12:02:09,2026-01-23 12:26:09,2026-01-23 12:46:09,45
6875,7408,102,2026-01-28 14:13:07,2026-01-28 14:46:07,2026-01-28 15:09:07,60
6876,7409,119,2026-01-06 21:28:45,2026-01-06 22:01:45,2026-01-06 22:24:45,59
6877,7410,34,2026-01-22 04:26:31,2026-01-22 04:45:31,2026-01-22 05:02:31,40
6878,7412,20,2026-01-08 06:03:45,2026-01-08 06:43:45,2026-01-08 07:12:45,70
6879,7413,102,2026-01-12 22:28:14,2026-01-12 22:49:14,2026-01-12 23:11:14,47
6880,7414,62,2026-01-12 00:00:59,2026-01-12 00:27:59,2026-01-12 00:46:59,48
6881,7415,98,2026-01-26 14:24:16,2026-01-26 14:46:16,2026-01-26 15:12:16,51
6882,7416,91,2026-01-15 20:31:51,2026-01-15 20:52:51,2026-01-15 21:06:51,38
6883,7417,89,2026-01-30 23:53:30,2026-01-31 00:22:30,2026-01-31 00:42:30,51
6884,7418,71,2026-01-12 13:33:45,2026-01-12 14:17:45,2026-01-12 14:37:45,67
6885,7419,79,2026-01-11 14:48:29,2026-01-11 15:17:29,2026-01-11 15:36:29,50
6886,7420,8,2026-01-08 08:33:08,2026-01-08 09:09:08,2026-01-08 09:38:08,66
6887,7421,71,2026-01-02 11:07:01,2026-01-02 11:36:01,2026-01-02 12:00:01,55
6888,7422,116,2026-01-07 14:37:38,2026-01-07 15:18:38,2026-01-07 15:36:38,60
6889,7423,25,2026-01-05 22:57:20,2026-01-05 23:24:20,2026-01-05 23:54:20,60
6890,7424,34,2026-01-18 14:40:55,2026-01-18 15:11:55,2026-01-18 15:31:55,54
6891,7426,76,2026-01-27 15:57:27,2026-01-27 16:25:27,2026-01-27 16:41:27,45
6892,7427,54,2026-01-07 21:59:38,2026-01-07 22:28:38,2026-01-07 22:49:38,54
6893,7428,37,2026-01-21 13:13:59,2026-01-21 13:35:59,2026-01-21 13:58:59,47
6894,7429,42,2026-01-16 02:42:48,2026-01-16 03:01:48,2026-01-16 03:21:48,41
6895,7430,62,2026-01-29 12:31:31,2026-01-29 13:00:31,2026-01-29 13:13:31,46
6896,7431,65,2026-01-07 13:24:28,2026-01-07 14:11:28,2026-01-07 14:40:28,77
6897,7432,113,2026-01-28 22:04:28,2026-01-28 22:39:28,2026-01-28 22:59:28,56
6898,7433,114,2026-01-22 03:10:01,2026-01-22 03:35:01,2026-01-22 03:50:01,41
6899,7434,43,2026-01-30 15:58:01,2026-01-30 16:17:01,2026-01-30 16:38:01,41
6900,7435,82,2026-01-30 22:15:25,2026-01-30 22:34:25,2026-01-30 23:03:25,51
6901,7436,69,2026-01-31 14:46:45,2026-01-31 15:28:45,2026-01-31 15:54:45,71
6902,7437,97,2026-01-21 09:17:54,2026-01-21 09:39:54,2026-01-21 09:52:54,37
6903,7438,99,2026-01-22 06:28:05,2026-01-22 06:49:05,2026-01-22 07:04:05,38
6904,7439,16,2026-01-27 06:13:02,2026-01-27 06:43:02,2026-01-27 06:55:02,44
6905,7440,18,2026-01-18 14:10:23,2026-01-18 14:50:23,2026-01-18 15:15:23,67
6906,7441,77,2026-01-16 22:03:56,2026-01-16 22:41:56,2026-01-16 23:07:56,68
6907,7443,113,2026-01-27 03:46:50,2026-01-27 04:04:50,2026-01-27 04:27:50,43
6908,7445,35,2026-01-18 13:46:22,2026-01-18 14:34:22,2026-01-18 15:03:22,80
6909,7446,21,2026-01-19 13:20:07,2026-01-19 13:54:07,2026-01-19 14:14:07,55
6910,7447,120,2026-01-26 21:19:05,2026-01-26 21:47:05,2026-01-26 22:14:05,56
6911,7448,42,2026-01-02 21:44:23,2026-01-02 22:17:23,2026-01-02 22:32:23,49
6912,7450,99,2026-01-09 15:45:05,2026-01-09 16:01:05,2026-01-09 16:15:05,31
6913,7451,49,2026-01-12 23:10:09,2026-01-12 23:29:09,2026-01-12 23:51:09,44
6914,7452,49,2026-01-23 13:54:07,2026-01-23 14:32:07,2026-01-23 15:01:07,68
6915,7453,37,2026-01-23 20:12:09,2026-01-23 20:43:09,2026-01-23 20:59:09,49
6916,7454,101,2026-01-26 22:06:48,2026-01-26 22:33:48,2026-01-26 22:54:48,52
6917,7455,79,2026-01-27 22:10:27,2026-01-27 22:36:27,2026-01-27 23:05:27,56
6918,7456,113,2026-01-01 15:29:13,2026-01-01 15:43:13,2026-01-01 16:04:13,36
6919,7457,112,2026-01-30 13:51:44,2026-01-30 14:24:44,2026-01-30 14:47:44,58
6920,7458,83,2026-01-24 19:19:37,2026-01-24 19:41:37,2026-01-24 20:00:37,42
6921,7459,35,2026-01-08 22:28:55,2026-01-08 23:03:55,2026-01-08 23:23:55,58
6922,7460,75,2026-01-21 10:56:17,2026-01-21 11:19:17,2026-01-21 11:36:17,44
6923,7461,85,2026-01-21 14:28:32,2026-01-21 15:05:32,2026-01-21 15:27:32,63
6924,7462,99,2026-01-14 13:37:57,2026-01-14 14:03:57,2026-01-14 14:24:57,51
6925,7463,55,2026-01-26 15:27:05,2026-01-26 15:49:05,2026-01-26 16:12:05,46
6926,7464,5,2026-01-09 13:38:06,2026-01-09 14:02:06,2026-01-09 14:22:06,45
6927,7465,31,2026-01-05 21:01:46,2026-01-05 21:34:46,2026-01-05 21:52:46,52
6928,7466,17,2026-01-19 12:22:14,2026-01-19 12:42:14,2026-01-19 13:12:14,53
6929,7467,85,2026-01-11 19:22:20,2026-01-11 19:51:20,2026-01-11 20:06:20,46
6930,7468,75,2026-01-17 19:33:07,2026-01-17 19:54:07,2026-01-17 20:08:07,39
6931,7469,18,2026-01-27 03:19:03,2026-01-27 03:38:03,2026-01-27 03:58:03,41
6932,7470,108,2026-01-24 17:17:30,2026-01-24 17:44:30,2026-01-24 18:00:30,44
6933,7471,7,2026-01-21 13:24:50,2026-01-21 13:53:50,2026-01-21 14:22:50,61
6934,7472,94,2026-01-04 13:39:00,2026-01-04 14:15:00,2026-01-04 14:41:00,65
6935,7473,45,2026-01-22 21:21:03,2026-01-22 21:49:03,2026-01-22 22:11:03,51
6936,7474,1,2026-01-31 14:08:21,2026-01-31 14:48:21,2026-01-31 15:00:21,53
6937,7475,44,2026-01-06 12:43:14,2026-01-06 13:08:14,2026-01-06 13:24:14,43
6938,7476,104,2026-01-06 20:18:17,2026-01-06 20:47:17,2026-01-06 21:00:17,44
6939,7477,15,2026-01-22 13:48:55,2026-01-22 14:24:55,2026-01-22 14:54:55,68
6940,7478,13,2026-01-22 12:30:47,2026-01-22 12:58:47,2026-01-22 13:22:47,55
6941,7479,63,2026-01-23 00:20:26,2026-01-23 00:38:26,2026-01-23 00:57:26,40
6942,7480,108,2026-01-08 07:48:57,2026-01-08 08:04:57,2026-01-08 08:23:57,39
6943,7481,6,2026-01-20 13:15:14,2026-01-20 13:52:14,2026-01-20 14:22:14,69
6944,7482,15,2026-01-25 13:16:26,2026-01-25 13:46:26,2026-01-25 14:10:26,57
6945,7483,74,2026-01-31 20:39:23,2026-01-31 21:04:23,2026-01-31 21:26:23,49
6946,7484,83,2026-01-31 23:48:57,2026-02-01 00:14:57,2026-02-01 00:31:57,44
6947,7485,27,2026-01-31 12:30:05,2026-01-31 12:55:05,2026-01-31 13:15:05,46
6948,7487,78,2026-01-21 13:37:15,2026-01-21 14:13:15,2026-01-21 14:35:15,62
6949,7488,70,2026-01-30 02:12:00,2026-01-30 02:29:00,2026-01-30 02:50:00,41
6950,7489,1,2026-01-14 21:30:42,2026-01-14 21:59:42,2026-01-14 22:18:42,52
6951,7490,120,2026-01-04 20:59:09,2026-01-04 21:30:09,2026-01-04 21:51:09,56
6952,7491,41,2026-01-01 20:14:41,2026-01-01 20:36:41,2026-01-01 20:57:41,47
6953,7492,17,2026-01-31 14:41:14,2026-01-31 15:16:14,2026-01-31 15:38:14,60
6954,7493,36,2026-01-23 08:39:50,2026-01-23 09:13:50,2026-01-23 09:33:50,56
6955,7494,2,2026-01-09 23:45:45,2026-01-10 00:10:45,2026-01-10 00:24:45,41
6956,7495,37,2026-01-01 15:38:56,2026-01-01 15:58:56,2026-01-01 16:20:56,44
6957,7496,9,2026-01-15 21:26:35,2026-01-15 21:50:35,2026-01-15 22:16:35,51
6958,7497,79,2026-01-25 16:26:30,2026-01-25 16:49:30,2026-01-25 17:11:30,46
6959,7498,114,2026-01-24 15:43:11,2026-01-24 15:58:11,2026-01-24 16:16:11,34
6960,7499,112,2026-01-03 14:23:17,2026-01-03 14:53:17,2026-01-03 15:09:17,50
6961,7501,49,2026-01-28 14:49:32,2026-01-28 15:29:32,2026-01-28 15:45:32,57
6962,7502,47,2026-01-27 22:05:00,2026-01-27 22:41:00,2026-01-27 23:10:00,68
6963,7503,17,2026-01-03 13:59:32,2026-01-03 14:38:32,2026-01-03 15:08:32,70
6964,7505,119,2026-01-24 14:37:13,2026-01-24 15:04:13,2026-01-24 15:26:13,53
6965,7507,45,2026-01-09 14:23:24,2026-01-09 14:58:24,2026-01-09 15:21:24,59
6966,7508,74,2026-01-05 23:35:25,2026-01-05 23:57:25,2026-01-06 00:13:25,41
6967,7509,112,2026-01-04 13:07:27,2026-01-04 13:37:27,2026-01-04 13:56:27,50
6968,7511,14,2026-01-22 14:21:33,2026-01-22 14:49:33,2026-01-22 15:06:33,49
6969,7512,67,2026-01-23 07:06:11,2026-01-23 07:29:11,2026-01-23 07:49:11,44
6970,7513,101,2026-01-20 21:50:52,2026-01-20 22:16:52,2026-01-20 22:43:52,55
6971,7514,1,2026-01-31 23:28:54,2026-01-31 23:54:54,2026-02-01 00:13:54,49
6972,7515,55,2026-01-29 16:02:26,2026-01-29 16:28:26,2026-01-29 16:39:26,38
6973,7516,18,2026-01-08 13:04:25,2026-01-08 13:34:25,2026-01-08 14:03:25,63
6974,7517,100,2026-01-18 00:16:56,2026-01-18 00:42:56,2026-01-18 01:07:56,55
6975,7518,117,2026-01-18 13:41:59,2026-01-18 14:15:59,2026-01-18 14:41:59,63
6976,7519,119,2026-01-24 10:45:48,2026-01-24 11:06:48,2026-01-24 11:23:48,41
6977,7520,1,2026-01-10 15:01:16,2026-01-10 15:35:16,2026-01-10 15:58:16,58
6978,7521,19,2026-01-15 14:19:42,2026-01-15 14:50:42,2026-01-15 15:16:42,60
6979,7522,98,2026-01-19 01:11:08,2026-01-19 01:40:08,2026-01-19 01:57:08,49
6980,7523,40,2026-01-19 21:21:11,2026-01-19 21:53:11,2026-01-19 22:16:11,57
6981,7524,39,2026-01-03 21:14:32,2026-01-03 21:47:32,2026-01-03 22:08:32,57
6982,7525,75,2026-01-28 14:04:44,2026-01-28 14:32:44,2026-01-28 14:54:44,53
6983,7526,90,2026-01-07 21:52:30,2026-01-07 22:25:30,2026-01-07 22:46:30,55
6984,7527,81,2026-01-29 11:04:07,2026-01-29 11:19:07,2026-01-29 11:33:07,30
6985,7528,72,2026-01-09 09:20:59,2026-01-09 09:43:59,2026-01-09 10:00:59,41
6986,7529,24,2026-01-08 01:21:04,2026-01-08 01:41:04,2026-01-08 01:59:04,39
6987,7530,49,2026-01-17 21:51:10,2026-01-17 22:27:10,2026-01-17 22:53:10,65
6988,7531,38,2026-01-09 13:23:43,2026-01-09 13:45:43,2026-01-09 14:10:43,48
6989,7532,63,2026-01-18 15:18:45,2026-01-18 15:48:45,2026-01-18 16:03:45,47
6990,7533,40,2026-01-12 14:30:54,2026-01-12 15:07:54,2026-01-12 15:32:54,64
6991,7534,108,2026-01-06 21:37:14,2026-01-06 22:12:14,2026-01-06 22:24:14,51
6992,7536,21,2026-01-29 02:55:44,2026-01-29 03:30:44,2026-01-29 03:48:44,57
6993,7537,47,2026-01-24 13:14:53,2026-01-24 13:51:53,2026-01-24 14:08:53,58
6994,7538,61,2026-01-25 14:02:55,2026-01-25 14:27:55,2026-01-25 14:45:55,46
6995,7539,81,2026-01-28 10:46:23,2026-01-28 11:13:23,2026-01-28 11:39:23,54
6996,7540,20,2026-01-31 13:31:02,2026-01-31 14:01:02,2026-01-31 14:27:02,60
6997,7541,85,2026-01-12 12:04:25,2026-01-12 12:19:25,2026-01-12 12:35:25,35
6998,7542,9,2026-01-03 13:19:43,2026-01-03 13:56:43,2026-01-03 14:16:43,58
6999,7543,119,2026-01-06 15:12:02,2026-01-06 15:42:02,2026-01-06 16:00:02,49
7000,7545,90,2026-01-02 13:12:13,2026-01-02 13:44:13,2026-01-02 14:08:13,58
7001,7546,25,2026-01-26 15:41:05,2026-01-26 16:04:05,2026-01-26 16:26:05,48
7002,7547,29,2026-01-26 22:41:09,2026-01-26 23:14:09,2026-01-26 23:35:09,56
7003,7548,22,2026-01-05 14:06:43,2026-01-05 14:36:43,2026-01-05 14:53:43,48
7004,7549,33,2026-01-13 14:40:52,2026-01-13 15:07:52,2026-01-13 15:25:52,47
7005,7550,5,2026-01-01 13:00:21,2026-01-01 13:14:21,2026-01-01 13:24:21,25
7006,7551,101,2026-01-11 00:24:09,2026-01-11 00:51:09,2026-01-11 01:04:09,41
7007,7552,79,2026-01-18 18:58:15,2026-01-18 19:35:15,2026-01-18 19:56:15,62
7008,7553,118,2026-01-22 15:14:00,2026-01-22 15:36:00,2026-01-22 15:53:00,43
7009,7554,109,2026-01-06 13:22:51,2026-01-06 14:02:51,2026-01-06 14:26:51,65
7010,7555,53,2026-01-07 09:28:52,2026-01-07 09:54:52,2026-01-07 10:14:52,49
7011,7556,37,2026-01-03 16:02:41,2026-01-03 16:30:41,2026-01-03 16:52:41,53
7012,7557,30,2026-01-25 12:05:55,2026-01-25 12:25:55,2026-01-25 12:49:55,46
7013,7558,55,2026-01-22 12:35:43,2026-01-22 13:04:43,2026-01-22 13:30:43,57
7014,7559,18,2026-01-26 15:02:12,2026-01-26 15:34:12,2026-01-26 15:55:12,56
7015,7560,52,2026-01-16 10:15:29,2026-01-16 10:36:29,2026-01-16 11:01:29,50
7016,7561,11,2026-01-15 23:46:23,2026-01-16 00:08:23,2026-01-16 00:27:23,43
7017,7562,60,2026-01-06 22:41:24,2026-01-06 23:15:24,2026-01-06 23:40:24,60
7018,7563,65,2026-01-24 04:01:42,2026-01-24 04:25:42,2026-01-24 04:47:42,47
7019,7565,87,2026-01-19 16:29:02,2026-01-19 16:53:02,2026-01-19 17:14:02,46
7020,7566,6,2026-01-03 20:59:04,2026-01-03 21:39:04,2026-01-03 22:00:04,65
7021,7567,100,2026-01-01 22:32:09,2026-01-01 22:59:09,2026-01-01 23:26:09,55
7022,7568,30,2026-01-29 13:48:22,2026-01-29 14:11:22,2026-01-29 14:28:22,42
7023,7569,35,2026-01-10 15:16:24,2026-01-10 15:33:24,2026-01-10 15:45:24,33
7024,7571,11,2026-01-31 23:51:25,2026-02-01 00:08:25,2026-02-01 00:22:25,35
7025,7572,46,2026-01-01 10:05:34,2026-01-01 10:26:34,2026-01-01 10:46:34,42
7026,7573,115,2026-01-12 22:22:44,2026-01-12 22:48:44,2026-01-12 23:21:44,62
7027,7574,72,2026-01-26 13:42:29,2026-01-26 14:14:29,2026-01-26 14:31:29,53
7028,7575,74,2026-01-14 12:08:52,2026-01-14 12:27:52,2026-01-14 12:41:52,35
7029,7576,27,2026-01-07 14:34:37,2026-01-07 14:57:37,2026-01-07 15:24:37,52
7030,7577,30,2026-01-04 20:05:41,2026-01-04 20:33:41,2026-01-04 20:50:41,46
7031,7578,21,2026-01-30 14:34:14,2026-01-30 15:00:14,2026-01-30 15:25:14,52
7032,7579,27,2026-01-30 12:46:23,2026-01-30 13:12:23,2026-01-30 13:40:23,55
7033,7580,45,2026-01-29 21:55:16,2026-01-29 22:28:16,2026-01-29 22:50:16,57
7034,7581,51,2026-01-26 21:53:58,2026-01-26 22:29:58,2026-01-26 22:45:58,54
7035,7582,26,2026-01-27 06:32:12,2026-01-27 06:49:12,2026-01-27 07:13:12,42
7036,7583,49,2026-01-20 13:52:59,2026-01-20 14:20:59,2026-01-20 14:46:59,58
7037,7584,54,2026-01-08 05:37:19,2026-01-08 06:07:19,2026-01-08 06:18:19,42
7038,7585,104,2026-01-07 20:35:19,2026-01-07 21:03:19,2026-01-07 21:21:19,50
7039,7586,26,2026-01-11 03:20:28,2026-01-11 03:48:28,2026-01-11 04:02:28,45
7040,7587,60,2026-01-27 22:47:18,2026-01-27 23:22:18,2026-01-27 23:50:18,64
7041,7588,77,2026-01-30 14:48:16,2026-01-30 15:14:16,2026-01-30 15:44:16,58
7042,7589,64,2026-01-28 06:56:38,2026-01-28 07:30:38,2026-01-28 07:48:38,56
7043,7590,60,2026-01-19 21:51:13,2026-01-19 22:18:13,2026-01-19 22:42:13,52
7044,7591,62,2026-01-14 22:21:53,2026-01-14 22:44:53,2026-01-14 23:02:53,44
7045,7592,62,2026-01-27 17:07:02,2026-01-27 17:30:02,2026-01-27 17:47:02,44
7046,7594,105,2026-01-07 22:18:52,2026-01-07 23:02:52,2026-01-07 23:20:52,64
7047,7595,13,2026-01-01 14:25:05,2026-01-01 15:03:05,2026-01-01 15:30:05,66
7048,7596,96,2026-01-07 13:57:44,2026-01-07 14:26:44,2026-01-07 14:44:44,48
7049,7597,7,2026-01-13 02:41:35,2026-01-13 03:01:35,2026-01-13 03:18:35,40
7050,7598,81,2026-01-26 09:15:55,2026-01-26 09:50:55,2026-01-26 10:11:55,59
7051,7599,120,2026-01-02 07:36:09,2026-01-02 07:59:09,2026-01-02 08:17:09,43
7052,7600,13,2026-01-24 13:54:51,2026-01-24 14:17:51,2026-01-24 14:55:51,63
7053,7601,48,2026-01-17 17:33:56,2026-01-17 18:00:56,2026-01-17 18:15:56,43
7054,7602,82,2026-01-04 09:51:28,2026-01-04 10:16:28,2026-01-04 10:41:28,54
7055,7603,24,2026-01-07 12:48:08,2026-01-07 13:16:08,2026-01-07 13:40:08,55
7056,7604,117,2026-01-25 15:23:18,2026-01-25 15:46:18,2026-01-25 16:06:18,47
7057,7605,59,2026-01-01 14:40:06,2026-01-01 15:11:06,2026-01-01 15:30:06,51
7058,7606,53,2026-01-22 22:19:46,2026-01-22 22:52:46,2026-01-22 23:07:46,51
7059,7607,54,2026-01-27 12:58:14,2026-01-27 13:25:14,2026-01-27 13:49:14,53
7060,7608,107,2026-01-27 15:44:15,2026-01-27 16:10:15,2026-01-27 16:34:15,51
7061,7609,81,2026-01-23 12:37:49,2026-01-23 12:59:49,2026-01-23 13:18:49,43
7062,7610,20,2026-01-03 06:11:28,2026-01-03 06:43:28,2026-01-03 07:08:28,61
7063,7611,4,2026-01-16 06:38:23,2026-01-16 07:02:23,2026-01-16 07:27:23,50
7064,7612,98,2026-01-15 15:13:54,2026-01-15 15:33:54,2026-01-15 15:49:54,38
7065,7613,89,2026-01-30 21:50:12,2026-01-30 22:29:12,2026-01-30 23:04:12,77
7066,7614,93,2026-01-08 23:35:04,2026-01-09 00:10:04,2026-01-09 00:21:04,50
7067,7615,24,2026-01-22 13:54:19,2026-01-22 14:25:19,2026-01-22 14:55:19,62
7068,7616,81,2026-01-31 23:04:50,2026-01-31 23:30:50,2026-01-31 23:44:50,43
7069,7617,33,2026-01-17 20:12:51,2026-01-17 20:27:51,2026-01-17 20:51:51,41
7070,7618,49,2026-01-28 16:47:17,2026-01-28 17:16:17,2026-01-28 17:31:17,46
7071,7619,30,2026-01-07 21:28:44,2026-01-07 22:04:44,2026-01-07 22:22:44,55
7072,7620,42,2026-01-24 20:52:38,2026-01-24 21:16:38,2026-01-24 21:31:38,43
7073,7621,64,2026-01-26 16:27:35,2026-01-26 16:50:35,2026-01-26 17:17:35,54
7074,7622,54,2026-01-14 04:46:19,2026-01-14 05:08:19,2026-01-14 05:23:19,40
7075,7623,117,2026-01-27 14:32:00,2026-01-27 15:01:00,2026-01-27 15:35:00,67
7076,7624,114,2026-01-03 17:07:02,2026-01-03 17:41:02,2026-01-03 17:54:02,48
7077,7625,21,2026-01-12 13:32:59,2026-01-12 13:55:59,2026-01-12 14:20:59,51
7078,7626,44,2026-01-29 01:54:38,2026-01-29 02:14:38,2026-01-29 02:28:38,38
7079,7627,50,2026-01-16 21:46:03,2026-01-16 22:15:03,2026-01-16 22:48:03,66
7080,7628,23,2026-01-01 21:19:37,2026-01-01 21:58:37,2026-01-01 22:22:37,64
7081,7629,94,2026-01-02 16:31:36,2026-01-02 16:52:36,2026-01-02 17:10:36,43
7082,7630,101,2026-01-22 21:20:46,2026-01-22 21:48:46,2026-01-22 22:09:46,50
7083,7631,43,2026-01-05 22:08:41,2026-01-05 22:47:41,2026-01-05 23:12:41,66
7084,7633,96,2026-01-10 00:36:39,2026-01-10 01:01:39,2026-01-10 01:16:39,43
7085,7634,12,2026-01-22 23:23:45,2026-01-22 23:44:45,2026-01-23 00:00:45,40
7086,7635,23,2026-01-15 05:04:56,2026-01-15 05:31:56,2026-01-15 05:42:56,40
7087,7636,99,2026-01-09 13:20:44,2026-01-09 13:54:44,2026-01-09 14:08:44,50
7088,7637,20,2026-01-25 22:41:44,2026-01-25 23:21:44,2026-01-25 23:53:44,73
7089,7638,33,2026-01-15 13:57:00,2026-01-15 14:32:00,2026-01-15 14:55:00,61
7090,7639,6,2026-01-23 18:03:58,2026-01-23 18:29:58,2026-01-23 18:50:58,50
7091,7640,81,2026-01-30 13:42:20,2026-01-30 14:03:20,2026-01-30 14:27:20,47
7092,7641,106,2026-01-24 21:21:55,2026-01-24 21:52:55,2026-01-24 22:17:55,57
7093,7642,12,2026-01-08 13:50:34,2026-01-08 14:18:34,2026-01-08 14:55:34,67
7094,7643,52,2026-01-01 06:59:24,2026-01-01 07:36:24,2026-01-01 07:59:24,64
7095,7644,39,2026-01-29 15:56:11,2026-01-29 16:28:11,2026-01-29 16:40:11,48
7096,7645,31,2026-01-12 12:07:55,2026-01-12 12:39:55,2026-01-12 12:50:55,44
7097,7646,78,2026-01-14 14:29:44,2026-01-14 15:08:44,2026-01-14 15:34:44,69
7098,7647,78,2026-01-01 00:30:53,2026-01-01 00:49:53,2026-01-01 01:01:53,33
7099,7648,19,2026-01-05 13:20:39,2026-01-05 13:54:39,2026-01-05 14:24:39,68
7100,7649,103,2026-01-31 23:07:33,2026-01-31 23:33:33,2026-01-31 23:56:33,50
7101,7650,105,2026-01-14 19:49:27,2026-01-14 20:18:27,2026-01-14 20:36:27,49
7102,7651,109,2026-01-30 21:18:10,2026-01-30 21:41:10,2026-01-30 21:59:10,43
7103,7652,74,2026-01-14 23:11:52,2026-01-14 23:40:52,2026-01-15 00:05:52,56
7104,7654,72,2026-01-18 21:45:16,2026-01-18 22:10:16,2026-01-18 22:39:16,58
7105,7655,110,2026-01-20 13:28:33,2026-01-20 13:57:33,2026-01-20 14:22:33,55
7106,7656,11,2026-01-24 14:15:54,2026-01-24 15:03:54,2026-01-24 15:26:54,75
7107,7657,35,2026-01-02 11:45:35,2026-01-02 12:12:35,2026-01-02 12:30:35,46
7108,7658,24,2026-01-21 13:35:58,2026-01-21 14:06:58,2026-01-21 14:20:58,49
7109,7659,55,2026-01-13 08:12:04,2026-01-13 08:36:04,2026-01-13 08:54:04,44
7110,7660,47,2026-01-11 11:00:06,2026-01-11 11:16:06,2026-01-11 11:31:06,32
7111,7661,14,2026-01-06 03:36:41,2026-01-06 04:00:41,2026-01-06 04:15:41,43
7112,7662,99,2026-01-11 22:52:16,2026-01-11 23:25:16,2026-01-11 23:46:16,56
7113,7663,39,2026-01-03 23:34:10,2026-01-03 23:55:10,2026-01-04 00:13:10,40
7114,7664,105,2026-01-22 22:24:19,2026-01-22 23:03:19,2026-01-22 23:31:19,68
7115,7665,61,2026-01-07 09:30:37,2026-01-07 09:47:37,2026-01-07 10:10:37,41
7116,7666,79,2026-01-17 12:45:16,2026-01-17 13:21:16,2026-01-17 13:33:16,50
7117,7667,63,2026-01-26 13:30:28,2026-01-26 13:56:28,2026-01-26 14:21:28,53
7118,7668,24,2026-01-13 21:48:27,2026-01-13 22:30:27,2026-01-13 22:57:27,73
7119,7669,118,2026-01-12 19:31:26,2026-01-12 19:50:26,2026-01-12 20:03:26,36
7120,7670,77,2026-01-27 13:30:50,2026-01-27 14:02:50,2026-01-27 14:31:50,63
7121,7671,94,2026-01-19 15:02:22,2026-01-19 15:24:22,2026-01-19 15:45:22,46
7122,7672,59,2026-01-13 13:21:28,2026-01-13 13:49:28,2026-01-13 14:04:28,46
7123,7673,106,2026-01-27 22:57:20,2026-01-27 23:30:20,2026-01-27 23:51:20,56
7124,7674,77,2026-01-10 01:10:20,2026-01-10 01:40:20,2026-01-10 01:58:20,50
7125,7675,46,2026-01-09 10:40:13,2026-01-09 11:01:13,2026-01-09 11:14:13,38
7126,7676,95,2026-01-22 21:23:03,2026-01-22 21:49:03,2026-01-22 22:13:03,53
7127,7677,96,2026-01-02 22:47:31,2026-01-02 23:22:31,2026-01-02 23:43:31,59
7128,7678,57,2026-01-19 23:38:26,2026-01-19 23:56:26,2026-01-20 00:15:26,40
7129,7679,116,2026-01-29 13:49:50,2026-01-29 14:31:50,2026-01-29 14:50:50,65
7130,7680,5,2026-01-11 22:20:00,2026-01-11 22:52:00,2026-01-11 23:16:00,57
7131,7681,63,2026-01-22 21:34:18,2026-01-22 22:07:18,2026-01-22 22:32:18,62
7132,7682,14,2026-01-14 20:14:31,2026-01-14 20:32:31,2026-01-14 20:56:31,45
7133,7683,77,2026-01-09 22:34:27,2026-01-09 23:06:27,2026-01-09 23:37:27,66
7134,7684,116,2026-01-25 20:56:19,2026-01-25 21:20:19,2026-01-25 21:41:19,46
7135,7685,80,2026-01-03 21:29:12,2026-01-03 22:06:12,2026-01-03 22:32:12,66
7136,7686,104,2026-01-18 21:42:08,2026-01-18 22:12:08,2026-01-18 22:31:08,53
7137,7687,21,2026-02-01 00:00:10,2026-02-01 00:34:10,2026-02-01 00:54:10,56
7138,7688,85,2026-01-11 21:57:50,2026-01-11 22:42:50,2026-01-11 23:00:50,64
7139,7689,44,2026-01-17 23:00:07,2026-01-17 23:28:07,2026-01-17 23:54:07,57
7140,7690,95,2026-01-06 12:43:20,2026-01-06 13:12:20,2026-01-06 13:35:20,53
7141,7691,73,2026-01-02 05:55:36,2026-01-02 06:17:36,2026-01-02 06:35:36,43
7142,7692,117,2026-01-10 06:08:40,2026-01-10 06:31:40,2026-01-10 06:47:40,40
7143,7693,78,2026-01-08 13:38:54,2026-01-08 14:12:54,2026-01-08 14:30:54,54
7144,7694,60,2026-01-03 02:22:10,2026-01-03 02:41:10,2026-01-03 03:21:10,60
7145,7695,95,2026-01-26 13:53:36,2026-01-26 14:32:36,2026-01-26 14:49:36,57
7146,7696,75,2026-01-22 14:55:53,2026-01-22 15:22:53,2026-01-22 15:44:53,51
7147,7697,26,2026-01-30 14:33:17,2026-01-30 15:03:17,2026-01-30 15:37:17,65
7148,7698,108,2026-01-04 00:42:05,2026-01-04 01:23:05,2026-01-04 01:46:05,66
7149,7699,101,2026-01-28 23:44:55,2026-01-29 00:09:55,2026-01-29 00:19:55,36
7150,7700,57,2026-01-20 20:37:40,2026-01-20 20:53:40,2026-01-20 21:20:40,45
7151,7701,71,2026-01-13 14:07:50,2026-01-13 14:36:50,2026-01-13 14:56:50,53
7152,7702,105,2026-01-10 23:59:54,2026-01-11 00:16:54,2026-01-11 00:26:54,29
7153,7703,68,2026-01-11 13:25:21,2026-01-11 13:59:21,2026-01-11 14:24:21,63
7154,7704,36,2026-01-26 11:08:08,2026-01-26 11:34:08,2026-01-26 12:03:08,56
7155,7705,61,2026-01-06 12:02:02,2026-01-06 12:24:02,2026-01-06 12:41:02,41
7156,7706,119,2026-01-23 22:56:10,2026-01-23 23:30:10,2026-01-23 23:53:10,59
7157,7707,52,2026-01-25 08:28:23,2026-01-25 08:49:23,2026-01-25 09:17:23,53
7158,7708,34,2026-01-24 15:47:38,2026-01-24 16:16:38,2026-01-24 16:29:38,44
7159,7709,9,2026-01-28 03:19:03,2026-01-28 03:37:03,2026-01-28 03:58:03,43
7160,7710,22,2026-01-19 20:57:28,2026-01-19 21:19:28,2026-01-19 21:41:28,46
7161,7711,82,2026-01-10 17:24:48,2026-01-10 17:45:48,2026-01-10 18:06:48,46
7162,7712,19,2026-01-21 09:18:42,2026-01-21 09:45:42,2026-01-21 10:03:42,49
7163,7713,115,2026-01-11 14:35:17,2026-01-11 15:08:17,2026-01-11 15:28:17,56
7164,7714,38,2026-01-09 06:10:23,2026-01-09 06:33:23,2026-01-09 06:50:23,43
7165,7715,89,2026-01-15 20:48:59,2026-01-15 21:14:59,2026-01-15 21:39:59,54
7166,7716,91,2026-01-08 23:56:59,2026-01-09 00:18:59,2026-01-09 00:34:59,39
7167,7717,91,2026-01-24 21:49:02,2026-01-24 22:21:02,2026-01-24 22:50:02,65
7168,7718,21,2026-01-25 13:16:52,2026-01-25 13:59:52,2026-01-25 14:17:52,64
7169,7719,81,2026-01-15 13:45:51,2026-01-15 14:11:51,2026-01-15 14:31:51,48
7170,7721,58,2026-01-17 02:00:29,2026-01-17 02:20:29,2026-01-17 02:35:29,38
7171,7722,83,2026-01-30 22:40:35,2026-01-30 23:06:35,2026-01-30 23:25:35,49
7172,7724,19,2026-01-06 23:01:11,2026-01-06 23:32:11,2026-01-06 23:59:11,60
7173,7725,110,2026-01-05 13:20:28,2026-01-05 13:51:28,2026-01-05 14:10:28,52
7174,7726,17,2026-01-24 21:50:58,2026-01-24 22:22:58,2026-01-24 22:49:58,60
7175,7727,26,2026-01-16 13:59:19,2026-01-16 14:33:19,2026-01-16 14:50:19,55
7176,7728,60,2026-01-02 15:04:33,2026-01-02 15:26:33,2026-01-02 15:41:33,38
7177,7729,96,2026-01-22 23:30:10,2026-01-22 23:51:10,2026-01-23 00:21:10,55
7178,7730,91,2026-01-27 07:07:28,2026-01-27 07:24:28,2026-01-27 07:49:28,46
7179,7731,89,2026-01-02 04:44:51,2026-01-02 05:02:51,2026-01-02 05:16:51,36
7180,7732,61,2026-01-17 12:15:37,2026-01-17 12:34:37,2026-01-17 12:56:37,43
7181,7733,45,2026-01-17 14:22:33,2026-01-17 14:53:33,2026-01-17 15:19:33,60
7182,7734,66,2026-01-18 00:58:06,2026-01-18 01:19:06,2026-01-18 01:36:06,39
7183,7735,39,2026-01-18 13:27:42,2026-01-18 13:55:42,2026-01-18 14:29:42,64
7184,7736,43,2026-01-26 15:08:00,2026-01-26 15:31:00,2026-01-26 15:54:00,49
7185,7737,39,2026-01-09 14:00:10,2026-01-09 14:27:10,2026-01-09 15:00:10,64
7186,7738,32,2026-01-14 22:52:24,2026-01-14 23:26:24,2026-01-14 23:51:24,60
7187,7739,18,2026-01-28 20:13:48,2026-01-28 20:33:48,2026-01-28 20:54:48,44
7188,7741,42,2026-01-21 20:38:50,2026-01-21 21:14:50,2026-01-21 21:29:50,55
7189,7742,58,2026-01-21 14:24:14,2026-01-21 14:59:14,2026-01-21 15:24:14,61
7190,7743,110,2026-01-12 21:44:58,2026-01-12 22:27:58,2026-01-12 22:53:58,71
7191,7744,6,2026-01-20 07:06:13,2026-01-20 07:33:13,2026-01-20 07:56:13,51
7192,7745,105,2026-01-11 23:04:14,2026-01-11 23:28:14,2026-01-11 23:44:14,44
7193,7746,33,2026-01-13 01:02:47,2026-01-13 01:25:47,2026-01-13 01:35:47,36
7194,7747,9,2026-01-08 13:37:48,2026-01-08 14:24:48,2026-01-08 14:46:48,73
7195,7748,21,2026-01-14 21:57:41,2026-01-14 22:36:41,2026-01-14 23:01:41,67
7196,7749,57,2026-01-23 12:55:01,2026-01-23 13:18:01,2026-01-23 13:34:01,43
7197,7751,95,2026-01-31 15:43:51,2026-01-31 15:58:51,2026-01-31 16:22:51,42
7198,7752,95,2026-01-29 21:58:50,2026-01-29 22:40:50,2026-01-29 23:09:50,73
7199,7753,4,2026-01-07 21:38:44,2026-01-07 22:07:44,2026-01-07 22:23:44,47
7200,7754,49,2026-01-05 23:04:08,2026-01-05 23:39:08,2026-01-05 23:50:08,48
7201,7755,84,2026-01-10 10:27:30,2026-01-10 10:53:30,2026-01-10 11:06:30,40
7202,7756,54,2026-01-21 07:04:02,2026-01-21 07:23:02,2026-01-21 07:37:02,36
7203,7757,55,2026-01-26 20:18:01,2026-01-26 20:39:01,2026-01-26 20:55:01,40
7204,7758,73,2026-01-26 14:24:57,2026-01-26 14:59:57,2026-01-26 15:30:57,70
7205,7759,45,2026-01-14 17:14:32,2026-01-14 17:29:32,2026-01-14 17:39:32,26
7206,7760,79,2026-01-31 13:13:35,2026-01-31 13:49:35,2026-01-31 14:07:35,55
7207,7761,117,2026-01-28 16:45:18,2026-01-28 17:14:18,2026-01-28 17:29:18,47
7208,7763,87,2026-01-19 20:16:40,2026-01-19 20:43:40,2026-01-19 21:02:40,47
7209,7764,32,2026-01-11 02:36:05,2026-01-11 03:02:05,2026-01-11 03:16:05,42
7210,7766,43,2026-01-19 23:30:42,2026-01-20 00:09:42,2026-01-20 00:22:42,56
7211,7768,29,2026-01-08 23:25:19,2026-01-08 23:51:19,2026-01-09 00:01:19,39
7212,7769,57,2026-01-04 19:41:56,2026-01-04 20:00:56,2026-01-04 20:34:56,54
7213,7770,6,2026-01-19 15:01:07,2026-01-19 15:30:07,2026-01-19 15:47:07,50
7214,7771,44,2026-01-17 22:57:34,2026-01-17 23:40:34,2026-01-18 00:06:34,71
7215,7772,24,2026-01-20 08:30:08,2026-01-20 08:47:08,2026-01-20 09:00:08,34
7216,7773,7,2026-01-08 22:22:19,2026-01-08 22:50:19,2026-01-08 23:22:19,61
7217,7774,29,2026-01-23 21:57:53,2026-01-23 22:37:53,2026-01-23 23:02:53,68
7218,7775,55,2026-01-15 23:31:52,2026-01-15 23:55:52,2026-01-16 00:18:52,50
7219,7776,109,2026-01-22 20:13:17,2026-01-22 20:35:17,2026-01-22 20:57:17,45
7220,7777,44,2026-01-04 20:16:06,2026-01-04 20:55:06,2026-01-04 21:20:06,68
7221,7778,46,2026-01-26 20:26:15,2026-01-26 21:02:15,2026-01-26 21:19:15,54
7222,7779,8,2026-01-03 15:51:41,2026-01-03 16:30:41,2026-01-03 16:48:41,61
7223,7780,38,2026-01-25 21:04:31,2026-01-25 21:34:31,2026-01-25 21:49:31,47
7224,7781,44,2026-01-06 09:41:52,2026-01-06 10:20:52,2026-01-06 10:43:52,65
7225,7782,56,2026-01-17 22:47:16,2026-01-17 23:22:16,2026-01-17 23:51:16,66
7226,7783,47,2026-01-02 14:30:07,2026-01-02 15:06:07,2026-01-02 15:34:07,67
7227,7784,19,2026-01-19 17:21:02,2026-01-19 17:49:02,2026-01-19 18:09:02,49
7228,7785,15,2026-01-28 17:04:35,2026-01-28 17:31:35,2026-01-28 18:05:35,63
7229,7786,20,2026-01-12 16:10:50,2026-01-12 16:33:50,2026-01-12 16:53:50,46
7230,7787,22,2026-01-24 22:17:43,2026-01-24 22:41:43,2026-01-24 22:56:43,40
7231,7788,1,2026-01-18 06:09:11,2026-01-18 06:34:11,2026-01-18 06:54:11,46
7232,7789,57,2026-01-11 15:17:02,2026-01-11 15:42:02,2026-01-11 15:54:02,39
7233,7790,65,2026-01-14 18:04:37,2026-01-14 18:31:37,2026-01-14 18:47:37,46
7234,7791,22,2026-01-16 22:42:11,2026-01-16 23:15:11,2026-01-16 23:39:11,58
7235,7792,11,2026-01-18 09:31:22,2026-01-18 10:01:22,2026-01-18 10:21:22,52
7236,7793,30,2026-01-14 01:52:25,2026-01-14 02:20:25,2026-01-14 02:37:25,48
7237,7794,70,2026-01-07 00:03:20,2026-01-07 00:39:20,2026-01-07 00:49:20,50
7238,7795,113,2026-01-18 15:47:09,2026-01-18 16:19:09,2026-01-18 16:40:09,55
7239,7796,49,2026-01-15 12:27:10,2026-01-15 12:44:10,2026-01-15 13:03:10,37
7240,7797,68,2026-01-05 08:04:11,2026-01-05 08:18:11,2026-01-05 08:38:11,38
7241,7798,41,2026-01-01 15:00:06,2026-01-01 15:37:06,2026-01-01 15:54:06,56
7242,7799,8,2026-01-21 13:02:17,2026-01-21 13:33:17,2026-01-21 13:54:17,54
7243,7800,68,2026-01-04 13:08:07,2026-01-04 13:34:07,2026-01-04 13:53:07,49
7244,7801,116,2026-01-02 14:04:38,2026-01-02 14:36:38,2026-01-02 15:05:38,63
7245,7802,43,2026-01-14 12:15:15,2026-01-14 12:46:15,2026-01-14 12:56:15,45
7246,7803,28,2026-01-21 22:32:04,2026-01-21 23:03:04,2026-01-21 23:26:04,56
7247,7804,45,2026-01-03 21:44:30,2026-01-03 22:23:30,2026-01-03 22:43:30,62
7248,7805,65,2026-01-12 19:28:50,2026-01-12 19:48:50,2026-01-12 19:58:50,33
7249,7806,81,2026-01-16 01:47:10,2026-01-16 02:10:10,2026-01-16 02:23:10,37
7250,7807,59,2026-01-19 13:10:02,2026-01-19 13:45:02,2026-01-19 14:05:02,57
7251,7808,10,2026-01-31 20:47:21,2026-01-31 21:10:21,2026-01-31 21:34:21,48
7252,7809,105,2026-01-28 21:42:55,2026-01-28 22:12:55,2026-01-28 22:34:55,56
7253,7810,20,2026-01-15 14:37:38,2026-01-15 15:14:38,2026-01-15 15:40:38,66
7254,7811,103,2026-01-20 20:40:21,2026-01-20 21:02:21,2026-01-20 21:22:21,45
7255,7812,106,2026-01-08 09:41:39,2026-01-08 10:14:39,2026-01-08 10:32:39,54
7256,7813,19,2026-01-16 05:39:49,2026-01-16 05:58:49,2026-01-16 06:19:49,43
7257,7814,86,2026-01-17 22:41:35,2026-01-17 23:26:35,2026-01-17 23:49:35,69
7258,7815,106,2026-01-08 22:52:25,2026-01-08 23:35:25,2026-01-08 23:58:25,68
7259,7816,72,2026-01-01 22:36:49,2026-01-01 23:10:49,2026-01-01 23:33:49,60
7260,7817,58,2026-01-25 13:13:05,2026-01-25 13:41:05,2026-01-25 14:02:05,52
7261,7818,119,2026-01-19 22:46:58,2026-01-19 23:18:58,2026-01-19 23:42:58,57
7262,7819,101,2026-01-15 22:53:15,2026-01-15 23:25:15,2026-01-15 23:39:15,47
7263,7820,95,2026-01-02 10:35:57,2026-01-02 10:52:57,2026-01-02 11:07:57,36
7264,7822,66,2026-01-04 15:04:17,2026-01-04 15:29:17,2026-01-04 15:49:17,49
7265,7823,78,2026-01-21 22:23:20,2026-01-21 23:01:20,2026-01-21 23:18:20,59
7266,7825,12,2026-01-05 05:23:27,2026-01-05 06:01:27,2026-01-05 06:19:27,58
7267,7826,47,2026-01-09 13:04:37,2026-01-09 13:30:37,2026-01-09 13:46:37,43
7268,7827,113,2026-01-18 09:51:09,2026-01-18 10:14:09,2026-01-18 10:30:09,40
7269,7828,69,2026-01-02 22:37:56,2026-01-02 23:10:56,2026-01-02 23:31:56,57
7270,7829,93,2026-01-28 21:32:22,2026-01-28 22:10:22,2026-01-28 22:38:22,69
7271,7830,48,2026-01-27 12:06:20,2026-01-27 12:31:20,2026-01-27 12:44:20,41
7272,7831,40,2026-01-28 12:40:35,2026-01-28 12:57:35,2026-01-28 13:20:35,41
7273,7832,29,2026-01-01 11:27:13,2026-01-01 11:50:13,2026-01-01 12:01:13,38
7274,7833,78,2026-01-10 23:16:08,2026-01-10 23:42:08,2026-01-10 23:55:08,40
7275,7834,58,2026-01-27 15:45:29,2026-01-27 16:12:29,2026-01-27 16:24:29,43
7276,7835,78,2026-01-03 09:55:01,2026-01-03 10:17:01,2026-01-03 10:44:01,52
7277,7836,97,2026-01-21 12:15:58,2026-01-21 12:58:58,2026-01-21 13:20:58,69
7278,7837,79,2026-01-06 16:42:09,2026-01-06 17:07:09,2026-01-06 17:21:09,43
7279,7838,42,2026-01-01 12:38:58,2026-01-01 13:02:58,2026-01-01 13:21:58,47
7280,7839,1,2026-01-01 23:25:00,2026-01-01 23:41:00,2026-01-02 00:02:00,39
7281,7840,71,2026-01-15 21:08:10,2026-01-15 21:34:10,2026-01-15 21:49:10,42
7282,7841,78,2026-01-30 19:32:21,2026-01-30 20:07:21,2026-01-30 20:25:21,55
7283,7842,12,2026-01-06 22:20:59,2026-01-06 22:58:59,2026-01-06 23:22:59,66
7284,7843,38,2026-01-11 15:29:33,2026-01-11 15:49:33,2026-01-11 15:59:33,32
7285,7844,72,2026-01-08 20:27:51,2026-01-08 20:58:51,2026-01-08 21:20:51,56
7286,7845,36,2026-01-01 21:02:42,2026-01-01 21:30:42,2026-01-01 21:54:42,56
7287,7846,51,2026-01-07 21:44:39,2026-01-07 22:25:39,2026-01-07 22:42:39,62
7288,7847,5,2026-01-17 21:13:44,2026-01-17 21:44:44,2026-01-17 22:00:44,49
7289,7848,80,2026-01-12 22:45:29,2026-01-12 23:15:29,2026-01-12 23:36:29,53
7290,7849,40,2026-01-03 15:40:29,2026-01-03 16:13:29,2026-01-03 16:30:29,53
7291,7850,88,2026-01-11 21:12:45,2026-01-11 21:37:45,2026-01-11 22:04:45,53
7292,7851,22,2026-01-15 19:05:28,2026-01-15 19:37:28,2026-01-15 19:54:28,53
7293,7852,13,2026-01-20 23:54:43,2026-01-21 00:19:43,2026-01-21 00:35:43,44
7294,7853,44,2026-01-31 13:28:23,2026-01-31 13:56:23,2026-01-31 14:26:23,59
7295,7854,64,2026-01-13 13:14:24,2026-01-13 13:47:24,2026-01-13 14:05:24,52
7296,7855,107,2026-01-14 00:28:15,2026-01-14 00:50:15,2026-01-14 01:09:15,43
7297,7856,76,2026-01-01 21:41:38,2026-01-01 22:06:38,2026-01-01 22:21:38,44
7298,7857,50,2026-01-09 21:25:30,2026-01-09 21:57:30,2026-01-09 22:18:30,57
7299,7858,93,2026-01-21 12:34:19,2026-01-21 13:11:19,2026-01-21 13:24:19,53
7300,7859,86,2026-01-20 23:20:32,2026-01-20 23:54:32,2026-01-21 00:05:32,48
7301,7860,2,2026-01-14 13:46:40,2026-01-14 14:17:40,2026-01-14 14:34:40,52
7302,7861,9,2026-01-22 22:23:23,2026-01-22 22:46:23,2026-01-22 23:04:23,42
7303,7862,60,2026-01-05 18:29:17,2026-01-05 18:57:17,2026-01-05 19:09:17,43
7304,7863,99,2026-01-29 20:05:27,2026-01-29 20:30:27,2026-01-29 20:47:27,46
7305,7864,115,2026-01-10 14:18:47,2026-01-10 14:56:47,2026-01-10 15:17:47,63
7306,7865,97,2026-01-04 22:10:24,2026-01-04 22:38:24,2026-01-04 23:03:24,57
7307,7866,81,2026-01-04 13:52:05,2026-01-04 14:22:05,2026-01-04 14:42:05,51
7308,7867,45,2026-01-21 06:41:18,2026-01-21 07:01:18,2026-01-21 07:16:18,39
7309,7868,17,2026-01-16 13:54:34,2026-01-16 14:23:34,2026-01-16 14:41:34,48
7310,7869,97,2026-01-19 00:54:31,2026-01-19 01:14:31,2026-01-19 01:34:31,44
7311,7870,109,2026-01-12 14:54:02,2026-01-12 15:26:02,2026-01-12 15:52:02,60
7312,7871,28,2026-01-02 21:20:01,2026-01-02 22:00:01,2026-01-02 22:29:01,71
7313,7872,98,2026-01-13 14:30:59,2026-01-13 15:03:59,2026-01-13 15:26:59,57
7314,7873,104,2026-01-30 07:02:40,2026-01-30 07:23:40,2026-01-30 07:35:40,37
7315,7874,65,2026-01-04 21:16:37,2026-01-04 21:44:37,2026-01-04 22:02:37,49
7316,7875,20,2026-01-13 21:38:04,2026-01-13 22:23:04,2026-01-13 22:44:04,69
7317,7876,113,2026-01-23 23:35:51,2026-01-23 23:58:51,2026-01-24 00:16:51,44
7318,7877,10,2026-01-26 22:45:50,2026-01-26 23:11:50,2026-01-26 23:42:50,59
7319,7878,2,2026-01-30 20:25:48,2026-01-30 21:03:48,2026-01-30 21:20:48,57
7320,7879,118,2026-01-11 12:13:53,2026-01-11 12:34:53,2026-01-11 12:47:53,37
7321,7880,24,2026-01-13 02:40:55,2026-01-13 03:11:55,2026-01-13 03:29:55,50
7322,7881,6,2026-01-02 20:34:02,2026-01-02 21:04:02,2026-01-02 21:24:02,52
7323,7882,66,2026-01-11 08:54:46,2026-01-11 09:13:46,2026-01-11 09:27:46,34
7324,7883,67,2026-01-13 22:33:14,2026-01-13 23:00:14,2026-01-13 23:32:14,60
7325,7884,40,2026-01-22 20:57:48,2026-01-22 21:16:48,2026-01-22 21:39:48,43
7326,7886,68,2026-01-28 14:19:58,2026-01-28 14:56:58,2026-01-28 15:21:58,64
7327,7887,45,2026-01-10 21:19:47,2026-01-10 21:55:47,2026-01-10 22:16:47,59
7328,7888,104,2026-01-27 04:55:45,2026-01-27 05:26:45,2026-01-27 05:44:45,50
7329,7889,24,2026-01-26 13:20:59,2026-01-26 13:49:59,2026-01-26 14:07:59,49
7330,7890,53,2026-01-06 21:26:23,2026-01-06 21:48:23,2026-01-06 22:02:23,37
7331,7891,29,2026-01-30 14:14:52,2026-01-30 14:44:52,2026-01-30 15:08:52,57
7332,7892,120,2026-01-18 23:18:35,2026-01-18 23:49:35,2026-01-19 00:18:35,61
7333,7893,81,2026-01-18 14:59:53,2026-01-18 15:25:53,2026-01-18 15:45:53,47
7334,7894,85,2026-01-11 12:34:22,2026-01-11 12:57:22,2026-01-11 13:15:22,43
7335,7895,47,2026-01-07 19:22:29,2026-01-07 19:51:29,2026-01-07 20:15:29,55
7336,7896,91,2026-01-30 15:22:38,2026-01-30 15:50:38,2026-01-30 16:07:38,46
7337,7897,39,2026-01-31 14:04:49,2026-01-31 14:27:49,2026-01-31 14:56:49,55
7338,7898,12,2026-01-04 22:20:15,2026-01-04 22:56:15,2026-01-04 23:17:15,60
7339,7899,60,2026-01-23 12:33:14,2026-01-23 13:00:14,2026-01-23 13:18:14,48
7340,7900,91,2026-01-01 04:00:22,2026-01-01 04:39:22,2026-01-01 04:59:22,60
7341,7901,3,2026-01-05 23:44:43,2026-01-06 00:15:43,2026-01-06 00:39:43,59
7342,7904,38,2026-01-13 12:40:21,2026-01-13 13:11:21,2026-01-13 13:27:21,49
7343,7905,52,2026-01-13 11:10:37,2026-01-13 11:46:37,2026-01-13 12:05:37,57
7344,7906,44,2026-01-08 01:52:24,2026-01-08 02:09:24,2026-01-08 02:30:24,39
7345,7907,59,2026-01-01 20:07:33,2026-01-01 20:41:33,2026-01-01 20:57:33,52
7346,7908,70,2026-01-08 04:37:57,2026-01-08 05:08:57,2026-01-08 05:26:57,51
7347,7909,114,2026-01-22 04:42:55,2026-01-22 04:59:55,2026-01-22 05:19:55,41
7348,7912,59,2026-01-03 11:49:31,2026-01-03 12:10:31,2026-01-03 12:27:31,40
7349,7914,71,2026-01-27 22:05:04,2026-01-27 22:36:04,2026-01-27 23:11:04,69
7350,7915,30,2026-01-13 14:20:15,2026-01-13 14:48:15,2026-01-13 15:12:15,56
7351,7917,99,2026-01-08 21:20:53,2026-01-08 21:52:53,2026-01-08 22:16:53,57
7352,7918,77,2026-01-20 08:50:37,2026-01-20 09:20:37,2026-01-20 09:39:37,52
7353,7919,69,2026-01-12 22:55:12,2026-01-12 23:23:12,2026-01-12 23:42:12,48
7354,7920,104,2026-01-26 04:10:27,2026-01-26 04:27:27,2026-01-26 04:41:27,32
7355,7921,38,2026-01-18 03:14:28,2026-01-18 03:47:28,2026-01-18 03:58:28,45
7356,7922,97,2026-01-26 13:33:26,2026-01-26 14:11:26,2026-01-26 14:37:26,66
7357,7923,92,2026-01-25 12:46:30,2026-01-25 13:12:30,2026-01-25 13:25:30,43
7358,7924,57,2026-01-01 10:10:54,2026-01-01 10:37:54,2026-01-01 10:58:54,49
7359,7925,22,2026-01-03 14:15:06,2026-01-03 14:51:06,2026-01-03 15:09:06,55
7360,7926,112,2026-01-16 20:29:00,2026-01-16 20:54:00,2026-01-16 21:07:00,42
7361,7927,69,2026-01-24 20:13:41,2026-01-24 20:31:41,2026-01-24 20:53:41,44
7362,7928,105,2026-01-31 21:48:05,2026-01-31 22:20:05,2026-01-31 22:52:05,68
7363,7929,94,2026-01-17 14:18:27,2026-01-17 15:07:27,2026-01-17 15:32:27,76
7364,7930,10,2026-01-11 04:01:30,2026-01-11 04:25:30,2026-01-11 04:38:30,41
7365,7931,116,2026-01-10 23:59:09,2026-01-11 00:41:09,2026-01-11 01:07:09,71
7366,7932,29,2026-01-30 12:50:18,2026-01-30 13:28:18,2026-01-30 13:58:18,69
7367,7933,31,2026-01-05 21:12:46,2026-01-05 21:51:46,2026-01-05 22:09:46,61
7368,7934,62,2026-01-07 05:52:34,2026-01-07 06:17:34,2026-01-07 06:27:34,38
7369,7935,84,2026-01-14 10:28:15,2026-01-14 10:46:15,2026-01-14 10:58:15,31
7370,7936,53,2026-01-21 16:59:31,2026-01-21 17:21:31,2026-01-21 17:34:31,38
7371,7937,112,2026-01-18 15:47:49,2026-01-18 16:08:49,2026-01-18 16:21:49,35
7372,7938,93,2026-01-08 09:19:13,2026-01-08 09:46:13,2026-01-08 10:06:13,51
7373,7940,78,2026-01-12 12:55:58,2026-01-12 13:20:58,2026-01-12 13:37:58,45
7374,7941,120,2026-01-21 06:03:43,2026-01-21 06:38:43,2026-01-21 06:58:43,59
7375,7942,59,2026-01-03 22:12:22,2026-01-03 22:49:22,2026-01-03 23:17:22,68
7376,7943,67,2026-01-02 13:17:06,2026-01-02 13:54:06,2026-01-02 14:13:06,60
7377,7944,27,2026-01-05 21:08:34,2026-01-05 21:42:34,2026-01-05 22:03:34,58
7378,7945,11,2026-01-17 23:01:11,2026-01-17 23:26:11,2026-01-17 23:53:11,55
7379,7946,36,2026-01-06 19:46:27,2026-01-06 20:20:27,2026-01-06 20:44:27,62
7380,7947,105,2026-01-27 00:17:57,2026-01-27 00:40:57,2026-01-27 01:05:57,51
7381,7948,102,2026-01-03 13:55:37,2026-01-03 14:26:37,2026-01-03 14:41:37,49
7382,7949,42,2026-01-04 13:09:56,2026-01-04 13:42:56,2026-01-04 13:58:56,53
7383,7950,68,2026-01-03 02:02:23,2026-01-03 02:16:23,2026-01-03 02:35:23,35
7384,7952,110,2026-01-25 15:52:29,2026-01-25 16:14:29,2026-01-25 16:42:29,52
7385,7953,65,2026-01-01 21:02:09,2026-01-01 21:36:09,2026-01-01 21:57:09,58
7386,7954,55,2026-01-11 10:07:54,2026-01-11 10:35:54,2026-01-11 10:53:54,49
7387,7955,73,2026-01-18 04:23:52,2026-01-18 04:42:52,2026-01-18 04:55:52,36
7388,7956,33,2026-01-09 17:59:29,2026-01-09 18:21:29,2026-01-09 18:38:29,43
7389,7957,28,2026-01-10 15:47:46,2026-01-10 16:03:46,2026-01-10 16:21:46,35
7390,7959,115,2026-01-25 10:37:42,2026-01-25 11:10:42,2026-01-25 11:27:42,52
7391,7960,15,2026-01-17 09:13:55,2026-01-17 09:31:55,2026-01-17 09:41:55,31
7392,7961,51,2026-01-03 05:50:24,2026-01-03 06:18:24,2026-01-03 06:38:24,49
7393,7962,119,2026-01-07 22:05:10,2026-01-07 22:44:10,2026-01-07 23:11:10,68
7394,7963,37,2026-01-05 17:44:50,2026-01-05 18:06:50,2026-01-05 18:24:50,41
7395,7964,6,2026-01-11 14:45:59,2026-01-11 15:24:59,2026-01-11 15:48:59,66
7396,7965,87,2026-01-23 00:25:00,2026-01-23 00:53:00,2026-01-23 01:18:00,57
7397,7967,109,2026-01-20 20:06:37,2026-01-20 20:26:37,2026-01-20 20:43:37,38
7398,7968,25,2026-01-12 13:35:15,2026-01-12 14:06:15,2026-01-12 14:34:15,62
7399,7969,60,2026-01-09 14:22:27,2026-01-09 15:03:27,2026-01-09 15:34:27,75
7400,7970,96,2026-01-15 14:09:19,2026-01-15 14:43:19,2026-01-15 15:01:19,56
7401,7971,93,2026-01-26 16:03:39,2026-01-26 16:24:39,2026-01-26 16:40:39,41
7402,7972,67,2026-01-08 20:09:38,2026-01-08 20:36:38,2026-01-08 21:00:38,52
7403,7973,86,2026-01-07 04:41:28,2026-01-07 04:56:28,2026-01-07 05:09:28,29
7404,7974,119,2026-01-21 21:13:01,2026-01-21 21:36:01,2026-01-21 21:55:01,45
7405,7975,33,2026-01-26 13:41:38,2026-01-26 14:13:38,2026-01-26 14:33:38,53
7406,7976,56,2026-01-25 22:17:08,2026-01-25 22:50:08,2026-01-25 23:16:08,60
7407,7977,112,2026-01-13 14:48:34,2026-01-13 15:29:34,2026-01-13 15:49:34,64
7408,7978,31,2026-01-15 13:30:46,2026-01-15 13:55:46,2026-01-15 14:18:46,50
7409,7979,64,2026-01-11 17:06:43,2026-01-11 17:34:43,2026-01-11 17:44:43,40
7410,7980,116,2026-01-21 04:43:33,2026-01-21 05:15:33,2026-01-21 05:31:33,49
7411,7981,83,2026-01-31 15:54:25,2026-01-31 16:20:25,2026-01-31 16:37:25,46
7412,7982,116,2026-01-04 13:15:02,2026-01-04 13:47:02,2026-01-04 14:13:02,62
7413,7983,114,2026-01-21 20:35:50,2026-01-21 21:11:50,2026-01-21 21:29:50,58
7414,7984,24,2026-01-21 02:59:19,2026-01-21 03:29:19,2026-01-21 03:48:19,51
7415,7985,54,2026-01-07 13:30:29,2026-01-07 14:06:29,2026-01-07 14:26:29,60
7416,7986,95,2026-01-25 15:47:10,2026-01-25 16:07:10,2026-01-25 16:19:10,34
7417,7987,49,2026-01-07 14:54:52,2026-01-07 15:36:52,2026-01-07 16:01:52,69
7418,7988,10,2026-01-09 13:38:43,2026-01-09 14:02:43,2026-01-09 14:20:43,46
7419,7989,32,2026-01-13 03:02:31,2026-01-13 03:19:31,2026-01-13 03:51:31,53
7420,7990,48,2026-01-16 19:34:30,2026-01-16 19:53:30,2026-01-16 20:12:30,41
7421,7992,39,2026-01-20 03:46:59,2026-01-20 04:08:59,2026-01-20 04:32:59,47
7422,7993,19,2026-01-19 14:28:29,2026-01-19 15:04:29,2026-01-19 15:30:29,63
7423,7994,38,2026-01-17 18:58:56,2026-01-17 19:23:56,2026-01-17 19:37:56,40
7424,7995,59,2026-01-22 04:17:26,2026-01-22 04:54:26,2026-01-22 05:13:26,59
7425,7996,36,2026-01-18 13:04:51,2026-01-18 13:35:51,2026-01-18 14:07:51,64
7426,7997,10,2026-01-13 16:55:19,2026-01-13 17:26:19,2026-01-13 17:46:19,54
7427,7998,117,2026-01-19 14:08:12,2026-01-19 14:48:12,2026-01-19 15:08:12,63
7428,7999,113,2026-01-31 20:11:16,2026-01-31 20:38:16,2026-01-31 20:56:16,47
7429,8000,44,2026-01-09 04:05:56,2026-01-09 04:19:56,2026-01-09 04:44:56,43
7430,8001,84,2026-01-13 10:41:03,2026-01-13 11:04:03,2026-01-13 11:22:03,44
7431,8002,7,2026-01-30 20:46:01,2026-01-30 21:06:01,2026-01-30 21:38:01,54
7432,8003,101,2026-01-31 04:02:25,2026-01-31 04:34:25,2026-01-31 05:05:25,65
7433,8004,74,2026-01-05 23:52:30,2026-01-06 00:15:30,2026-01-06 00:28:30,38
7434,8005,61,2026-01-26 16:00:48,2026-01-26 16:29:48,2026-01-26 16:44:48,46
7435,8006,79,2026-01-09 23:04:23,2026-01-09 23:32:23,2026-01-09 23:56:23,53
7436,8007,32,2026-01-18 15:10:19,2026-01-18 15:35:19,2026-01-18 15:45:19,37
7437,8008,71,2026-01-25 14:48:08,2026-01-25 15:11:08,2026-01-25 15:32:08,47
7438,8009,21,2026-01-26 23:12:39,2026-01-26 23:31:39,2026-01-26 23:48:39,39
7439,8010,4,2026-01-09 20:41:08,2026-01-09 21:00:08,2026-01-09 21:21:08,42
7440,8011,119,2026-01-20 13:42:02,2026-01-20 14:10:02,2026-01-20 14:41:02,60
7441,8012,76,2026-01-19 16:06:42,2026-01-19 16:30:42,2026-01-19 16:45:42,40
7442,8013,41,2026-01-25 23:58:56,2026-01-26 00:23:56,2026-01-26 00:38:56,41
7443,8014,81,2026-01-08 17:49:39,2026-01-08 18:15:39,2026-01-08 18:26:39,39
7444,8016,106,2026-01-16 21:29:50,2026-01-16 22:10:50,2026-01-16 22:34:50,69
7445,8017,79,2026-01-28 20:22:05,2026-01-28 20:53:05,2026-01-28 21:09:05,48
7446,8018,25,2026-01-16 23:01:20,2026-01-16 23:38:20,2026-01-17 00:07:20,69
7447,8019,85,2026-01-31 23:17:50,2026-01-31 23:46:50,2026-02-01 00:12:50,57
7448,8020,74,2026-01-31 23:54:42,2026-02-01 00:16:42,2026-02-01 00:36:42,43
7449,8021,23,2026-01-03 12:30:55,2026-01-03 12:48:55,2026-01-03 13:15:55,49
7450,8022,61,2026-01-06 11:24:49,2026-01-06 11:52:49,2026-01-06 12:12:49,52
7451,8023,118,2026-01-15 01:40:10,2026-01-15 02:15:10,2026-01-15 02:40:10,64
7452,8024,79,2026-01-02 13:02:00,2026-01-02 13:28:00,2026-01-02 13:49:00,49
7453,8025,29,2026-01-16 19:13:25,2026-01-16 19:33:25,2026-01-16 19:53:25,43
7454,8026,20,2026-01-20 23:11:59,2026-01-20 23:31:59,2026-01-20 23:42:59,32
7455,8027,4,2026-01-10 00:03:04,2026-01-10 00:23:04,2026-01-10 00:42:04,43
7456,8028,76,2026-01-02 21:34:29,2026-01-02 22:09:29,2026-01-02 22:35:29,65
7457,8029,7,2026-01-29 11:03:14,2026-01-29 11:23:14,2026-01-29 11:39:14,37
7458,8030,88,2026-01-15 22:19:16,2026-01-15 22:50:16,2026-01-15 23:07:16,51
7459,8031,3,2026-01-13 21:33:29,2026-01-13 22:12:29,2026-01-13 22:33:29,62
7460,8032,83,2026-01-31 21:13:05,2026-01-31 21:49:05,2026-01-31 22:09:05,59
7461,8033,70,2026-01-13 14:51:56,2026-01-13 15:34:56,2026-01-13 16:06:56,77
7462,8034,7,2026-01-07 20:51:30,2026-01-07 21:10:30,2026-01-07 21:25:30,38
7463,8035,86,2026-01-31 16:38:12,2026-01-31 16:58:12,2026-01-31 17:08:12,34
7464,8036,24,2026-01-10 21:52:14,2026-01-10 22:19:14,2026-01-10 22:36:14,46
7465,8037,9,2026-01-21 00:15:18,2026-01-21 00:40:18,2026-01-21 01:03:18,51
7466,8038,116,2026-01-15 22:43:58,2026-01-15 23:20:58,2026-01-15 23:40:58,59
7467,8039,74,2026-01-24 06:50:44,2026-01-24 07:30:44,2026-01-24 07:50:44,61
7468,8040,38,2026-01-19 12:10:41,2026-01-19 12:33:41,2026-01-19 12:47:41,39
7469,8041,26,2026-01-10 20:17:13,2026-01-10 20:40:13,2026-01-10 20:56:13,43
7470,8042,35,2026-01-22 13:05:19,2026-01-22 13:33:19,2026-01-22 13:55:19,52
7471,8043,41,2026-01-08 23:13:08,2026-01-08 23:54:08,2026-01-09 00:21:08,72
7472,8044,54,2026-01-19 22:28:20,2026-01-19 22:49:20,2026-01-19 23:15:20,48
7473,8045,13,2026-01-29 12:11:00,2026-01-29 12:33:00,2026-01-29 12:58:00,48
7474,8046,119,2026-01-08 02:01:26,2026-01-08 02:30:26,2026-01-08 02:44:26,47
7475,8047,85,2026-01-10 22:18:29,2026-01-10 22:50:29,2026-01-10 23:08:29,51
7476,8048,72,2026-01-14 13:30:34,2026-01-14 14:05:34,2026-01-14 14:28:34,62
7477,8049,69,2026-01-25 14:59:25,2026-01-25 15:36:25,2026-01-25 15:55:25,58
7478,8050,17,2026-01-06 20:42:09,2026-01-06 21:09:09,2026-01-06 21:25:09,44
7479,8051,38,2026-01-01 13:23:08,2026-01-01 14:02:08,2026-01-01 14:23:08,64
7480,8052,30,2026-01-03 22:53:19,2026-01-03 23:23:19,2026-01-03 23:47:19,58
7481,8053,44,2026-01-31 12:49:48,2026-01-31 13:09:48,2026-01-31 13:29:48,41
7482,8054,22,2026-01-02 20:09:47,2026-01-02 20:28:47,2026-01-02 20:47:47,39
7483,8056,68,2026-01-12 03:25:59,2026-01-12 03:44:59,2026-01-12 04:03:59,40
7484,8057,78,2026-01-02 07:18:53,2026-01-02 07:51:53,2026-01-02 08:12:53,58
7485,8058,24,2026-01-08 20:13:49,2026-01-08 20:46:49,2026-01-08 21:06:49,55
7486,8059,31,2026-01-04 13:32:22,2026-01-04 14:08:22,2026-01-04 14:36:22,65
7487,8060,81,2026-01-29 15:40:23,2026-01-29 16:19:23,2026-01-29 16:47:23,70
7488,8061,76,2026-01-28 20:16:10,2026-01-28 20:43:10,2026-01-28 21:13:10,58
7489,8062,104,2026-01-13 05:51:33,2026-01-13 06:13:33,2026-01-13 06:30:33,40
7490,8063,82,2026-01-26 22:48:40,2026-01-26 23:17:40,2026-01-26 23:37:40,52
7491,8064,99,2026-01-09 14:43:22,2026-01-09 15:17:22,2026-01-09 15:47:22,65
7492,8065,77,2026-01-30 21:34:27,2026-01-30 22:08:27,2026-01-30 22:24:27,53
7493,8066,110,2026-01-31 21:07:03,2026-01-31 21:41:03,2026-01-31 22:00:03,57
7494,8067,91,2026-01-04 11:53:42,2026-01-04 12:17:42,2026-01-04 12:36:42,45
7495,8068,90,2026-01-18 01:20:15,2026-01-18 01:45:15,2026-01-18 02:02:15,43
7496,8069,28,2026-01-21 12:13:37,2026-01-21 12:38:37,2026-01-21 12:57:37,47
7497,8070,52,2026-01-29 13:50:09,2026-01-29 14:26:09,2026-01-29 14:38:09,49
7498,8071,50,2026-01-12 13:07:05,2026-01-12 13:43:05,2026-01-12 14:03:05,59
7499,8072,99,2026-01-27 00:59:04,2026-01-27 01:29:04,2026-01-27 01:46:04,50
7500,8073,53,2026-01-08 14:59:45,2026-01-08 15:33:45,2026-01-08 16:00:45,62
7501,8074,86,2026-01-08 10:05:20,2026-01-08 10:31:20,2026-01-08 11:00:20,56
7502,8075,25,2026-01-19 20:53:54,2026-01-19 21:13:54,2026-01-19 21:26:54,35
7503,8076,62,2026-01-12 15:08:58,2026-01-12 15:36:58,2026-01-12 15:53:58,47
7504,8077,49,2026-01-29 20:14:54,2026-01-29 20:30:54,2026-01-29 20:48:54,35
7505,8078,51,2026-01-10 00:34:16,2026-01-10 00:52:16,2026-01-10 01:07:16,36
7506,8079,94,2026-01-23 22:04:50,2026-01-23 22:49:50,2026-01-23 23:06:50,64
7507,8080,52,2026-01-31 15:38:25,2026-01-31 16:07:25,2026-01-31 16:19:25,43
7508,8081,87,2026-01-30 15:55:36,2026-01-30 16:16:36,2026-01-30 16:38:36,44
7509,8082,97,2026-01-19 22:01:19,2026-01-19 22:39:19,2026-01-19 22:57:19,58
7510,8083,62,2026-01-23 05:35:00,2026-01-23 06:02:00,2026-01-23 06:17:00,43
7511,8084,36,2026-01-20 22:33:44,2026-01-20 23:05:44,2026-01-20 23:27:44,55
7512,8085,43,2026-01-16 12:28:26,2026-01-16 12:50:26,2026-01-16 13:20:26,55
7513,8086,120,2026-01-10 15:27:08,2026-01-10 15:59:08,2026-01-10 16:12:08,49
7514,8087,99,2026-01-16 12:21:12,2026-01-16 12:42:12,2026-01-16 12:59:12,41
7515,8088,81,2026-01-26 14:16:08,2026-01-26 14:39:08,2026-01-26 15:09:08,54
7516,8089,24,2026-01-30 13:07:29,2026-01-30 13:40:29,2026-01-30 14:01:29,56
7517,8090,103,2026-01-18 14:33:47,2026-01-18 15:05:47,2026-01-18 15:35:47,65
7518,8092,106,2026-01-25 04:00:59,2026-01-25 04:30:59,2026-01-25 04:49:59,51
7519,8093,20,2026-01-05 21:59:17,2026-01-05 22:22:17,2026-01-05 22:45:17,49
7520,8094,34,2026-01-02 12:26:17,2026-01-02 12:46:17,2026-01-02 13:06:17,43
7521,8095,55,2026-01-04 19:31:36,2026-01-04 19:57:36,2026-01-04 20:15:36,48
7522,8096,62,2026-01-25 18:56:48,2026-01-25 19:19:48,2026-01-25 19:33:48,38
7523,8097,47,2026-01-16 15:51:59,2026-01-16 16:13:59,2026-01-16 16:38:59,51
7524,8098,37,2026-01-24 22:24:25,2026-01-24 22:49:25,2026-01-24 23:06:25,45
7525,8099,107,2026-01-14 22:51:06,2026-01-14 23:25:06,2026-01-14 23:47:06,59
7526,8100,37,2026-01-30 10:41:11,2026-01-30 11:12:11,2026-01-30 11:25:11,47
7527,8101,77,2026-01-04 16:54:33,2026-01-04 17:13:33,2026-01-04 17:24:33,33
7528,8102,16,2026-01-16 14:35:28,2026-01-16 15:07:28,2026-01-16 15:29:28,55
7529,8103,100,2026-01-22 13:58:35,2026-01-22 14:29:35,2026-01-22 14:55:35,59
7530,8104,55,2026-01-31 18:07:45,2026-01-31 18:27:45,2026-01-31 18:46:45,41
7531,8105,75,2026-01-24 15:17:24,2026-01-24 15:40:24,2026-01-24 15:56:24,40
7532,8106,36,2026-01-24 13:31:50,2026-01-24 13:59:50,2026-01-24 14:36:50,69
7533,8108,85,2026-01-24 13:38:10,2026-01-24 13:55:10,2026-01-24 14:14:10,40
7534,8109,48,2026-01-13 12:34:28,2026-01-13 13:15:28,2026-01-13 13:28:28,58
7535,8110,28,2026-01-28 23:53:00,2026-01-29 00:14:00,2026-01-29 00:42:00,52
7536,8111,10,2026-01-02 14:04:09,2026-01-02 14:31:09,2026-01-02 14:51:09,48
7537,8112,7,2026-01-22 12:55:47,2026-01-22 13:19:47,2026-01-22 13:33:47,39
7538,8113,106,2026-01-12 12:30:29,2026-01-12 12:54:29,2026-01-12 13:07:29,41
7539,8114,31,2026-01-02 10:54:05,2026-01-02 11:25:05,2026-01-02 11:54:05,63
7540,8115,27,2026-01-26 21:07:55,2026-01-26 21:35:55,2026-01-26 22:05:55,62
7541,8116,75,2026-01-07 05:10:34,2026-01-07 05:32:34,2026-01-07 05:58:34,52
7542,8117,77,2026-01-21 17:30:13,2026-01-21 17:52:13,2026-01-21 18:09:13,40
7543,8118,3,2026-01-10 07:36:57,2026-01-10 08:09:57,2026-01-10 08:27:57,53
7544,8119,43,2026-01-19 23:00:34,2026-01-19 23:46:34,2026-01-20 00:07:34,70
7545,8120,21,2026-01-13 12:11:26,2026-01-13 12:45:26,2026-01-13 13:05:26,57
7546,8121,55,2026-01-15 03:52:55,2026-01-15 04:21:55,2026-01-15 04:36:55,46
7547,8122,104,2026-01-22 13:21:26,2026-01-22 13:56:26,2026-01-22 14:18:26,59
7548,8123,104,2026-01-30 08:17:49,2026-01-30 08:56:49,2026-01-30 09:22:49,67
7549,8124,48,2026-01-20 21:56:12,2026-01-20 22:34:12,2026-01-20 22:52:12,58
7550,8125,107,2026-01-11 14:14:41,2026-01-11 14:45:41,2026-01-11 15:09:41,59
7551,8127,24,2026-01-13 16:51:32,2026-01-13 17:10:32,2026-01-13 17:40:32,53
7552,8128,103,2026-01-09 22:08:59,2026-01-09 22:40:59,2026-01-09 23:09:59,62
7553,8129,20,2026-01-13 02:07:13,2026-01-13 02:31:13,2026-01-13 02:49:13,44
7554,8130,105,2026-01-18 23:16:29,2026-01-18 23:51:29,2026-01-19 00:02:29,50
7555,8131,8,2026-01-03 22:28:03,2026-01-03 22:57:03,2026-01-03 23:15:03,51
7556,8132,96,2026-01-04 13:26:04,2026-01-04 13:58:04,2026-01-04 14:21:04,58
7557,8133,62,2026-01-06 14:31:38,2026-01-06 15:03:38,2026-01-06 15:36:38,69
7558,8134,102,2026-01-23 15:44:24,2026-01-23 16:06:24,2026-01-23 16:23:24,41
7559,8135,14,2026-01-27 13:17:20,2026-01-27 13:48:20,2026-01-27 14:08:20,53
7560,8136,82,2026-01-10 09:28:26,2026-01-10 09:57:26,2026-01-10 10:15:26,50
7561,8137,29,2026-01-31 09:14:26,2026-01-31 09:43:26,2026-01-31 10:02:26,51
7562,8138,55,2026-01-16 21:14:18,2026-01-16 21:43:18,2026-01-16 22:07:18,56
7563,8139,81,2026-01-23 22:50:16,2026-01-23 23:24:16,2026-01-23 23:37:16,49
7564,8140,90,2026-01-15 05:32:38,2026-01-15 05:53:38,2026-01-15 06:09:38,38
7565,8141,51,2026-01-02 22:14:07,2026-01-02 22:51:07,2026-01-02 23:22:07,72
7566,8142,95,2026-01-15 13:11:38,2026-01-15 13:49:38,2026-01-15 14:10:38,62
7567,8143,59,2026-01-16 04:39:34,2026-01-16 05:03:34,2026-01-16 05:22:34,46
7568,8144,112,2026-01-07 23:14:07,2026-01-07 23:35:07,2026-01-07 23:50:07,38
7569,8145,37,2026-01-02 11:33:47,2026-01-02 12:11:47,2026-01-02 12:31:47,61
7570,8146,118,2026-01-30 15:32:18,2026-01-30 15:56:18,2026-01-30 16:13:18,45
7571,8147,47,2026-01-07 22:32:49,2026-01-07 23:16:49,2026-01-07 23:35:49,64
7572,8148,32,2026-01-19 18:34:20,2026-01-19 19:04:20,2026-01-19 19:21:20,49
7573,8149,35,2026-01-31 07:35:22,2026-01-31 08:00:22,2026-01-31 08:18:22,45
7574,8150,112,2026-01-13 17:04:36,2026-01-13 17:30:36,2026-01-13 17:41:36,40
7575,8151,111,2026-01-05 18:51:37,2026-01-05 19:20:37,2026-01-05 19:36:37,46
7576,8152,39,2026-01-11 15:23:28,2026-01-11 15:49:28,2026-01-11 16:03:28,42
7577,8153,32,2026-01-28 17:29:32,2026-01-28 17:46:32,2026-01-28 18:13:32,46
7578,8154,100,2026-01-11 15:45:55,2026-01-11 16:12:55,2026-01-11 16:28:55,46
7579,8155,14,2026-01-31 22:59:39,2026-01-31 23:30:39,2026-02-01 00:01:39,64
7580,8156,26,2026-01-29 08:57:23,2026-01-29 09:21:23,2026-01-29 09:37:23,43
7581,8157,4,2026-01-27 11:40:33,2026-01-27 11:59:33,2026-01-27 12:17:33,39
7582,8158,109,2026-01-26 14:36:45,2026-01-26 15:04:45,2026-01-26 15:27:45,53
7583,8159,101,2026-01-11 12:29:39,2026-01-11 13:09:39,2026-01-11 13:28:39,62
7584,8160,5,2026-01-23 20:02:58,2026-01-23 20:24:58,2026-01-23 20:56:58,56
7585,8161,11,2026-01-05 14:20:04,2026-01-05 14:59:04,2026-01-05 15:18:04,59
7586,8163,92,2026-01-08 23:30:09,2026-01-09 00:02:09,2026-01-09 00:21:09,55
7587,8164,106,2026-01-03 13:48:58,2026-01-03 14:34:58,2026-01-03 14:56:58,69
7588,8165,14,2026-01-21 22:56:13,2026-01-21 23:19:13,2026-01-21 23:33:13,40
7589,8166,12,2026-01-07 05:33:29,2026-01-07 05:55:29,2026-01-07 06:06:29,35
7590,8167,20,2026-01-16 21:24:04,2026-01-16 22:08:04,2026-01-16 22:28:04,67
7591,8168,16,2026-01-02 07:04:09,2026-01-02 07:33:09,2026-01-02 07:50:09,49
7592,8169,103,2026-01-20 23:08:27,2026-01-20 23:39:27,2026-01-20 23:49:27,43
7593,8170,110,2026-01-30 22:41:03,2026-01-30 23:15:03,2026-01-30 23:42:03,64
7594,8171,6,2026-01-10 16:01:15,2026-01-10 16:34:15,2026-01-10 16:45:15,48
7595,8172,15,2026-01-07 14:18:10,2026-01-07 14:51:10,2026-01-07 15:13:10,56
7596,8173,41,2026-01-07 22:30:27,2026-01-07 22:49:27,2026-01-07 23:14:27,46
7597,8174,108,2026-01-17 05:39:12,2026-01-17 06:16:12,2026-01-17 06:32:12,56
7598,8175,56,2026-01-30 12:52:09,2026-01-30 13:13:09,2026-01-30 13:29:09,41
7599,8176,82,2026-01-25 01:25:07,2026-01-25 01:47:07,2026-01-25 02:11:07,48
7600,8177,119,2026-01-09 00:23:25,2026-01-09 00:45:25,2026-01-09 00:58:25,39
7601,8178,13,2026-01-07 23:28:19,2026-01-07 23:49:19,2026-01-08 00:05:19,38
7602,8179,35,2026-01-11 22:32:32,2026-01-11 23:01:32,2026-01-11 23:24:32,55
7603,8180,109,2026-01-22 18:43:34,2026-01-22 19:09:34,2026-01-22 19:24:34,42
7604,8181,10,2026-01-28 08:16:23,2026-01-28 08:48:23,2026-01-28 09:05:23,53
7605,8182,82,2026-01-14 20:12:22,2026-01-14 20:32:22,2026-01-14 20:56:22,48
7606,8183,83,2026-01-31 13:56:24,2026-01-31 14:28:24,2026-01-31 14:54:24,60
7607,8184,115,2026-01-09 14:43:45,2026-01-09 15:14:45,2026-01-09 15:29:45,49
7608,8185,21,2026-01-13 21:19:35,2026-01-13 21:52:35,2026-01-13 22:30:35,75
7609,8186,107,2026-01-13 20:12:48,2026-01-13 20:41:48,2026-01-13 20:58:48,47
7610,8187,75,2026-01-16 10:17:31,2026-01-16 10:48:31,2026-01-16 11:01:31,47
7611,8188,35,2026-01-22 20:56:53,2026-01-22 21:20:53,2026-01-22 21:41:53,46
7612,8189,35,2026-01-09 19:34:14,2026-01-09 20:01:14,2026-01-09 20:26:14,55
7613,8190,111,2026-01-28 23:16:01,2026-01-28 23:38:01,2026-01-28 23:57:01,42
7614,8191,7,2026-01-26 14:27:18,2026-01-26 14:55:18,2026-01-26 15:17:18,51
7615,8193,48,2026-01-11 02:02:14,2026-01-11 02:29:14,2026-01-11 02:42:14,41
7616,8194,22,2026-01-21 21:48:57,2026-01-21 22:30:57,2026-01-21 22:58:57,74
7617,8195,57,2026-01-28 15:29:01,2026-01-28 15:45:01,2026-01-28 16:07:01,41
7618,8196,18,2026-01-05 07:50:55,2026-01-05 08:10:55,2026-01-05 08:23:55,34
7619,8198,35,2026-01-08 21:43:20,2026-01-08 22:18:20,2026-01-08 22:39:20,58
7620,8199,43,2026-01-09 12:23:47,2026-01-09 12:42:47,2026-01-09 12:58:47,39
7621,8200,30,2026-01-20 17:23:04,2026-01-20 17:49:04,2026-01-20 18:04:04,43
7622,8201,29,2026-01-14 15:50:29,2026-01-14 16:12:29,2026-01-14 16:35:29,47
7623,8202,102,2026-01-29 15:29:39,2026-01-29 15:49:39,2026-01-29 16:09:39,43
7624,8204,99,2026-01-20 13:36:48,2026-01-20 14:00:48,2026-01-20 14:28:48,55
7625,8205,47,2026-01-16 22:41:32,2026-01-16 23:14:32,2026-01-16 23:33:32,55
7626,8207,13,2026-01-10 15:32:45,2026-01-10 16:07:45,2026-01-10 16:29:45,59
7627,8208,70,2026-01-01 14:46:37,2026-01-01 15:06:37,2026-01-01 15:27:37,44
7628,8209,26,2026-01-13 10:00:49,2026-01-13 10:14:49,2026-01-13 10:37:49,41
7629,8210,92,2026-01-10 20:40:06,2026-01-10 21:11:06,2026-01-10 21:30:06,52
7630,8211,73,2026-01-31 03:21:33,2026-01-31 03:53:33,2026-01-31 04:11:33,54
7631,8212,19,2026-01-10 21:23:56,2026-01-10 22:09:56,2026-01-10 22:34:56,72
7632,8213,92,2026-01-05 23:23:07,2026-01-05 23:44:07,2026-01-06 00:03:07,43
7633,8214,43,2026-01-24 13:57:49,2026-01-24 14:42:49,2026-01-24 15:15:49,79
7634,8215,95,2026-01-18 06:13:34,2026-01-18 06:29:34,2026-01-18 06:51:34,40
7635,8216,68,2026-01-31 12:35:41,2026-01-31 13:05:41,2026-01-31 13:19:41,47
7636,8217,30,2026-01-31 15:40:44,2026-01-31 16:18:44,2026-01-31 16:52:44,74
7637,8218,102,2026-01-08 16:01:29,2026-01-08 16:20:29,2026-01-08 16:42:29,45
7638,8219,89,2026-01-02 14:50:44,2026-01-02 15:23:44,2026-01-02 15:52:44,64
7639,8220,83,2026-01-31 21:08:24,2026-01-31 21:35:24,2026-01-31 22:01:24,57
7640,8221,79,2026-01-28 23:48:12,2026-01-29 00:16:12,2026-01-29 00:34:12,49
7641,8222,111,2026-01-16 07:34:55,2026-01-16 08:04:55,2026-01-16 08:20:55,49
7642,8223,15,2026-01-12 15:46:31,2026-01-12 16:14:31,2026-01-12 16:39:31,54
7643,8224,76,2026-01-07 21:38:47,2026-01-07 22:21:47,2026-01-07 22:48:47,71
7644,8225,19,2026-01-15 18:35:05,2026-01-15 19:01:05,2026-01-15 19:19:05,48
7645,8226,80,2026-01-13 16:17:22,2026-01-13 16:46:22,2026-01-13 17:06:22,53
7646,8227,104,2026-01-19 18:56:07,2026-01-19 19:14:07,2026-01-19 19:28:07,33
7647,8228,104,2026-01-07 02:11:43,2026-01-07 02:31:43,2026-01-07 02:51:43,44
7648,8229,101,2026-01-26 17:59:55,2026-01-26 18:16:55,2026-01-26 18:35:55,37
7649,8230,25,2026-01-25 04:57:19,2026-01-25 05:25:19,2026-01-25 05:47:19,54
7650,8231,63,2026-01-29 20:10:25,2026-01-29 20:41:25,2026-01-29 21:03:25,54
7651,8233,20,2026-01-09 22:29:48,2026-01-09 22:59:48,2026-01-09 23:16:48,50
7652,8234,23,2026-01-21 15:02:28,2026-01-21 15:32:28,2026-01-21 15:52:28,54
7653,8235,15,2026-01-26 21:41:21,2026-01-26 22:10:21,2026-01-26 22:42:21,65
7654,8236,26,2026-01-23 22:46:39,2026-01-23 23:13:39,2026-01-23 23:34:39,50
7655,8237,11,2026-01-17 21:49:26,2026-01-17 22:23:26,2026-01-17 22:46:26,59
7656,8238,51,2026-01-25 06:04:46,2026-01-25 06:34:46,2026-01-25 06:56:46,55
7657,8239,92,2026-01-20 12:35:55,2026-01-20 12:51:55,2026-01-20 13:02:55,31
7658,8240,2,2026-01-16 21:55:58,2026-01-16 22:30:58,2026-01-16 23:02:58,71
7659,8242,89,2026-01-08 11:43:14,2026-01-08 12:16:14,2026-01-08 12:27:14,45
7660,8243,75,2026-01-06 15:23:00,2026-01-06 15:56:00,2026-01-06 16:15:00,56
7661,8245,90,2026-01-24 15:52:56,2026-01-24 16:11:56,2026-01-24 16:24:56,33
7662,8246,75,2026-01-12 21:56:48,2026-01-12 22:29:48,2026-01-12 22:46:48,52
7663,8247,41,2026-01-17 10:08:48,2026-01-17 10:37:48,2026-01-17 10:59:48,54
7664,8248,81,2026-01-04 13:03:41,2026-01-04 13:35:41,2026-01-04 14:00:41,59
7665,8249,99,2026-01-12 20:39:50,2026-01-12 21:07:50,2026-01-12 21:23:50,46
7666,8250,87,2026-01-19 12:42:56,2026-01-19 13:17:56,2026-01-19 13:34:56,53
7667,8251,84,2026-01-12 04:48:02,2026-01-12 05:25:02,2026-01-12 05:40:02,55
7668,8252,103,2026-01-24 13:30:56,2026-01-24 14:05:56,2026-01-24 14:31:56,64
7669,8253,116,2026-01-03 08:50:33,2026-01-03 09:14:33,2026-01-03 09:46:33,59
7670,8254,101,2026-01-11 13:30:04,2026-01-11 14:05:04,2026-01-11 14:24:04,57
7671,8255,12,2026-01-19 20:34:20,2026-01-19 20:51:20,2026-01-19 21:10:20,37
7672,8257,77,2026-01-24 14:33:09,2026-01-24 15:11:09,2026-01-24 15:36:09,65
7673,8259,102,2026-01-07 21:44:10,2026-01-07 22:17:10,2026-01-07 22:49:10,69
7674,8260,25,2026-01-15 12:57:55,2026-01-15 13:23:55,2026-01-15 13:33:55,38
7675,8261,95,2026-01-05 21:40:27,2026-01-05 22:17:27,2026-01-05 22:37:27,61
7676,8262,49,2026-01-12 13:12:52,2026-01-12 13:43:52,2026-01-12 14:16:52,68
7677,8263,94,2026-01-30 14:41:23,2026-01-30 15:26:23,2026-01-30 15:42:23,63
7678,8264,106,2026-01-07 13:41:30,2026-01-07 14:12:30,2026-01-07 14:36:30,56
7679,8265,78,2026-01-21 21:08:13,2026-01-21 21:35:13,2026-01-21 22:03:13,56
7680,8266,19,2026-01-07 13:07:07,2026-01-07 13:43:07,2026-01-07 14:09:07,64
7681,8267,15,2026-01-09 02:38:13,2026-01-09 02:59:13,2026-01-09 03:19:13,42
7682,8268,28,2026-01-28 06:19:00,2026-01-28 06:32:00,2026-01-28 06:46:00,29
7683,8269,114,2026-01-03 04:05:53,2026-01-03 04:38:53,2026-01-03 04:53:53,52
7684,8270,58,2026-01-31 16:15:33,2026-01-31 16:36:33,2026-01-31 17:09:33,56
7685,8271,58,2026-01-07 15:07:41,2026-01-07 15:37:41,2026-01-07 15:53:41,48
7686,8272,22,2026-01-19 14:55:50,2026-01-19 15:19:50,2026-01-19 15:38:50,47
7687,8273,8,2026-01-01 04:31:29,2026-01-01 05:05:29,2026-01-01 05:24:29,54
7688,8274,36,2026-01-09 18:05:41,2026-01-09 18:31:41,2026-01-09 18:49:41,45
7689,8275,115,2026-01-04 21:26:40,2026-01-04 21:57:40,2026-01-04 22:22:40,57
7690,8276,59,2026-01-22 22:32:51,2026-01-22 23:04:51,2026-01-22 23:29:51,58
7691,8277,57,2026-01-31 23:03:05,2026-01-31 23:26:05,2026-01-31 23:48:05,46
7692,8278,71,2026-01-09 13:48:20,2026-01-09 14:19:20,2026-01-09 14:37:20,51
7693,8280,35,2026-01-06 21:14:09,2026-01-06 21:45:09,2026-01-06 22:13:09,63
7694,8281,13,2026-01-01 21:20:59,2026-01-01 21:44:59,2026-01-01 22:18:59,62
7695,8282,63,2026-01-11 05:59:00,2026-01-11 06:23:00,2026-01-11 06:38:00,41
7696,8283,108,2026-01-22 00:35:48,2026-01-22 00:58:48,2026-01-22 01:23:48,49
7697,8284,8,2026-01-08 21:08:44,2026-01-08 21:40:44,2026-01-08 21:57:44,53
7698,8286,116,2026-01-04 13:57:03,2026-01-04 14:18:03,2026-01-04 14:40:03,47
7699,8287,50,2026-01-01 15:58:53,2026-01-01 16:32:53,2026-01-01 16:50:53,54
7700,8289,114,2026-01-15 21:54:59,2026-01-15 22:19:59,2026-01-15 22:46:59,55
7701,8290,55,2026-01-21 23:59:26,2026-01-22 00:20:26,2026-01-22 00:41:26,44
7702,8291,117,2026-01-30 05:00:16,2026-01-30 05:33:16,2026-01-30 05:45:16,46
7703,8292,48,2026-01-25 21:27:28,2026-01-25 22:05:28,2026-01-25 22:35:28,72
7704,8294,65,2026-01-03 07:35:42,2026-01-03 08:04:42,2026-01-03 08:17:42,44
7705,8295,12,2026-01-12 15:06:51,2026-01-12 15:41:51,2026-01-12 16:01:51,58
7706,8296,14,2026-01-06 02:30:13,2026-01-06 03:05:13,2026-01-06 03:21:13,53
7707,8297,68,2026-01-05 20:12:04,2026-01-05 20:33:04,2026-01-05 20:46:04,35
7708,8298,62,2026-01-22 00:00:02,2026-01-22 00:33:02,2026-01-22 00:48:02,49
7709,8300,95,2026-01-03 02:34:35,2026-01-03 03:00:35,2026-01-03 03:13:35,42
7710,8301,78,2026-01-26 04:36:57,2026-01-26 05:06:57,2026-01-26 05:27:57,54
7711,8302,13,2026-01-24 15:54:19,2026-01-24 16:24:19,2026-01-24 16:51:19,59
7712,8303,65,2026-01-30 22:47:15,2026-01-30 23:23:15,2026-01-30 23:46:15,63
7713,8304,107,2026-01-04 14:50:25,2026-01-04 15:27:25,2026-01-04 15:47:25,60
7714,8305,26,2026-01-15 23:09:57,2026-01-15 23:40:57,2026-01-15 23:53:57,46
7715,8306,49,2026-01-06 02:31:25,2026-01-06 02:58:25,2026-01-06 03:15:25,47
7716,8308,40,2026-01-18 03:18:41,2026-01-18 03:49:41,2026-01-18 04:11:41,54
7717,8309,22,2026-01-29 19:18:52,2026-01-29 19:44:52,2026-01-29 20:10:52,55
7718,8310,75,2026-01-06 20:58:42,2026-01-06 21:26:42,2026-01-06 21:43:42,47
7719,8311,61,2026-01-05 09:37:52,2026-01-05 10:11:52,2026-01-05 10:41:52,66
7720,8312,64,2026-01-13 19:52:02,2026-01-13 20:26:02,2026-01-13 20:38:02,50
7721,8313,63,2026-01-17 22:57:53,2026-01-17 23:24:53,2026-01-17 23:48:53,52
7722,8314,20,2026-01-03 01:44:54,2026-01-03 02:12:54,2026-01-03 02:29:54,49
7723,8315,9,2026-01-30 07:04:01,2026-01-30 07:43:01,2026-01-30 08:00:01,59
7724,8316,55,2026-01-16 22:28:18,2026-01-16 22:52:18,2026-01-16 23:18:18,51
7725,8317,5,2026-01-21 22:19:27,2026-01-21 22:53:27,2026-01-21 23:08:27,52
7726,8318,81,2026-01-25 23:53:58,2026-01-26 00:25:58,2026-01-26 00:36:58,45
7727,8319,101,2026-01-30 23:28:03,2026-01-30 23:56:03,2026-01-31 00:08:03,41
7728,8320,72,2026-01-13 13:02:55,2026-01-13 13:28:55,2026-01-13 13:47:55,46
7729,8321,93,2026-01-21 04:44:13,2026-01-21 05:06:13,2026-01-21 05:24:13,41
7730,8322,53,2026-01-13 15:53:12,2026-01-13 16:20:12,2026-01-13 16:34:12,44
7731,8323,51,2026-01-04 21:15:26,2026-01-04 21:39:26,2026-01-04 22:09:26,57
7732,8324,66,2026-01-25 23:26:11,2026-01-25 23:56:11,2026-01-26 00:09:11,46
7733,8325,100,2026-01-24 05:21:01,2026-01-24 05:47:01,2026-01-24 06:04:01,45
7734,8327,117,2026-01-25 00:18:28,2026-01-25 00:41:28,2026-01-25 01:01:28,45
7735,8328,55,2026-01-21 22:16:05,2026-01-21 22:45:05,2026-01-21 23:17:05,63
7736,8329,11,2026-01-06 00:33:50,2026-01-06 01:08:50,2026-01-06 01:30:50,61
7737,8330,67,2026-01-20 21:38:04,2026-01-20 22:09:04,2026-01-20 22:37:04,60
7738,8331,39,2026-01-01 14:40:06,2026-01-01 15:17:06,2026-01-01 15:47:06,68
7739,8332,41,2026-01-13 19:03:07,2026-01-13 19:35:07,2026-01-13 19:51:07,49
7740,8333,112,2026-01-30 10:56:49,2026-01-30 11:18:49,2026-01-30 11:38:49,45
7741,8334,107,2026-01-18 14:29:01,2026-01-18 14:54:01,2026-01-18 15:15:01,48
7742,8335,20,2026-01-04 21:23:49,2026-01-04 22:00:49,2026-01-04 22:20:49,61
7743,8336,89,2026-01-01 15:04:01,2026-01-01 15:23:01,2026-01-01 15:50:01,48
7744,8337,16,2026-01-23 22:21:31,2026-01-23 22:47:31,2026-01-23 23:09:31,52
7745,8338,55,2026-01-04 01:53:39,2026-01-04 02:19:39,2026-01-04 02:34:39,44
7746,8339,70,2026-01-15 22:54:50,2026-01-15 23:34:50,2026-01-16 00:03:50,70
7747,8340,44,2026-01-09 08:52:46,2026-01-09 09:24:46,2026-01-09 09:34:46,46
7748,8341,28,2026-01-28 15:58:49,2026-01-28 16:34:49,2026-01-28 16:53:49,58
7749,8343,103,2026-01-07 22:07:14,2026-01-07 22:50:14,2026-01-07 23:19:14,74
7750,8344,6,2026-01-28 15:40:01,2026-01-28 16:03:01,2026-01-28 16:19:01,41
7751,8345,58,2026-01-21 14:05:41,2026-01-21 14:33:41,2026-01-21 14:52:41,50
7752,8346,117,2026-01-01 13:22:03,2026-01-01 13:45:03,2026-01-01 14:11:03,51
7753,8347,82,2026-01-19 14:46:36,2026-01-19 15:30:36,2026-01-19 15:56:36,74
7754,8348,86,2026-01-15 12:05:48,2026-01-15 12:27:48,2026-01-15 12:45:48,42
7755,8349,61,2026-01-25 14:24:36,2026-01-25 14:51:36,2026-01-25 15:12:36,52
7756,8350,8,2026-01-29 22:29:11,2026-01-29 23:09:11,2026-01-29 23:36:11,68
7757,8351,104,2026-01-25 22:46:04,2026-01-25 23:20:04,2026-01-25 23:40:04,55
7758,8352,80,2026-01-21 12:07:51,2026-01-21 12:25:51,2026-01-21 12:48:51,42
7759,8353,68,2026-01-01 15:23:35,2026-01-01 15:46:35,2026-01-01 16:02:35,40
7760,8355,73,2026-01-29 22:57:39,2026-01-29 23:34:39,2026-01-29 23:56:39,60
7761,8356,61,2026-01-15 14:57:45,2026-01-15 15:37:45,2026-01-15 15:55:45,62
7762,8357,96,2026-01-02 22:39:15,2026-01-02 23:15:15,2026-01-02 23:31:15,55
7763,8358,45,2026-01-29 14:31:54,2026-01-29 15:06:54,2026-01-29 15:27:54,58
7764,8359,73,2026-01-05 13:26:42,2026-01-05 13:59:42,2026-01-05 14:26:42,63
7765,8360,106,2026-01-21 10:57:55,2026-01-21 11:12:55,2026-01-21 11:22:55,28
7766,8361,74,2026-01-09 21:42:47,2026-01-09 22:15:47,2026-01-09 22:33:47,54
7767,8362,60,2026-01-03 12:33:44,2026-01-03 12:58:44,2026-01-03 13:14:44,45
7768,8363,5,2026-01-04 12:43:04,2026-01-04 13:07:04,2026-01-04 13:25:04,43
7769,8364,102,2026-01-16 22:55:29,2026-01-16 23:18:29,2026-01-16 23:47:29,55
7770,8365,44,2026-01-29 23:44:52,2026-01-30 00:14:52,2026-01-30 00:31:52,48
7771,8366,93,2026-01-29 13:24:30,2026-01-29 14:02:30,2026-01-29 14:20:30,60
7772,8367,89,2026-01-26 21:05:40,2026-01-26 21:40:40,2026-01-26 22:00:40,58
7773,8368,38,2026-01-22 09:50:56,2026-01-22 10:28:56,2026-01-22 10:51:56,63
7774,8370,2,2026-01-25 22:49:56,2026-01-25 23:19:56,2026-01-25 23:36:56,49
7775,8371,33,2026-01-23 09:28:46,2026-01-23 09:59:46,2026-01-23 10:22:46,56
7776,8372,5,2026-01-07 02:33:14,2026-01-07 02:58:14,2026-01-07 03:22:14,52
7777,8373,82,2026-01-11 15:37:00,2026-01-11 15:55:00,2026-01-11 16:14:00,40
7778,8374,47,2026-01-06 15:39:27,2026-01-06 16:10:27,2026-01-06 16:23:27,46
7779,8375,82,2026-01-03 21:37:51,2026-01-03 22:05:51,2026-01-03 22:27:51,54
7780,8376,67,2026-01-19 02:21:20,2026-01-19 02:39:20,2026-01-19 02:59:20,39
7781,8377,19,2026-01-26 12:48:23,2026-01-26 13:17:23,2026-01-26 13:33:23,47
7782,8378,12,2026-01-20 20:05:54,2026-01-20 20:32:54,2026-01-20 20:50:54,49
7783,8379,47,2026-01-05 13:43:14,2026-01-05 14:26:14,2026-01-05 14:47:14,65
7784,8380,107,2026-01-27 12:07:14,2026-01-27 12:37:14,2026-01-27 12:51:14,47
7785,8381,59,2026-01-13 12:43:19,2026-01-13 13:10:19,2026-01-13 13:26:19,47
7786,8382,1,2026-01-19 15:51:07,2026-01-19 16:07:07,2026-01-19 16:29:07,40
7787,8384,1,2026-01-31 14:03:43,2026-01-31 14:31:43,2026-01-31 15:03:43,63
7788,8385,10,2026-01-26 22:18:21,2026-01-26 22:39:21,2026-01-26 22:57:21,43
7789,8386,42,2026-01-13 05:24:46,2026-01-13 05:49:46,2026-01-13 06:00:46,40
7790,8387,95,2026-01-15 03:44:00,2026-01-15 04:07:00,2026-01-15 04:29:00,46
7791,8388,97,2026-01-30 21:21:14,2026-01-30 21:50:14,2026-01-30 22:23:14,63
7792,8390,16,2026-01-26 13:01:55,2026-01-26 13:18:55,2026-01-26 13:45:55,48
7793,8392,41,2026-01-07 11:23:37,2026-01-07 11:47:37,2026-01-07 12:16:37,54
7794,8393,43,2026-01-22 23:17:51,2026-01-22 23:43:51,2026-01-23 00:03:51,50
7795,8394,49,2026-01-16 13:10:49,2026-01-16 13:45:49,2026-01-16 14:08:49,62
7796,8395,114,2026-01-27 20:09:56,2026-01-27 20:32:56,2026-01-27 20:53:56,47
7797,8396,74,2026-01-08 05:32:24,2026-01-08 06:01:24,2026-01-08 06:19:24,50
7798,8397,81,2026-01-03 14:14:17,2026-01-03 14:39:17,2026-01-03 15:03:17,50
7799,8398,90,2026-01-03 21:15:49,2026-01-03 21:50:49,2026-01-03 22:16:49,63
7800,8399,75,2026-01-19 14:11:58,2026-01-19 14:34:58,2026-01-19 15:02:58,54
7801,8400,64,2026-01-13 22:26:30,2026-01-13 23:14:30,2026-01-13 23:43:30,79
7802,8401,77,2026-01-03 22:28:08,2026-01-03 22:56:08,2026-01-03 23:12:08,46
7803,8402,22,2026-01-10 23:17:28,2026-01-10 23:44:28,2026-01-11 00:08:28,55
7804,8403,107,2026-01-10 15:29:11,2026-01-10 15:57:11,2026-01-10 16:13:11,45
7805,8404,55,2026-01-06 16:53:28,2026-01-06 17:18:28,2026-01-06 17:32:28,40
7806,8405,59,2026-01-26 14:13:31,2026-01-26 14:55:31,2026-01-26 15:17:31,65
7807,8406,64,2026-01-24 21:56:36,2026-01-24 22:22:36,2026-01-24 22:38:36,46
7808,8407,108,2026-01-11 23:00:54,2026-01-11 23:40:54,2026-01-12 00:11:54,74
7809,8408,25,2026-01-14 12:34:40,2026-01-14 13:05:40,2026-01-14 13:18:40,45
7810,8409,58,2026-01-26 23:20:51,2026-01-26 23:35:51,2026-01-26 23:55:51,36
7811,8410,83,2026-01-08 21:04:18,2026-01-08 21:37:18,2026-01-08 21:51:18,49
7812,8412,110,2026-01-28 14:02:44,2026-01-28 14:32:44,2026-01-28 14:47:44,46
7813,8413,4,2026-01-23 23:23:25,2026-01-23 23:40:25,2026-01-24 00:00:25,40
7814,8414,112,2026-01-11 19:59:35,2026-01-11 20:18:35,2026-01-11 20:40:35,42
7815,8415,112,2026-01-09 22:45:47,2026-01-09 23:26:47,2026-01-09 23:50:47,66
7816,8416,10,2026-01-02 15:16:10,2026-01-02 15:52:10,2026-01-02 16:15:10,62
7817,8417,28,2026-01-21 22:14:49,2026-01-21 22:34:49,2026-01-21 22:49:49,37
7818,8419,50,2026-01-19 15:33:56,2026-01-19 15:56:56,2026-01-19 16:10:56,38
7819,8420,20,2026-01-05 22:49:03,2026-01-05 23:16:03,2026-01-05 23:43:03,58
7820,8421,119,2026-01-20 06:52:15,2026-01-20 07:15:15,2026-01-20 07:31:15,43
7821,8422,1,2026-01-13 07:26:05,2026-01-13 07:55:05,2026-01-13 08:25:05,60
7822,8423,68,2026-01-20 05:17:18,2026-01-20 05:48:18,2026-01-20 06:12:18,56
7823,8424,4,2026-01-16 20:20:17,2026-01-16 20:40:17,2026-01-16 21:11:17,52
7824,8425,39,2026-01-04 02:22:17,2026-01-04 02:57:17,2026-01-04 03:17:17,59
7825,8426,28,2026-01-07 05:28:03,2026-01-07 05:59:03,2026-01-07 06:24:03,60
7826,8427,68,2026-01-11 22:16:38,2026-01-11 22:54:38,2026-01-11 23:15:38,63
7827,8428,6,2026-01-27 14:33:15,2026-01-27 14:48:15,2026-01-27 15:13:15,43
7828,8429,68,2026-01-30 14:27:56,2026-01-30 15:00:56,2026-01-30 15:19:56,54
7829,8430,66,2026-01-09 13:12:38,2026-01-09 13:47:38,2026-01-09 14:18:38,69
7830,8433,12,2026-01-29 00:52:41,2026-01-29 01:19:41,2026-01-29 01:49:41,58
7831,8434,103,2026-01-10 21:59:21,2026-01-10 22:21:21,2026-01-10 22:39:21,41
7832,8436,2,2026-01-10 16:39:33,2026-01-10 17:09:33,2026-01-10 17:27:33,50
7833,8437,9,2026-01-30 22:16:19,2026-01-30 22:44:19,2026-01-30 23:04:19,52
7834,8438,17,2026-01-03 21:56:39,2026-01-03 22:27:39,2026-01-03 23:02:39,70
7835,8439,118,2026-01-03 23:49:02,2026-01-04 00:15:02,2026-01-04 00:31:02,46
7836,8440,13,2026-01-17 15:50:34,2026-01-17 16:12:34,2026-01-17 16:23:34,35
7837,8441,119,2026-01-08 15:59:30,2026-01-08 16:27:30,2026-01-08 16:40:30,44
7838,8442,88,2026-01-28 21:27:43,2026-01-28 21:57:43,2026-01-28 22:29:43,65
7839,8443,82,2026-01-03 22:37:54,2026-01-03 23:12:54,2026-01-03 23:29:54,55
7840,8444,66,2026-01-31 12:49:22,2026-01-31 13:16:22,2026-01-31 13:37:22,49
7841,8445,48,2026-01-28 14:52:43,2026-01-28 15:25:43,2026-01-28 15:49:43,61
7842,8446,65,2026-01-26 02:08:46,2026-01-26 02:37:46,2026-01-26 03:01:46,54
7843,8447,41,2026-01-12 13:39:07,2026-01-12 14:23:07,2026-01-12 14:54:07,76
7844,8448,31,2026-01-20 14:28:50,2026-01-20 14:50:50,2026-01-20 15:12:50,47
7845,8449,103,2026-01-16 22:12:21,2026-01-16 22:37:21,2026-01-16 23:01:21,51
7846,8450,102,2026-01-19 22:03:13,2026-01-19 22:29:13,2026-01-19 22:58:13,57
7847,8451,43,2026-01-25 14:30:09,2026-01-25 14:59:09,2026-01-25 15:27:09,60
7848,8452,5,2026-01-14 03:48:28,2026-01-14 04:07:28,2026-01-14 04:31:28,46
7849,8453,109,2026-01-30 23:24:12,2026-01-30 23:58:12,2026-01-31 00:09:12,46
7850,8454,57,2026-01-22 19:07:54,2026-01-22 19:34:54,2026-01-22 19:54:54,50
7851,8455,89,2026-01-09 22:22:34,2026-01-09 22:52:34,2026-01-09 23:18:34,58
7852,8456,71,2026-01-28 15:17:46,2026-01-28 15:39:46,2026-01-28 16:05:46,51
7853,8457,48,2026-01-02 16:53:37,2026-01-02 17:24:37,2026-01-02 17:54:37,63
7854,8458,18,2026-01-07 23:07:39,2026-01-07 23:28:39,2026-01-07 23:39:39,34
7855,8459,57,2026-01-30 13:51:01,2026-01-30 14:31:01,2026-01-30 14:57:01,69
7856,8460,117,2026-01-12 21:46:59,2026-01-12 22:22:59,2026-01-12 22:47:59,63
7857,8461,13,2026-01-20 20:29:49,2026-01-20 20:52:49,2026-01-20 21:18:49,53
7858,8462,21,2026-01-21 20:36:08,2026-01-21 21:12:08,2026-01-21 21:40:08,65
7859,8463,25,2026-01-10 12:11:07,2026-01-10 12:35:07,2026-01-10 12:56:07,49
7860,8464,2,2026-01-05 13:25:45,2026-01-05 13:59:45,2026-01-05 14:24:45,61
7861,8465,104,2026-01-31 20:57:43,2026-01-31 21:36:43,2026-01-31 21:56:43,62
7862,8466,109,2026-01-11 14:53:41,2026-01-11 15:31:41,2026-01-11 15:50:41,61
7863,8467,44,2026-01-25 13:28:58,2026-01-25 14:10:58,2026-01-25 14:29:58,64
7864,8468,80,2026-01-21 13:29:51,2026-01-21 14:05:51,2026-01-21 14:28:51,60
7865,8469,29,2026-01-16 23:26:58,2026-01-16 23:50:58,2026-01-17 00:09:58,46
7866,8470,57,2026-01-18 10:53:02,2026-01-18 11:14:02,2026-01-18 11:34:02,44
7867,8471,37,2026-01-26 23:37:24,2026-01-27 00:00:24,2026-01-27 00:26:24,50
7868,8472,114,2026-01-14 14:10:00,2026-01-14 14:41:00,2026-01-14 15:11:00,64
7869,8473,95,2026-01-03 09:26:26,2026-01-03 09:41:26,2026-01-03 09:56:26,32
7870,8474,32,2026-01-30 21:53:19,2026-01-30 22:20:19,2026-01-30 22:34:19,43
7871,8475,115,2026-01-06 12:23:14,2026-01-06 12:44:14,2026-01-06 13:04:14,42
7872,8476,25,2026-01-24 13:05:06,2026-01-24 13:33:06,2026-01-24 13:58:06,56
7873,8477,28,2026-01-06 10:02:01,2026-01-06 10:23:01,2026-01-06 10:37:01,38
7874,8478,105,2026-01-29 07:05:08,2026-01-29 07:21:08,2026-01-29 07:47:08,43
7875,8479,84,2026-01-30 12:11:52,2026-01-30 12:40:52,2026-01-30 12:53:52,43
7876,8480,112,2026-01-21 12:26:13,2026-01-21 12:56:13,2026-01-21 13:16:13,54
7877,8481,78,2026-01-26 14:34:56,2026-01-26 15:00:56,2026-01-26 15:27:56,57
7878,8482,5,2026-01-17 23:18:34,2026-01-17 23:48:34,2026-01-18 00:07:34,50
7879,8483,102,2026-01-03 22:50:06,2026-01-03 23:26:06,2026-01-03 23:42:06,54
7880,8484,103,2026-01-14 14:50:21,2026-01-14 15:19:21,2026-01-14 15:41:21,55
7881,8485,72,2026-01-24 13:42:49,2026-01-24 14:11:49,2026-01-24 14:38:49,57
7882,8486,113,2026-01-19 12:26:08,2026-01-19 13:05:08,2026-01-19 13:32:08,68
7883,8487,55,2026-01-01 21:31:18,2026-01-01 22:09:18,2026-01-01 22:36:18,68
7884,8488,24,2026-01-07 20:36:10,2026-01-07 21:00:10,2026-01-07 21:15:10,41
7885,8489,43,2026-01-03 02:18:45,2026-01-03 02:37:45,2026-01-03 02:58:45,43
7886,8490,89,2026-01-18 15:22:58,2026-01-18 15:54:58,2026-01-18 16:22:58,61
7887,8491,11,2026-01-31 18:25:56,2026-01-31 18:53:56,2026-01-31 19:12:56,49
7888,8492,26,2026-01-31 11:13:05,2026-01-31 11:43:05,2026-01-31 12:11:05,61
7889,8493,60,2026-01-23 14:49:55,2026-01-23 15:23:55,2026-01-23 15:40:55,52
7890,8494,13,2026-01-09 04:43:42,2026-01-09 05:00:42,2026-01-09 05:25:42,45
7891,8495,94,2026-01-20 15:26:17,2026-01-20 15:45:17,2026-01-20 15:56:17,33
7892,8496,23,2026-01-27 12:52:33,2026-01-27 13:23:33,2026-01-27 13:51:33,62
7893,8497,23,2026-01-04 05:48:42,2026-01-04 06:15:42,2026-01-04 06:31:42,44
7894,8498,12,2026-01-11 13:51:16,2026-01-11 14:26:16,2026-01-11 14:52:16,63
7895,8499,39,2026-01-03 07:21:32,2026-01-03 07:40:32,2026-01-03 07:56:32,37
7896,8500,110,2026-01-31 15:41:04,2026-01-31 16:08:04,2026-01-31 16:33:04,56
7897,8501,13,2026-01-22 22:59:30,2026-01-22 23:19:30,2026-01-22 23:31:30,33
7898,8502,5,2026-01-24 08:35:30,2026-01-24 09:02:30,2026-01-24 09:24:30,53
7899,8503,99,2026-01-20 11:51:02,2026-01-20 12:17:02,2026-01-20 12:38:02,51
7900,8504,18,2026-01-05 09:11:43,2026-01-05 09:36:43,2026-01-05 09:50:43,40
7901,8505,55,2026-01-31 12:59:22,2026-01-31 13:23:22,2026-01-31 13:41:22,44
7902,8506,55,2026-01-04 20:52:47,2026-01-04 21:24:47,2026-01-04 21:43:47,52
7903,8507,40,2026-01-22 22:27:08,2026-01-22 23:04:08,2026-01-22 23:32:08,67
7904,8508,64,2026-01-27 21:16:33,2026-01-27 21:53:33,2026-01-27 22:17:33,63
7905,8510,96,2026-01-12 11:30:36,2026-01-12 12:02:36,2026-01-12 12:20:36,52
7906,8511,64,2026-01-26 16:37:38,2026-01-26 17:07:38,2026-01-26 17:28:38,53
7907,8512,89,2026-01-07 20:06:56,2026-01-07 20:42:56,2026-01-07 21:00:56,57
7908,8513,76,2026-01-29 20:26:46,2026-01-29 20:48:46,2026-01-29 21:11:46,46
7909,8514,3,2026-01-08 23:07:25,2026-01-08 23:32:25,2026-01-08 23:53:25,50
7910,8515,101,2026-01-23 23:04:32,2026-01-23 23:38:32,2026-01-23 23:56:32,54
7911,8516,45,2026-01-12 21:23:55,2026-01-12 21:50:55,2026-01-12 22:16:55,57
7912,8517,34,2026-01-13 21:36:41,2026-01-13 22:03:41,2026-01-13 22:33:41,59
7913,8518,39,2026-01-13 10:05:39,2026-01-13 10:34:39,2026-01-13 10:47:39,46
7914,8519,91,2026-01-28 18:17:34,2026-01-28 18:39:34,2026-01-28 18:58:34,44
7915,8520,101,2026-01-19 22:57:18,2026-01-19 23:27:18,2026-01-19 23:46:18,51
7916,8521,46,2026-01-26 10:51:06,2026-01-26 11:10:06,2026-01-26 11:35:06,47
7917,8522,119,2026-01-12 12:48:23,2026-01-12 13:14:23,2026-01-12 13:28:23,44
7918,8523,20,2026-01-01 14:41:48,2026-01-01 15:19:48,2026-01-01 15:39:48,59
7919,8524,61,2026-01-10 23:30:13,2026-01-11 00:01:13,2026-01-11 00:16:13,47
7920,8525,69,2026-01-11 22:59:11,2026-01-11 23:30:11,2026-01-11 23:51:11,53
7921,8526,114,2026-01-05 21:26:05,2026-01-05 22:02:05,2026-01-05 22:15:05,53
7922,8527,33,2026-01-19 06:50:11,2026-01-19 07:26:11,2026-01-19 07:46:11,60
7923,8528,99,2026-01-03 21:52:42,2026-01-03 22:28:42,2026-01-03 22:50:42,61
7924,8529,68,2026-01-14 15:31:57,2026-01-14 15:49:57,2026-01-14 16:13:57,43
7925,8531,110,2026-01-29 12:15:48,2026-01-29 12:44:48,2026-01-29 12:55:48,42
7926,8532,37,2026-01-26 13:00:10,2026-01-26 13:29:10,2026-01-26 13:57:10,61
7927,8533,11,2026-01-14 11:48:10,2026-01-14 12:14:10,2026-01-14 12:35:10,48
7928,8534,74,2026-01-05 14:54:28,2026-01-05 15:29:28,2026-01-05 15:53:28,61
7929,8536,13,2026-01-22 13:10:04,2026-01-22 13:41:04,2026-01-22 14:07:04,61
7930,8537,59,2026-01-02 13:28:18,2026-01-02 14:08:18,2026-01-02 14:34:18,69
7931,8538,80,2026-01-06 13:07:52,2026-01-06 13:40:52,2026-01-06 13:59:52,54
7932,8539,25,2026-01-01 22:24:16,2026-01-01 22:52:16,2026-01-01 23:14:16,51
7933,8540,50,2026-01-16 10:26:03,2026-01-16 10:52:03,2026-01-16 11:11:03,48
7934,8541,115,2026-01-30 22:38:27,2026-01-30 23:14:27,2026-01-30 23:41:27,66
7935,8542,120,2026-01-21 14:05:40,2026-01-21 14:40:40,2026-01-21 14:57:40,55
7936,8543,72,2026-01-15 10:57:26,2026-01-15 11:35:26,2026-01-15 11:53:26,58
7937,8544,65,2026-01-11 02:59:22,2026-01-11 03:18:22,2026-01-11 03:42:22,46
7938,8547,101,2026-01-09 02:22:16,2026-01-09 02:58:16,2026-01-09 03:19:16,59
7939,8548,98,2026-01-12 09:17:06,2026-01-12 09:40:06,2026-01-12 10:00:06,47
7940,8549,59,2026-01-14 18:28:08,2026-01-14 18:44:08,2026-01-14 18:57:08,30
7941,8550,48,2026-01-15 02:57:43,2026-01-15 03:24:43,2026-01-15 03:42:43,47
7942,8551,98,2026-01-23 23:56:39,2026-01-24 00:27:39,2026-01-24 00:54:39,59
7943,8552,57,2026-01-01 14:37:05,2026-01-01 15:12:05,2026-01-01 15:35:05,60
7944,8553,72,2026-01-30 21:03:29,2026-01-30 21:42:29,2026-01-30 22:03:29,63
7945,8554,42,2026-01-19 12:00:38,2026-01-19 12:18:38,2026-01-19 12:32:38,35
7946,8555,117,2026-01-02 20:30:16,2026-01-02 20:53:16,2026-01-02 21:19:16,53
7947,8556,4,2026-01-18 08:51:30,2026-01-18 09:17:30,2026-01-18 09:34:30,45
7948,8557,5,2026-01-13 19:10:51,2026-01-13 19:45:51,2026-01-13 20:10:51,62
7949,8558,6,2026-01-08 01:32:50,2026-01-08 02:02:50,2026-01-08 02:29:50,60
7950,8559,105,2026-01-30 16:50:09,2026-01-30 17:04:09,2026-01-30 17:17:09,31
7951,8560,110,2026-01-01 22:12:47,2026-01-01 22:44:47,2026-01-01 23:02:47,53
7952,8561,60,2026-01-20 14:58:28,2026-01-20 15:22:28,2026-01-20 15:35:28,38
7953,8562,111,2026-01-12 22:08:50,2026-01-12 22:43:50,2026-01-12 23:07:50,61
7954,8563,29,2026-01-03 20:13:18,2026-01-03 20:34:18,2026-01-03 20:52:18,40
7955,8564,3,2026-01-05 21:58:21,2026-01-05 22:28:21,2026-01-05 22:48:21,53
7956,8565,39,2026-01-19 14:26:05,2026-01-19 15:04:05,2026-01-19 15:25:05,63
7957,8566,31,2026-01-23 03:00:09,2026-01-23 03:31:09,2026-01-23 03:52:09,55
7958,8567,115,2026-01-25 21:34:49,2026-01-25 22:05:49,2026-01-25 22:30:49,59
7959,8568,58,2026-01-11 22:20:57,2026-01-11 22:55:57,2026-01-11 23:22:57,63
7960,8569,82,2026-01-08 14:25:38,2026-01-08 15:03:38,2026-01-08 15:20:38,59
7961,8570,117,2026-01-01 13:03:48,2026-01-01 13:43:48,2026-01-01 14:07:48,65
7962,8571,101,2026-01-03 12:45:14,2026-01-03 13:08:14,2026-01-03 13:22:14,38
7963,8572,79,2026-01-02 21:29:12,2026-01-02 22:09:12,2026-01-02 22:30:12,62
7964,8573,9,2026-01-28 22:07:38,2026-01-28 22:37:38,2026-01-28 22:56:38,50
7965,8574,34,2026-01-22 14:00:02,2026-01-22 14:26:02,2026-01-22 15:01:02,62
7966,8575,66,2026-01-26 21:24:18,2026-01-26 21:50:18,2026-01-26 22:08:18,46
7967,8576,57,2026-01-01 19:12:50,2026-01-01 19:47:50,2026-01-01 20:06:50,58
7968,8577,92,2026-01-25 02:39:28,2026-01-25 03:09:28,2026-01-25 03:29:28,54
7969,8578,110,2026-01-27 21:46:01,2026-01-27 22:22:01,2026-01-27 22:49:01,65
7970,8579,33,2026-01-24 00:46:38,2026-01-24 01:18:38,2026-01-24 01:31:38,46
7971,8580,66,2026-01-11 04:18:11,2026-01-11 04:48:11,2026-01-11 05:06:11,49
7972,8581,92,2026-01-18 18:50:25,2026-01-18 19:15:25,2026-01-18 19:30:25,44
7973,8582,119,2026-01-15 21:39:56,2026-01-15 22:06:56,2026-01-15 22:32:56,56
7974,8583,44,2026-01-04 23:31:25,2026-01-05 00:05:25,2026-01-05 00:22:25,52
7975,8584,77,2026-01-31 14:19:09,2026-01-31 14:46:09,2026-01-31 15:08:09,53
7976,8585,22,2026-01-07 22:46:30,2026-01-07 23:12:30,2026-01-07 23:32:30,49
7977,8586,3,2026-01-05 13:06:23,2026-01-05 13:32:23,2026-01-05 14:02:23,59
7978,8587,44,2026-01-22 11:57:32,2026-01-22 12:31:32,2026-01-22 12:51:32,58
7979,8588,120,2026-01-19 13:25:42,2026-01-19 13:59:42,2026-01-19 14:11:42,48
7980,8589,34,2026-01-16 13:09:34,2026-01-16 13:38:34,2026-01-16 14:02:34,57
7981,8590,75,2026-01-01 13:15:56,2026-01-01 13:52:56,2026-01-01 14:09:56,57
7982,8591,1,2026-01-28 16:55:15,2026-01-28 17:11:15,2026-01-28 17:28:15,34
7983,8593,89,2026-01-12 07:06:28,2026-01-12 07:30:28,2026-01-12 07:40:28,35
7984,8594,22,2026-01-10 13:33:04,2026-01-10 14:12:04,2026-01-10 14:33:04,62
7985,8595,115,2026-01-23 14:38:06,2026-01-23 15:07:06,2026-01-23 15:29:06,54
7986,8596,55,2026-01-13 22:03:23,2026-01-13 22:25:23,2026-01-13 22:40:23,40
7987,8597,38,2026-01-28 23:51:42,2026-01-29 00:16:42,2026-01-29 00:31:42,44
7988,8598,72,2026-01-19 14:06:28,2026-01-19 14:40:28,2026-01-19 15:16:28,73
7989,8599,47,2026-01-19 20:36:57,2026-01-19 21:14:57,2026-01-19 21:41:57,69
7990,8600,71,2026-01-26 09:10:13,2026-01-26 09:23:13,2026-01-26 09:41:13,33
7991,8601,71,2026-01-02 12:12:47,2026-01-02 12:33:47,2026-01-02 12:46:47,38
7992,8602,37,2026-01-22 20:08:34,2026-01-22 20:39:34,2026-01-22 20:55:34,49
7993,8603,107,2026-01-03 13:03:50,2026-01-03 13:29:50,2026-01-03 13:45:50,46
7994,8604,105,2026-01-27 22:57:45,2026-01-27 23:25:45,2026-01-27 23:43:45,48
7995,8605,91,2026-01-15 21:08:26,2026-01-15 21:45:26,2026-01-15 22:10:26,63
7996,8606,100,2026-01-17 06:14:17,2026-01-17 06:53:17,2026-01-17 07:12:17,60
7997,8607,2,2026-01-14 13:35:05,2026-01-14 14:00:05,2026-01-14 14:28:05,56
7998,8608,36,2026-01-09 04:48:27,2026-01-09 05:09:27,2026-01-09 05:32:27,48
7999,8609,1,2026-01-25 20:05:10,2026-01-25 20:32:10,2026-01-25 21:00:10,59
8000,8610,16,2026-01-05 18:13:00,2026-01-05 18:48:00,2026-01-05 19:05:00,56
8001,8611,109,2026-01-12 04:38:08,2026-01-12 05:06:08,2026-01-12 05:17:08,43
8002,8612,2,2026-01-20 11:56:12,2026-01-20 12:18:12,2026-01-20 12:29:12,34
8003,8613,58,2026-01-12 13:19:27,2026-01-12 13:58:27,2026-01-12 14:20:27,65
8004,8614,96,2026-01-16 02:53:35,2026-01-16 03:26:35,2026-01-16 03:57:35,67
8005,8615,102,2026-01-14 13:35:46,2026-01-14 14:08:46,2026-01-14 14:26:46,52
8006,8616,47,2026-01-12 20:32:28,2026-01-12 20:54:28,2026-01-12 21:21:28,52
8007,8618,31,2026-01-08 17:44:01,2026-01-08 18:22:01,2026-01-08 18:39:01,59
8008,8620,15,2026-01-19 12:33:04,2026-01-19 13:01:04,2026-01-19 13:14:04,44
8009,8621,15,2026-01-30 13:35:19,2026-01-30 14:02:19,2026-01-30 14:25:19,54
8010,8622,94,2026-01-17 13:22:28,2026-01-17 14:07:28,2026-01-17 14:36:28,75
8011,8623,15,2026-01-31 20:09:43,2026-01-31 20:39:43,2026-01-31 20:54:43,48
8012,8624,23,2026-01-05 00:48:17,2026-01-05 01:16:17,2026-01-05 01:33:17,48
8013,8625,22,2026-01-14 13:25:43,2026-01-14 13:50:43,2026-01-14 14:22:43,61
8014,8626,28,2026-01-06 20:07:24,2026-01-06 20:42:24,2026-01-06 21:00:24,55
8015,8627,26,2026-01-13 01:19:20,2026-01-13 01:46:20,2026-01-13 02:01:20,44
8016,8628,80,2026-01-26 12:05:41,2026-01-26 12:31:41,2026-01-26 12:57:41,54
8017,8629,111,2026-01-09 22:24:48,2026-01-09 22:57:48,2026-01-09 23:20:48,58
8018,8630,37,2026-01-29 18:46:39,2026-01-29 19:23:39,2026-01-29 19:39:39,56
8019,8631,74,2026-01-01 21:26:49,2026-01-01 22:09:49,2026-01-01 22:34:49,70
8020,8632,34,2026-01-29 04:22:11,2026-01-29 04:52:11,2026-01-29 05:11:11,51
8021,8633,33,2026-01-23 16:20:09,2026-01-23 16:43:09,2026-01-23 17:05:09,47
8022,8635,81,2026-01-28 14:41:25,2026-01-28 15:08:25,2026-01-28 15:26:25,48
8023,8636,31,2026-01-29 16:49:31,2026-01-29 17:12:31,2026-01-29 17:34:31,49
8024,8637,28,2026-01-19 13:16:42,2026-01-19 13:50:42,2026-01-19 14:11:42,56
8025,8638,6,2026-01-09 22:31:53,2026-01-09 23:02:53,2026-01-09 23:25:53,58
8026,8639,92,2026-01-10 13:36:20,2026-01-10 14:05:20,2026-01-10 14:23:20,48
8027,8640,68,2026-01-26 15:50:48,2026-01-26 16:15:48,2026-01-26 16:38:48,52
8028,8641,41,2026-01-25 21:02:44,2026-01-25 21:27:44,2026-01-25 21:44:44,43
8029,8643,70,2026-01-15 21:29:58,2026-01-15 21:59:58,2026-01-15 22:19:58,53
8030,8644,114,2026-01-25 21:17:33,2026-01-25 21:50:33,2026-01-25 22:21:33,65
8031,8645,103,2026-01-28 18:47:38,2026-01-28 19:12:38,2026-01-28 19:24:38,38
8032,8647,87,2026-01-01 04:33:03,2026-01-01 05:02:03,2026-01-01 05:26:03,56
8033,8648,115,2026-01-12 13:11:34,2026-01-12 13:47:34,2026-01-12 14:16:34,67
8034,8649,22,2026-01-05 07:47:59,2026-01-05 08:08:59,2026-01-05 08:36:59,50
8035,8650,32,2026-01-16 23:30:02,2026-01-16 23:54:02,2026-01-17 00:20:02,53
8036,8651,81,2026-01-29 10:50:49,2026-01-29 11:19:49,2026-01-29 11:34:49,46
8037,8652,23,2026-01-25 13:17:13,2026-01-25 13:58:13,2026-01-25 14:18:13,63
8038,8653,74,2026-01-04 14:51:09,2026-01-04 15:26:09,2026-01-04 15:49:09,62
8039,8655,89,2026-01-04 14:44:25,2026-01-04 15:13:25,2026-01-04 15:34:25,52
8040,8656,3,2026-01-25 09:47:33,2026-01-25 10:24:33,2026-01-25 10:37:33,53
8041,8657,55,2026-01-15 21:43:34,2026-01-15 22:13:34,2026-01-15 22:38:34,56
8042,8658,13,2026-01-20 22:22:38,2026-01-20 22:49:38,2026-01-20 23:12:38,53
8043,8659,99,2026-01-10 22:54:09,2026-01-10 23:31:09,2026-01-10 23:49:09,58
8044,8660,5,2026-01-11 06:15:21,2026-01-11 06:46:21,2026-01-11 07:01:21,50
8045,8661,10,2026-01-17 15:29:39,2026-01-17 15:54:39,2026-01-17 16:10:39,45
8046,8662,49,2026-01-09 14:11:15,2026-01-09 14:34:15,2026-01-09 15:00:15,53
8047,8663,3,2026-01-15 01:31:02,2026-01-15 01:58:02,2026-01-15 02:18:02,51
8048,8664,111,2026-01-21 13:34:44,2026-01-21 14:09:44,2026-01-21 14:29:44,56
8049,8665,120,2026-01-06 10:53:58,2026-01-06 11:30:58,2026-01-06 11:49:58,60
8050,8666,104,2026-01-29 22:56:32,2026-01-29 23:23:32,2026-01-29 23:37:32,42
8051,8667,37,2026-01-11 16:39:58,2026-01-11 17:03:58,2026-01-11 17:17:58,41
8052,8668,98,2026-01-30 13:18:47,2026-01-30 13:44:47,2026-01-30 14:11:47,54
8053,8669,78,2026-01-07 22:09:18,2026-01-07 22:33:18,2026-01-07 23:00:18,52
8054,8670,50,2026-01-14 00:25:02,2026-01-14 00:47:02,2026-01-14 01:06:02,42
8055,8671,49,2026-01-19 21:50:24,2026-01-19 22:23:24,2026-01-19 22:40:24,54
8056,8672,103,2026-01-08 02:49:30,2026-01-08 03:14:30,2026-01-08 03:37:30,51
8057,8673,13,2026-01-24 14:35:00,2026-01-24 15:06:00,2026-01-24 15:33:00,61
8058,8674,97,2026-01-05 22:30:03,2026-01-05 23:08:03,2026-01-05 23:35:03,67
8059,8675,20,2026-01-05 12:32:28,2026-01-05 13:15:28,2026-01-05 13:27:28,56
8060,8676,48,2026-01-22 21:10:27,2026-01-22 21:38:27,2026-01-22 21:57:27,48
8061,8677,89,2026-01-18 14:47:49,2026-01-18 15:23:49,2026-01-18 15:41:49,57
8062,8678,6,2026-01-15 22:10:34,2026-01-15 22:40:34,2026-01-15 23:08:34,62
8063,8679,117,2026-01-05 14:25:44,2026-01-05 15:13:44,2026-01-05 15:35:44,73
8064,8680,111,2026-01-09 21:09:44,2026-01-09 21:48:44,2026-01-09 22:16:44,68
8065,8681,68,2026-01-13 13:26:04,2026-01-13 13:46:04,2026-01-13 14:15:04,52
8066,8682,23,2026-01-07 13:24:52,2026-01-07 14:04:52,2026-01-07 14:24:52,61
8067,8684,66,2026-01-03 13:31:45,2026-01-03 14:02:45,2026-01-03 14:23:45,55
8068,8685,89,2026-01-24 22:29:45,2026-01-24 22:55:45,2026-01-24 23:11:45,44
8069,8686,7,2026-01-23 14:06:54,2026-01-23 14:41:54,2026-01-23 15:10:54,65
8070,8687,34,2026-01-01 13:02:13,2026-01-01 13:25:13,2026-01-01 13:49:13,51
8071,8688,63,2026-01-02 14:57:21,2026-01-02 15:33:21,2026-01-02 15:52:21,57
8072,8689,51,2026-01-22 14:06:14,2026-01-22 14:25:14,2026-01-22 14:53:14,51
8073,8690,40,2026-01-26 03:30:39,2026-01-26 04:08:39,2026-01-26 04:33:39,66
8074,8691,24,2026-01-13 22:16:38,2026-01-13 22:46:38,2026-01-13 23:04:38,52
8075,8692,50,2026-01-01 15:44:25,2026-01-01 15:56:25,2026-01-01 16:12:25,30
8076,8693,105,2026-01-27 11:10:06,2026-01-27 11:41:06,2026-01-27 11:57:06,49
8077,8694,87,2026-01-23 14:44:27,2026-01-23 15:07:27,2026-01-23 15:30:27,50
8078,8695,22,2026-01-15 21:32:46,2026-01-15 22:08:46,2026-01-15 22:40:46,72
8079,8696,45,2026-01-28 21:33:12,2026-01-28 22:07:12,2026-01-28 22:28:12,58
8080,8697,17,2026-01-11 09:57:55,2026-01-11 10:17:55,2026-01-11 10:38:55,44
8081,8698,60,2026-01-30 07:12:26,2026-01-30 07:30:26,2026-01-30 07:49:26,39
8082,8699,83,2026-01-25 13:38:45,2026-01-25 14:14:45,2026-01-25 14:28:45,53
8083,8700,20,2026-01-07 22:30:38,2026-01-07 23:08:38,2026-01-07 23:37:38,68
8084,8701,33,2026-01-04 14:10:51,2026-01-04 14:41:51,2026-01-04 15:03:51,56
8085,8702,103,2026-01-17 14:55:11,2026-01-17 15:29:11,2026-01-17 15:58:11,65
8086,8703,72,2026-01-10 14:03:17,2026-01-10 14:40:17,2026-01-10 15:06:17,65
8087,8704,58,2026-01-05 22:08:56,2026-01-05 22:43:56,2026-01-05 23:08:56,64
8088,8705,21,2026-01-02 21:34:52,2026-01-02 22:06:52,2026-01-02 22:31:52,59
8089,8706,4,2026-01-25 04:27:49,2026-01-25 04:57:49,2026-01-25 05:21:49,57
8090,8707,5,2026-01-29 09:07:25,2026-01-29 09:34:25,2026-01-29 10:01:25,56
8091,8708,87,2026-01-10 10:12:46,2026-01-10 10:35:46,2026-01-10 10:53:46,43
8092,8709,34,2026-01-10 14:42:21,2026-01-10 15:17:21,2026-01-10 15:44:21,66
8093,8710,113,2026-01-05 12:52:05,2026-01-05 13:18:05,2026-01-05 13:30:05,42
8094,8711,76,2026-01-25 02:09:33,2026-01-25 02:24:33,2026-01-25 02:44:33,38
8095,8712,105,2026-01-20 12:20:33,2026-01-20 12:51:33,2026-01-20 13:15:33,59
8096,8713,72,2026-01-12 12:52:38,2026-01-12 13:13:38,2026-01-12 13:23:38,35
8097,8714,87,2026-01-05 22:17:15,2026-01-05 22:41:15,2026-01-05 23:05:15,51
8098,8715,43,2026-01-21 16:03:22,2026-01-21 16:22:22,2026-01-21 16:39:22,37
8099,8716,114,2026-01-24 20:59:06,2026-01-24 21:27:06,2026-01-24 21:47:06,50
8100,8717,78,2026-01-16 03:22:42,2026-01-16 03:54:42,2026-01-16 04:19:42,59
8101,8718,41,2026-01-28 21:07:01,2026-01-28 21:33:01,2026-01-28 22:00:01,56
8102,8719,91,2026-01-03 16:04:09,2026-01-03 16:31:09,2026-01-03 16:52:09,52
8103,8720,64,2026-01-10 01:35:47,2026-01-10 02:01:47,2026-01-10 02:18:47,45
8104,8721,96,2026-01-19 14:31:46,2026-01-19 15:10:46,2026-01-19 15:39:46,69
8105,8722,13,2026-01-03 14:56:54,2026-01-03 15:21:54,2026-01-03 15:33:54,40
8106,8723,34,2026-01-26 23:01:03,2026-01-26 23:27:03,2026-01-27 00:03:03,65
8107,8724,68,2026-01-04 23:04:46,2026-01-04 23:33:46,2026-01-04 23:49:46,49
8108,8725,12,2026-01-28 07:59:05,2026-01-28 08:35:05,2026-01-28 09:01:05,66
8109,8726,86,2026-01-16 14:24:51,2026-01-16 14:57:51,2026-01-16 15:22:51,59
8110,8727,63,2026-01-07 10:23:30,2026-01-07 10:58:30,2026-01-07 11:11:30,49
8111,8728,85,2026-02-01 00:00:43,2026-02-01 00:21:43,2026-02-01 00:44:43,48
8112,8729,101,2026-01-27 01:26:19,2026-01-27 01:44:19,2026-01-27 02:01:19,38
8113,8730,56,2026-01-17 11:18:57,2026-01-17 11:42:57,2026-01-17 11:52:57,38
8114,8731,36,2026-01-31 17:19:02,2026-01-31 17:47:02,2026-01-31 18:09:02,51
8115,8732,119,2026-01-14 17:50:35,2026-01-14 18:11:35,2026-01-14 18:31:35,44
8116,8733,73,2026-01-03 16:19:58,2026-01-03 16:44:58,2026-01-03 17:06:58,51
8117,8734,89,2026-01-30 23:43:00,2026-01-31 00:16:00,2026-01-31 00:36:00,54
8118,8735,81,2026-01-06 22:55:26,2026-01-06 23:30:26,2026-01-06 23:51:26,58
8119,8736,5,2026-01-03 07:03:30,2026-01-03 07:27:30,2026-01-03 07:45:30,44
8120,8737,61,2026-01-16 23:17:00,2026-01-16 23:52:00,2026-01-17 00:04:00,49
8121,8739,58,2026-01-29 14:52:01,2026-01-29 15:32:01,2026-01-29 15:51:01,61
8122,8741,29,2026-01-12 14:22:15,2026-01-12 14:50:15,2026-01-12 15:20:15,60
8123,8742,57,2026-01-05 21:59:42,2026-01-05 22:36:42,2026-01-05 23:00:42,64
8124,8744,65,2026-01-04 20:25:09,2026-01-04 20:54:09,2026-01-04 21:04:09,41
8125,8746,90,2026-01-30 15:12:00,2026-01-30 15:34:00,2026-01-30 15:45:00,36
8126,8747,61,2026-01-07 12:44:04,2026-01-07 13:09:04,2026-01-07 13:20:04,38
8127,8748,85,2026-01-16 13:10:42,2026-01-16 13:47:42,2026-01-16 14:12:42,64
8128,8749,22,2026-01-17 20:10:16,2026-01-17 20:39:16,2026-01-17 20:51:16,43
8129,8750,117,2026-01-17 21:55:27,2026-01-17 22:28:27,2026-01-17 22:58:27,64
8130,8751,110,2026-01-28 13:28:01,2026-01-28 14:13:01,2026-01-28 14:42:01,75
8131,8752,117,2026-01-06 21:08:52,2026-01-06 21:46:52,2026-01-06 22:07:52,60
8132,8753,117,2026-01-14 14:08:08,2026-01-14 14:41:08,2026-01-14 15:06:08,61
8133,8754,111,2026-01-05 18:27:59,2026-01-05 18:49:59,2026-01-05 19:11:59,45
8134,8755,47,2026-01-13 23:30:25,2026-01-13 23:58:25,2026-01-14 00:14:25,45
8135,8757,33,2026-01-23 22:11:12,2026-01-23 22:50:12,2026-01-23 23:08:12,60
8136,8758,42,2026-01-29 13:36:37,2026-01-29 13:58:37,2026-01-29 14:17:37,44
8137,8759,98,2026-01-30 09:20:20,2026-01-30 09:48:20,2026-01-30 10:06:20,50
8138,8760,43,2026-01-27 12:43:48,2026-01-27 13:07:48,2026-01-27 13:26:48,45
8139,8761,107,2026-01-31 02:37:42,2026-01-31 03:06:42,2026-01-31 03:19:42,46
8140,8762,48,2026-01-29 02:25:22,2026-01-29 02:45:22,2026-01-29 03:08:22,45
8141,8763,67,2026-01-07 05:17:28,2026-01-07 05:46:28,2026-01-07 06:02:28,46
8142,8764,37,2026-01-21 03:16:04,2026-01-21 03:39:04,2026-01-21 04:01:04,48
8143,8765,106,2026-01-01 00:14:43,2026-01-01 00:39:43,2026-01-01 00:51:43,41
8144,8766,70,2026-01-15 12:38:01,2026-01-15 13:00:01,2026-01-15 13:22:01,46
8145,8767,83,2026-01-10 21:35:40,2026-01-10 22:18:40,2026-01-10 22:42:40,71
8146,8768,60,2026-01-06 21:21:39,2026-01-06 21:58:39,2026-01-06 22:19:39,59
8147,8769,18,2026-01-21 23:57:00,2026-01-22 00:20:00,2026-01-22 00:40:00,45
8148,8770,87,2026-01-26 14:59:37,2026-01-26 15:32:37,2026-01-26 15:49:37,52
8149,8771,65,2026-01-26 13:26:00,2026-01-26 13:53:00,2026-01-26 14:14:00,50
8150,8772,33,2026-01-26 02:28:31,2026-01-26 02:47:31,2026-01-26 03:04:31,38
8151,8773,89,2026-01-30 14:11:02,2026-01-30 14:45:02,2026-01-30 15:03:02,54
8152,8774,47,2026-01-26 21:30:45,2026-01-26 21:58:45,2026-01-26 22:16:45,49
8153,8775,68,2026-01-15 13:26:54,2026-01-15 14:15:54,2026-01-15 14:39:54,77
8154,8776,82,2026-01-10 23:50:25,2026-01-11 00:26:25,2026-01-11 00:49:25,60
8155,8777,94,2026-01-11 22:07:46,2026-01-11 22:38:46,2026-01-11 22:58:46,54
8156,8778,91,2026-01-03 14:04:40,2026-01-03 14:34:40,2026-01-03 14:46:40,43
8157,8779,47,2026-01-10 22:12:27,2026-01-10 22:48:27,2026-01-10 23:17:27,69
8158,8780,38,2026-01-23 13:23:30,2026-01-23 13:58:30,2026-01-23 14:17:30,56
8159,8782,111,2026-01-21 15:28:20,2026-01-21 15:50:20,2026-01-21 16:13:20,48
8160,8783,43,2026-01-04 12:50:54,2026-01-04 13:16:54,2026-01-04 13:38:54,50
8161,8784,100,2026-01-19 13:24:32,2026-01-19 13:57:32,2026-01-19 14:21:32,58
8162,8785,113,2026-01-08 14:36:50,2026-01-08 15:17:50,2026-01-08 15:39:50,67
8163,8786,48,2026-01-28 14:14:39,2026-01-28 14:44:39,2026-01-28 15:02:39,49
8164,8787,7,2026-01-07 20:13:53,2026-01-07 20:55:53,2026-01-07 21:17:53,68
8165,8788,114,2026-01-10 20:13:44,2026-01-10 20:25:44,2026-01-10 20:35:44,25
8166,8789,10,2026-01-24 08:40:36,2026-01-24 09:01:36,2026-01-24 09:17:36,38
8167,8790,118,2026-01-22 15:54:16,2026-01-22 16:14:16,2026-01-22 16:27:16,35
8168,8791,112,2026-01-13 14:04:16,2026-01-13 14:35:16,2026-01-13 15:00:16,58
8169,8792,24,2026-01-09 12:03:36,2026-01-09 12:28:36,2026-01-09 12:47:36,45
8170,8793,84,2026-01-13 22:36:51,2026-01-13 23:14:51,2026-01-13 23:42:51,70
8171,8794,86,2026-01-02 15:36:42,2026-01-02 16:03:42,2026-01-02 16:22:42,47
8172,8795,57,2026-01-08 22:09:54,2026-01-08 22:51:54,2026-01-08 23:17:54,72
8173,8796,30,2026-01-19 21:54:37,2026-01-19 22:17:37,2026-01-19 22:50:37,57
8174,8797,66,2026-01-19 21:46:29,2026-01-19 22:13:29,2026-01-19 22:28:29,45
8175,8798,116,2026-01-29 18:04:34,2026-01-29 18:42:34,2026-01-29 18:57:34,54
8176,8799,75,2026-01-06 13:30:52,2026-01-06 14:03:52,2026-01-06 14:26:52,59
8177,8800,67,2026-01-27 14:24:13,2026-01-27 14:51:13,2026-01-27 15:18:13,55
8178,8801,107,2026-01-07 23:22:00,2026-01-07 23:37:00,2026-01-08 00:01:00,40
8179,8802,18,2026-01-21 21:48:03,2026-01-21 22:11:03,2026-01-21 22:31:03,46
8180,8803,115,2026-01-08 23:37:11,2026-01-09 00:01:11,2026-01-09 00:25:11,50
8181,8804,40,2026-01-10 22:34:50,2026-01-10 23:09:50,2026-01-10 23:36:50,63
8182,8805,104,2026-01-01 14:33:08,2026-01-01 15:00:08,2026-01-01 15:23:08,52
8183,8806,18,2026-01-29 12:47:51,2026-01-29 13:13:51,2026-01-29 13:33:51,49
8184,8807,30,2026-01-07 00:34:07,2026-01-07 01:04:07,2026-01-07 01:22:07,51
8185,8808,19,2026-01-11 20:11:12,2026-01-11 20:38:12,2026-01-11 20:49:12,42
8186,8809,24,2026-01-15 12:16:23,2026-01-15 12:33:23,2026-01-15 12:56:23,42
8187,8810,40,2026-01-18 21:26:29,2026-01-18 22:01:29,2026-01-18 22:34:29,72
8188,8812,89,2026-01-09 14:57:36,2026-01-09 15:35:36,2026-01-09 15:57:36,61
8189,8813,85,2026-01-18 21:35:36,2026-01-18 22:14:36,2026-01-18 22:32:36,58
8190,8814,111,2026-01-24 10:01:13,2026-01-24 10:30:13,2026-01-24 10:45:13,46
8191,8815,109,2026-01-20 23:16:19,2026-01-20 23:40:19,2026-01-20 23:57:19,42
8192,8816,29,2026-01-23 05:14:21,2026-01-23 05:42:21,2026-01-23 06:07:21,55
8193,8817,73,2026-01-05 14:53:09,2026-01-05 15:25:09,2026-01-05 15:46:09,54
8194,8818,71,2026-01-08 07:57:30,2026-01-08 08:30:30,2026-01-08 08:45:30,50
8195,8819,92,2026-01-04 13:42:42,2026-01-04 14:06:42,2026-01-04 14:28:42,49
8196,8820,52,2026-01-13 12:16:43,2026-01-13 12:44:43,2026-01-13 13:02:43,49
8197,8821,27,2026-01-29 19:34:26,2026-01-29 20:03:26,2026-01-29 20:27:26,57
8198,8822,96,2026-01-19 05:52:11,2026-01-19 06:31:11,2026-01-19 06:57:11,67
8199,8823,39,2026-01-18 00:43:29,2026-01-18 01:11:29,2026-01-18 01:28:29,48
8200,8824,82,2026-01-28 20:35:44,2026-01-28 21:04:44,2026-01-28 21:24:44,53
8201,8825,51,2026-01-01 12:51:42,2026-01-01 13:19:42,2026-01-01 13:39:42,52
8202,8826,108,2026-01-30 22:37:25,2026-01-30 23:05:25,2026-01-30 23:28:25,54
8203,8827,117,2026-01-03 23:06:21,2026-01-03 23:26:21,2026-01-03 23:39:21,34
8204,8828,110,2026-01-20 15:58:53,2026-01-20 16:22:53,2026-01-20 16:44:53,47
8205,8829,94,2026-01-02 09:20:25,2026-01-02 09:52:25,2026-01-02 10:10:25,52
8206,8830,108,2026-01-09 15:43:04,2026-01-09 16:05:04,2026-01-09 16:17:04,38
8207,8831,28,2026-01-05 23:00:22,2026-01-05 23:28:22,2026-01-05 23:52:22,55
8208,8832,44,2026-01-09 21:19:01,2026-01-09 22:07:01,2026-01-09 22:21:01,65
8209,8833,27,2026-01-26 17:39:05,2026-01-26 18:12:05,2026-01-26 18:28:05,53
8210,8835,31,2026-01-25 22:29:04,2026-01-25 22:59:04,2026-01-25 23:21:04,55
8211,8836,58,2026-01-05 20:43:34,2026-01-05 21:00:34,2026-01-05 21:19:34,39
8212,8837,35,2026-01-12 20:28:09,2026-01-12 21:04:09,2026-01-12 21:27:09,62
8213,8838,23,2026-01-04 13:30:07,2026-01-04 13:56:07,2026-01-04 14:28:07,61
8214,8839,6,2026-01-08 21:37:13,2026-01-08 22:16:13,2026-01-08 22:38:13,64
8215,8840,81,2026-01-29 04:26:52,2026-01-29 04:51:52,2026-01-29 05:07:52,43
8216,8841,7,2026-01-08 04:44:25,2026-01-08 05:04:25,2026-01-08 05:29:25,49
8217,8842,81,2026-01-16 03:37:01,2026-01-16 04:01:01,2026-01-16 04:25:01,50
8218,8843,12,2026-01-07 20:59:00,2026-01-07 21:22:00,2026-01-07 21:42:00,47
8219,8844,19,2026-01-07 19:59:00,2026-01-07 20:23:00,2026-01-07 20:42:00,45
8220,8845,73,2026-01-25 17:40:49,2026-01-25 17:59:49,2026-01-25 18:21:49,44
8221,8846,27,2026-01-19 15:34:30,2026-01-19 16:09:30,2026-01-19 16:22:30,50
8222,8847,11,2026-01-14 14:20:55,2026-01-14 14:53:55,2026-01-14 15:21:55,65
8223,8849,2,2026-01-18 14:24:10,2026-01-18 14:52:10,2026-01-18 15:19:10,57
8224,8850,80,2026-01-29 21:18:38,2026-01-29 21:55:38,2026-01-29 22:11:38,57
8225,8851,110,2026-01-30 21:45:10,2026-01-30 22:09:10,2026-01-30 22:29:10,48
8226,8852,92,2026-01-21 13:38:42,2026-01-21 14:14:42,2026-01-21 14:40:42,64
8227,8853,91,2026-01-23 08:22:59,2026-01-23 08:44:59,2026-01-23 09:05:59,44
8228,8854,21,2026-01-20 13:26:43,2026-01-20 14:04:43,2026-01-20 14:34:43,72
8229,8855,7,2026-01-07 20:06:18,2026-01-07 20:32:18,2026-01-07 20:49:18,46
8230,8856,21,2026-01-08 22:43:50,2026-01-08 23:22:50,2026-01-08 23:47:50,68
8231,8858,24,2026-01-27 06:31:31,2026-01-27 06:56:31,2026-01-27 07:16:31,46
8232,8859,30,2026-01-30 19:20:04,2026-01-30 19:40:04,2026-01-30 19:59:04,42
8233,8860,83,2026-01-03 16:19:52,2026-01-03 16:44:52,2026-01-03 17:05:52,50
8234,8861,5,2026-01-07 01:14:56,2026-01-07 01:36:56,2026-01-07 01:57:56,46
8235,8862,94,2026-01-11 22:46:38,2026-01-11 23:22:38,2026-01-11 23:53:38,69
8236,8863,17,2026-01-07 01:06:32,2026-01-07 01:30:32,2026-01-07 01:45:32,40
8237,8864,80,2026-01-26 23:35:28,2026-01-27 00:05:28,2026-01-27 00:29:28,57
8238,8865,104,2026-01-01 13:06:18,2026-01-01 13:39:18,2026-01-01 14:02:18,58
8239,8866,30,2026-01-27 12:14:47,2026-01-27 12:33:47,2026-01-27 12:49:47,37
8240,8867,104,2026-01-25 12:34:13,2026-01-25 13:02:13,2026-01-25 13:21:13,48
8241,8868,113,2026-01-14 21:20:23,2026-01-14 21:54:23,2026-01-14 22:11:23,52
8242,8869,11,2026-01-23 22:55:11,2026-01-23 23:27:11,2026-01-23 23:53:11,61
8243,8870,112,2026-01-07 02:24:48,2026-01-07 02:48:48,2026-01-07 03:14:48,52
8244,8871,113,2026-01-28 14:38:11,2026-01-28 15:11:11,2026-01-28 15:36:11,62
8245,8873,90,2026-01-24 20:17:54,2026-01-24 20:48:54,2026-01-24 21:12:54,59
8246,8874,61,2026-01-23 12:35:39,2026-01-23 12:59:39,2026-01-23 13:18:39,47
8247,8875,83,2026-01-04 15:49:07,2026-01-04 16:18:07,2026-01-04 16:41:07,56
8248,8876,40,2026-01-05 22:05:46,2026-01-05 22:39:46,2026-01-05 22:56:46,54
8249,8877,107,2026-01-04 14:56:03,2026-01-04 15:44:03,2026-01-04 16:04:03,71
8250,8878,26,2026-01-23 05:09:01,2026-01-23 05:45:01,2026-01-23 06:03:01,55
8251,8879,81,2026-01-24 13:11:26,2026-01-24 13:44:26,2026-01-24 14:09:26,60
8252,8880,15,2026-01-14 22:26:39,2026-01-14 22:49:39,2026-01-14 23:17:39,55
8253,8881,31,2026-01-05 10:12:15,2026-01-05 10:39:15,2026-01-05 11:04:15,55
8254,8882,44,2026-01-23 13:13:01,2026-01-23 13:52:01,2026-01-23 14:08:01,56
8255,8883,43,2026-01-15 21:36:44,2026-01-15 22:03:44,2026-01-15 22:37:44,65
8256,8884,80,2026-01-06 05:21:19,2026-01-06 05:57:19,2026-01-06 06:16:19,56
8257,8885,89,2026-01-01 08:55:02,2026-01-01 09:17:02,2026-01-01 09:35:02,43
8258,8886,104,2026-01-16 15:30:04,2026-01-16 16:03:04,2026-01-16 16:21:04,54
8259,8887,22,2026-01-16 08:19:04,2026-01-16 08:49:04,2026-01-16 09:08:04,52
8260,8888,12,2026-01-03 20:31:01,2026-01-03 20:47:01,2026-01-03 21:04:01,34
8261,8889,120,2026-01-22 22:57:37,2026-01-22 23:17:37,2026-01-22 23:48:37,55
8262,8890,34,2026-01-12 07:57:32,2026-01-12 08:21:32,2026-01-12 08:39:32,43
8263,8891,7,2026-01-02 12:50:23,2026-01-02 13:19:23,2026-01-02 13:33:23,45
8264,8892,106,2026-01-08 09:52:54,2026-01-08 10:11:54,2026-01-08 10:34:54,43
8265,8894,111,2026-01-22 01:37:55,2026-01-22 02:17:55,2026-01-22 02:33:55,57
8266,8895,119,2026-02-01 00:00:37,2026-02-01 00:28:37,2026-02-01 00:40:37,42
8267,8896,105,2026-01-19 12:06:05,2026-01-19 12:33:05,2026-01-19 12:54:05,51
8268,8897,20,2026-01-04 15:57:02,2026-01-04 16:10:02,2026-01-04 16:23:02,28
8269,8898,31,2026-01-18 13:10:01,2026-01-18 13:33:01,2026-01-18 13:53:01,47
8270,8899,33,2026-01-24 12:52:44,2026-01-24 13:26:44,2026-01-24 13:47:44,56
8271,8900,60,2026-01-04 21:37:04,2026-01-04 22:04:04,2026-01-04 22:27:04,52
8272,8901,71,2026-01-30 23:25:20,2026-01-30 23:49:20,2026-01-31 00:04:20,43
8273,8902,60,2026-01-12 10:35:32,2026-01-12 10:54:32,2026-01-12 11:11:32,39
8274,8903,94,2026-01-13 14:58:24,2026-01-13 15:32:24,2026-01-13 15:53:24,57
8275,8904,98,2026-01-22 14:26:46,2026-01-22 15:08:46,2026-01-22 15:34:46,70
8276,8905,5,2026-01-17 23:39:41,2026-01-18 00:18:41,2026-01-18 00:37:41,59
8277,8907,45,2026-01-20 15:16:21,2026-01-20 15:41:21,2026-01-20 15:59:21,47
8278,8908,98,2026-01-06 21:49:15,2026-01-06 22:18:15,2026-01-06 22:55:15,69
8279,8909,94,2026-01-04 14:44:56,2026-01-04 15:20:56,2026-01-04 15:43:56,61
8280,8910,88,2026-01-15 18:45:04,2026-01-15 19:11:04,2026-01-15 19:33:04,52
8281,8911,117,2026-01-31 14:32:27,2026-01-31 14:55:27,2026-01-31 15:18:27,47
8282,8912,21,2026-01-09 00:05:33,2026-01-09 00:30:33,2026-01-09 01:01:33,59
8283,8913,8,2026-01-26 17:00:35,2026-01-26 17:17:35,2026-01-26 17:35:35,39
8284,8915,56,2026-01-01 20:47:11,2026-01-01 21:10:11,2026-01-01 21:33:11,49
8285,8916,59,2026-01-03 13:25:30,2026-01-03 14:02:30,2026-01-03 14:22:30,59
8286,8917,85,2026-01-15 16:13:16,2026-01-15 16:39:16,2026-01-15 17:01:16,49
8287,8918,43,2026-01-13 22:38:45,2026-01-13 23:04:45,2026-01-13 23:31:45,54
8288,8919,102,2026-01-21 04:24:09,2026-01-21 04:49:09,2026-01-21 05:18:09,58
8289,8920,18,2026-01-07 21:03:44,2026-01-07 21:40:44,2026-01-07 22:09:44,69
8290,8921,21,2026-01-31 14:43:08,2026-01-31 15:11:08,2026-01-31 15:35:08,56
8291,8922,17,2026-01-21 21:15:02,2026-01-21 21:58:02,2026-01-21 22:19:02,68
8292,8923,20,2026-01-01 16:30:35,2026-01-01 16:52:35,2026-01-01 17:10:35,44
8293,8924,105,2026-01-09 21:13:57,2026-01-09 21:35:57,2026-01-09 21:55:57,43
8294,8925,20,2026-01-07 21:58:00,2026-01-07 22:22:00,2026-01-07 22:50:00,55
8295,8926,57,2026-01-06 20:24:25,2026-01-06 20:51:25,2026-01-06 21:02:25,39
8296,8927,90,2026-01-08 15:05:52,2026-01-08 15:33:52,2026-01-08 15:48:52,46
8297,8928,73,2026-01-12 02:08:56,2026-01-12 02:36:56,2026-01-12 02:47:56,41
8298,8929,23,2026-01-28 22:27:09,2026-01-28 22:45:09,2026-01-28 23:00:09,34
8299,8930,63,2026-01-25 21:43:02,2026-01-25 22:19:02,2026-01-25 22:43:02,63
8300,8931,1,2026-01-18 15:39:14,2026-01-18 16:08:14,2026-01-18 16:29:14,51
8301,8932,34,2026-01-11 13:02:01,2026-01-11 13:27:01,2026-01-11 13:54:01,55
8302,8935,33,2026-01-24 13:38:14,2026-01-24 14:11:14,2026-01-24 14:24:14,47
8303,8936,93,2026-01-31 04:38:44,2026-01-31 05:11:44,2026-01-31 05:25:44,50
8304,8937,25,2026-01-07 03:03:53,2026-01-07 03:27:53,2026-01-07 03:40:53,41
8305,8938,97,2026-01-20 13:23:18,2026-01-20 14:05:18,2026-01-20 14:26:18,67
8306,8939,79,2026-01-06 09:57:57,2026-01-06 10:18:57,2026-01-06 10:30:57,34
8307,8940,34,2026-01-21 23:09:26,2026-01-21 23:36:26,2026-01-21 23:58:26,50
8308,8941,53,2026-01-01 22:53:54,2026-01-01 23:19:54,2026-01-01 23:49:54,57
8309,8942,112,2026-01-20 21:04:35,2026-01-20 21:41:35,2026-01-20 22:03:35,60
8310,8943,80,2026-01-15 20:10:52,2026-01-15 20:33:52,2026-01-15 20:49:52,42
8311,8944,18,2026-01-25 23:53:47,2026-01-26 00:08:47,2026-01-26 00:23:47,34
8312,8945,45,2026-01-21 00:07:43,2026-01-21 00:24:43,2026-01-21 00:38:43,33
8313,8946,112,2026-01-27 14:02:47,2026-01-27 14:44:47,2026-01-27 15:03:47,65
8314,8947,18,2026-01-29 21:03:32,2026-01-29 21:42:32,2026-01-29 22:05:32,63
8315,8948,14,2026-01-29 13:02:54,2026-01-29 13:29:54,2026-01-29 13:47:54,47
8316,8949,65,2026-01-06 22:41:28,2026-01-06 23:17:28,2026-01-06 23:39:28,59
8317,8950,48,2026-01-04 21:26:19,2026-01-04 21:53:19,2026-01-04 22:18:19,54
8318,8951,103,2026-01-17 21:10:40,2026-01-17 21:32:40,2026-01-17 21:50:40,43
8319,8952,48,2026-01-12 15:55:23,2026-01-12 16:24:23,2026-01-12 16:35:23,42
8320,8953,60,2026-01-04 21:03:23,2026-01-04 21:33:23,2026-01-04 21:53:23,51
8321,8954,120,2026-01-24 12:44:09,2026-01-24 13:03:09,2026-01-24 13:28:09,48
8322,8955,50,2026-01-24 22:28:28,2026-01-24 23:03:28,2026-01-24 23:24:28,58
8323,8956,26,2026-01-18 19:21:00,2026-01-18 19:39:00,2026-01-18 20:08:00,51
8324,8958,51,2026-01-05 15:05:52,2026-01-05 15:33:52,2026-01-05 15:44:52,42
8325,8959,74,2026-01-13 11:10:19,2026-01-13 11:40:19,2026-01-13 11:59:19,51
8326,8961,63,2026-01-22 23:15:48,2026-01-22 23:34:48,2026-01-22 23:48:48,36
8327,8962,18,2026-01-03 18:31:24,2026-01-03 19:05:24,2026-01-03 19:22:24,54
8328,8963,39,2026-01-28 00:11:43,2026-01-28 00:28:43,2026-01-28 00:50:43,41
8329,8964,58,2026-01-04 03:46:14,2026-01-04 04:01:14,2026-01-04 04:22:14,40
8330,8965,37,2026-01-14 13:08:18,2026-01-14 13:41:18,2026-01-14 14:08:18,62
8331,8966,115,2026-01-30 11:01:57,2026-01-30 11:23:57,2026-01-30 11:39:57,39
8332,8967,44,2026-01-31 23:08:01,2026-01-31 23:36:01,2026-01-31 23:54:01,49
8333,8969,50,2026-01-24 20:08:19,2026-01-24 20:41:19,2026-01-24 20:59:19,55
8334,8970,84,2026-01-25 22:43:00,2026-01-25 23:05:00,2026-01-25 23:32:00,51
8335,8971,114,2026-01-29 10:54:57,2026-01-29 11:15:57,2026-01-29 11:25:57,35
8336,8972,70,2026-01-24 13:57:12,2026-01-24 14:18:12,2026-01-24 14:43:12,49
8337,8973,85,2026-01-01 20:14:39,2026-01-01 20:41:39,2026-01-01 21:01:39,49
8338,8974,36,2026-01-15 15:24:17,2026-01-15 15:54:17,2026-01-15 16:10:17,47
8339,8975,79,2026-01-05 13:39:34,2026-01-05 14:21:34,2026-01-05 14:43:34,66
8340,8976,114,2026-01-02 10:18:01,2026-01-02 10:41:01,2026-01-02 10:52:01,37
8341,8978,7,2026-01-17 15:07:28,2026-01-17 15:38:28,2026-01-17 16:00:28,56
8342,8980,8,2026-01-19 14:56:31,2026-01-19 15:28:31,2026-01-19 15:53:31,59
8343,8981,58,2026-01-14 22:07:05,2026-01-14 22:51:05,2026-01-14 23:15:05,72
8344,8982,49,2026-01-02 21:27:46,2026-01-02 21:50:46,2026-01-02 22:15:46,49
8345,8983,63,2026-01-02 15:15:26,2026-01-02 15:41:26,2026-01-02 15:52:26,40
8346,8984,10,2026-01-08 14:57:13,2026-01-08 15:34:13,2026-01-08 15:58:13,65
8347,8985,26,2026-01-25 14:41:36,2026-01-25 15:15:36,2026-01-25 15:41:36,61
8348,8986,93,2026-01-15 13:48:45,2026-01-15 14:21:45,2026-01-15 14:48:45,63
8349,8987,3,2026-01-01 22:05:35,2026-01-01 22:33:35,2026-01-01 23:02:35,58
8350,8988,76,2026-01-04 22:53:06,2026-01-04 23:37:06,2026-01-05 00:03:06,71
8351,8989,119,2026-01-19 22:20:05,2026-01-19 22:55:05,2026-01-19 23:24:05,68
8352,8990,80,2026-01-11 22:36:41,2026-01-11 22:59:41,2026-01-11 23:35:41,61
8353,8991,10,2026-01-07 15:35:20,2026-01-07 16:12:20,2026-01-07 16:26:20,52
8354,8992,79,2026-01-02 00:25:33,2026-01-02 00:53:33,2026-01-02 01:10:33,46
8355,8993,78,2026-01-22 09:45:42,2026-01-22 10:23:42,2026-01-22 10:41:42,60
8356,8995,87,2026-01-26 22:14:41,2026-01-26 22:44:41,2026-01-26 23:04:41,54
8357,8996,7,2026-01-07 21:16:33,2026-01-07 21:49:33,2026-01-07 22:07:33,55
8358,8997,88,2026-01-15 18:40:03,2026-01-15 18:57:03,2026-01-15 19:08:03,31
8359,8998,71,2026-01-17 13:06:54,2026-01-17 13:37:54,2026-01-17 13:52:54,49
8360,8999,78,2026-01-04 14:54:04,2026-01-04 15:33:04,2026-01-04 15:59:04,67
8361,9000,52,2026-01-25 22:08:57,2026-01-25 22:37:57,2026-01-25 23:09:57,65
8362,9001,58,2026-01-06 13:33:44,2026-01-06 14:04:44,2026-01-06 14:33:44,62
8363,9002,40,2026-01-18 21:35:48,2026-01-18 22:00:48,2026-01-18 22:21:48,49
8364,9003,53,2026-01-18 11:46:58,2026-01-18 12:22:58,2026-01-18 12:34:58,50
8365,9004,26,2026-01-25 22:46:58,2026-01-25 23:18:58,2026-01-25 23:48:58,63
8366,9005,34,2026-01-31 17:06:40,2026-01-31 17:26:40,2026-01-31 17:44:40,41
8367,9006,29,2026-01-02 22:52:36,2026-01-02 23:30:36,2026-01-02 23:54:36,64
8368,9007,11,2026-01-07 20:55:55,2026-01-07 21:18:55,2026-01-07 21:34:55,40
8369,9008,102,2026-01-15 23:30:03,2026-01-15 23:50:03,2026-01-16 00:15:03,49
8370,9009,62,2026-01-06 23:18:09,2026-01-06 23:34:09,2026-01-07 00:01:09,47
8371,9010,61,2026-01-30 09:15:54,2026-01-30 09:37:54,2026-01-30 09:55:54,41
8372,9011,42,2026-01-06 13:18:22,2026-01-06 13:45:22,2026-01-06 13:59:22,42
8373,9012,68,2026-01-11 21:22:33,2026-01-11 21:46:33,2026-01-11 22:07:33,46
8374,9013,15,2026-01-09 15:10:52,2026-01-09 15:41:52,2026-01-09 16:07:52,61
8375,9014,75,2026-01-25 15:27:42,2026-01-25 15:57:42,2026-01-25 16:14:42,49
8376,9016,44,2026-01-05 18:57:43,2026-01-05 19:14:43,2026-01-05 19:39:43,46
8377,9017,10,2026-01-15 12:39:18,2026-01-15 13:16:18,2026-01-15 13:36:18,59
8378,9018,76,2026-01-27 21:14:31,2026-01-27 22:00:31,2026-01-27 22:30:31,78
8379,9019,76,2026-01-29 14:07:27,2026-01-29 14:34:27,2026-01-29 15:00:27,54
8380,9020,117,2026-01-16 21:24:01,2026-01-16 21:50:01,2026-01-16 22:12:01,50
8381,9022,41,2026-01-15 13:04:11,2026-01-15 13:30:11,2026-01-15 13:49:11,48
8382,9023,38,2026-01-12 01:45:22,2026-01-12 02:07:22,2026-01-12 02:27:22,44
8383,9024,94,2026-01-12 07:28:10,2026-01-12 07:49:10,2026-01-12 08:12:10,46
8384,9025,118,2026-01-26 22:22:13,2026-01-26 23:01:13,2026-01-26 23:21:13,60
8385,9026,19,2026-01-20 12:24:25,2026-01-20 12:44:25,2026-01-20 13:13:25,52
8386,9027,64,2026-01-05 14:34:33,2026-01-05 15:03:33,2026-01-05 15:31:33,58
8387,9028,92,2026-01-18 14:56:14,2026-01-18 15:24:14,2026-01-18 15:46:14,51
8388,9029,75,2026-01-10 22:13:30,2026-01-10 22:43:30,2026-01-10 23:07:30,56
8389,9030,109,2026-01-01 12:17:26,2026-01-01 12:41:26,2026-01-01 13:00:26,44
8390,9031,88,2026-01-19 21:26:32,2026-01-19 21:50:32,2026-01-19 22:10:32,48
8391,9032,32,2026-01-14 09:20:37,2026-01-14 09:49:37,2026-01-14 09:59:37,43
8392,9033,90,2026-01-01 23:03:40,2026-01-01 23:26:40,2026-01-01 23:45:40,45
8393,9034,78,2026-01-20 12:16:19,2026-01-20 12:36:19,2026-01-20 13:01:19,46
8394,9035,41,2026-01-21 03:36:24,2026-01-21 03:54:24,2026-01-21 04:17:24,44
8395,9036,65,2026-01-23 14:27:01,2026-01-23 15:01:01,2026-01-23 15:21:01,57
8396,9037,79,2026-01-17 21:39:26,2026-01-17 22:21:26,2026-01-17 22:48:26,70
8397,9038,27,2026-01-27 20:29:10,2026-01-27 20:54:10,2026-01-27 21:10:10,44
8398,9039,71,2026-01-20 22:57:29,2026-01-20 23:32:29,2026-01-21 00:01:29,65
8399,9040,13,2026-01-05 23:02:28,2026-01-05 23:30:28,2026-01-05 23:50:28,50
8400,9041,23,2026-01-14 15:28:02,2026-01-14 15:46:02,2026-01-14 15:57:02,31
8401,9042,6,2026-01-03 21:09:39,2026-01-03 21:49:39,2026-01-03 22:21:39,75
8402,9043,111,2026-01-08 14:28:13,2026-01-08 15:00:13,2026-01-08 15:28:13,62
8403,9044,80,2026-01-20 13:23:56,2026-01-20 14:01:56,2026-01-20 14:22:56,60
8404,9045,114,2026-01-29 23:54:44,2026-01-30 00:10:44,2026-01-30 00:40:44,48
8405,9046,112,2026-01-09 00:41:35,2026-01-09 01:05:35,2026-01-09 01:27:35,50
8406,9047,44,2026-01-30 02:21:19,2026-01-30 02:50:19,2026-01-30 03:10:19,52
8407,9048,35,2026-01-01 15:14:01,2026-01-01 15:43:01,2026-01-01 16:03:01,52
8408,9049,28,2026-01-27 22:45:20,2026-01-27 23:18:20,2026-01-27 23:37:20,56
8409,9050,108,2026-01-03 23:07:05,2026-01-03 23:32:05,2026-01-03 23:47:05,41
8410,9051,52,2026-01-30 00:39:20,2026-01-30 01:10:20,2026-01-30 01:28:20,51
8411,9052,88,2026-01-05 21:45:10,2026-01-05 22:30:10,2026-01-05 23:03:10,80
8412,9053,21,2026-01-03 13:58:36,2026-01-03 14:23:36,2026-01-03 14:43:36,49
8413,9054,109,2026-01-06 10:39:10,2026-01-06 11:05:10,2026-01-06 11:26:10,49
8414,9055,119,2026-01-22 14:50:04,2026-01-22 15:23:04,2026-01-22 15:48:04,59
8415,9056,62,2026-01-18 12:59:37,2026-01-18 13:28:37,2026-01-18 13:51:37,55
8416,9058,73,2026-01-04 14:53:40,2026-01-04 15:14:40,2026-01-04 15:38:40,46
8417,9059,3,2026-01-09 21:23:27,2026-01-09 22:02:27,2026-01-09 22:31:27,71
8418,9060,27,2026-01-18 09:43:27,2026-01-18 10:11:27,2026-01-18 10:26:27,46
8419,9061,64,2026-01-29 20:33:41,2026-01-29 20:59:41,2026-01-29 21:26:41,57
8420,9062,103,2026-01-12 14:17:21,2026-01-12 15:03:21,2026-01-12 15:30:21,76
8421,9063,120,2026-01-04 13:45:29,2026-01-04 14:09:29,2026-01-04 14:34:29,50
8422,9064,114,2026-01-24 21:39:17,2026-01-24 22:12:17,2026-01-24 22:36:17,59
8423,9065,80,2026-01-18 21:51:40,2026-01-18 22:25:40,2026-01-18 22:56:40,66
8424,9066,42,2026-01-21 14:07:57,2026-01-21 14:37:57,2026-01-21 15:03:57,59
8425,9067,76,2026-01-03 22:17:28,2026-01-03 22:49:28,2026-01-03 23:18:28,63
8426,9068,35,2026-01-22 21:51:31,2026-01-22 22:19:31,2026-01-22 22:47:31,60
8427,9069,78,2026-01-04 17:02:18,2026-01-04 17:16:18,2026-01-04 17:33:18,32
8428,9070,40,2026-01-07 13:55:39,2026-01-07 14:22:39,2026-01-07 14:48:39,56
8429,9071,49,2026-01-11 23:20:55,2026-01-11 23:50:55,2026-01-12 00:08:55,50
8430,9072,72,2026-01-16 13:12:55,2026-01-16 13:36:55,2026-01-16 13:59:55,50
8431,9073,16,2026-01-08 02:12:58,2026-01-08 02:45:58,2026-01-08 02:55:58,47
8432,9074,32,2026-01-30 21:07:08,2026-01-30 21:31:08,2026-01-30 21:59:08,53
8433,9075,35,2026-01-22 12:44:13,2026-01-22 13:12:13,2026-01-22 13:34:13,53
8434,9076,80,2026-01-01 12:58:30,2026-01-01 13:20:30,2026-01-01 13:43:30,48
8435,9077,28,2026-01-15 21:52:21,2026-01-15 22:23:21,2026-01-15 22:43:21,54
8436,9078,14,2026-01-29 04:31:28,2026-01-29 04:52:28,2026-01-29 05:12:28,45
8437,9079,57,2026-01-12 18:15:50,2026-01-12 18:36:50,2026-01-12 18:48:50,36
8438,9080,34,2026-01-08 23:02:31,2026-01-08 23:31:31,2026-01-08 23:49:31,48
8439,9082,12,2026-01-25 15:17:19,2026-01-25 15:40:19,2026-01-25 16:06:19,53
8440,9083,32,2026-01-30 13:13:20,2026-01-30 13:43:20,2026-01-30 14:08:20,57
8441,9084,43,2026-01-01 15:56:13,2026-01-01 16:29:13,2026-01-01 16:57:13,62
8442,9085,19,2026-01-30 22:34:49,2026-01-30 23:02:49,2026-01-30 23:22:49,51
8443,9086,119,2026-01-31 12:06:33,2026-01-31 12:34:33,2026-01-31 12:51:33,48
8444,9087,109,2026-01-22 09:37:28,2026-01-22 09:59:28,2026-01-22 10:11:28,35
8445,9089,39,2026-01-19 13:58:16,2026-01-19 14:28:16,2026-01-19 14:50:16,53
8446,9090,37,2026-01-22 20:48:55,2026-01-22 21:18:55,2026-01-22 21:38:55,54
8447,9091,58,2026-01-10 20:59:32,2026-01-10 21:35:32,2026-01-10 21:59:32,62
8448,9092,45,2026-01-07 14:15:16,2026-01-07 14:49:16,2026-01-07 15:23:16,70
8449,9093,53,2026-01-20 21:58:05,2026-01-20 22:26:05,2026-01-20 22:56:05,59
8450,9094,83,2026-01-22 16:07:43,2026-01-22 16:36:43,2026-01-22 16:55:43,50
8451,9095,64,2026-01-11 15:34:50,2026-01-11 15:56:50,2026-01-11 16:28:50,57
8452,9096,102,2026-01-02 00:26:10,2026-01-02 00:51:10,2026-01-02 01:04:10,42
8453,9097,119,2026-01-25 13:40:52,2026-01-25 14:03:52,2026-01-25 14:32:52,54
8454,9098,24,2026-01-23 09:03:41,2026-01-23 09:27:41,2026-01-23 09:49:41,49
8455,9099,39,2026-01-01 23:39:54,2026-01-02 00:10:54,2026-01-02 00:32:54,56
8456,9100,101,2026-01-22 14:29:21,2026-01-22 14:49:21,2026-01-22 15:12:21,45
8457,9101,102,2026-01-27 22:09:25,2026-01-27 22:41:25,2026-01-27 22:57:25,49
8458,9102,9,2026-01-02 23:14:42,2026-01-02 23:41:42,2026-01-03 00:05:42,52
8459,9103,32,2026-01-28 12:03:21,2026-01-28 12:17:21,2026-01-28 12:37:21,35
8460,9104,73,2026-01-10 20:18:53,2026-01-10 20:42:53,2026-01-10 21:03:53,49
8461,9105,11,2026-01-19 12:47:00,2026-01-19 13:10:00,2026-01-19 13:23:00,40
8462,9106,81,2026-01-28 22:24:40,2026-01-28 22:51:40,2026-01-28 23:23:40,60
8463,9107,75,2026-01-30 06:51:28,2026-01-30 07:20:28,2026-01-30 07:42:28,52
8464,9108,55,2026-01-30 22:49:00,2026-01-30 23:37:00,2026-01-31 00:05:00,80
8465,9109,113,2026-01-08 22:36:22,2026-01-08 23:06:22,2026-01-08 23:34:22,62
8466,9110,8,2026-01-21 21:40:15,2026-01-21 22:08:15,2026-01-21 22:35:15,58
8467,9111,87,2026-01-22 21:11:18,2026-01-22 21:43:18,2026-01-22 22:08:18,61
8468,9112,59,2026-01-20 21:56:08,2026-01-20 22:35:08,2026-01-20 22:53:08,58
8469,9113,73,2026-01-01 13:43:21,2026-01-01 14:01:21,2026-01-01 14:27:21,47
8470,9114,32,2026-01-15 22:33:09,2026-01-15 23:00:09,2026-01-15 23:25:09,56
8471,9115,81,2026-01-21 04:54:29,2026-01-21 05:24:29,2026-01-21 05:51:29,61
8472,9116,36,2026-01-04 21:10:48,2026-01-04 21:34:48,2026-01-04 21:54:48,47
8473,9117,1,2026-01-28 17:27:01,2026-01-28 17:53:01,2026-01-28 18:09:01,44
8474,9118,9,2026-01-01 21:58:07,2026-01-01 22:30:07,2026-01-01 22:56:07,60
8475,9120,110,2026-01-25 15:00:25,2026-01-25 15:36:25,2026-01-25 15:56:25,59
8476,9121,58,2026-01-12 20:30:16,2026-01-12 21:05:16,2026-01-12 21:26:16,58
8477,9122,45,2026-01-08 05:11:47,2026-01-08 05:30:47,2026-01-08 05:48:47,39
8478,9123,19,2026-01-27 14:48:05,2026-01-27 15:17:05,2026-01-27 15:44:05,58
8479,9124,1,2026-01-25 22:41:57,2026-01-25 23:15:57,2026-01-25 23:34:57,56
8480,9125,10,2026-01-30 05:34:34,2026-01-30 06:06:34,2026-01-30 06:20:34,47
8481,9126,108,2026-01-12 21:15:48,2026-01-12 21:39:48,2026-01-12 22:00:48,47
8482,9127,92,2026-01-22 22:57:14,2026-01-22 23:33:14,2026-01-22 23:52:14,56
8483,9128,4,2026-01-04 22:28:12,2026-01-04 23:00:12,2026-01-04 23:24:12,58
8484,9130,55,2026-01-23 22:59:38,2026-01-23 23:44:38,2026-01-24 00:06:38,68
8485,9131,61,2026-01-27 21:47:18,2026-01-27 22:13:18,2026-01-27 22:35:18,51
8486,9132,70,2026-01-23 22:18:07,2026-01-23 22:46:07,2026-01-23 23:06:07,52
8487,9133,80,2026-01-14 22:26:27,2026-01-14 23:05:27,2026-01-14 23:23:27,61
8488,9134,63,2026-01-10 15:20:27,2026-01-10 15:32:27,2026-01-10 15:48:27,30
8489,9135,86,2026-01-27 13:58:08,2026-01-27 14:27:08,2026-01-27 14:46:08,51
8490,9136,88,2026-01-23 21:27:28,2026-01-23 22:07:28,2026-01-23 22:29:28,63
8491,9137,72,2026-01-29 21:53:26,2026-01-29 22:24:26,2026-01-29 22:45:26,53
8492,9138,38,2026-01-17 15:15:12,2026-01-17 15:42:12,2026-01-17 16:06:12,52
8493,9139,37,2026-01-30 20:29:53,2026-01-30 20:46:53,2026-01-30 21:03:53,37
8494,9140,94,2026-01-19 20:05:07,2026-01-19 20:34:07,2026-01-19 20:59:07,58
8495,9141,89,2026-01-04 13:17:29,2026-01-04 14:00:29,2026-01-04 14:20:29,64
8496,9142,114,2026-01-26 21:33:28,2026-01-26 21:53:28,2026-01-26 22:10:28,38
8497,9143,71,2026-01-19 15:41:14,2026-01-19 16:21:14,2026-01-19 16:47:14,69
8498,9144,4,2026-01-06 05:47:38,2026-01-06 06:11:38,2026-01-06 06:30:38,46
8499,9145,75,2026-01-03 21:38:55,2026-01-03 22:14:55,2026-01-03 22:34:55,60
8500,9147,7,2026-01-20 21:24:12,2026-01-20 21:59:12,2026-01-20 22:23:12,62
8501,9149,117,2026-01-10 22:32:20,2026-01-10 23:11:20,2026-01-10 23:38:20,68
8502,9150,37,2026-01-15 14:29:32,2026-01-15 14:57:32,2026-01-15 15:21:32,56
8503,9151,117,2026-01-18 20:56:03,2026-01-18 21:25:03,2026-01-18 21:48:03,56
8504,9152,114,2026-01-23 04:53:15,2026-01-23 05:28:15,2026-01-23 05:52:15,61
8505,9155,97,2026-01-12 20:36:27,2026-01-12 21:01:27,2026-01-12 21:20:27,48
8506,9156,13,2026-01-13 22:22:37,2026-01-13 22:51:37,2026-01-13 23:05:37,45
8507,9157,77,2026-01-12 05:00:40,2026-01-12 05:17:40,2026-01-12 05:31:40,35
8508,9158,68,2026-01-12 08:12:23,2026-01-12 08:29:23,2026-01-12 08:44:23,33
8509,9159,28,2026-01-24 23:50:24,2026-01-25 00:23:24,2026-01-25 00:42:24,55
8510,9160,10,2026-01-20 22:14:03,2026-01-20 22:44:03,2026-01-20 23:12:03,62
8511,9161,2,2026-01-27 10:23:36,2026-01-27 10:43:36,2026-01-27 11:07:36,48
8512,9163,2,2026-01-23 21:59:13,2026-01-23 22:37:13,2026-01-23 22:52:13,56
8513,9164,112,2026-01-10 15:06:40,2026-01-10 15:35:40,2026-01-10 15:52:40,47
8514,9165,115,2026-01-07 20:50:20,2026-01-07 21:16:20,2026-01-07 21:32:20,44
8515,9166,25,2026-01-24 03:04:42,2026-01-24 03:32:42,2026-01-24 04:03:42,63
8516,9167,46,2026-01-25 19:19:09,2026-01-25 19:34:09,2026-01-25 19:46:09,28
8517,9168,107,2026-01-16 21:21:24,2026-01-16 21:58:24,2026-01-16 22:18:24,58
8518,9169,21,2026-01-15 14:34:50,2026-01-15 15:03:50,2026-01-15 15:40:50,69
8519,9170,65,2026-01-18 15:49:14,2026-01-18 16:05:14,2026-01-18 16:25:14,37
8520,9171,95,2026-01-13 16:07:19,2026-01-13 16:34:19,2026-01-13 16:54:19,49
8521,9172,65,2026-01-31 12:40:35,2026-01-31 13:23:35,2026-01-31 13:43:35,65
8522,9173,89,2026-01-10 22:07:07,2026-01-10 22:29:07,2026-01-10 22:49:07,44
8523,9174,117,2026-01-22 22:21:46,2026-01-22 22:48:46,2026-01-22 23:14:46,57
8524,9175,105,2026-01-23 22:32:28,2026-01-23 23:11:28,2026-01-23 23:38:28,68
8525,9176,101,2026-01-11 10:31:50,2026-01-11 10:56:50,2026-01-11 11:11:50,42
8526,9177,119,2026-01-12 14:03:55,2026-01-12 14:35:55,2026-01-12 15:07:55,67
8527,9179,38,2026-01-17 22:50:35,2026-01-17 23:31:35,2026-01-17 23:51:35,64
8528,9180,92,2026-01-27 14:40:59,2026-01-27 15:14:59,2026-01-27 15:41:59,64
8529,9181,41,2026-01-15 15:23:30,2026-01-15 15:49:30,2026-01-15 16:19:30,58
8530,9182,84,2026-01-15 15:00:55,2026-01-15 15:30:55,2026-01-15 16:05:55,68
8531,9183,79,2026-01-30 03:09:33,2026-01-30 03:44:33,2026-01-30 04:01:33,53
8532,9184,99,2026-01-22 15:41:15,2026-01-22 16:00:15,2026-01-22 16:16:15,39
8533,9185,1,2026-01-19 23:05:48,2026-01-19 23:31:48,2026-01-19 23:53:48,52
8534,9186,59,2026-01-18 15:22:17,2026-01-18 15:49:17,2026-01-18 16:06:17,46
8535,9187,70,2026-01-26 03:46:41,2026-01-26 04:15:41,2026-01-26 04:47:41,63
8536,9188,15,2026-01-21 22:35:48,2026-01-21 22:53:48,2026-01-21 23:25:48,53
8537,9189,50,2026-01-14 23:03:42,2026-01-14 23:47:42,2026-01-15 00:04:42,65
8538,9190,9,2026-01-22 06:49:28,2026-01-22 07:06:28,2026-01-22 07:28:28,40
8539,9191,52,2026-01-31 23:53:56,2026-02-01 00:26:56,2026-02-01 00:55:56,65
8540,9192,73,2026-01-08 23:29:12,2026-01-08 23:45:12,2026-01-08 23:58:12,30
8541,9193,105,2026-01-18 19:44:17,2026-01-18 20:10:17,2026-01-18 20:27:17,47
8542,9194,87,2026-01-20 10:47:08,2026-01-20 11:04:08,2026-01-20 11:15:08,30
8543,9195,24,2026-01-08 22:10:51,2026-01-08 22:39:51,2026-01-08 23:06:51,57
8544,9197,60,2026-01-22 22:20:34,2026-01-22 22:48:34,2026-01-22 23:17:34,59
8545,9198,84,2026-01-27 08:09:03,2026-01-27 08:34:03,2026-01-27 08:56:03,51
8546,9199,75,2026-01-22 11:21:39,2026-01-22 11:52:39,2026-01-22 12:10:39,52
8547,9201,51,2026-01-29 08:21:51,2026-01-29 08:56:51,2026-01-29 09:19:51,61
8548,9202,117,2026-01-14 19:14:24,2026-01-14 19:42:24,2026-01-14 19:57:24,47
8549,9203,23,2026-01-12 18:41:46,2026-01-12 19:14:46,2026-01-12 19:39:46,61
8550,9204,36,2026-01-03 14:07:27,2026-01-03 14:36:27,2026-01-03 14:58:27,53
8551,9205,56,2026-01-06 15:31:35,2026-01-06 16:02:35,2026-01-06 16:24:35,55
8552,9206,112,2026-01-22 15:51:54,2026-01-22 16:12:54,2026-01-22 16:41:54,53
8553,9207,112,2026-01-26 09:58:57,2026-01-26 10:20:57,2026-01-26 10:33:57,39
8554,9208,63,2026-01-21 07:11:40,2026-01-21 07:28:40,2026-01-21 07:45:40,38
8555,9209,29,2026-01-05 09:31:42,2026-01-05 09:56:42,2026-01-05 10:07:42,38
8556,9211,50,2026-01-16 22:06:38,2026-01-16 22:34:38,2026-01-16 22:56:38,51
8557,9212,93,2026-01-16 13:02:21,2026-01-16 13:28:21,2026-01-16 13:59:21,58
8558,9213,15,2026-01-27 13:58:50,2026-01-27 14:36:50,2026-01-27 15:03:50,66
8559,9214,99,2026-01-25 09:07:48,2026-01-25 09:34:48,2026-01-25 09:53:48,49
8560,9215,6,2026-01-29 22:57:34,2026-01-29 23:36:34,2026-01-29 23:50:34,56
8561,9216,33,2026-01-06 12:25:44,2026-01-06 12:55:44,2026-01-06 13:17:44,56
8562,9217,40,2026-01-30 15:38:18,2026-01-30 16:10:18,2026-01-30 16:26:18,49
8563,9218,28,2026-01-30 00:27:58,2026-01-30 00:53:58,2026-01-30 01:04:58,38
8564,9219,18,2026-01-10 10:17:07,2026-01-10 11:01:07,2026-01-10 11:20:07,64
8565,9220,30,2026-01-17 15:38:06,2026-01-17 16:05:06,2026-01-17 16:28:06,51
8566,9221,85,2026-01-14 18:05:05,2026-01-14 18:27:05,2026-01-14 18:39:05,35
8567,9222,104,2026-01-30 11:47:18,2026-01-30 12:18:18,2026-01-30 12:38:18,53
8568,9223,91,2026-01-30 11:24:15,2026-01-30 11:49:15,2026-01-30 12:09:15,47
8569,9224,118,2026-01-23 10:48:27,2026-01-23 11:21:27,2026-01-23 11:47:27,63
8570,9225,95,2026-01-19 01:04:27,2026-01-19 01:34:27,2026-01-19 01:52:27,52
8571,9226,111,2026-01-24 13:08:43,2026-01-24 13:48:43,2026-01-24 14:08:43,63
8572,9227,100,2026-01-22 16:12:05,2026-01-22 16:42:05,2026-01-22 17:04:05,54
8573,9228,16,2026-01-27 15:40:19,2026-01-27 16:16:19,2026-01-27 16:32:19,56
8574,9229,68,2026-01-18 18:27:31,2026-01-18 18:59:31,2026-01-18 19:18:31,54
8575,9230,6,2026-01-12 05:01:43,2026-01-12 05:35:43,2026-01-12 06:01:43,63
8576,9231,33,2026-01-18 13:31:52,2026-01-18 14:11:52,2026-01-18 14:29:52,59
8577,9232,13,2026-01-31 13:41:00,2026-01-31 14:07:00,2026-01-31 14:27:00,49
8578,9233,45,2026-01-12 23:04:51,2026-01-12 23:35:51,2026-01-12 23:54:51,54
8579,9234,98,2026-01-21 16:03:32,2026-01-21 16:24:32,2026-01-21 16:43:32,44
8580,9235,30,2026-01-23 12:29:35,2026-01-23 12:50:35,2026-01-23 13:12:35,45
8581,9236,36,2026-01-22 21:19:43,2026-01-22 21:59:43,2026-01-22 22:30:43,75
8582,9237,98,2026-01-07 03:02:11,2026-01-07 03:29:11,2026-01-07 03:54:11,56
8583,9238,116,2026-01-07 14:11:13,2026-01-07 14:46:13,2026-01-07 15:08:13,58
8584,9239,119,2026-01-25 20:46:39,2026-01-25 21:10:39,2026-01-25 21:21:39,36
8585,9240,37,2026-01-14 21:11:03,2026-01-14 21:40:03,2026-01-14 22:06:03,56
8586,9241,92,2026-01-03 21:45:50,2026-01-03 22:06:50,2026-01-03 22:35:50,53
8587,9242,2,2026-01-05 15:37:45,2026-01-05 15:59:45,2026-01-05 16:16:45,42
8588,9243,90,2026-01-22 23:32:03,2026-01-23 00:03:03,2026-01-23 00:16:03,47
8589,9244,60,2026-01-21 22:04:34,2026-01-21 22:34:34,2026-01-21 22:58:34,57
8590,9245,41,2026-01-28 13:03:32,2026-01-28 13:33:32,2026-01-28 13:49:32,49
8591,9246,73,2026-01-31 14:53:30,2026-01-31 15:18:30,2026-01-31 15:35:30,43
8592,9247,46,2026-01-27 13:07:29,2026-01-27 13:32:29,2026-01-27 13:50:29,47
8593,9248,84,2026-01-20 12:26:43,2026-01-20 12:50:43,2026-01-20 13:14:43,51
8594,9249,71,2026-01-16 11:08:59,2026-01-16 11:38:59,2026-01-16 11:49:59,43
8595,9250,99,2026-01-09 02:29:39,2026-01-09 02:55:39,2026-01-09 03:11:39,44
8596,9251,70,2026-01-11 22:14:49,2026-01-11 22:44:49,2026-01-11 23:07:49,54
8597,9252,20,2026-01-06 01:31:32,2026-01-06 01:59:32,2026-01-06 02:25:32,58
8598,9253,101,2026-01-02 13:53:38,2026-01-02 14:19:38,2026-01-02 14:36:38,45
8599,9254,11,2026-01-12 20:09:36,2026-01-12 20:35:36,2026-01-12 21:03:36,55
8600,9255,28,2026-01-02 21:39:48,2026-01-02 21:59:48,2026-01-02 22:18:48,42
8601,9256,47,2026-01-17 20:52:45,2026-01-17 21:14:45,2026-01-17 21:24:45,36
8602,9257,95,2026-01-23 23:15:30,2026-01-23 23:36:30,2026-01-23 23:52:30,39
8603,9258,24,2026-01-26 17:40:28,2026-01-26 18:21:28,2026-01-26 18:37:28,58
8604,9259,26,2026-01-13 14:05:05,2026-01-13 14:36:05,2026-01-13 15:00:05,56
8605,9260,35,2026-01-30 21:19:19,2026-01-30 21:53:19,2026-01-30 22:25:19,69
8606,9261,31,2026-01-06 22:35:44,2026-01-06 23:07:44,2026-01-06 23:34:44,61
8607,9263,91,2026-01-22 22:11:52,2026-01-22 22:38:52,2026-01-22 23:06:52,59
8608,9264,41,2026-01-25 14:10:00,2026-01-25 14:30:00,2026-01-25 14:57:00,50
8609,9265,35,2026-01-13 22:41:52,2026-01-13 23:29:52,2026-01-13 23:58:52,81
8610,9266,33,2026-01-31 04:51:05,2026-01-31 05:22:05,2026-01-31 05:46:05,56
8611,9267,95,2026-01-08 14:12:26,2026-01-08 14:41:26,2026-01-08 15:09:26,60
8612,9268,92,2026-01-13 07:24:27,2026-01-13 07:39:27,2026-01-13 07:54:27,32
8613,9269,33,2026-01-29 13:38:50,2026-01-29 14:05:50,2026-01-29 14:38:50,63
8614,9270,38,2026-01-02 21:38:40,2026-01-02 21:57:40,2026-01-02 22:21:40,46
8615,9271,58,2026-01-22 11:36:50,2026-01-22 11:53:50,2026-01-22 12:12:50,37
8616,9272,80,2026-01-10 19:40:58,2026-01-10 20:07:58,2026-01-10 20:23:58,46
8617,9273,29,2026-01-24 23:17:20,2026-01-24 23:37:20,2026-01-24 23:57:20,41
8618,9274,43,2026-01-19 20:30:40,2026-01-19 20:54:40,2026-01-19 21:13:40,47
8619,9275,3,2026-01-10 21:59:38,2026-01-10 22:34:38,2026-01-10 23:02:38,64
8620,9276,28,2026-01-21 23:51:10,2026-01-22 00:20:10,2026-01-22 00:43:10,53
8621,9277,103,2026-01-22 00:24:28,2026-01-22 00:51:28,2026-01-22 01:07:28,47
8622,9278,83,2026-01-04 10:11:28,2026-01-04 10:36:28,2026-01-04 10:53:28,43
8623,9279,41,2026-01-30 22:51:05,2026-01-30 23:18:05,2026-01-30 23:36:05,46
8624,9280,20,2026-01-09 23:51:35,2026-01-10 00:17:35,2026-01-10 00:34:35,44
8625,9281,38,2026-01-11 21:08:02,2026-01-11 21:45:02,2026-01-11 22:08:02,61
8626,9282,115,2026-01-19 14:54:26,2026-01-19 15:20:26,2026-01-19 15:37:26,44
8627,9283,35,2026-01-11 20:47:40,2026-01-11 21:04:40,2026-01-11 21:24:40,39
8628,9284,87,2026-01-05 13:56:19,2026-01-05 14:27:19,2026-01-05 14:54:19,61
8629,9285,47,2026-01-16 15:49:50,2026-01-16 16:09:50,2026-01-16 16:42:50,56
8630,9286,70,2026-01-30 23:02:02,2026-01-30 23:29:02,2026-01-30 23:48:02,50
8631,9287,41,2026-01-27 15:20:40,2026-01-27 15:50:40,2026-01-27 16:05:40,47
8632,9288,1,2026-01-05 19:27:03,2026-01-05 19:52:03,2026-01-05 20:14:03,49
8633,9289,95,2026-01-12 23:44:56,2026-01-13 00:07:56,2026-01-13 00:34:56,53
8634,9290,93,2026-01-23 23:11:49,2026-01-23 23:28:49,2026-01-23 23:49:49,41
8635,9291,50,2026-01-10 08:58:07,2026-01-10 09:23:07,2026-01-10 09:43:07,48
8636,9292,105,2026-01-12 13:57:02,2026-01-12 14:27:02,2026-01-12 14:48:02,53
8637,9293,64,2026-01-08 13:25:28,2026-01-08 14:06:28,2026-01-08 14:31:28,70
8638,9294,54,2026-01-25 22:54:01,2026-01-25 23:39:01,2026-01-25 23:58:01,67
8639,9295,33,2026-01-20 20:50:13,2026-01-20 21:19:13,2026-01-20 21:42:13,56
8640,9296,84,2026-01-16 05:24:33,2026-01-16 05:51:33,2026-01-16 06:11:33,49
8641,9297,75,2026-01-14 07:33:44,2026-01-14 08:13:44,2026-01-14 08:26:44,56
8642,9298,56,2026-01-14 14:44:34,2026-01-14 15:18:34,2026-01-14 15:40:34,57
8643,9299,72,2026-01-08 14:58:11,2026-01-08 15:23:11,2026-01-08 15:45:11,51
8644,9300,1,2026-01-19 08:14:15,2026-01-19 08:36:15,2026-01-19 08:47:15,37
8645,9302,67,2026-01-26 07:44:40,2026-01-26 08:19:40,2026-01-26 08:41:40,61
8646,9304,70,2026-01-26 09:23:26,2026-01-26 09:43:26,2026-01-26 09:59:26,37
8647,9305,68,2026-01-01 12:08:03,2026-01-01 12:28:03,2026-01-01 12:54:03,50
8648,9306,41,2026-01-17 23:24:59,2026-01-17 23:47:59,2026-01-17 23:57:59,34
8649,9307,8,2026-01-25 20:18:10,2026-01-25 21:02:10,2026-01-25 21:17:10,63
8650,9308,18,2026-01-20 13:46:07,2026-01-20 14:22:07,2026-01-20 14:49:07,66
8651,9309,84,2026-01-19 22:47:29,2026-01-19 23:19:29,2026-01-19 23:37:29,52
8652,9310,31,2026-01-13 22:55:34,2026-01-13 23:26:34,2026-01-13 23:49:34,57
8653,9311,18,2026-01-21 00:57:52,2026-01-21 01:21:52,2026-01-21 01:54:52,61
8654,9312,96,2026-01-07 23:42:38,2026-01-08 00:05:38,2026-01-08 00:19:38,38
8655,9313,86,2026-01-16 15:21:27,2026-01-16 15:42:27,2026-01-16 16:10:27,51
8656,9314,65,2026-01-27 21:58:05,2026-01-27 22:43:05,2026-01-27 22:58:05,61
8657,9315,108,2026-01-24 20:28:28,2026-01-24 20:48:28,2026-01-24 21:05:28,40
8658,9316,35,2026-01-12 22:59:00,2026-01-12 23:30:00,2026-01-12 23:58:00,63
8659,9317,2,2026-01-09 21:14:05,2026-01-09 21:43:05,2026-01-09 22:00:05,50
8660,9318,70,2026-01-07 01:07:00,2026-01-07 01:31:00,2026-01-07 01:42:00,38
8661,9319,16,2026-01-12 22:48:23,2026-01-12 23:19:23,2026-01-12 23:42:23,56
8662,9320,33,2026-01-27 22:56:44,2026-01-27 23:29:44,2026-01-27 23:44:44,52
8663,9321,9,2026-01-31 22:59:55,2026-01-31 23:25:55,2026-01-31 23:48:55,52
8664,9322,76,2026-01-24 06:54:12,2026-01-24 07:06:12,2026-01-24 07:24:12,31
8665,9323,68,2026-01-12 13:09:35,2026-01-12 13:39:35,2026-01-12 13:56:35,49
8666,9324,19,2026-01-16 14:17:13,2026-01-16 14:49:13,2026-01-16 15:11:13,55
8667,9325,101,2026-01-18 07:09:30,2026-01-18 07:27:30,2026-01-18 07:47:30,42
8668,9326,75,2026-01-26 01:04:17,2026-01-26 01:38:17,2026-01-26 01:56:17,55
8669,9327,74,2026-01-15 21:29:03,2026-01-15 22:00:03,2026-01-15 22:31:03,65
8670,9328,39,2026-01-03 16:14:48,2026-01-03 16:36:48,2026-01-03 16:57:48,44
8671,9329,59,2026-01-24 13:19:10,2026-01-24 13:49:10,2026-01-24 14:04:10,47
8672,9330,115,2026-01-30 12:29:49,2026-01-30 12:57:49,2026-01-30 13:21:49,54
8673,9331,77,2026-01-08 13:39:33,2026-01-08 14:17:33,2026-01-08 14:40:33,62
8674,9332,98,2026-01-20 14:12:58,2026-01-20 14:34:58,2026-01-20 14:47:58,38
8675,9333,55,2026-01-31 14:07:42,2026-01-31 14:35:42,2026-01-31 14:53:42,47
8676,9335,26,2026-01-16 23:13:00,2026-01-16 23:45:00,2026-01-17 00:10:00,61
8677,9336,98,2026-01-28 22:03:07,2026-01-28 22:44:07,2026-01-28 23:14:07,74
8678,9337,6,2026-01-20 15:32:36,2026-01-20 15:58:36,2026-01-20 16:20:36,49
8679,9339,60,2026-01-11 20:37:44,2026-01-11 21:09:44,2026-01-11 21:36:44,62
8680,9340,54,2026-01-18 07:47:39,2026-01-18 08:15:39,2026-01-18 08:40:39,55
8681,9341,117,2026-01-05 04:30:35,2026-01-05 04:57:35,2026-01-05 05:12:35,44
8682,9343,5,2026-01-14 04:59:09,2026-01-14 05:31:09,2026-01-14 05:43:09,48
8683,9344,45,2026-01-28 15:53:12,2026-01-28 16:22:12,2026-01-28 16:53:12,64
8684,9345,112,2026-01-19 15:30:55,2026-01-19 15:49:55,2026-01-19 16:02:55,36
8685,9346,57,2026-01-22 12:47:17,2026-01-22 13:09:17,2026-01-22 13:32:17,49
8686,9347,51,2026-01-14 22:49:34,2026-01-14 23:20:34,2026-01-14 23:47:34,62
8687,9348,32,2026-01-29 04:21:47,2026-01-29 04:46:47,2026-01-29 05:00:47,42
8688,9349,77,2026-01-04 16:16:54,2026-01-04 16:49:54,2026-01-04 17:07:54,55
8689,9350,30,2026-01-27 23:03:27,2026-01-27 23:38:27,2026-01-27 23:56:27,57
8690,9351,19,2026-01-09 14:46:23,2026-01-09 15:18:23,2026-01-09 15:38:23,54
8691,9352,56,2026-01-21 14:45:42,2026-01-21 15:27:42,2026-01-21 15:49:42,68
8692,9353,116,2026-01-23 22:23:45,2026-01-23 23:00:45,2026-01-23 23:23:45,63
8693,9354,85,2026-01-17 21:58:32,2026-01-17 22:34:32,2026-01-17 22:56:32,61
8694,9355,117,2026-01-12 17:29:58,2026-01-12 17:50:58,2026-01-12 18:11:58,45
8695,9356,19,2026-01-21 14:14:45,2026-01-21 14:39:45,2026-01-21 15:08:45,58
8696,9357,104,2026-01-26 20:43:14,2026-01-26 21:10:14,2026-01-26 21:25:14,43
8697,9359,31,2026-01-12 11:19:38,2026-01-12 11:45:38,2026-01-12 12:17:38,61
8698,9360,88,2026-01-05 07:54:09,2026-01-05 08:18:09,2026-01-05 08:47:09,57
8699,9361,82,2026-01-16 14:36:45,2026-01-16 15:10:45,2026-01-16 15:43:45,70
8700,9362,74,2026-01-30 21:33:40,2026-01-30 22:16:40,2026-01-30 22:38:40,68
8701,9363,44,2026-01-12 13:05:10,2026-01-12 13:34:10,2026-01-12 13:55:10,54
8702,9364,86,2026-01-16 12:10:14,2026-01-16 12:32:14,2026-01-16 12:50:14,41
8703,9365,2,2026-01-11 13:57:25,2026-01-11 14:27:25,2026-01-11 14:44:25,51
8704,9366,39,2026-01-02 15:24:51,2026-01-02 15:38:51,2026-01-02 16:00:51,39
8705,9367,57,2026-01-13 23:19:33,2026-01-14 00:01:33,2026-01-14 00:14:33,56
8706,9368,12,2026-01-30 21:03:21,2026-01-30 21:38:21,2026-01-30 22:06:21,65
8707,9369,21,2026-01-09 09:47:43,2026-01-09 10:13:43,2026-01-09 10:40:43,54
8708,9370,93,2026-01-22 13:03:31,2026-01-22 13:38:31,2026-01-22 14:10:31,71
8709,9371,76,2026-01-03 15:44:43,2026-01-03 16:14:43,2026-01-03 16:27:43,45
8710,9372,9,2026-01-22 15:33:39,2026-01-22 15:54:39,2026-01-22 16:16:39,45
8711,9375,47,2026-01-31 11:57:18,2026-01-31 12:31:18,2026-01-31 12:42:18,49
8712,9376,2,2026-01-23 21:02:08,2026-01-23 21:30:08,2026-01-23 21:56:08,56
8713,9377,12,2026-01-09 22:08:38,2026-01-09 22:48:38,2026-01-09 23:05:38,60
8714,9378,13,2026-01-05 12:24:33,2026-01-05 12:47:33,2026-01-05 13:08:33,47
8715,9379,95,2026-01-23 13:43:07,2026-01-23 14:13:07,2026-01-23 14:36:07,55
8716,9380,19,2026-01-01 13:00:32,2026-01-01 13:21:32,2026-01-01 13:36:32,40
8717,9381,86,2026-01-25 06:43:35,2026-01-25 07:01:35,2026-01-25 07:15:35,36
8718,9382,105,2026-01-27 14:38:11,2026-01-27 15:04:11,2026-01-27 15:27:11,53
8719,9383,3,2026-01-04 05:58:45,2026-01-04 06:16:45,2026-01-04 06:37:45,43
8720,9384,102,2026-01-29 13:40:02,2026-01-29 14:10:02,2026-01-29 14:34:02,56
8721,9385,19,2026-01-08 21:45:57,2026-01-08 22:25:57,2026-01-08 22:52:57,70
8722,9386,65,2026-01-24 15:00:33,2026-01-24 15:38:33,2026-01-24 16:00:33,63
8723,9387,78,2026-01-30 12:44:54,2026-01-30 13:04:54,2026-01-30 13:18:54,38
8724,9389,103,2026-01-23 15:18:18,2026-01-23 15:48:18,2026-01-23 16:00:18,44
8725,9390,37,2026-01-17 14:34:09,2026-01-17 15:15:09,2026-01-17 15:38:09,67
8726,9391,16,2026-01-15 18:58:02,2026-01-15 19:36:02,2026-01-15 19:46:02,49
8727,9393,90,2026-01-14 13:33:04,2026-01-14 14:02:04,2026-01-14 14:19:04,49
8728,9394,41,2026-01-16 04:51:35,2026-01-16 05:13:35,2026-01-16 05:42:35,53
8729,9395,19,2026-01-09 14:48:05,2026-01-09 15:24:05,2026-01-09 15:51:05,64
8730,9396,37,2026-01-20 23:47:41,2026-01-21 00:15:41,2026-01-21 00:40:41,56
8731,9397,27,2026-01-29 21:09:41,2026-01-29 21:36:41,2026-01-29 21:53:41,47
8732,9398,43,2026-01-05 21:03:20,2026-01-05 21:37:20,2026-01-05 22:08:20,68
8733,9399,79,2026-01-04 08:14:44,2026-01-04 08:29:44,2026-01-04 08:54:44,41
8734,9400,28,2026-01-28 17:52:01,2026-01-28 18:22:01,2026-01-28 18:37:01,48
8735,9401,99,2026-01-01 22:54:20,2026-01-01 23:20:20,2026-01-01 23:43:20,50
8736,9402,33,2026-01-13 15:35:23,2026-01-13 15:55:23,2026-01-13 16:21:23,50
8737,9404,99,2026-01-19 19:36:33,2026-01-19 20:04:33,2026-01-19 20:27:33,55
8738,9405,77,2026-01-16 20:08:03,2026-01-16 20:36:03,2026-01-16 20:56:03,49
8739,9406,3,2026-01-15 14:32:47,2026-01-15 15:00:47,2026-01-15 15:31:47,60
8740,9407,20,2026-01-18 14:56:44,2026-01-18 15:26:44,2026-01-18 15:43:44,50
8741,9408,98,2026-01-13 12:00:35,2026-01-13 12:16:35,2026-01-13 12:46:35,48
8742,9409,49,2026-01-27 14:19:34,2026-01-27 14:53:34,2026-01-27 15:17:34,61
8743,9410,111,2026-01-25 09:31:59,2026-01-25 09:53:59,2026-01-25 10:05:59,35
8744,9411,38,2026-01-23 15:34:21,2026-01-23 16:05:21,2026-01-23 16:19:21,48
8745,9412,89,2026-01-27 11:24:04,2026-01-27 11:48:04,2026-01-27 11:59:04,39
8746,9413,90,2026-01-24 21:09:33,2026-01-24 21:44:33,2026-01-24 22:11:33,63
8747,9414,16,2026-01-05 22:37:37,2026-01-05 23:14:37,2026-01-05 23:35:37,59
8748,9416,100,2026-01-04 15:35:59,2026-01-04 15:59:59,2026-01-04 16:09:59,35
8749,9418,105,2026-01-19 15:30:17,2026-01-19 15:52:17,2026-01-19 16:18:17,51
8750,9419,108,2026-01-09 21:09:13,2026-01-09 21:40:13,2026-01-09 22:01:13,54
8751,9421,69,2026-01-08 22:11:41,2026-01-08 22:50:41,2026-01-08 23:20:41,71
8752,9423,95,2026-01-11 14:58:26,2026-01-11 15:37:26,2026-01-11 15:58:26,64
8753,9424,91,2026-01-28 15:22:06,2026-01-28 15:49:06,2026-01-28 16:08:06,48
8754,9425,7,2026-01-25 16:52:10,2026-01-25 17:17:10,2026-01-25 17:37:10,48
8755,9426,81,2026-01-09 12:33:20,2026-01-09 12:52:20,2026-01-09 13:22:20,53
8756,9427,66,2026-01-25 18:59:31,2026-01-25 19:31:31,2026-01-25 19:45:31,48
8757,9428,99,2026-01-19 14:04:17,2026-01-19 14:30:17,2026-01-19 14:57:17,56
8758,9429,33,2026-01-12 14:28:32,2026-01-12 14:58:32,2026-01-12 15:20:32,56
8759,9430,33,2026-01-02 23:37:53,2026-01-03 00:13:53,2026-01-03 00:33:53,60
8760,9431,105,2026-01-03 03:19:12,2026-01-03 03:48:12,2026-01-03 04:05:12,50
8761,9432,83,2026-01-06 08:32:31,2026-01-06 08:56:31,2026-01-06 09:15:31,46
8762,9433,43,2026-01-06 15:00:06,2026-01-06 15:37:06,2026-01-06 15:58:06,61
8763,9434,110,2026-01-20 22:22:41,2026-01-20 22:39:41,2026-01-20 22:57:41,39
8764,9435,45,2026-01-11 17:58:34,2026-01-11 18:28:34,2026-01-11 18:42:34,47
8765,9436,78,2026-01-22 14:23:54,2026-01-22 14:55:54,2026-01-22 15:17:54,55
8766,9437,107,2026-01-01 15:23:10,2026-01-01 15:47:10,2026-01-01 16:01:10,39
8767,9438,54,2026-01-29 12:04:48,2026-01-29 12:35:48,2026-01-29 12:55:48,52
8768,9439,18,2026-01-09 09:21:22,2026-01-09 09:50:22,2026-01-09 10:09:22,51
8769,9440,80,2026-01-26 14:11:26,2026-01-26 14:41:26,2026-01-26 15:06:26,59
8770,9441,12,2026-01-26 05:37:20,2026-01-26 05:59:20,2026-01-26 06:26:20,50
8771,9442,29,2026-01-15 08:01:55,2026-01-15 08:27:55,2026-01-15 08:45:55,48
8772,9444,17,2026-01-17 23:18:55,2026-01-17 23:42:55,2026-01-18 00:06:55,50
8773,9445,82,2026-01-29 20:07:12,2026-01-29 20:34:12,2026-01-29 20:47:12,42
8774,9446,49,2026-01-05 23:22:58,2026-01-05 23:46:58,2026-01-06 00:06:58,48
8775,9447,72,2026-01-05 20:10:56,2026-01-05 20:29:56,2026-01-05 20:51:56,42
8776,9448,111,2026-01-02 22:15:08,2026-01-02 22:55:08,2026-01-02 23:15:08,61
8777,9449,107,2026-01-21 13:28:37,2026-01-21 14:00:37,2026-01-21 14:24:37,58
8778,9450,75,2026-01-23 23:48:19,2026-01-24 00:13:19,2026-01-24 00:33:19,47
8779,9451,31,2026-01-17 19:56:06,2026-01-17 20:18:06,2026-01-17 20:39:06,44
8780,9452,64,2026-01-06 23:54:22,2026-01-07 00:31:22,2026-01-07 00:54:22,64
8781,9453,5,2026-01-02 14:28:15,2026-01-02 14:51:15,2026-01-02 15:20:15,55
8782,9455,91,2026-01-31 23:57:18,2026-02-01 00:29:18,2026-02-01 00:44:18,51
8783,9456,94,2026-01-25 11:52:08,2026-01-25 12:21:08,2026-01-25 12:38:08,47
8784,9457,48,2026-01-09 22:33:09,2026-01-09 23:02:09,2026-01-09 23:27:09,56
8785,9458,115,2026-01-26 13:43:53,2026-01-26 14:06:53,2026-01-26 14:23:53,43
8786,9459,32,2026-01-16 02:52:17,2026-01-16 03:19:17,2026-01-16 03:40:17,52
8787,9460,80,2026-01-15 23:33:37,2026-01-15 23:53:37,2026-01-16 00:15:37,46
8788,9461,88,2026-01-19 21:36:10,2026-01-19 22:03:10,2026-01-19 22:26:10,51
8789,9462,7,2026-01-25 16:28:33,2026-01-25 17:12:33,2026-01-25 17:23:33,59
8790,9463,92,2026-01-17 23:12:56,2026-01-17 23:33:56,2026-01-17 23:43:56,33
8791,9464,92,2026-01-24 14:53:02,2026-01-24 15:22:02,2026-01-24 15:48:02,57
8792,9465,8,2026-01-01 10:21:11,2026-01-01 10:37:11,2026-01-01 11:07:11,49
8793,9466,98,2026-01-19 06:11:36,2026-01-19 06:38:36,2026-01-19 07:04:36,55
8794,9467,28,2026-01-03 13:13:55,2026-01-03 13:54:55,2026-01-03 14:22:55,73
8795,9468,106,2026-01-08 20:51:15,2026-01-08 21:12:15,2026-01-08 21:32:15,43
8796,9469,34,2026-01-09 12:38:16,2026-01-09 13:07:16,2026-01-09 13:29:16,53
8797,9470,42,2026-01-26 08:05:22,2026-01-26 08:46:22,2026-01-26 09:05:22,61
8798,9471,72,2026-01-25 04:38:12,2026-01-25 05:17:12,2026-01-25 05:45:12,69
8799,9472,92,2026-01-10 15:42:54,2026-01-10 16:03:54,2026-01-10 16:23:54,42
8800,9473,8,2026-01-14 15:47:18,2026-01-14 16:12:18,2026-01-14 16:27:18,42
8801,9474,70,2026-01-11 13:35:14,2026-01-11 14:23:14,2026-01-11 14:37:14,65
8802,9476,10,2026-01-12 22:16:38,2026-01-12 22:42:38,2026-01-12 23:02:38,50
8803,9478,36,2026-01-11 14:16:54,2026-01-11 14:45:54,2026-01-11 15:12:54,60
8804,9479,62,2026-01-16 19:46:07,2026-01-16 20:09:07,2026-01-16 20:32:07,50
8805,9480,94,2026-01-31 22:09:11,2026-01-31 22:52:11,2026-01-31 23:10:11,63
8806,9481,32,2026-01-14 12:36:28,2026-01-14 12:54:28,2026-01-14 13:08:28,34
8807,9482,44,2026-01-26 15:06:09,2026-01-26 15:28:09,2026-01-26 15:50:09,47
8808,9483,97,2026-01-12 10:38:36,2026-01-12 11:12:36,2026-01-12 11:30:36,54
8809,9484,35,2026-01-09 23:44:57,2026-01-10 00:06:57,2026-01-10 00:25:57,42
8810,9485,51,2026-01-31 21:20:26,2026-01-31 21:49:26,2026-01-31 22:17:26,60
8811,9486,93,2026-01-12 20:30:54,2026-01-12 20:50:54,2026-01-12 21:07:54,40
8812,9487,87,2026-01-02 21:16:11,2026-01-02 22:03:11,2026-01-02 22:34:11,81
8813,9489,81,2026-01-14 21:07:47,2026-01-14 21:30:47,2026-01-14 22:01:47,55
8814,9490,84,2026-01-08 15:58:48,2026-01-08 16:20:48,2026-01-08 16:35:48,41
8815,9491,13,2026-01-21 20:32:22,2026-01-21 20:55:22,2026-01-21 21:15:22,46
8816,9492,34,2026-01-22 00:20:47,2026-01-22 00:36:47,2026-01-22 01:01:47,44
8817,9493,106,2026-01-14 05:29:18,2026-01-14 06:07:18,2026-01-14 06:33:18,65
8818,9494,104,2026-01-13 11:04:55,2026-01-13 11:34:55,2026-01-13 11:50:55,48
8819,9496,51,2026-01-10 15:22:28,2026-01-10 15:51:28,2026-01-10 16:08:28,48
8820,9497,32,2026-01-12 00:33:28,2026-01-12 00:57:28,2026-01-12 01:18:28,48
8821,9498,44,2026-01-20 14:45:17,2026-01-20 15:05:17,2026-01-20 15:31:17,47
8822,9499,118,2026-01-24 22:12:57,2026-01-24 22:47:57,2026-01-24 23:12:57,61
8823,9500,34,2026-01-13 13:01:54,2026-01-13 13:18:54,2026-01-13 13:36:54,38
8824,9501,46,2026-01-01 20:54:39,2026-01-01 21:20:39,2026-01-01 21:39:39,49
8825,9502,66,2026-01-17 23:40:12,2026-01-18 00:06:12,2026-01-18 00:30:12,53
8826,9503,14,2026-01-24 15:01:38,2026-01-24 15:34:38,2026-01-24 16:02:38,64
8827,9504,90,2026-01-26 15:04:04,2026-01-26 15:39:04,2026-01-26 15:50:04,50
8828,9505,38,2026-01-27 22:30:24,2026-01-27 23:14:24,2026-01-27 23:36:24,69
8829,9506,81,2026-01-11 23:57:03,2026-01-12 00:26:03,2026-01-12 00:44:03,48
8830,9507,73,2026-01-31 02:14:49,2026-01-31 02:39:49,2026-01-31 03:02:49,50
8831,9509,113,2026-01-01 23:45:26,2026-01-02 00:10:26,2026-01-02 00:34:26,53
8832,9510,71,2026-01-10 14:56:50,2026-01-10 15:25:50,2026-01-10 15:55:50,60
8833,9512,31,2026-01-23 14:52:39,2026-01-23 15:22:39,2026-01-23 15:50:39,60
8834,9513,28,2026-01-13 15:59:49,2026-01-13 16:24:49,2026-01-13 16:42:49,47
8835,9514,101,2026-01-18 12:38:34,2026-01-18 13:02:34,2026-01-18 13:18:34,44
8836,9515,2,2026-01-05 22:25:13,2026-01-05 23:08:13,2026-01-05 23:34:13,71
8837,9516,9,2026-01-28 23:57:33,2026-01-29 00:35:33,2026-01-29 00:52:33,59
8838,9517,81,2026-01-05 14:17:31,2026-01-05 15:02:31,2026-01-05 15:20:31,66
8839,9518,11,2026-01-31 12:15:10,2026-01-31 12:31:10,2026-01-31 12:50:10,36
8840,9519,24,2026-01-27 23:08:42,2026-01-27 23:29:42,2026-01-27 23:48:42,42
8841,9520,37,2026-01-15 22:30:13,2026-01-15 22:52:13,2026-01-15 23:11:13,43
8842,9521,13,2026-01-28 21:19:12,2026-01-28 21:44:12,2026-01-28 22:11:12,54
8843,9522,63,2026-01-17 15:02:36,2026-01-17 15:29:36,2026-01-17 15:43:36,43
8844,9523,8,2026-01-26 22:02:50,2026-01-26 22:44:50,2026-01-26 23:00:50,59
8845,9524,108,2026-01-26 18:16:13,2026-01-26 18:33:13,2026-01-26 18:51:13,39
8846,9525,20,2026-01-04 21:13:57,2026-01-04 21:44:57,2026-01-04 22:01:57,49
8847,9526,5,2026-01-17 21:29:36,2026-01-17 22:01:36,2026-01-17 22:23:36,56
8848,9527,73,2026-01-26 14:47:54,2026-01-26 15:20:54,2026-01-26 15:41:54,57
8849,9528,51,2026-01-08 22:25:36,2026-01-08 22:52:36,2026-01-08 23:08:36,47
8850,9529,70,2026-01-15 20:29:50,2026-01-15 20:59:50,2026-01-15 21:12:50,45
8851,9530,90,2026-01-10 01:42:55,2026-01-10 02:04:55,2026-01-10 02:21:55,42
8852,9531,102,2026-01-21 12:58:34,2026-01-21 13:19:34,2026-01-21 13:39:34,44
8853,9532,16,2026-01-14 06:49:42,2026-01-14 07:11:42,2026-01-14 07:28:42,42
8854,9533,100,2026-01-21 19:14:04,2026-01-21 19:35:04,2026-01-21 19:55:04,43
8855,9534,72,2026-01-08 03:42:49,2026-01-08 04:06:49,2026-01-08 04:26:49,48
8856,9535,111,2026-01-14 15:55:03,2026-01-14 16:15:03,2026-01-14 16:46:03,52
8857,9536,67,2026-01-23 22:54:24,2026-01-23 23:27:24,2026-01-23 23:45:24,52
8858,9537,52,2026-01-22 23:34:35,2026-01-22 23:56:35,2026-01-23 00:15:35,44
8859,9538,80,2026-01-23 12:30:04,2026-01-23 12:58:04,2026-01-23 13:15:04,48
8860,9539,113,2026-01-12 04:47:17,2026-01-12 05:23:17,2026-01-12 05:48:17,63
8861,9541,38,2026-01-08 14:52:15,2026-01-08 15:13:15,2026-01-08 15:31:15,42
8862,9542,9,2026-01-22 22:27:29,2026-01-22 22:57:29,2026-01-22 23:18:29,52
8863,9543,107,2026-01-24 05:59:48,2026-01-24 06:23:48,2026-01-24 06:46:48,51
8864,9544,44,2026-01-30 20:09:18,2026-01-30 20:24:18,2026-01-30 20:51:18,45
8865,9545,56,2026-01-08 15:27:27,2026-01-08 15:54:27,2026-01-08 16:08:27,44
8866,9546,26,2026-01-20 22:06:22,2026-01-20 22:42:22,2026-01-20 23:10:22,66
8867,9547,38,2026-01-19 09:16:49,2026-01-19 09:29:49,2026-01-19 09:42:49,27
8868,9548,109,2026-01-19 15:40:20,2026-01-19 16:19:20,2026-01-19 16:41:20,62
8869,9549,105,2026-01-11 13:04:55,2026-01-11 13:39:55,2026-01-11 14:00:55,58
8870,9550,73,2026-01-21 02:25:44,2026-01-21 02:47:44,2026-01-21 03:10:44,46
8871,9551,29,2026-01-17 16:56:47,2026-01-17 17:25:47,2026-01-17 17:45:47,53
8872,9552,67,2026-01-17 19:06:53,2026-01-17 19:29:53,2026-01-17 19:49:53,46
8873,9553,54,2026-01-05 09:33:58,2026-01-05 10:05:58,2026-01-05 10:15:58,46
8874,9554,35,2026-01-29 14:18:55,2026-01-29 14:49:55,2026-01-29 15:13:55,58
8875,9555,51,2026-01-14 11:35:46,2026-01-14 11:52:46,2026-01-14 12:03:46,32
8876,9557,66,2026-01-12 20:57:43,2026-01-12 21:21:43,2026-01-12 21:37:43,44
8877,9558,56,2026-01-14 20:51:17,2026-01-14 21:17:17,2026-01-14 21:34:17,44
8878,9559,93,2026-01-23 12:16:21,2026-01-23 12:44:21,2026-01-23 13:10:21,57
8879,9560,87,2026-01-15 22:51:40,2026-01-15 23:31:40,2026-01-15 23:53:40,65
8880,9561,102,2026-01-31 11:56:54,2026-01-31 12:16:54,2026-01-31 12:41:54,47
8881,9562,102,2026-01-23 14:10:40,2026-01-23 14:46:40,2026-01-23 15:18:40,71
8882,9563,116,2026-01-29 21:32:30,2026-01-29 22:01:30,2026-01-29 22:35:30,66
8883,9564,99,2026-01-12 03:00:10,2026-01-12 03:23:10,2026-01-12 03:47:10,49
8884,9565,51,2026-01-25 21:35:55,2026-01-25 22:01:55,2026-01-25 22:16:55,43
8885,9566,114,2026-01-12 21:33:06,2026-01-12 21:55:06,2026-01-12 22:23:06,51
8886,9567,74,2026-01-10 07:49:29,2026-01-10 08:12:29,2026-01-10 08:33:29,47
8887,9569,43,2026-01-19 05:21:40,2026-01-19 05:43:40,2026-01-19 05:54:40,36
8888,9570,71,2026-01-19 13:41:01,2026-01-19 14:11:01,2026-01-19 14:38:01,60
8889,9571,12,2026-01-21 21:26:55,2026-01-21 22:10:55,2026-01-21 22:33:55,70
8890,9572,78,2026-01-20 13:54:42,2026-01-20 14:26:42,2026-01-20 14:55:42,65
8891,9573,64,2026-01-21 15:30:03,2026-01-21 16:05:03,2026-01-21 16:21:03,55
8892,9574,13,2026-01-16 03:04:30,2026-01-16 03:27:30,2026-01-16 03:49:30,47
8893,9575,75,2026-01-01 22:32:11,2026-01-01 23:01:11,2026-01-01 23:34:11,66
8894,9576,41,2026-01-13 23:03:48,2026-01-13 23:20:48,2026-01-13 23:41:48,39
8895,9577,93,2026-01-16 22:51:52,2026-01-16 23:18:52,2026-01-16 23:49:52,62
8896,9578,25,2026-01-26 20:22:49,2026-01-26 20:56:49,2026-01-26 21:16:49,56
8897,9579,83,2026-01-11 19:53:49,2026-01-11 20:16:49,2026-01-11 20:41:49,49
8898,9580,103,2026-01-06 13:17:48,2026-01-06 13:46:48,2026-01-06 14:09:48,54
8899,9581,44,2026-01-08 22:05:35,2026-01-08 22:36:35,2026-01-08 23:05:35,63
8900,9582,77,2026-01-05 07:13:42,2026-01-05 07:38:42,2026-01-05 07:49:42,38
8901,9583,76,2026-01-25 10:36:58,2026-01-25 10:54:58,2026-01-25 11:13:58,41
8902,9584,83,2026-01-16 00:08:37,2026-01-16 00:47:37,2026-01-16 01:09:37,65
8903,9585,54,2026-01-29 22:26:23,2026-01-29 22:52:23,2026-01-29 23:12:23,50
8904,9586,118,2026-01-13 14:51:51,2026-01-13 15:17:51,2026-01-13 15:42:51,55
8905,9587,49,2026-01-08 21:46:40,2026-01-08 22:17:40,2026-01-08 22:44:40,62
8906,9588,82,2026-01-23 20:18:54,2026-01-23 20:54:54,2026-01-23 21:15:54,58
8907,9589,19,2026-01-13 13:28:29,2026-01-13 14:14:29,2026-01-13 14:27:29,63
8908,9590,41,2026-01-10 22:17:58,2026-01-10 22:56:58,2026-01-10 23:22:58,68
8909,9592,11,2026-01-11 21:44:27,2026-01-11 22:23:27,2026-01-11 22:48:27,65
8910,9593,45,2026-01-23 12:37:08,2026-01-23 13:07:08,2026-01-23 13:29:08,53
8911,9594,38,2026-01-28 00:03:12,2026-01-28 00:39:12,2026-01-28 00:54:12,54
8912,9595,27,2026-01-21 22:00:20,2026-01-21 22:31:20,2026-01-21 22:51:20,53
8913,9596,65,2026-01-29 13:20:18,2026-01-29 13:41:18,2026-01-29 14:08:18,51
8914,9597,86,2026-01-14 13:10:15,2026-01-14 13:33:15,2026-01-14 13:54:15,45
8915,9598,107,2026-01-29 21:34:01,2026-01-29 22:02:01,2026-01-29 22:19:01,49
8916,9599,94,2026-01-17 23:42:12,2026-01-18 00:16:12,2026-01-18 00:34:12,55
8917,9600,38,2026-01-14 17:25:14,2026-01-14 17:55:14,2026-01-14 18:08:14,47
8918,9601,97,2026-01-08 14:26:38,2026-01-08 14:55:38,2026-01-08 15:13:38,48
8919,9602,38,2026-01-18 12:05:00,2026-01-18 12:43:00,2026-01-18 12:57:00,53
8920,9603,31,2026-01-26 21:34:31,2026-01-26 22:06:31,2026-01-26 22:34:31,62
8921,9604,31,2026-01-14 21:47:52,2026-01-14 22:14:52,2026-01-14 22:27:52,43
8922,9605,74,2026-01-20 01:29:39,2026-01-20 01:52:39,2026-01-20 02:07:39,42
8923,9606,16,2026-01-23 23:24:15,2026-01-23 23:40:15,2026-01-23 23:53:15,33
8924,9607,80,2026-01-22 00:45:36,2026-01-22 01:10:36,2026-01-22 01:24:36,43
8925,9608,27,2026-01-10 12:17:31,2026-01-10 12:38:31,2026-01-10 12:50:31,36
8926,9609,35,2026-01-02 22:36:57,2026-01-02 23:09:57,2026-01-02 23:26:57,52
8927,9610,47,2026-01-03 13:29:38,2026-01-03 14:09:38,2026-01-03 14:25:38,59
8928,9611,45,2026-01-29 22:20:19,2026-01-29 22:46:19,2026-01-29 23:07:19,48
8929,9612,6,2026-01-01 12:53:49,2026-01-01 13:20:49,2026-01-01 13:39:49,47
8930,9613,108,2026-01-19 09:45:39,2026-01-19 10:04:39,2026-01-19 10:23:39,42
8931,9614,47,2026-01-20 22:28:19,2026-01-20 23:04:19,2026-01-20 23:27:19,61
8932,9615,86,2026-01-07 22:36:15,2026-01-07 23:06:15,2026-01-07 23:34:15,62
8933,9616,23,2026-01-30 02:09:48,2026-01-30 02:40:48,2026-01-30 03:07:48,62
8934,9617,58,2026-01-27 21:20:34,2026-01-27 22:06:34,2026-01-27 22:23:34,64
8935,9618,5,2026-01-09 02:00:05,2026-01-09 02:19:05,2026-01-09 02:34:05,38
8936,9619,45,2026-01-18 15:59:54,2026-01-18 16:15:54,2026-01-18 16:27:54,30
8937,9620,62,2026-01-09 14:25:50,2026-01-09 14:58:50,2026-01-09 15:26:50,63
8938,9621,72,2026-01-16 22:27:39,2026-01-16 22:58:39,2026-01-16 23:21:39,56
8939,9622,108,2026-01-26 15:38:05,2026-01-26 15:59:05,2026-01-26 16:15:05,40
8940,9624,23,2026-01-20 20:48:07,2026-01-20 21:14:07,2026-01-20 21:26:07,39
8941,9625,71,2026-01-30 13:19:04,2026-01-30 13:50:04,2026-01-30 14:13:04,55
8942,9626,41,2026-01-24 14:17:47,2026-01-24 14:57:47,2026-01-24 15:18:47,64
8943,9627,85,2026-01-06 22:19:11,2026-01-06 22:43:11,2026-01-06 23:17:11,62
8944,9628,37,2026-01-27 00:55:26,2026-01-27 01:20:26,2026-01-27 01:39:26,47
8945,9629,98,2026-01-27 22:26:20,2026-01-27 22:53:20,2026-01-27 23:12:20,47
8946,9630,102,2026-01-11 10:23:59,2026-01-11 10:42:59,2026-01-11 11:07:59,45
8947,9631,58,2026-01-27 20:18:17,2026-01-27 20:40:17,2026-01-27 21:06:17,51
8948,9632,23,2026-01-06 22:51:52,2026-01-06 23:15:52,2026-01-06 23:41:52,52
8949,9633,18,2026-01-01 14:55:31,2026-01-01 15:29:31,2026-01-01 15:48:31,55
8950,9634,66,2026-01-31 22:04:03,2026-01-31 22:43:03,2026-01-31 23:05:03,64
8951,9635,120,2026-01-20 23:12:36,2026-01-20 23:31:36,2026-01-20 23:46:36,36
8952,9636,87,2026-01-12 21:26:10,2026-01-12 21:56:10,2026-01-12 22:23:10,59
8953,9637,14,2026-01-19 12:56:38,2026-01-19 13:13:38,2026-01-19 13:24:38,31
8954,9638,120,2026-01-25 21:12:26,2026-01-25 21:43:26,2026-01-25 22:07:26,59
8955,9639,21,2026-01-04 16:01:39,2026-01-04 16:22:39,2026-01-04 16:35:39,38
8956,9640,65,2026-01-13 21:48:57,2026-01-13 22:19:57,2026-01-13 22:36:57,49
8957,9641,40,2026-01-08 13:01:23,2026-01-08 13:17:23,2026-01-08 13:37:23,39
8958,9642,48,2026-01-08 23:52:57,2026-01-09 00:08:57,2026-01-09 00:20:57,30
8959,9643,46,2026-01-22 15:45:53,2026-01-22 15:56:53,2026-01-22 16:10:53,27
8960,9644,76,2026-01-13 12:35:49,2026-01-13 12:54:49,2026-01-13 13:07:49,34
8961,9645,85,2026-01-17 23:43:59,2026-01-18 00:04:59,2026-01-18 00:28:59,47
8962,9646,26,2026-01-01 22:17:07,2026-01-01 22:54:07,2026-01-01 23:20:07,66
8963,9647,32,2026-01-06 13:42:28,2026-01-06 14:08:28,2026-01-06 14:29:28,48
8964,9648,22,2026-01-03 23:49:01,2026-01-04 00:15:01,2026-01-04 00:35:01,49
8965,9649,51,2026-01-21 22:31:28,2026-01-21 23:10:28,2026-01-21 23:37:28,68
8966,9650,16,2026-01-22 14:34:02,2026-01-22 15:07:02,2026-01-22 15:37:02,67
8967,9651,80,2026-01-14 20:40:35,2026-01-14 21:16:35,2026-01-14 21:37:35,60
8968,9652,60,2026-01-17 18:27:14,2026-01-17 18:48:14,2026-01-17 19:10:14,47
8969,9653,32,2026-01-29 12:19:34,2026-01-29 12:44:34,2026-01-29 13:07:34,49
8970,9654,20,2026-01-20 23:42:26,2026-01-21 00:19:26,2026-01-21 00:42:26,63
8971,9655,74,2026-01-26 21:38:32,2026-01-26 22:02:32,2026-01-26 22:24:32,48
8972,9656,101,2026-01-29 11:27:43,2026-01-29 12:01:43,2026-01-29 12:21:43,57
8973,9657,25,2026-01-09 20:51:10,2026-01-09 21:12:10,2026-01-09 21:29:10,39
8974,9658,20,2026-01-29 21:45:07,2026-01-29 22:14:07,2026-01-29 22:40:07,56
8975,9659,21,2026-01-10 13:24:26,2026-01-10 13:53:26,2026-01-10 14:16:26,53
8976,9660,31,2026-01-23 12:15:52,2026-01-23 12:44:52,2026-01-23 12:54:52,42
8977,9661,24,2026-01-31 07:36:51,2026-01-31 08:02:51,2026-01-31 08:13:51,38
8978,9662,106,2026-01-08 22:43:51,2026-01-08 23:18:51,2026-01-08 23:37:51,55
8979,9663,65,2026-01-25 11:52:45,2026-01-25 12:21:45,2026-01-25 12:39:45,50
8980,9664,17,2026-01-24 15:10:32,2026-01-24 15:34:32,2026-01-24 15:52:32,46
8981,9665,104,2026-01-30 22:02:13,2026-01-30 22:36:13,2026-01-30 23:00:13,61
8982,9666,118,2026-01-31 14:07:03,2026-01-31 14:43:03,2026-01-31 15:06:03,61
8983,9667,23,2026-01-13 21:23:53,2026-01-13 21:49:53,2026-01-13 22:17:53,56
8984,9668,2,2026-01-14 14:08:03,2026-01-14 14:34:03,2026-01-14 14:59:03,53
8985,9669,77,2026-01-29 04:21:12,2026-01-29 04:40:12,2026-01-29 04:54:12,37
8986,9670,75,2026-01-21 14:21:30,2026-01-21 14:56:30,2026-01-21 15:18:30,59
8987,9671,93,2026-01-05 20:23:49,2026-01-05 20:44:49,2026-01-05 20:57:49,38
8988,9672,54,2026-01-26 18:48:25,2026-01-26 19:23:25,2026-01-26 19:44:25,58
8989,9673,103,2026-01-11 16:32:51,2026-01-11 16:57:51,2026-01-11 17:11:51,43
8990,9674,60,2026-01-02 22:36:12,2026-01-02 23:10:12,2026-01-02 23:29:12,56
8991,9675,42,2026-01-18 15:32:36,2026-01-18 15:58:36,2026-01-18 16:21:36,52
8992,9676,24,2026-01-11 12:18:22,2026-01-11 12:39:22,2026-01-11 12:54:22,38
8993,9677,118,2026-01-05 15:14:37,2026-01-05 15:38:37,2026-01-05 15:58:37,47
8994,9678,112,2026-01-05 20:44:07,2026-01-05 21:07:07,2026-01-05 21:31:07,48
8995,9679,80,2026-01-24 22:37:11,2026-01-24 23:15:11,2026-01-24 23:33:11,60
8996,9680,83,2026-01-13 04:26:45,2026-01-13 04:42:45,2026-01-13 04:54:45,30
8997,9681,17,2026-01-30 02:38:29,2026-01-30 03:09:29,2026-01-30 03:32:29,58
8998,9683,97,2026-01-17 02:57:52,2026-01-17 03:23:52,2026-01-17 03:39:52,45
8999,9684,111,2026-01-31 21:54:07,2026-01-31 22:20:07,2026-01-31 22:47:07,54
9000,9685,61,2026-01-21 15:16:26,2026-01-21 15:39:26,2026-01-21 15:50:26,35
9001,9686,69,2026-01-14 23:15:44,2026-01-14 23:35:44,2026-01-14 23:55:44,44
9002,9687,45,2026-01-10 09:50:00,2026-01-10 10:19:00,2026-01-10 10:31:00,44
9003,9688,25,2026-01-12 01:51:39,2026-01-12 02:19:39,2026-01-12 02:36:39,48
9004,9689,87,2026-01-12 14:43:43,2026-01-12 15:27:43,2026-01-12 15:41:43,60
9005,9690,24,2026-01-31 22:48:17,2026-01-31 23:16:17,2026-01-31 23:36:17,51
9006,9691,53,2026-01-30 07:35:02,2026-01-30 07:59:02,2026-01-30 08:21:02,49
9007,9692,93,2026-01-03 19:47:25,2026-01-03 20:14:25,2026-01-03 20:27:25,43
9008,9693,55,2026-01-21 19:33:31,2026-01-21 19:55:31,2026-01-21 20:05:31,35
9009,9694,84,2026-01-18 21:53:43,2026-01-18 22:21:43,2026-01-18 22:48:43,59
9010,9695,64,2026-01-12 14:26:15,2026-01-12 14:48:15,2026-01-12 15:12:15,50
9011,9696,68,2026-01-11 21:32:14,2026-01-11 21:59:14,2026-01-11 22:33:14,64
9012,9698,111,2026-01-16 23:18:54,2026-01-16 23:36:54,2026-01-16 23:50:54,33
9013,9699,55,2026-01-02 13:01:42,2026-01-02 13:27:42,2026-01-02 13:58:42,59
9014,9700,22,2026-01-14 00:01:50,2026-01-14 00:24:50,2026-01-14 00:42:50,45
9015,9701,101,2026-01-27 21:33:24,2026-01-27 22:05:24,2026-01-27 22:28:24,56
9016,9702,94,2026-01-04 21:15:11,2026-01-04 21:50:11,2026-01-04 22:08:11,57
9017,9703,49,2026-01-05 15:12:57,2026-01-05 15:33:57,2026-01-05 15:55:57,44
9018,9704,42,2026-01-10 23:52:11,2026-01-11 00:13:11,2026-01-11 00:27:11,37
9019,9705,111,2026-01-23 09:36:52,2026-01-23 10:02:52,2026-01-23 10:14:52,39
9020,9706,98,2026-01-14 14:47:03,2026-01-14 15:17:03,2026-01-14 15:36:03,50
9021,9707,111,2026-01-10 15:51:57,2026-01-10 16:17:57,2026-01-10 16:29:57,41
9022,9711,66,2026-01-04 23:27:47,2026-01-04 23:44:47,2026-01-05 00:02:47,37
9023,9712,81,2026-01-18 06:39:02,2026-01-18 07:15:02,2026-01-18 07:35:02,59
9024,9713,96,2026-01-10 14:04:28,2026-01-10 14:42:28,2026-01-10 14:59:28,58
9025,9714,72,2026-01-17 14:29:03,2026-01-17 14:52:03,2026-01-17 15:22:03,54
9026,9715,117,2026-01-05 12:01:36,2026-01-05 12:26:36,2026-01-05 12:47:36,47
9027,9716,92,2026-01-06 13:14:56,2026-01-06 13:45:56,2026-01-06 14:08:56,57
9028,9717,101,2026-01-27 12:26:30,2026-01-27 12:53:30,2026-01-27 13:13:30,48
9029,9718,73,2026-01-01 10:29:29,2026-01-01 10:51:29,2026-01-01 11:05:29,39
9030,9719,62,2026-01-19 14:56:51,2026-01-19 15:26:51,2026-01-19 15:55:51,61
9031,9720,11,2026-01-17 02:12:58,2026-01-17 02:30:58,2026-01-17 02:52:58,43
9032,9721,19,2026-01-03 20:55:43,2026-01-03 21:17:43,2026-01-03 21:31:43,40
9033,9722,99,2026-01-03 22:30:55,2026-01-03 22:56:55,2026-01-03 23:23:55,57
9034,9723,46,2026-01-21 16:07:20,2026-01-21 16:39:20,2026-01-21 16:57:20,54
9035,9724,110,2026-01-28 14:58:49,2026-01-28 15:36:49,2026-01-28 16:04:49,68
9036,9725,85,2026-01-11 23:16:10,2026-01-11 23:32:10,2026-01-11 23:50:10,35
9037,9726,55,2026-01-11 01:45:47,2026-01-11 02:18:47,2026-01-11 02:36:47,54
9038,9727,78,2026-01-24 05:01:19,2026-01-24 05:24:19,2026-01-24 05:41:19,43
9039,9728,70,2026-01-26 07:09:10,2026-01-26 07:43:10,2026-01-26 08:02:10,57
9040,9729,56,2026-01-02 23:28:50,2026-01-02 23:55:50,2026-01-03 00:13:50,49
9041,9730,5,2026-01-18 13:34:47,2026-01-18 14:06:47,2026-01-18 14:29:47,57
9042,9731,56,2026-01-20 19:39:48,2026-01-20 20:00:48,2026-01-20 20:22:48,44
9043,9732,73,2026-01-19 00:54:23,2026-01-19 01:21:23,2026-01-19 01:34:23,41
9044,9733,16,2026-01-30 21:25:00,2026-01-30 22:00:00,2026-01-30 22:22:00,58
9045,9734,107,2026-01-02 23:05:09,2026-01-02 23:35:09,2026-01-02 23:58:09,54
9046,9735,17,2026-01-06 22:17:47,2026-01-06 22:44:47,2026-01-06 23:06:47,53
9047,9737,102,2026-01-15 22:23:37,2026-01-15 23:02:37,2026-01-15 23:25:37,65
9048,9738,114,2026-01-24 12:04:20,2026-01-24 12:31:20,2026-01-24 12:41:20,38
9049,9739,11,2026-01-18 13:35:38,2026-01-18 14:22:38,2026-01-18 14:46:38,74
9050,9740,119,2026-01-30 02:17:20,2026-01-30 02:49:20,2026-01-30 03:10:20,55
9051,9741,64,2026-01-17 16:41:23,2026-01-17 17:09:23,2026-01-17 17:30:23,50
9052,9742,112,2026-01-14 23:48:40,2026-01-15 00:07:40,2026-01-15 00:25:40,39
9053,9743,36,2026-01-18 10:25:43,2026-01-18 10:47:43,2026-01-18 11:09:43,48
9054,9744,49,2026-01-27 07:41:16,2026-01-27 08:08:16,2026-01-27 08:30:16,51
9055,9745,7,2026-01-25 14:13:11,2026-01-25 14:41:11,2026-01-25 15:04:11,52
9056,9746,96,2026-01-20 22:48:16,2026-01-20 23:14:16,2026-01-20 23:42:16,58
9057,9747,99,2026-01-03 22:29:30,2026-01-03 23:01:30,2026-01-03 23:30:30,63
9058,9748,76,2026-01-18 07:16:43,2026-01-18 07:54:43,2026-01-18 08:19:43,66
9059,9749,60,2026-01-11 22:30:15,2026-01-11 23:02:15,2026-01-11 23:25:15,56
9060,9750,22,2026-01-06 13:36:26,2026-01-06 14:10:26,2026-01-06 14:30:26,56
9061,9751,113,2026-01-15 13:48:31,2026-01-15 14:18:31,2026-01-15 14:49:31,63
9062,9752,29,2026-01-28 13:42:58,2026-01-28 14:16:58,2026-01-28 14:37:58,58
9063,9753,66,2026-01-09 22:04:08,2026-01-09 22:38:08,2026-01-09 23:14:08,73
9064,9754,26,2026-01-26 14:57:30,2026-01-26 15:25:30,2026-01-26 15:44:30,49
9065,9755,76,2026-01-19 12:23:55,2026-01-19 12:38:55,2026-01-19 12:53:55,33
9066,9756,101,2026-01-20 22:31:24,2026-01-20 23:03:24,2026-01-20 23:26:24,56
9067,9757,42,2026-01-21 09:32:52,2026-01-21 09:49:52,2026-01-21 10:11:52,42
9068,9758,75,2026-01-10 08:38:54,2026-01-10 08:55:54,2026-01-10 09:06:54,31
9069,9759,120,2026-01-11 21:19:24,2026-01-11 21:55:24,2026-01-11 22:19:24,62
9070,9760,82,2026-01-29 07:45:42,2026-01-29 08:04:42,2026-01-29 08:21:42,40
9071,9761,97,2026-01-27 15:53:54,2026-01-27 16:30:54,2026-01-27 16:56:54,67
9072,9762,25,2026-01-05 20:06:30,2026-01-05 20:26:30,2026-01-05 20:46:30,43
9073,9763,20,2026-01-18 16:49:57,2026-01-18 17:18:57,2026-01-18 17:35:57,49
9074,9764,41,2026-01-12 13:13:23,2026-01-12 13:47:23,2026-01-12 14:06:23,55
9075,9765,11,2026-01-23 13:54:48,2026-01-23 14:28:48,2026-01-23 14:47:48,55
9076,9766,40,2026-01-17 17:16:38,2026-01-17 17:34:38,2026-01-17 17:51:38,39
9077,9767,110,2026-01-28 20:40:53,2026-01-28 21:13:53,2026-01-28 21:33:53,57
9078,9768,36,2026-01-08 22:09:48,2026-01-08 22:32:48,2026-01-08 23:04:48,57
9079,9769,109,2026-01-15 13:26:22,2026-01-15 13:51:22,2026-01-15 14:14:22,50
9080,9770,79,2026-01-13 21:11:27,2026-01-13 21:53:27,2026-01-13 22:20:27,71
9081,9771,17,2026-01-03 21:53:13,2026-01-03 22:20:13,2026-01-03 22:47:13,58
9082,9772,92,2026-01-20 13:59:06,2026-01-20 14:37:06,2026-01-20 15:08:06,72
9083,9773,52,2026-01-01 22:57:00,2026-01-01 23:29:00,2026-01-01 23:55:00,61
9084,9774,27,2026-01-14 23:47:53,2026-01-15 00:09:53,2026-01-15 00:20:53,36
9085,9775,96,2026-01-02 08:39:37,2026-01-02 09:01:37,2026-01-02 09:12:37,36
9086,9776,106,2026-01-09 21:10:13,2026-01-09 21:36:13,2026-01-09 21:57:13,48
9087,9777,84,2026-01-30 22:02:48,2026-01-30 22:27:48,2026-01-30 23:02:48,63
9088,9778,29,2026-01-28 23:13:59,2026-01-28 23:57:59,2026-01-29 00:23:59,72
9089,9779,70,2026-01-05 09:15:08,2026-01-05 09:26:08,2026-01-05 09:56:08,45
9090,9780,27,2026-01-04 19:02:01,2026-01-04 19:20:01,2026-01-04 19:47:01,47
9091,9781,33,2026-01-13 02:37:47,2026-01-13 03:08:47,2026-01-13 03:31:47,55
9092,9782,110,2026-01-10 21:20:46,2026-01-10 21:54:46,2026-01-10 22:23:46,67
9093,9783,33,2026-01-20 08:55:54,2026-01-20 09:22:54,2026-01-20 09:36:54,43
9094,9784,107,2026-01-05 13:19:47,2026-01-05 14:02:47,2026-01-05 14:14:47,57
9095,9785,8,2026-01-18 00:36:52,2026-01-18 01:17:52,2026-01-18 01:29:52,54
9096,9786,94,2026-01-10 07:45:09,2026-01-10 08:06:09,2026-01-10 08:29:09,46
9097,9787,32,2026-01-19 19:29:37,2026-01-19 19:50:37,2026-01-19 20:10:37,42
9098,9788,111,2026-01-29 13:31:39,2026-01-29 14:09:39,2026-01-29 14:31:39,62
9099,9789,48,2026-01-29 01:34:07,2026-01-29 01:53:07,2026-01-29 02:14:07,44
9100,9790,7,2026-01-01 20:56:05,2026-01-01 21:25:05,2026-01-01 21:44:05,52
9101,9791,84,2026-01-22 07:30:13,2026-01-22 08:00:13,2026-01-22 08:15:13,49
9102,9792,109,2026-01-04 00:48:09,2026-01-04 01:09:09,2026-01-04 01:25:09,38
9103,9793,32,2026-01-25 03:37:44,2026-01-25 03:57:44,2026-01-25 04:24:44,49
9104,9794,4,2026-01-15 14:16:10,2026-01-15 14:40:10,2026-01-15 15:11:10,57
9105,9795,85,2026-01-10 23:05:23,2026-01-10 23:34:23,2026-01-10 23:53:23,51
9106,9796,117,2026-01-06 23:49:50,2026-01-07 00:02:50,2026-01-07 00:20:50,34
9107,9797,108,2026-01-17 21:11:47,2026-01-17 21:45:47,2026-01-17 22:02:47,53
9108,9798,101,2026-01-09 13:12:18,2026-01-09 13:46:18,2026-01-09 14:09:18,58
9109,9799,41,2026-01-31 09:12:25,2026-01-31 09:35:25,2026-01-31 09:51:25,43
9110,9800,30,2026-01-10 20:17:13,2026-01-10 20:38:13,2026-01-10 21:07:13,52
9111,9801,15,2026-01-28 21:35:05,2026-01-28 22:03:05,2026-01-28 22:21:05,50
9112,9802,76,2026-01-19 15:02:01,2026-01-19 15:36:01,2026-01-19 15:51:01,52
9113,9803,67,2026-01-27 01:58:52,2026-01-27 02:19:52,2026-01-27 02:37:52,42
9114,9804,59,2026-01-30 20:41:46,2026-01-30 21:01:46,2026-01-30 21:21:46,41
9115,9805,58,2026-01-30 22:15:24,2026-01-30 22:45:24,2026-01-30 23:10:24,58
9116,9806,50,2026-01-21 13:36:45,2026-01-21 14:05:45,2026-01-21 14:19:45,47
9117,9807,104,2026-01-13 22:10:04,2026-01-13 22:34:04,2026-01-13 22:53:04,46
9118,9808,100,2026-01-08 23:21:30,2026-01-08 23:54:30,2026-01-09 00:13:30,56
9119,9809,20,2026-01-14 01:03:31,2026-01-14 01:32:31,2026-01-14 01:45:31,45
9120,9811,72,2026-01-27 19:21:48,2026-01-27 19:46:48,2026-01-27 19:57:48,39
9121,9812,65,2026-01-01 15:04:21,2026-01-01 15:25:21,2026-01-01 15:48:21,48
9122,9814,119,2026-01-11 13:51:01,2026-01-11 14:17:01,2026-01-11 14:35:01,45
9123,9815,55,2026-01-01 15:06:01,2026-01-01 15:21:01,2026-01-01 15:37:01,33
9124,9816,79,2026-01-28 13:55:11,2026-01-28 14:27:11,2026-01-28 14:54:11,60
9125,9817,56,2026-01-27 16:46:50,2026-01-27 17:15:50,2026-01-27 17:30:50,48
9126,9819,44,2026-01-03 21:54:25,2026-01-03 22:30:25,2026-01-03 22:52:25,59
9127,9821,9,2026-01-31 23:01:28,2026-01-31 23:28:28,2026-01-31 23:45:28,47
9128,9822,116,2026-01-05 18:39:10,2026-01-05 19:06:10,2026-01-05 19:28:10,50
9129,9823,96,2026-01-07 11:51:45,2026-01-07 12:20:45,2026-01-07 12:41:45,51
9130,9824,75,2026-01-20 13:05:43,2026-01-20 13:25:43,2026-01-20 13:51:43,47
9131,9825,81,2026-01-20 03:02:13,2026-01-20 03:35:13,2026-01-20 04:01:13,61
9132,9826,59,2026-01-06 13:32:36,2026-01-06 13:56:36,2026-01-06 14:17:36,49
9133,9827,9,2026-01-17 20:53:48,2026-01-17 21:31:48,2026-01-17 21:48:48,56
9134,9828,101,2026-01-28 13:08:04,2026-01-28 13:54:04,2026-01-28 14:13:04,68
9135,9829,63,2026-01-15 20:21:40,2026-01-15 20:51:40,2026-01-15 21:05:40,46
9136,9830,88,2026-01-18 23:30:09,2026-01-18 23:55:09,2026-01-19 00:16:09,48
9137,9831,32,2026-01-19 22:36:45,2026-01-19 23:02:45,2026-01-19 23:28:45,53
9138,9832,16,2026-01-18 13:43:48,2026-01-18 14:10:48,2026-01-18 14:34:48,55
9139,9833,36,2026-01-18 09:14:17,2026-01-18 09:35:17,2026-01-18 09:46:17,34
9140,9834,54,2026-01-03 22:12:57,2026-01-03 22:49:57,2026-01-03 23:08:57,60
9141,9836,87,2026-01-01 10:52:53,2026-01-01 11:08:53,2026-01-01 11:28:53,39
9142,9837,81,2026-01-03 17:08:49,2026-01-03 17:38:49,2026-01-03 17:52:49,45
9143,9838,29,2026-01-23 22:15:09,2026-01-23 22:54:09,2026-01-23 23:13:09,61
9144,9839,54,2026-01-15 14:37:26,2026-01-15 15:07:26,2026-01-15 15:33:26,59
9145,9840,85,2026-01-07 22:34:35,2026-01-07 23:11:35,2026-01-07 23:30:35,60
9146,9841,25,2026-01-08 22:02:26,2026-01-08 22:36:26,2026-01-08 22:58:26,57
9147,9842,109,2026-01-29 12:18:35,2026-01-29 12:39:35,2026-01-29 12:54:35,37
9148,9843,58,2026-01-07 22:37:08,2026-01-07 23:02:08,2026-01-07 23:21:08,47
9149,9844,111,2026-01-28 13:33:03,2026-01-28 14:10:03,2026-01-28 14:41:03,71
9150,9845,116,2026-01-29 13:31:14,2026-01-29 13:52:14,2026-01-29 14:09:14,40
9151,9846,36,2026-01-18 18:24:24,2026-01-18 18:50:24,2026-01-18 19:05:24,45
9152,9847,58,2026-01-18 22:38:10,2026-01-18 23:00:10,2026-01-18 23:17:10,41
9153,9848,33,2026-01-19 22:20:33,2026-01-19 22:50:33,2026-01-19 23:14:33,58
9154,9851,99,2026-01-17 06:47:40,2026-01-17 07:04:40,2026-01-17 07:24:40,38
9155,9852,29,2026-01-17 23:54:06,2026-01-18 00:19:06,2026-01-18 00:38:06,48
9156,9853,114,2026-01-26 15:47:01,2026-01-26 16:04:01,2026-01-26 16:27:01,42
9157,9854,49,2026-01-23 13:34:06,2026-01-23 14:06:06,2026-01-23 14:33:06,62
9158,9855,75,2026-01-19 19:05:21,2026-01-19 19:38:21,2026-01-19 19:52:21,49
9159,9856,46,2026-01-11 16:44:43,2026-01-11 17:20:43,2026-01-11 17:32:43,50
9160,9858,118,2026-01-25 23:30:06,2026-01-26 00:04:06,2026-01-26 00:24:06,57
9161,9859,85,2026-01-14 06:21:20,2026-01-14 06:47:20,2026-01-14 07:07:20,48
9162,9860,120,2026-01-29 12:10:46,2026-01-29 12:42:46,2026-01-29 13:02:46,55
9163,9861,20,2026-01-30 21:19:24,2026-01-30 22:04:24,2026-01-30 22:20:24,65
9164,9862,53,2026-01-05 14:30:19,2026-01-05 15:07:19,2026-01-05 15:26:19,59
9165,9864,1,2026-01-16 06:21:10,2026-01-16 06:38:10,2026-01-16 06:50:10,31
9166,9865,33,2026-01-17 12:11:06,2026-01-17 12:46:06,2026-01-17 12:59:06,50
9167,9866,55,2026-01-08 21:30:46,2026-01-08 22:05:46,2026-01-08 22:26:46,58
9168,9867,17,2026-01-04 11:00:09,2026-01-04 11:27:09,2026-01-04 11:41:09,43
9169,9868,85,2026-01-02 23:23:36,2026-01-02 23:44:36,2026-01-03 00:00:36,39
9170,9869,75,2026-01-03 22:24:28,2026-01-03 23:03:28,2026-01-03 23:22:28,61
9171,9870,100,2026-01-29 14:17:01,2026-01-29 14:48:01,2026-01-29 15:15:01,59
9172,9871,61,2026-01-06 21:32:31,2026-01-06 21:59:31,2026-01-06 22:25:31,55
9173,9872,65,2026-01-01 21:05:40,2026-01-01 21:46:40,2026-01-01 22:08:40,67
9174,9873,41,2026-01-31 00:01:59,2026-01-31 00:30:59,2026-01-31 00:44:59,46
9175,9874,70,2026-01-08 20:06:12,2026-01-08 20:37:12,2026-01-08 20:56:12,54
9176,9875,66,2026-01-09 20:48:33,2026-01-09 21:13:33,2026-01-09 21:32:33,48
9177,9877,10,2026-01-29 20:22:22,2026-01-29 20:48:22,2026-01-29 21:09:22,50
9178,9878,53,2026-01-15 22:27:01,2026-01-15 22:56:01,2026-01-15 23:18:01,53
9179,9879,43,2026-01-12 09:05:58,2026-01-12 09:28:58,2026-01-12 10:00:58,58
9180,9880,53,2026-01-11 15:37:35,2026-01-11 15:59:35,2026-01-11 16:19:35,43
9181,9881,37,2026-01-08 12:32:11,2026-01-08 12:54:11,2026-01-08 13:09:11,38
9182,9882,27,2026-01-25 14:10:44,2026-01-25 14:26:44,2026-01-25 14:45:44,36
9183,9883,53,2026-01-22 14:37:28,2026-01-22 15:14:28,2026-01-22 15:37:28,64
9184,9884,55,2026-01-05 13:09:55,2026-01-05 13:41:55,2026-01-05 14:07:55,61
9185,9885,60,2026-01-20 12:11:11,2026-01-20 12:33:11,2026-01-20 12:55:11,47
9186,9886,83,2026-01-30 16:15:33,2026-01-30 16:51:33,2026-01-30 17:02:33,50
9187,9887,95,2026-01-23 14:25:31,2026-01-23 14:49:31,2026-01-23 15:06:31,42
9188,9888,14,2026-01-15 22:36:04,2026-01-15 23:09:04,2026-01-15 23:30:04,55
9189,9889,42,2026-01-20 21:44:42,2026-01-20 22:19:42,2026-01-20 22:55:42,75
9190,9890,87,2026-01-11 15:36:28,2026-01-11 16:03:28,2026-01-11 16:23:28,51
9191,9891,88,2026-01-01 21:14:56,2026-01-01 21:44:56,2026-01-01 22:09:56,58
9192,9892,109,2026-01-20 21:44:42,2026-01-20 22:13:42,2026-01-20 22:28:42,45
9193,9893,60,2026-01-25 21:44:20,2026-01-25 22:17:20,2026-01-25 22:41:20,59
9194,9894,51,2026-01-16 18:52:34,2026-01-16 19:22:34,2026-01-16 19:37:34,46
9195,9895,31,2026-01-21 20:24:04,2026-01-21 20:48:04,2026-01-21 21:14:04,51
9196,9896,35,2026-01-27 20:16:00,2026-01-27 20:45:00,2026-01-27 21:10:00,55
9197,9897,112,2026-01-06 23:03:06,2026-01-06 23:44:06,2026-01-07 00:05:06,66
9198,9898,47,2026-01-16 14:12:13,2026-01-16 14:43:13,2026-01-16 15:15:13,67
9199,9899,46,2026-01-20 14:02:38,2026-01-20 14:37:38,2026-01-20 15:02:38,62
9200,9901,84,2026-01-23 12:10:13,2026-01-23 12:27:13,2026-01-23 12:38:13,31
9201,9903,32,2026-01-31 06:27:13,2026-01-31 06:46:13,2026-01-31 07:02:13,38
9202,9904,83,2026-01-09 13:02:43,2026-01-09 13:42:43,2026-01-09 13:53:43,55
9203,9905,83,2026-01-08 21:15:03,2026-01-08 21:47:03,2026-01-08 22:07:03,53
9204,9906,76,2026-01-14 06:41:15,2026-01-14 07:04:15,2026-01-14 07:18:15,40
9205,9907,71,2026-01-11 04:00:21,2026-01-11 04:23:21,2026-01-11 04:40:21,42
9206,9908,111,2026-01-11 02:13:40,2026-01-11 02:36:40,2026-01-11 02:55:40,46
9207,9909,10,2026-01-21 14:05:23,2026-01-21 14:47:23,2026-01-21 15:06:23,64
9208,9910,92,2026-01-13 10:19:11,2026-01-13 10:37:11,2026-01-13 11:06:11,48
9209,9911,84,2026-01-13 13:51:00,2026-01-13 14:21:00,2026-01-13 14:46:00,59
9210,9912,13,2026-01-08 03:57:09,2026-01-08 04:17:09,2026-01-08 04:37:09,42
9211,9913,49,2026-01-03 08:16:53,2026-01-03 08:41:53,2026-01-03 09:00:53,48
9212,9914,18,2026-01-23 23:51:26,2026-01-24 00:20:26,2026-01-24 00:47:26,58
9213,9915,89,2026-01-27 13:29:56,2026-01-27 14:15:56,2026-01-27 14:31:56,63
9214,9916,47,2026-01-05 12:10:47,2026-01-05 12:50:47,2026-01-05 13:17:47,70
9215,9917,99,2026-01-22 19:56:01,2026-01-22 20:19:01,2026-01-22 20:30:01,35
9216,9918,100,2026-01-09 12:58:09,2026-01-09 13:19:09,2026-01-09 13:32:09,37
9217,9919,106,2026-01-19 19:38:12,2026-01-19 20:01:12,2026-01-19 20:26:12,49
9218,9920,18,2026-01-19 14:46:13,2026-01-19 15:22:13,2026-01-19 15:39:13,56
9219,9921,17,2026-01-21 14:26:44,2026-01-21 14:59:44,2026-01-21 15:22:44,60
9220,9922,98,2026-01-12 14:04:39,2026-01-12 14:38:39,2026-01-12 15:00:39,57
9221,9923,32,2026-01-15 20:25:50,2026-01-15 20:48:50,2026-01-15 21:00:50,39
9222,9924,76,2026-01-16 14:26:31,2026-01-16 14:58:31,2026-01-16 15:22:31,58
9223,9926,31,2026-01-03 14:10:53,2026-01-03 14:40:53,2026-01-03 15:09:53,63
9224,9927,45,2026-01-17 15:23:15,2026-01-17 15:40:15,2026-01-17 16:06:15,44
9225,9928,99,2026-01-26 12:18:09,2026-01-26 12:40:09,2026-01-26 12:57:09,41
9226,9929,16,2026-01-05 21:14:30,2026-01-05 21:49:30,2026-01-05 22:12:30,60
9227,9930,39,2026-01-27 22:00:01,2026-01-27 22:27:01,2026-01-27 22:49:01,50
9228,9931,63,2026-01-26 20:10:13,2026-01-26 20:46:13,2026-01-26 20:59:13,51
9229,9932,111,2026-01-25 02:50:32,2026-01-25 03:07:32,2026-01-25 03:18:32,31
9230,9933,64,2026-01-30 20:51:10,2026-01-30 21:30:10,2026-01-30 21:51:10,63
9231,9934,83,2026-01-23 17:05:14,2026-01-23 17:30:14,2026-01-23 17:46:14,45
9232,9935,53,2026-01-11 00:04:27,2026-01-11 00:24:27,2026-01-11 00:40:27,37
9233,9936,73,2026-01-13 11:18:47,2026-01-13 11:45:47,2026-01-13 11:59:47,42
9234,9937,115,2026-01-12 09:43:44,2026-01-12 10:02:44,2026-01-12 10:18:44,36
9235,9938,64,2026-01-29 12:42:06,2026-01-29 13:06:06,2026-01-29 13:19:06,40
9236,9939,75,2026-01-01 12:08:40,2026-01-01 12:39:40,2026-01-01 12:57:40,53
9237,9940,44,2026-01-31 12:07:25,2026-01-31 12:34:25,2026-01-31 12:51:25,47
9238,9941,28,2026-01-28 09:59:39,2026-01-28 10:20:39,2026-01-28 10:48:39,50
9239,9942,68,2026-01-20 22:01:20,2026-01-20 22:41:20,2026-01-20 23:08:20,68
9240,9943,14,2026-01-23 21:17:29,2026-01-23 21:51:29,2026-01-23 22:22:29,67
9241,9944,3,2026-01-27 14:21:43,2026-01-27 14:53:43,2026-01-27 15:11:43,54
9242,9945,50,2026-01-20 21:17:05,2026-01-20 21:46:05,2026-01-20 22:12:05,57
9243,9946,103,2026-01-10 15:01:10,2026-01-10 15:29:10,2026-01-10 15:52:10,54
9244,9947,19,2026-01-07 20:17:09,2026-01-07 20:43:09,2026-01-07 21:06:09,53
9245,9948,61,2026-01-25 09:57:23,2026-01-25 10:17:23,2026-01-25 10:29:23,34
9246,9949,84,2026-01-11 12:38:52,2026-01-11 13:04:52,2026-01-11 13:20:52,44
9247,9950,14,2026-01-25 05:08:20,2026-01-25 05:29:20,2026-01-25 05:46:20,41
9248,9951,92,2026-01-27 22:47:52,2026-01-27 23:10:52,2026-01-27 23:33:52,48
9249,9952,120,2026-01-30 22:27:00,2026-01-30 23:03:00,2026-01-30 23:22:00,57
9250,9953,84,2026-01-26 02:37:41,2026-01-26 02:49:41,2026-01-26 03:00:41,24
9251,9954,92,2026-01-09 11:32:12,2026-01-09 12:01:12,2026-01-09 12:18:12,47
9252,9955,41,2026-01-22 13:11:12,2026-01-22 13:37:12,2026-01-22 13:51:12,42
9253,9956,80,2026-01-01 13:15:41,2026-01-01 13:45:41,2026-01-01 14:06:41,54
9254,9957,105,2026-01-27 12:54:59,2026-01-27 13:24:59,2026-01-27 13:50:59,57
9255,9958,110,2026-01-10 10:50:49,2026-01-10 11:11:49,2026-01-10 11:35:49,48
9256,9959,38,2026-01-18 12:24:52,2026-01-18 12:41:52,2026-01-18 13:01:52,41
9257,9960,11,2026-01-23 19:44:58,2026-01-23 20:20:58,2026-01-23 20:39:58,56
9258,9963,87,2026-01-14 23:46:12,2026-01-15 00:12:12,2026-01-15 00:34:12,49
9259,9966,40,2026-01-18 06:33:10,2026-01-18 06:53:10,2026-01-18 07:12:10,42
9260,9967,118,2026-01-31 07:57:38,2026-01-31 08:26:38,2026-01-31 08:42:38,49
9261,9968,110,2026-01-07 14:17:18,2026-01-07 14:45:18,2026-01-07 15:10:18,55
9262,9969,93,2026-01-23 20:40:16,2026-01-23 21:01:16,2026-01-23 21:15:16,38
9263,9970,87,2026-01-06 15:47:07,2026-01-06 16:04:07,2026-01-06 16:28:07,45
9264,9971,56,2026-01-31 13:30:07,2026-01-31 13:59:07,2026-01-31 14:20:07,51
9265,9972,57,2026-01-30 07:31:20,2026-01-30 07:49:20,2026-01-30 08:07:20,40
9266,9973,48,2026-01-30 14:01:46,2026-01-30 14:34:46,2026-01-30 14:49:46,51
9267,9974,74,2026-01-27 21:57:59,2026-01-27 22:23:59,2026-01-27 22:45:59,51
9268,9975,31,2026-01-11 12:12:32,2026-01-11 12:40:32,2026-01-11 12:59:32,51
9269,9976,84,2026-01-25 14:58:14,2026-01-25 15:28:14,2026-01-25 15:50:14,55
9270,9977,120,2026-01-18 20:09:14,2026-01-18 20:46:14,2026-01-18 21:05:14,60
9271,9978,78,2026-01-24 18:46:11,2026-01-24 19:08:11,2026-01-24 19:25:11,43
9272,9979,34,2026-01-09 14:08:16,2026-01-09 14:27:16,2026-01-09 14:47:16,41
9273,9980,44,2026-01-27 07:20:28,2026-01-27 07:47:28,2026-01-27 08:13:28,57
9274,9981,32,2026-01-18 13:48:16,2026-01-18 14:11:16,2026-01-18 14:44:16,57
9275,9982,14,2026-01-29 21:07:25,2026-01-29 21:41:25,2026-01-29 22:06:25,62
9276,9983,71,2026-01-23 21:08:08,2026-01-23 21:42:08,2026-01-23 22:06:08,61
9277,9984,55,2026-01-09 21:04:49,2026-01-09 21:33:49,2026-01-09 22:06:49,66
9278,9985,54,2026-01-05 07:52:35,2026-01-05 08:30:35,2026-01-05 08:52:35,61
9279,9986,7,2026-01-09 07:36:32,2026-01-09 07:58:32,2026-01-09 08:19:32,44
9280,9987,14,2026-01-05 21:47:30,2026-01-05 22:22:30,2026-01-05 22:44:30,59
9281,9988,24,2026-01-06 13:52:07,2026-01-06 14:30:07,2026-01-06 14:48:07,58
9282,9989,3,2026-01-15 20:51:35,2026-01-15 21:19:35,2026-01-15 21:45:35,55
9283,9990,36,2026-01-23 19:15:10,2026-01-23 19:38:10,2026-01-23 19:55:10,42
9284,9991,100,2026-01-16 19:28:33,2026-01-16 19:53:33,2026-01-16 20:12:33,48
9285,9992,19,2026-01-18 13:32:43,2026-01-18 14:01:43,2026-01-18 14:33:43,63
9286,9993,98,2026-01-04 16:58:16,2026-01-04 17:20:16,2026-01-04 17:35:16,41
9287,9994,78,2026-01-26 14:09:28,2026-01-26 14:39:28,2026-01-26 15:03:28,57
9288,9995,68,2026-01-30 23:57:10,2026-01-31 00:15:10,2026-01-31 00:39:10,43
9289,9996,7,2026-01-19 12:46:21,2026-01-19 13:19:21,2026-01-19 13:34:21,51
9290,9997,6,2026-01-06 13:36:13,2026-01-06 14:14:13,2026-01-06 14:42:13,68
9291,9998,60,2026-01-06 18:44:44,2026-01-06 19:08:44,2026-01-06 19:26:44,45
9292,9999,72,2026-01-24 23:18:32,2026-01-24 23:40:32,2026-01-24 23:59:32,42
9293,10000,53,2026-01-18 07:20:16,2026-01-18 07:41:16,2026-01-18 08:08:16,50
