order_id,created_at,order_value,items_count,estimated_prep_time,estimated_delivery_time,customer_lat,customer_lon,order_status,restaurant_id,weather_level,traffic_level
1,2026-01-17 12:31:24,80.13,6,17,21,43.275816,-2.914033,DELIVERED,39,RAIN,MEDIUM
2,2026-01-05 12:24:54,60.95,6,20,22,43.274594,-2.953613,DELIVERED,26,CLEAR,MEDIUM
3,2026-01-09 23:42:54,60.08,4,22,16,43.229625,-2.950303,DELIVERED,48,CLEAR,MEDIUM
4,2026-01-24 19:54:54,70.73,5,14,14,43.247773,-2.899567,DELIVERED,1,CLEAR,LOW
5,2026-01-31 13:21:26,34.68,2,24,37,43.279074,-2.965174,DELIVERED,10,RAIN,HIGH
6,2026-01-03 22:10:24,13.69,1,27,18,43.215653,-2.945063,DELIVERED,48,WIND,MEDIUM
7,2026-01-23 00:59:05,33.29,3,9,26,43.214899,-2.96078,DELIVERED,15,RAIN,MEDIUM
8,2026-01-15 22:23:37,27.43,3,18,28,43.208044,-2.985615,DELIVERED,37,CLEAR,HIGH
9,2026-01-13 03:41:59,65.61,6,14,32,43.275627,-2.938245,CANCELLED,15,RAIN,MEDIUM
10,2026-01-27 16:54:32,58.18,3,25,18,43.200115,-2.89437,DELIVERED,6,CLEAR,LOW
11,2026-01-03 12:07:55,39.59,2,19,13,43.231075,-2.988496,DELIVERED,36,WIND,LOW
12,2026-01-25 15:33:26,44.64,3,19,27,43.234512,-2.929289,DELIVERED,1,RAIN,MEDIUM
13,2026-01-12 14:13:43,43.64,4,23,27,43.265202,-2.973268,DELIVERED,15,CLEAR,HIGH
14,2026-01-22 08:59:38,13.24,1,11,18,43.226502,-2.921441,DELIVERED,30,RAIN,LOW
15,2026-01-26 21:42:54,58.98,6,17,30,43.274677,-2.942263,DELIVERED,21,RAIN,HIGH
16,2026-01-05 21:05:57,40.37,3,25,23,43.241205,-2.915002,DELIVERED,45,WIND,MEDIUM
17,2026-01-07 22:44:39,35.19,3,21,30,43.244173,-2.951988,DELIVERED,41,CLEAR,HIGH
18,2026-01-15 15:59:50,56.87,4,19,14,43.283004,-2.946461,CANCELLED,25,CLEAR,LOW
19,2026-01-02 14:52:20,23.98,2,19,16,43.291349,-2.898648,DELIVERED,47,CLEAR,MEDIUM
20,2026-01-20 03:42:45,15.38,1,18,20,43.223382,-2.987247,DELIVERED,35,CLEAR,MEDIUM
21,2026-01-06 15:56:14,35.88,3,18,17,43.267049,-2.908255,DELIVERED,3,WIND,LOW
22,2026-01-30 21:17:12,19.56,1,36,15,43.297784,-2.950546,DELIVERED,18,CLEAR,MEDIUM
23,2026-01-23 01:47:02,82.4,6,23,20,43.220521,-2.89872,DELIVERED,14,CLEAR,HIGH
24,2026-01-29 22:22:08,34.88,2,28,18,43.278843,-2.925226,DELIVERED,10,CLEAR,HIGH
25,2026-01-26 12:56:02,50.75,4,18,18,43.261511,-2.910003,DELIVERED,5,CLEAR,LOW
26,2026-01-22 12:47:15,54.2,3,24,19,43.232519,-2.880591,DELIVERED,6,CLEAR,LOW
27,2026-01-21 21:13:06,16.15,1,26,30,43.282742,-2.94614,DELIVERED,45,RAIN,HIGH
28,2026-01-24 00:33:43,18.98,1,20,20,43.256159,-2.953739,DELIVERED,6,CLEAR,MEDIUM
29,2026-01-28 00:38:55,57.62,6,9,15,43.218141,-2.974242,DELIVERED,43,CLEAR,LOW
30,2026-01-18 23:08:35,44.24,5,19,21,43.22721,-2.917187,DELIVERED,21,CLEAR,MEDIUM
31,2026-01-25 20:55:36,19.89,1,26,16,43.298445,-2.983974,DELIVERED,28,CLEAR,MEDIUM
32,2026-01-21 21:44:58,74.67,5,31,24,43.245975,-2.981435,DELIVERED,25,RAIN,HIGH
33,2026-01-20 15:53:48,22.66,2,15,20,43.258887,-2.932364,DELIVERED,21,RAIN,MEDIUM
34,2026-01-09 03:53:19,14.21,1,13,20,43.223627,-2.973891,DELIVERED,41,CLEAR,LOW
35,2026-01-04 15:47:34,58.08,6,10,24,43.262722,-2.973395,DELIVERED,50,CLEAR,MEDIUM
36,2026-01-29 17:03:14,16.46,1,31,14,43.286425,-2.895918,DELIVERED,33,CLEAR,LOW
37,2026-01-02 23:47:41,56.01,6,8,19,43.283738,-2.881938,DELIVERED,37,CLEAR,MEDIUM
38,2026-01-02 21:36:13,48.91,4,31,28,43.259789,-2.903185,DELIVERED,29,CLEAR,HIGH
39,2026-01-17 04:23:41,21.25,2,12,19,43.2938,-2.955946,DELIVERED,43,WIND,LOW
40,2026-01-26 13:17:33,36.47,4,16,20,43.213757,-2.981512,DELIVERED,43,CLEAR,MEDIUM
41,2026-01-26 13:27:13,59.3,5,34,23,43.267636,-2.963872,DELIVERED,22,CLEAR,HIGH
42,2026-01-12 14:39:05,23.88,2,22,26,43.296627,-2.900142,DELIVERED,31,CLEAR,HIGH
43,2026-01-14 20:07:20,43.65,3,15,13,43.288463,-2.887648,DELIVERED,11,CLEAR,LOW
44,2026-01-04 23:04:38,39.2,3,29,17,43.282976,-2.913432,DELIVERED,2,WIND,MEDIUM
45,2026-01-30 20:55:57,20.39,1,24,24,43.22881,-2.956873,DELIVERED,6,CLEAR,MEDIUM
46,2026-01-28 21:58:43,53.92,3,27,31,43.297465,-2.982555,CANCELLED,10,CLEAR,HIGH
47,2026-01-31 11:58:20,78.82,6,18,25,43.268468,-2.88211,DELIVERED,38,RAIN,LOW
48,2026-01-07 13:06:52,40.33,4,15,19,43.254303,-2.962135,DELIVERED,50,CLEAR,MEDIUM
49,2026-01-18 20:46:24,60.71,6,17,28,43.292431,-2.93288,DELIVERED,26,CLEAR,HIGH
50,2026-01-21 21:41:37,70.62,5,32,22,43.244391,-2.940816,DELIVERED,12,CLEAR,MEDIUM
51,2026-01-03 18:49:37,43.44,4,11,17,43.206723,-2.904363,CANCELLED,41,CLEAR,MEDIUM
52,2026-01-02 13:43:53,44.1,4,19,31,43.227869,-2.884343,DELIVERED,44,WIND,HIGH
53,2026-01-28 06:23:46,29.9,3,12,22,43.285283,-2.940275,DELIVERED,50,RAIN,LOW
54,2026-01-31 22:58:27,64.34,5,28,18,43.236891,-2.901597,DELIVERED,24,CLEAR,HIGH
55,2026-01-04 13:55:32,56.14,6,19,21,43.286821,-2.898547,DELIVERED,21,CLEAR,HIGH
56,2026-01-11 22:41:30,39.08,3,29,24,43.250257,-2.97145,DELIVERED,34,RAIN,MEDIUM
57,2026-01-28 08:39:45,14.61,1,28,18,43.203029,-2.89221,DELIVERED,2,CLEAR,MEDIUM
58,2026-01-04 13:01:11,52.72,4,24,26,43.234537,-2.946141,DELIVERED,11,CLEAR,HIGH
59,2026-01-06 22:44:54,19.07,2,24,16,43.293375,-2.910676,DELIVERED,16,CLEAR,MEDIUM
60,2026-01-18 03:09:09,43.38,4,18,20,43.243093,-2.89293,DELIVERED,19,CLEAR,MEDIUM
61,2026-01-20 10:42:41,37.09,2,22,18,43.298909,-2.915156,DELIVERED,36,CLEAR,LOW
62,2026-01-03 04:46:56,38.19,3,18,18,43.231853,-2.946775,DELIVERED,46,RAIN,LOW
63,2026-01-31 13:08:29,31.21,3,22,25,43.262903,-2.921829,DELIVERED,31,WIND,HIGH
64,2026-01-12 18:10:46,13.35,1,18,13,43.277497,-2.888743,DELIVERED,45,CLEAR,LOW
65,2026-01-17 14:50:23,60.11,6,19,21,43.222487,-2.88298,DELIVERED,44,CLEAR,HIGH
66,2026-01-17 22:23:06,32.35,3,23,20,43.295531,-2.981307,CANCELLED,47,CLEAR,HIGH
67,2026-01-30 21:18:56,17.81,2,15,20,43.24724,-2.915069,DELIVERED,16,CLEAR,HIGH
68,2026-01-14 22:39:53,15.59,1,20,20,43.203634,-2.898018,DELIVERED,42,WIND,MEDIUM
69,2026-01-30 06:17:35,38.19,3,24,23,43.280881,-2.953625,DELIVERED,22,CLEAR,MEDIUM
70,2026-01-10 00:56:15,35.4,3,29,25,43.251528,-2.980459,DELIVERED,22,CLEAR,MEDIUM
71,2026-01-28 19:27:01,37.95,3,15,12,43.250252,-2.891537,DELIVERED,42,CLEAR,LOW
72,2026-01-06 10:43:57,89.32,5,25,18,43.26803,-2.911139,DELIVERED,36,CLEAR,LOW
73,2026-01-25 21:58:37,9.47,1,17,26,43.22179,-2.981967,CANCELLED,37,CLEAR,HIGH
74,2026-01-23 22:00:10,31.83,2,24,31,43.290677,-2.948679,DELIVERED,27,RAIN,HIGH
75,2026-01-08 12:43:46,12.92,1,12,16,43.259394,-2.940891,DELIVERED,47,CLEAR,MEDIUM
76,2026-01-20 12:40:23,23.12,2,16,25,43.267253,-2.954727,DELIVERED,35,RAIN,MEDIUM
77,2026-01-14 08:34:39,79.42,6,19,19,43.231873,-2.944204,DELIVERED,38,WIND,MEDIUM
78,2026-01-11 22:32:43,28.5,2,22,29,43.264671,-2.888555,DELIVERED,46,RAIN,HIGH
79,2026-01-10 05:55:37,82.58,6,23,19,43.255885,-2.937267,DELIVERED,25,CLEAR,LOW
80,2026-01-26 21:44:50,31.73,3,26,22,43.241393,-2.928122,DELIVERED,20,CLEAR,HIGH
81,2026-01-10 12:34:47,73.24,5,22,21,43.248862,-2.910409,DELIVERED,25,RAIN,LOW
82,2026-01-31 14:49:14,26.99,2,28,29,43.253221,-2.944753,CANCELLED,46,CLEAR,HIGH
83,2026-01-09 16:51:39,47.21,5,16,15,43.23969,-2.948964,DELIVERED,7,CLEAR,LOW
84,2026-01-11 23:08:33,106.25,6,22,26,43.200945,-2.971148,DELIVERED,6,WIND,MEDIUM
85,2026-01-16 06:24:04,74.57,5,21,17,43.25667,-2.896561,DELIVERED,14,CLEAR,MEDIUM
86,2026-01-17 18:57:19,40.15,2,25,22,43.227333,-2.880816,CANCELLED,28,RAIN,LOW
87,2026-01-04 13:38:29,75.92,4,29,21,43.244474,-2.906252,DELIVERED,10,RAIN,HIGH
88,2026-01-21 22:07:39,90.83,5,27,18,43.23878,-2.980683,DELIVERED,36,CLEAR,MEDIUM
89,2026-01-24 22:31:51,56.26,4,24,18,43.219555,-2.978233,DELIVERED,11,CLEAR,MEDIUM
90,2026-01-16 23:56:38,108.57,6,26,18,43.296457,-2.88344,DELIVERED,28,WIND,LOW
91,2026-01-27 16:54:43,44.38,4,18,16,43.213918,-2.956688,DELIVERED,47,WIND,LOW
92,2026-01-04 14:10:32,57.39,4,31,24,43.235953,-2.891495,DELIVERED,39,CLEAR,HIGH
93,2026-01-30 17:49:17,78.65,6,19,22,43.225874,-2.933826,CANCELLED,42,CLEAR,HIGH
94,2026-01-29 13:45:25,54.36,3,23,24,43.278427,-2.932677,DELIVERED,10,WIND,HIGH
95,2026-01-22 23:08:21,14.79,1,15,16,43.274049,-2.933241,DELIVERED,20,RAIN,LOW
96,2026-01-21 23:28:23,71.44,5,18,18,43.270376,-2.902439,DELIVERED,48,RAIN,LOW
97,2026-01-06 12:46:01,71.11,5,19,21,43.284552,-2.92209,DELIVERED,32,WIND,LOW
98,2026-01-07 12:03:37,26.13,3,14,16,43.257481,-2.943466,DELIVERED,16,CLEAR,LOW
99,2026-01-22 21:27:15,19.07,1,42,21,43.283989,-2.936243,DELIVERED,23,CLEAR,MEDIUM
100,2026-01-21 15:20:28,27.6,2,15,20,43.211739,-2.900692,DELIVERED,42,CLEAR,HIGH
101,2026-01-03 21:09:24,41.83,3,23,23,43.251441,-2.890983,DELIVERED,35,CLEAR,MEDIUM
102,2026-01-22 22:36:30,12.56,1,19,25,43.286891,-2.896812,DELIVERED,50,CLEAR,HIGH
103,2026-01-26 22:38:58,36.27,2,30,24,43.289415,-2.906152,DELIVERED,28,CLEAR,MEDIUM
104,2026-01-23 07:27:05,53.42,4,20,23,43.287442,-2.893575,DELIVERED,11,CLEAR,HIGH
105,2026-01-09 00:51:02,31.43,3,11,18,43.21327,-2.965119,DELIVERED,41,RAIN,MEDIUM
106,2026-01-24 04:33:40,14.51,1,19,19,43.275316,-2.975354,DELIVERED,25,RAIN,LOW
107,2026-01-08 23:12:34,21.29,2,17,17,43.208669,-2.978949,DELIVERED,47,CLEAR,LOW
108,2026-01-15 15:26:49,68.17,5,22,13,43.211274,-2.935046,DELIVERED,39,CLEAR,LOW
109,2026-01-28 14:12:40,77.9,6,17,25,43.221574,-2.888516,CANCELLED,35,CLEAR,HIGH
110,2026-01-21 13:30:03,108.22,6,25,25,43.215538,-2.954057,DELIVERED,6,CLEAR,HIGH
111,2026-01-12 14:01:57,70.44,4,29,17,43.27015,-2.971978,DELIVERED,6,CLEAR,HIGH
112,2026-01-13 14:02:40,113.09,6,36,26,43.226295,-2.882744,DELIVERED,9,RAIN,MEDIUM
113,2026-01-18 11:34:29,16.82,2,12,20,43.22284,-2.934029,DELIVERED,37,CLEAR,LOW
114,2026-01-23 21:38:44,38.42,2,33,24,43.272029,-2.960162,DELIVERED,10,WIND,HIGH
115,2026-01-03 13:22:03,13.72,1,27,22,43.220067,-2.927981,CANCELLED,34,WIND,MEDIUM
116,2026-01-12 21:35:36,17.72,1,18,15,43.272722,-2.978566,DELIVERED,27,CLEAR,MEDIUM
117,2026-01-07 21:52:37,20.16,1,32,30,43.250543,-2.919906,DELIVERED,6,WIND,HIGH
118,2026-01-16 20:06:38,40.24,2,31,11,43.216437,-2.938734,DELIVERED,18,CLEAR,LOW
119,2026-01-06 19:42:33,28.32,3,16,22,43.29684,-2.946413,DELIVERED,44,RAIN,MEDIUM
120,2026-01-09 10:34:14,38.76,4,16,14,43.283037,-2.881918,CANCELLED,26,CLEAR,MEDIUM
121,2026-01-04 15:21:59,23.03,2,21,17,43.246099,-2.971521,CANCELLED,5,WIND,LOW
122,2026-01-19 13:54:43,42.24,3,27,22,43.249889,-2.892894,DELIVERED,12,CLEAR,MEDIUM
123,2026-01-19 14:14:42,87.05,6,25,34,43.278144,-2.952156,DELIVERED,13,RAIN,HIGH
124,2026-01-11 15:10:37,29.24,3,13,26,43.210013,-2.917745,DELIVERED,50,CLEAR,HIGH
125,2026-01-19 20:32:42,31.9,2,25,19,43.270056,-2.885769,CANCELLED,12,CLEAR,LOW
126,2026-01-24 19:23:59,21.82,2,18,19,43.213049,-2.911137,DELIVERED,4,CLEAR,LOW
127,2026-01-04 12:30:19,36.58,4,8,16,43.296066,-2.91859,DELIVERED,43,CLEAR,LOW
128,2026-01-09 12:17:58,58.01,6,17,19,43.299428,-2.88383,DELIVERED,47,CLEAR,LOW
129,2026-01-28 10:54:49,28.77,2,18,12,43.296308,-2.899617,DELIVERED,32,CLEAR,LOW
130,2026-01-19 05:18:41,44.3,5,12,14,43.226113,-2.97848,CANCELLED,31,CLEAR,MEDIUM
131,2026-01-05 12:28:29,51.23,4,17,21,43.233109,-2.882816,DELIVERED,40,RAIN,LOW
132,2026-01-14 15:59:53,10.93,1,10,15,43.208763,-2.899371,CANCELLED,7,CLEAR,LOW
133,2026-01-13 20:45:09,48.96,4,17,14,43.22634,-2.897921,DELIVERED,35,CLEAR,MEDIUM
134,2026-01-05 16:40:00,89.82,5,28,21,43.268707,-2.887,DELIVERED,23,CLEAR,MEDIUM
135,2026-01-21 13:16:03,39.18,4,21,26,43.206701,-2.947309,DELIVERED,44,CLEAR,HIGH
136,2026-01-21 08:51:44,41.72,2,19,13,43.286748,-2.893185,DELIVERED,10,CLEAR,MEDIUM
137,2026-01-24 13:44:50,11.95,1,26,19,43.233149,-2.963866,DELIVERED,31,CLEAR,HIGH
138,2026-01-16 13:50:19,64.69,5,25,21,43.251527,-2.972513,DELIVERED,27,CLEAR,MEDIUM
139,2026-01-13 02:40:38,34.59,3,20,20,43.224194,-2.936233,DELIVERED,4,RAIN,LOW
140,2026-01-13 13:21:38,11.3,1,25,24,43.220673,-2.918325,DELIVERED,45,CLEAR,HIGH
141,2026-01-11 20:42:39,61.39,6,13,24,43.230215,-2.93273,DELIVERED,20,WIND,MEDIUM
142,2026-01-24 09:15:57,111.25,6,32,14,43.251729,-2.963567,DELIVERED,18,CLEAR,LOW
143,2026-01-13 13:21:04,39.24,2,28,28,43.288684,-2.949115,DELIVERED,36,WIND,HIGH
144,2026-01-23 20:12:53,51.78,5,12,20,43.238167,-2.957181,DELIVERED,41,CLEAR,MEDIUM
145,2026-01-17 15:14:21,35.44,4,8,21,43.217682,-2.920205,DELIVERED,37,CLEAR,MEDIUM
146,2026-01-20 13:59:14,39.85,4,20,25,43.200412,-2.909304,CANCELLED,31,CLEAR,HIGH
147,2026-01-05 23:39:49,39.39,3,18,21,43.268678,-2.975283,DELIVERED,38,CLEAR,MEDIUM
148,2026-01-20 13:59:07,58.18,6,17,17,43.264032,-2.905163,DELIVERED,15,WIND,MEDIUM
149,2026-01-01 23:00:02,52.02,4,16,12,43.268574,-2.988976,DELIVERED,8,CLEAR,LOW
150,2026-01-30 23:40:13,17.22,1,17,21,43.240976,-2.972359,DELIVERED,8,CLEAR,MEDIUM
151,2026-01-01 03:11:24,17.19,1,19,24,43.264434,-2.939757,DELIVERED,6,RAIN,MEDIUM
152,2026-01-06 15:02:04,12.18,1,10,15,43.295509,-2.960486,DELIVERED,49,CLEAR,LOW
153,2026-01-09 21:03:29,44.81,4,31,32,43.213251,-2.910095,DELIVERED,26,CLEAR,HIGH
154,2026-01-28 14:52:01,68.23,5,33,26,43.241128,-2.984943,DELIVERED,12,CLEAR,HIGH
155,2026-01-31 00:18:02,57.41,6,10,12,43.255834,-2.881343,DELIVERED,43,CLEAR,LOW
156,2026-01-08 14:50:01,37.93,4,21,24,43.264332,-2.94564,DELIVERED,31,RAIN,MEDIUM
157,2026-01-01 20:42:09,11.73,1,14,19,43.289011,-2.928143,DELIVERED,27,CLEAR,LOW
158,2026-01-06 12:50:48,21.07,2,13,14,43.237389,-2.978305,DELIVERED,43,CLEAR,LOW
159,2026-01-20 20:45:54,25.14,2,16,24,43.275715,-2.984885,DELIVERED,40,CLEAR,HIGH
160,2026-01-09 14:27:20,87.26,6,35,30,43.291591,-2.906139,DELIVERED,12,RAIN,MEDIUM
161,2026-01-25 20:51:59,65.48,5,20,21,43.229058,-2.952018,DELIVERED,45,RAIN,MEDIUM
162,2026-01-31 22:00:57,44.54,3,25,31,43.25339,-2.893478,DELIVERED,8,CLEAR,HIGH
163,2026-01-03 13:49:30,42.29,3,23,19,43.203231,-2.900457,DELIVERED,13,RAIN,MEDIUM
164,2026-01-03 14:41:02,30.96,2,24,31,43.236774,-2.925278,DELIVERED,17,CLEAR,HIGH
165,2026-01-04 14:45:45,85.43,6,34,19,43.225502,-2.953638,DELIVERED,12,CLEAR,HIGH
166,2026-01-15 14:52:14,45.54,5,14,24,43.215937,-2.930261,DELIVERED,37,CLEAR,HIGH
167,2026-01-01 10:15:25,77.35,4,29,14,43.279621,-2.977529,DELIVERED,23,CLEAR,MEDIUM
168,2026-01-31 10:25:47,55.39,6,7,22,43.215375,-2.939485,DELIVERED,43,RAIN,MEDIUM
169,2026-01-03 15:13:36,70.29,5,15,21,43.243303,-2.988142,DELIVERED,17,CLEAR,MEDIUM
170,2026-01-31 00:25:45,70.86,5,22,15,43.230135,-2.980484,DELIVERED,48,CLEAR,MEDIUM
171,2026-01-26 21:32:05,56.36,4,28,31,43.201115,-2.893776,DELIVERED,48,RAIN,HIGH
172,2026-01-25 21:10:01,26.92,2,31,23,43.207314,-2.916115,DELIVERED,12,CLEAR,MEDIUM
173,2026-01-12 09:15:02,13.61,1,17,24,43.215239,-2.927645,DELIVERED,40,WIND,LOW
174,2026-01-30 10:46:20,39.87,2,32,15,43.284959,-2.920521,DELIVERED,18,RAIN,LOW
175,2026-01-29 14:56:04,21.17,2,23,27,43.280654,-2.922456,DELIVERED,19,CLEAR,HIGH
176,2026-01-02 23:05:33,26.34,2,17,18,43.236125,-2.938336,DELIVERED,32,CLEAR,LOW
177,2026-01-16 17:34:12,72.11,6,22,29,43.23653,-2.918133,DELIVERED,34,RAIN,MEDIUM
178,2026-01-12 03:57:31,39.9,3,18,11,43.241461,-2.953675,DELIVERED,42,CLEAR,LOW
179,2026-01-20 22:43:56,27.04,2,19,13,43.218004,-2.884594,DELIVERED,3,CLEAR,MEDIUM
180,2026-01-11 12:20:58,38.81,4,18,22,43.25108,-2.971551,DELIVERED,31,CLEAR,MEDIUM
181,2026-01-09 14:42:42,62.03,5,17,28,43.260347,-2.898973,DELIVERED,40,CLEAR,HIGH
182,2026-01-19 12:10:21,84.04,6,24,13,43.208382,-2.924188,DELIVERED,48,CLEAR,LOW
183,2026-01-15 21:16:36,58.91,6,13,20,43.250834,-2.903531,DELIVERED,50,CLEAR,MEDIUM
184,2026-01-19 00:03:15,74.91,6,18,25,43.205746,-2.904903,DELIVERED,3,CLEAR,HIGH
185,2026-01-01 12:28:42,47.8,5,11,13,43.267402,-2.950429,DELIVERED,43,CLEAR,LOW
186,2026-01-17 21:33:37,41.44,2,34,17,43.210646,-2.982038,DELIVERED,18,CLEAR,MEDIUM
187,2026-01-28 21:47:59,52.06,4,36,29,43.286202,-2.936983,DELIVERED,29,CLEAR,HIGH
188,2026-01-05 12:21:49,43.81,3,20,23,43.294712,-2.914858,DELIVERED,48,CLEAR,HIGH
189,2026-01-13 21:13:10,32.23,2,20,38,43.276424,-2.930438,DELIVERED,13,RAIN,HIGH
190,2026-01-07 05:25:02,72.78,4,27,23,43.212037,-2.932997,DELIVERED,28,WIND,LOW
191,2026-01-05 21:22:47,36.16,3,25,18,43.221053,-2.912922,DELIVERED,40,CLEAR,MEDIUM
192,2026-01-14 13:47:31,22.51,2,20,28,43.219606,-2.901996,DELIVERED,37,WIND,HIGH
193,2026-01-09 13:45:44,112.28,6,36,30,43.23984,-2.91404,DELIVERED,9,CLEAR,HIGH
194,2026-01-13 12:15:34,15.84,1,14,22,43.228461,-2.95424,DELIVERED,27,CLEAR,MEDIUM
195,2026-01-14 21:49:26,37.37,2,32,17,43.222822,-2.955143,DELIVERED,10,CLEAR,HIGH
196,2026-01-04 21:16:55,11.79,1,19,26,43.208325,-2.96113,DELIVERED,26,CLEAR,HIGH
197,2026-01-19 22:12:13,53.05,6,22,16,43.286037,-2.954228,DELIVERED,16,CLEAR,HIGH
198,2026-01-26 21:54:12,73.53,4,39,21,43.200009,-2.900308,DELIVERED,23,CLEAR,HIGH
199,2026-01-26 23:26:07,60.38,4,20,15,43.218857,-2.892962,DELIVERED,32,CLEAR,MEDIUM
200,2026-01-15 01:24:10,51.94,5,12,13,43.253497,-2.969547,CANCELLED,30,CLEAR,MEDIUM
201,2026-01-12 07:14:38,60.29,4,17,15,43.279142,-2.953673,DELIVERED,1,CLEAR,LOW
202,2026-01-20 01:12:16,22.54,2,18,12,43.271468,-2.947672,DELIVERED,31,CLEAR,MEDIUM
203,2026-01-05 13:28:18,61.49,4,25,28,43.248123,-2.957131,DELIVERED,14,CLEAR,HIGH
204,2026-01-16 18:05:08,88.07,5,27,24,43.215499,-2.905212,DELIVERED,18,CLEAR,MEDIUM
205,2026-01-31 08:19:55,106.86,6,31,13,43.255835,-2.919089,DELIVERED,23,CLEAR,LOW
206,2026-01-24 13:25:04,56.53,3,31,26,43.286766,-2.924145,DELIVERED,36,CLEAR,HIGH
207,2026-01-23 01:02:25,48.15,5,17,15,43.223879,-2.91069,DELIVERED,41,CLEAR,LOW
208,2026-01-16 15:51:22,7.35,1,14,14,43.248537,-2.979137,DELIVERED,21,CLEAR,MEDIUM
209,2026-01-13 10:11:24,55.37,5,13,21,43.263892,-2.950298,DELIVERED,15,RAIN,LOW
210,2026-01-13 21:41:51,9.73,1,20,22,43.219312,-2.917744,DELIVERED,47,RAIN,MEDIUM
211,2026-01-28 23:44:43,59.33,6,11,23,43.265753,-2.931271,DELIVERED,30,CLEAR,MEDIUM
212,2026-01-22 23:05:17,12.77,1,20,24,43.222189,-2.895871,DELIVERED,26,RAIN,HIGH
213,2026-01-27 21:03:51,45.85,5,16,18,43.281107,-2.97989,DELIVERED,37,CLEAR,MEDIUM
214,2026-01-15 13:59:00,40.17,4,19,18,43.222672,-2.918194,DELIVERED,37,CLEAR,MEDIUM
215,2026-01-19 13:37:46,12.61,1,29,18,43.299737,-2.883186,DELIVERED,34,CLEAR,HIGH
216,2026-01-17 07:39:51,52.68,6,12,16,43.213038,-2.975164,DELIVERED,37,CLEAR,LOW
217,2026-01-21 21:03:46,9.92,1,17,25,43.276968,-2.971382,DELIVERED,37,CLEAR,HIGH
218,2026-01-22 09:10:37,23.83,2,8,11,43.224305,-2.92169,DELIVERED,15,CLEAR,LOW
219,2026-01-23 20:58:35,86.19,6,23,18,43.272992,-2.974452,DELIVERED,14,CLEAR,LOW
220,2026-01-26 13:45:55,15.94,1,25,26,43.266037,-2.917072,CANCELLED,11,CLEAR,HIGH
221,2026-01-26 19:18:46,73.7,5,16,21,43.274439,-2.987979,DELIVERED,13,WIND,MEDIUM
222,2026-01-14 14:26:58,49.06,4,34,19,43.242646,-2.955638,DELIVERED,22,CLEAR,MEDIUM
223,2026-01-16 09:54:35,77.04,6,19,10,43.288013,-2.944456,DELIVERED,35,CLEAR,LOW
224,2026-01-10 02:57:30,14.13,1,27,30,43.268738,-2.950481,DELIVERED,12,RAIN,MEDIUM
225,2026-01-11 23:37:38,8.78,1,13,28,43.29271,-2.881581,CANCELLED,49,WIND,HIGH
226,2026-01-22 22:09:47,27.88,2,27,30,43.20493,-2.95797,DELIVERED,3,CLEAR,HIGH
227,2026-01-14 21:06:52,56.14,3,32,25,43.250066,-2.970225,DELIVERED,28,CLEAR,MEDIUM
228,2026-01-22 21:19:12,55.06,5,17,31,43.212354,-2.977442,DELIVERED,30,RAIN,HIGH
229,2026-01-19 11:26:21,38.2,3,21,15,43.205131,-2.956113,DELIVERED,11,CLEAR,MEDIUM
230,2026-01-10 20:20:21,28.99,3,14,10,43.249347,-2.966144,DELIVERED,49,CLEAR,LOW
231,2026-01-27 13:41:57,49.48,5,19,17,43.283801,-2.957171,DELIVERED,41,RAIN,MEDIUM
232,2026-01-09 15:40:27,52.58,5,20,17,43.236019,-2.986058,DELIVERED,19,CLEAR,MEDIUM
233,2026-01-07 12:45:25,57.57,3,31,10,43.272973,-2.920812,DELIVERED,18,CLEAR,LOW
234,2026-01-14 22:35:50,27.83,3,24,29,43.24925,-2.97021,DELIVERED,21,CLEAR,HIGH
235,2026-01-01 01:50:30,59.66,6,14,25,43.256042,-2.919875,DELIVERED,30,RAIN,MEDIUM
236,2026-01-25 14:20:10,10.17,1,14,15,43.233794,-2.916028,DELIVERED,50,CLEAR,MEDIUM
237,2026-01-01 21:48:30,30.83,3,18,25,43.284241,-2.927192,DELIVERED,44,RAIN,HIGH
238,2026-01-22 13:02:03,46.87,5,25,18,43.209825,-2.88195,DELIVERED,31,CLEAR,MEDIUM
239,2026-01-26 08:34:33,8.7,1,13,12,43.265898,-2.955627,DELIVERED,20,CLEAR,MEDIUM
240,2026-01-14 06:48:36,60.8,5,15,14,43.270435,-2.958841,DELIVERED,40,CLEAR,LOW
241,2026-01-07 07:32:49,11.41,1,11,19,43.262947,-2.914086,DELIVERED,44,CLEAR,LOW
242,2026-01-26 21:33:17,40.42,4,23,16,43.264442,-2.905686,DELIVERED,49,CLEAR,MEDIUM
243,2026-01-30 22:47:22,48.64,4,31,26,43.247533,-2.951342,CANCELLED,24,CLEAR,HIGH
244,2026-01-25 15:48:15,17.34,1,18,22,43.223858,-2.963194,DELIVERED,46,CLEAR,MEDIUM
245,2026-01-17 12:57:38,62.54,5,17,29,43.266261,-2.981432,DELIVERED,45,CLEAR,HIGH
246,2026-01-09 13:15:27,12.77,1,31,24,43.206148,-2.966063,DELIVERED,26,CLEAR,HIGH
247,2026-01-29 06:55:34,70.5,4,29,20,43.235924,-2.895263,DELIVERED,33,RAIN,MEDIUM
248,2026-01-29 15:35:26,56.36,6,18,12,43.218823,-2.947695,DELIVERED,21,CLEAR,LOW
249,2026-01-07 14:11:24,55.56,4,21,34,43.245005,-2.950916,DELIVERED,42,RAIN,HIGH
250,2026-01-28 13:56:32,10.64,1,29,27,43.288992,-2.980271,CANCELLED,24,CLEAR,HIGH
251,2026-01-31 13:11:15,69.47,5,22,23,43.25056,-2.896341,CANCELLED,11,CLEAR,HIGH
252,2026-01-14 15:21:21,18.28,1,17,23,43.226125,-2.912915,DELIVERED,17,RAIN,MEDIUM
253,2026-01-02 14:33:11,40.7,2,34,23,43.2726,-2.971599,DELIVERED,6,CLEAR,HIGH
254,2026-01-06 15:08:35,45.59,4,14,13,43.270561,-2.937795,DELIVERED,30,CLEAR,LOW
255,2026-01-01 13:49:17,51.46,4,24,29,43.284424,-2.922847,DELIVERED,29,CLEAR,HIGH
256,2026-01-04 07:10:11,44.76,5,12,14,43.20237,-2.979886,DELIVERED,7,CLEAR,LOW
257,2026-01-06 19:47:00,29.18,2,22,14,43.225334,-2.938635,DELIVERED,39,CLEAR,MEDIUM
258,2026-01-04 14:12:46,40.07,4,29,21,43.297942,-2.967926,CANCELLED,4,CLEAR,HIGH
259,2026-01-21 22:26:48,11.83,1,17,34,43.201876,-2.935253,DELIVERED,42,WIND,HIGH
260,2026-01-13 22:25:15,53.52,4,36,25,43.278094,-2.903608,DELIVERED,22,CLEAR,HIGH
261,2026-01-17 12:12:06,28.31,3,13,20,43.269588,-2.891389,DELIVERED,30,CLEAR,LOW
262,2026-01-10 08:58:09,28.32,2,18,17,43.283425,-2.940576,DELIVERED,38,CLEAR,LOW
263,2026-01-04 11:55:30,77.34,4,19,13,43.213054,-2.971053,DELIVERED,10,CLEAR,LOW
264,2026-01-06 03:53:05,66.41,5,22,25,43.297585,-2.926644,DELIVERED,39,CLEAR,MEDIUM
265,2026-01-27 20:46:00,49.78,5,15,16,43.201563,-2.936434,DELIVERED,16,CLEAR,LOW
266,2026-01-15 14:55:23,72.24,5,22,21,43.262646,-2.967108,DELIVERED,1,CLEAR,MEDIUM
267,2026-01-03 02:13:59,38.93,3,23,17,43.274042,-2.888265,CANCELLED,24,CLEAR,LOW
268,2026-01-24 13:08:14,24.61,2,24,29,43.209806,-2.908848,DELIVERED,5,RAIN,HIGH
269,2026-01-30 14:02:29,45.06,3,25,22,43.256867,-2.959134,CANCELLED,25,CLEAR,HIGH
270,2026-01-12 23:22:22,95.57,5,25,19,43.204006,-2.938228,DELIVERED,28,CLEAR,HIGH
271,2026-01-12 16:12:58,8.74,1,10,14,43.299895,-2.988248,DELIVERED,49,CLEAR,LOW
272,2026-01-31 17:58:01,12.25,1,13,20,43.26125,-2.926725,DELIVERED,41,CLEAR,MEDIUM
273,2026-01-23 14:10:31,34.54,3,28,20,43.211356,-2.937366,DELIVERED,24,CLEAR,HIGH
274,2026-01-16 13:22:02,88.51,5,39,19,43.25319,-2.899208,DELIVERED,18,CLEAR,MEDIUM
275,2026-01-23 05:27:43,18.87,2,18,22,43.21505,-2.967532,DELIVERED,26,CLEAR,HIGH
276,2026-01-22 13:08:03,40.42,3,37,20,43.278682,-2.936524,DELIVERED,2,CLEAR,MEDIUM
277,2026-01-15 21:05:33,30.16,2,17,23,43.216636,-2.888346,DELIVERED,17,CLEAR,HIGH
278,2026-01-06 16:13:06,44.48,5,17,10,43.297802,-2.973726,DELIVERED,21,CLEAR,LOW
279,2026-01-15 15:20:33,53.58,4,25,18,43.229556,-2.891442,DELIVERED,2,WIND,MEDIUM
280,2026-01-02 22:41:51,22.73,1,30,19,43.264131,-2.925823,CANCELLED,36,CLEAR,HIGH
281,2026-01-22 14:59:46,92.83,5,26,28,43.271596,-2.94296,DELIVERED,6,CLEAR,HIGH
282,2026-01-22 13:33:15,57.76,4,22,24,43.208608,-2.967144,DELIVERED,27,CLEAR,HIGH
283,2026-01-05 07:02:58,33.68,3,17,15,43.238177,-2.929075,DELIVERED,41,CLEAR,MEDIUM
284,2026-01-31 21:38:49,79.94,6,24,22,43.297063,-2.924122,DELIVERED,42,RAIN,HIGH
285,2026-01-28 22:13:50,27.69,2,22,18,43.236116,-2.920013,CANCELLED,17,CLEAR,MEDIUM
286,2026-01-05 14:06:38,69.76,5,28,18,43.258005,-2.899435,DELIVERED,11,CLEAR,MEDIUM
287,2026-01-08 21:56:33,95.18,5,27,21,43.211657,-2.975564,DELIVERED,10,CLEAR,MEDIUM
288,2026-01-18 14:25:22,59.38,5,25,18,43.269424,-2.914315,DELIVERED,29,CLEAR,HIGH
289,2026-01-06 10:09:56,34.86,4,13,28,43.246908,-2.890062,DELIVERED,50,RAIN,LOW
290,2026-01-18 01:33:59,108.78,6,20,33,43.206834,-2.899845,DELIVERED,10,WIND,HIGH
291,2026-01-27 01:47:51,14.81,1,15,29,43.295775,-2.970107,DELIVERED,47,WIND,HIGH
292,2026-01-25 23:08:45,38.09,3,17,15,43.255713,-2.985533,DELIVERED,8,CLEAR,LOW
293,2026-01-22 13:14:45,43.85,3,26,31,43.267416,-2.916069,CANCELLED,27,WIND,HIGH
294,2026-01-05 22:30:53,12.6,1,30,14,43.27252,-2.959363,DELIVERED,11,CLEAR,MEDIUM
295,2026-01-23 01:41:16,51.08,4,12,12,43.202675,-2.970299,DELIVERED,17,CLEAR,MEDIUM
296,2026-01-31 06:07:07,76.34,6,16,26,43.254244,-2.900957,DELIVERED,5,RAIN,MEDIUM
297,2026-01-02 14:17:03,28.45,3,18,27,43.266008,-2.914609,DELIVERED,43,RAIN,MEDIUM
298,2026-01-08 14:06:55,32.94,3,25,21,43.204512,-2.897937,CANCELLED,26,CLEAR,HIGH
299,2026-01-19 11:24:00,53.95,3,29,20,43.208494,-2.914321,DELIVERED,23,CLEAR,LOW
300,2026-01-01 22:57:58,50.12,4,24,21,43.202224,-2.955183,DELIVERED,3,CLEAR,HIGH
301,2026-01-24 16:58:44,24.12,2,12,12,43.236333,-2.942041,DELIVERED,44,CLEAR,LOW
302,2026-01-13 20:55:41,41.66,4,13,29,43.206727,-2.90187,DELIVERED,37,RAIN,MEDIUM
303,2026-01-15 13:25:09,39.0,3,22,21,43.286271,-2.926547,DELIVERED,35,CLEAR,HIGH
304,2026-01-31 10:13:35,45.97,3,22,14,43.241026,-2.89538,DELIVERED,13,CLEAR,LOW
305,2026-01-14 22:25:52,76.91,6,16,25,43.246416,-2.928419,DELIVERED,17,CLEAR,HIGH
306,2026-01-09 13:02:15,76.88,6,22,23,43.290057,-2.945229,DELIVERED,3,CLEAR,MEDIUM
307,2026-01-11 13:59:53,28.03,2,30,31,43.211296,-2.929968,DELIVERED,12,WIND,HIGH
308,2026-01-30 09:49:31,89.34,6,23,19,43.230927,-2.884567,DELIVERED,48,RAIN,LOW
309,2026-01-19 20:36:05,34.05,3,18,25,43.291589,-2.920551,DELIVERED,26,CLEAR,HIGH
310,2026-01-27 14:08:56,63.13,6,25,23,43.220008,-2.95639,CANCELLED,30,CLEAR,MEDIUM
311,2026-01-10 14:59:48,13.08,1,23,22,43.271858,-2.942133,DELIVERED,11,CLEAR,HIGH
312,2026-01-11 21:32:33,41.04,3,28,26,43.228297,-2.915509,DELIVERED,13,CLEAR,HIGH
313,2026-01-08 02:02:08,26.96,2,17,29,43.246888,-2.894141,DELIVERED,17,CLEAR,HIGH
314,2026-01-19 14:48:16,68.47,5,26,21,43.293932,-2.883607,DELIVERED,48,CLEAR,MEDIUM
315,2026-01-28 03:56:06,42.71,3,26,12,43.271026,-2.942378,DELIVERED,12,CLEAR,LOW
316,2026-01-21 21:05:11,67.14,5,20,33,43.215126,-2.896166,DELIVERED,17,RAIN,HIGH
317,2026-01-03 15:34:31,49.49,4,17,15,43.270903,-2.936628,DELIVERED,3,CLEAR,MEDIUM
318,2026-01-05 13:01:34,24.58,2,26,33,43.218057,-2.888755,DELIVERED,19,RAIN,HIGH
319,2026-01-16 22:54:50,65.43,6,18,18,43.28307,-2.917451,CANCELLED,44,CLEAR,HIGH
320,2026-01-28 15:07:03,63.95,6,20,24,43.225516,-2.963591,DELIVERED,4,CLEAR,MEDIUM
321,2026-01-20 12:49:32,58.41,6,13,14,43.260351,-2.950505,DELIVERED,49,CLEAR,LOW
322,2026-01-18 21:01:33,108.73,6,30,23,43.252728,-2.918805,DELIVERED,28,CLEAR,MEDIUM
323,2026-01-28 14:23:31,13.3,1,25,23,43.276865,-2.98821,DELIVERED,5,CLEAR,HIGH
324,2026-01-20 01:49:42,79.64,6,15,21,43.291811,-2.900899,DELIVERED,27,CLEAR,MEDIUM
325,2026-01-01 20:52:21,16.53,1,17,20,43.260189,-2.936461,DELIVERED,8,CLEAR,LOW
326,2026-01-02 01:25:06,109.77,6,25,32,43.256943,-2.898278,DELIVERED,10,RAIN,HIGH
327,2026-01-29 22:12:12,12.73,1,30,24,43.201902,-2.926596,CANCELLED,19,CLEAR,HIGH
328,2026-01-23 23:28:43,70.17,6,15,18,43.22321,-2.965833,DELIVERED,40,CLEAR,MEDIUM
329,2026-01-08 14:07:08,35.88,4,17,22,43.215861,-2.898926,DELIVERED,7,WIND,HIGH
330,2026-01-24 14:39:23,38.46,3,28,26,43.275576,-2.882787,DELIVERED,22,RAIN,HIGH
331,2026-01-18 13:20:21,63.86,6,21,28,43.213777,-2.896655,DELIVERED,19,CLEAR,HIGH
332,2026-01-23 23:51:28,40.04,2,27,20,43.215161,-2.907114,DELIVERED,33,CLEAR,LOW
333,2026-01-08 23:27:07,15.22,1,16,24,43.288578,-2.912913,DELIVERED,26,CLEAR,MEDIUM
334,2026-01-17 16:58:20,91.23,5,32,13,43.262436,-2.921999,DELIVERED,18,CLEAR,LOW
335,2026-01-15 15:18:34,41.04,3,18,22,43.251167,-2.955652,DELIVERED,35,CLEAR,MEDIUM
336,2026-01-25 12:41:15,28.99,3,22,20,43.244874,-2.927032,DELIVERED,4,CLEAR,LOW
337,2026-01-29 21:51:53,32.58,3,20,29,43.232785,-2.925939,DELIVERED,20,CLEAR,HIGH
338,2026-01-04 23:28:31,36.95,2,25,16,43.251894,-2.946574,DELIVERED,28,CLEAR,LOW
339,2026-01-20 20:04:35,58.94,5,19,15,43.248593,-2.902968,DELIVERED,24,CLEAR,LOW
340,2026-01-24 17:29:09,55.85,3,21,19,43.233782,-2.948496,DELIVERED,36,CLEAR,LOW
341,2026-01-16 18:54:15,77.2,6,15,18,43.267044,-2.941259,CANCELLED,40,CLEAR,LOW
342,2026-01-01 21:44:42,23.65,2,30,20,43.249147,-2.887277,DELIVERED,35,WIND,MEDIUM
343,2026-01-05 10:03:06,45.04,5,10,12,43.240728,-2.971389,DELIVERED,7,CLEAR,LOW
344,2026-01-03 20:09:34,27.06,3,16,13,43.275213,-2.925537,DELIVERED,7,CLEAR,MEDIUM
345,2026-01-14 01:44:33,51.26,5,11,10,43.296347,-2.915739,DELIVERED,30,CLEAR,LOW
346,2026-01-07 21:52:10,31.29,2,21,22,43.282937,-2.958183,DELIVERED,11,CLEAR,HIGH
347,2026-01-28 08:02:15,75.8,4,21,19,43.295742,-2.954987,DELIVERED,6,CLEAR,MEDIUM
348,2026-01-22 23:27:17,29.8,3,7,12,43.200205,-2.937582,DELIVERED,43,CLEAR,LOW
349,2026-01-27 02:58:06,82.66,6,18,17,43.235299,-2.900594,DELIVERED,42,CLEAR,LOW
350,2026-01-22 13:58:13,17.67,1,23,36,43.222115,-2.882187,DELIVERED,48,RAIN,HIGH
351,2026-01-31 23:49:55,89.55,5,32,19,43.260297,-2.970692,DELIVERED,18,CLEAR,LOW
352,2026-01-18 13:08:42,73.36,6,25,15,43.208181,-2.9271,DELIVERED,3,CLEAR,MEDIUM
353,2026-01-16 23:34:28,64.46,6,15,20,43.284051,-2.962813,DELIVERED,41,CLEAR,LOW
354,2026-01-22 10:52:20,70.45,6,13,14,43.240168,-2.922097,DELIVERED,40,CLEAR,LOW
355,2026-01-31 07:01:19,58.95,4,19,29,43.258781,-2.978119,DELIVERED,25,RAIN,MEDIUM
356,2026-01-22 14:01:29,19.49,1,40,17,43.230867,-2.952281,DELIVERED,9,CLEAR,MEDIUM
357,2026-01-08 00:28:17,89.56,5,26,25,43.234155,-2.916535,DELIVERED,33,RAIN,LOW
358,2026-01-04 13:54:10,21.05,1,33,16,43.22841,-2.965916,DELIVERED,36,CLEAR,HIGH
359,2026-01-27 22:02:42,12.81,1,27,18,43.221024,-2.939818,DELIVERED,13,CLEAR,MEDIUM
360,2026-01-04 04:10:13,36.99,2,31,16,43.224455,-2.984919,DELIVERED,9,CLEAR,LOW
361,2026-01-03 14:03:04,41.09,2,32,37,43.250861,-2.907356,CANCELLED,18,RAIN,HIGH
362,2026-01-15 20:30:52,70.04,5,17,14,43.251882,-2.96468,DELIVERED,25,CLEAR,MEDIUM
363,2026-01-12 01:20:17,35.57,3,17,14,43.281556,-2.914811,DELIVERED,5,CLEAR,LOW
364,2026-01-01 13:51:13,39.79,2,36,25,43.208588,-2.896962,DELIVERED,33,RAIN,MEDIUM
365,2026-01-28 02:38:15,93.9,5,30,26,43.241915,-2.914566,DELIVERED,9,RAIN,LOW
366,2026-01-19 12:16:05,8.87,1,20,17,43.230465,-2.971143,DELIVERED,26,CLEAR,LOW
367,2026-01-26 10:57:54,34.88,3,19,16,43.211074,-2.93099,DELIVERED,4,CLEAR,LOW
368,2026-01-10 23:37:51,83.51,6,18,18,43.200744,-2.974304,DELIVERED,46,CLEAR,MEDIUM
369,2026-01-02 21:32:13,63.6,6,28,31,43.217958,-2.922049,DELIVERED,19,RAIN,HIGH
370,2026-01-09 21:43:41,41.08,4,18,24,43.206674,-2.910081,DELIVERED,7,CLEAR,MEDIUM
371,2026-01-27 20:05:11,16.24,1,20,22,43.250606,-2.939162,DELIVERED,24,RAIN,LOW
372,2026-01-20 06:09:32,16.36,1,15,24,43.254843,-2.963348,DELIVERED,17,RAIN,LOW
373,2026-01-30 11:11:34,8.62,1,22,10,43.21535,-2.95061,DELIVERED,19,CLEAR,LOW
374,2026-01-26 20:10:23,15.13,1,20,29,43.244399,-2.924197,DELIVERED,45,RAIN,MEDIUM
375,2026-01-12 13:55:10,52.56,4,32,15,43.283045,-2.971533,DELIVERED,2,CLEAR,MEDIUM
376,2026-01-11 09:04:18,16.1,2,14,20,43.281508,-2.918506,DELIVERED,21,CLEAR,MEDIUM
377,2026-01-11 14:38:30,48.7,5,18,20,43.298142,-2.913405,DELIVERED,50,CLEAR,HIGH
378,2026-01-24 09:43:21,62.09,5,28,15,43.261635,-2.891354,DELIVERED,2,WIND,LOW
379,2026-01-03 21:48:55,45.14,3,27,22,43.26436,-2.906346,DELIVERED,32,CLEAR,HIGH
380,2026-01-09 21:50:45,13.54,1,24,20,43.254885,-2.902524,DELIVERED,1,RAIN,MEDIUM
381,2026-01-10 14:08:47,71.59,5,34,19,43.297256,-2.946193,DELIVERED,12,CLEAR,MEDIUM
382,2026-01-24 09:34:17,61.37,4,21,29,43.225729,-2.938998,DELIVERED,25,RAIN,MEDIUM
383,2026-01-10 04:55:48,113.41,6,28,22,43.264105,-2.925286,DELIVERED,33,RAIN,LOW
384,2026-01-17 22:07:24,87.21,6,25,22,43.281313,-2.920595,CANCELLED,32,CLEAR,HIGH
385,2026-01-08 20:04:35,10.18,1,11,21,43.287601,-2.971759,DELIVERED,50,CLEAR,HIGH
386,2026-01-19 13:58:51,44.96,4,20,25,43.239797,-2.956109,DELIVERED,47,RAIN,HIGH
387,2026-01-10 14:42:38,17.49,1,30,21,43.287162,-2.94152,DELIVERED,33,CLEAR,HIGH
388,2026-01-15 05:30:57,38.88,3,14,20,43.200951,-2.960731,DELIVERED,8,CLEAR,LOW
389,2026-01-03 00:46:10,17.7,1,20,17,43.233703,-2.94276,DELIVERED,34,CLEAR,LOW
390,2026-01-07 17:47:13,69.52,5,13,22,43.266023,-2.989656,DELIVERED,8,CLEAR,MEDIUM
391,2026-01-04 22:48:07,57.87,6,20,32,43.278486,-2.911167,DELIVERED,31,RAIN,HIGH
392,2026-01-23 15:51:53,11.95,1,21,20,43.210547,-2.88073,DELIVERED,29,CLEAR,LOW
393,2026-01-26 22:47:17,13.79,1,24,31,43.274297,-2.910247,DELIVERED,32,RAIN,MEDIUM
394,2026-01-06 14:47:18,12.51,1,19,24,43.23802,-2.908939,DELIVERED,8,CLEAR,HIGH
395,2026-01-21 13:38:40,75.31,6,27,18,43.24606,-2.974083,DELIVERED,24,WIND,MEDIUM
396,2026-01-06 23:50:45,66.96,5,19,18,43.233314,-2.898933,DELIVERED,46,CLEAR,MEDIUM
397,2026-01-27 14:23:59,109.13,6,28,17,43.254801,-2.979295,DELIVERED,28,CLEAR,MEDIUM
398,2026-01-08 22:43:04,71.68,6,32,26,43.285614,-2.978786,DELIVERED,29,CLEAR,HIGH
399,2026-01-05 15:54:13,20.12,2,14,24,43.262697,-2.945561,DELIVERED,31,WIND,LOW
400,2026-01-19 13:10:47,50.66,4,22,15,43.274536,-2.902622,DELIVERED,42,CLEAR,MEDIUM
401,2026-01-07 01:54:39,71.48,6,21,20,43.283714,-2.930712,DELIVERED,5,WIND,MEDIUM
402,2026-01-08 19:49:24,13.39,1,16,12,43.294523,-2.989991,DELIVERED,17,CLEAR,LOW
403,2026-01-22 14:22:10,89.97,6,26,22,43.22371,-2.969312,DELIVERED,32,CLEAR,HIGH
404,2026-01-08 22:16:51,53.15,3,24,31,43.263312,-2.918987,DELIVERED,6,CLEAR,HIGH
405,2026-01-20 17:56:04,10.19,1,17,13,43.209795,-2.882257,DELIVERED,41,CLEAR,LOW
406,2026-01-06 23:53:31,28.76,3,14,23,43.260747,-2.891377,DELIVERED,47,CLEAR,MEDIUM
407,2026-01-20 13:07:21,53.24,3,33,26,43.205286,-2.910204,DELIVERED,9,CLEAR,HIGH
408,2026-01-30 13:11:25,21.75,2,19,26,43.288139,-2.900457,DELIVERED,30,CLEAR,HIGH
409,2026-01-15 20:07:17,8.92,1,13,12,43.208459,-2.958556,DELIVERED,21,CLEAR,LOW
410,2026-01-07 14:57:02,111.58,6,31,28,43.270259,-2.907537,DELIVERED,33,WIND,HIGH
411,2026-01-09 11:40:23,91.96,5,28,15,43.233796,-2.915303,DELIVERED,9,CLEAR,LOW
412,2026-01-28 14:44:56,65.48,6,24,18,43.246035,-2.957181,CANCELLED,20,CLEAR,HIGH
413,2026-01-20 12:26:35,38.11,4,11,16,43.248741,-2.972881,DELIVERED,7,CLEAR,LOW
414,2026-01-10 15:13:40,10.65,1,16,12,43.294838,-2.884433,DELIVERED,19,CLEAR,LOW
415,2026-01-19 21:02:28,7.11,1,21,14,43.259709,-2.989117,DELIVERED,7,CLEAR,MEDIUM
416,2026-01-21 20:00:23,12.45,1,20,24,43.21323,-2.98578,DELIVERED,46,RAIN,LOW
417,2026-01-30 22:14:11,43.07,4,23,20,43.250986,-2.919174,DELIVERED,4,CLEAR,MEDIUM
418,2026-01-01 00:37:27,47.27,3,18,16,43.294833,-2.950006,DELIVERED,48,CLEAR,LOW
419,2026-01-18 13:02:38,65.21,5,29,13,43.274259,-2.976761,DELIVERED,38,CLEAR,MEDIUM
420,2026-01-05 18:55:15,65.92,5,15,21,43.219171,-2.929445,CANCELLED,35,CLEAR,MEDIUM
421,2026-01-28 11:38:29,27.48,2,21,22,43.275073,-2.947743,DELIVERED,45,RAIN,LOW
422,2026-01-25 21:27:00,77.76,6,26,20,43.204561,-2.963796,DELIVERED,46,CLEAR,MEDIUM
423,2026-01-18 22:02:40,70.19,5,24,12,43.221928,-2.883825,DELIVERED,46,CLEAR,MEDIUM
424,2026-01-29 07:32:54,88.96,6,23,22,43.222064,-2.960433,DELIVERED,48,CLEAR,MEDIUM
425,2026-01-24 06:05:00,55.51,4,26,16,43.216292,-2.970449,CANCELLED,12,CLEAR,MEDIUM
426,2026-01-20 12:57:05,26.83,2,21,22,43.276345,-2.919107,DELIVERED,34,RAIN,MEDIUM
427,2026-01-15 22:07:46,39.02,2,22,16,43.210257,-2.89249,DELIVERED,10,CLEAR,HIGH
428,2026-01-11 21:20:35,71.81,4,35,31,43.211241,-2.971349,DELIVERED,28,CLEAR,HIGH
429,2026-01-18 08:17:37,10.68,1,23,26,43.253048,-2.924043,DELIVERED,22,CLEAR,HIGH
430,2026-01-14 22:23:08,32.46,3,20,25,43.214659,-2.973744,DELIVERED,7,WIND,HIGH
431,2026-01-14 12:26:53,18.55,2,16,17,43.241394,-2.902715,DELIVERED,21,CLEAR,LOW
432,2026-01-12 22:30:13,74.29,4,29,21,43.252695,-2.904575,DELIVERED,36,CLEAR,HIGH
433,2026-01-18 13:25:19,41.37,3,31,27,43.277865,-2.974672,DELIVERED,2,CLEAR,HIGH
434,2026-01-11 21:39:46,19.02,1,36,23,43.207377,-2.897882,DELIVERED,9,WIND,HIGH
435,2026-01-07 20:36:00,11.2,1,16,20,43.269856,-2.957054,DELIVERED,5,CLEAR,MEDIUM
436,2026-01-01 15:23:24,22.01,1,23,16,43.242362,-2.885693,DELIVERED,10,RAIN,LOW
437,2026-01-08 14:41:09,93.95,5,25,22,43.2746,-2.928478,DELIVERED,6,CLEAR,HIGH
438,2026-01-09 00:02:03,70.84,6,19,19,43.233547,-2.963652,DELIVERED,24,CLEAR,LOW
439,2026-01-02 13:42:36,94.32,5,22,21,43.200848,-2.950769,DELIVERED,6,CLEAR,HIGH
440,2026-01-25 10:42:40,19.82,2,13,14,43.268237,-2.981337,DELIVERED,50,CLEAR,MEDIUM
441,2026-01-30 13:13:56,27.33,3,20,15,43.299701,-2.923244,DELIVERED,50,CLEAR,MEDIUM
442,2026-01-14 14:21:37,19.69,1,38,28,43.293983,-2.883115,DELIVERED,23,CLEAR,HIGH
443,2026-01-14 21:56:32,76.76,6,23,22,43.245009,-2.893485,DELIVERED,40,CLEAR,HIGH
444,2026-01-12 21:13:56,19.01,1,32,14,43.246228,-2.979715,DELIVERED,36,CLEAR,MEDIUM
445,2026-01-23 13:35:34,85.18,6,32,24,43.234242,-2.923519,CANCELLED,12,CLEAR,HIGH
446,2026-01-23 01:37:21,74.55,4,23,16,43.280853,-2.903148,DELIVERED,10,CLEAR,LOW
447,2026-01-21 12:44:16,21.24,2,13,17,43.252478,-2.916339,DELIVERED,41,CLEAR,LOW
448,2026-01-29 23:42:19,63.31,6,18,15,43.28965,-2.88728,CANCELLED,47,CLEAR,LOW
449,2026-01-29 01:51:29,86.37,6,22,24,43.220976,-2.968973,DELIVERED,14,WIND,LOW
450,2026-01-15 21:38:26,79.31,6,21,27,43.276508,-2.977528,DELIVERED,8,CLEAR,HIGH
451,2026-01-09 14:05:52,68.28,5,29,24,43.29379,-2.890353,DELIVERED,11,CLEAR,MEDIUM
452,2026-01-06 00:56:59,64.0,5,27,20,43.250336,-2.901354,DELIVERED,2,WIND,LOW
453,2026-01-06 13:24:12,10.71,1,27,18,43.250756,-2.960563,DELIVERED,31,CLEAR,HIGH
454,2026-01-21 02:59:36,26.15,2,28,29,43.257219,-2.942698,DELIVERED,2,RAIN,MEDIUM
455,2026-01-31 21:18:44,19.27,2,17,14,43.278428,-2.897267,DELIVERED,47,CLEAR,MEDIUM
456,2026-01-10 21:24:02,47.22,4,31,28,43.273417,-2.881824,CANCELLED,2,CLEAR,HIGH
457,2026-01-12 21:44:31,47.48,3,25,22,43.29272,-2.976505,DELIVERED,25,CLEAR,MEDIUM
458,2026-01-09 18:26:47,40.81,3,22,15,43.295922,-2.981606,DELIVERED,32,WIND,LOW
459,2026-01-02 12:38:32,38.37,3,24,22,43.219285,-2.986749,DELIVERED,22,CLEAR,MEDIUM
460,2026-01-18 17:07:42,17.82,1,22,14,43.219924,-2.979883,DELIVERED,14,CLEAR,LOW
461,2026-01-29 12:34:44,85.39,6,26,18,43.26073,-2.942776,DELIVERED,14,CLEAR,MEDIUM
462,2026-01-02 10:52:57,34.58,4,18,21,43.231445,-2.98894,DELIVERED,21,RAIN,LOW
463,2026-01-23 14:12:11,20.81,2,23,21,43.26079,-2.89283,DELIVERED,21,CLEAR,HIGH
464,2026-01-16 12:58:06,41.37,4,16,24,43.259117,-2.963994,DELIVERED,4,CLEAR,HIGH
465,2026-01-20 13:18:30,58.56,5,23,22,43.234582,-2.981226,DELIVERED,35,CLEAR,HIGH
466,2026-01-30 23:59:43,15.95,1,14,21,43.219116,-2.89075,DELIVERED,15,RAIN,LOW
467,2026-01-03 13:09:23,12.11,1,28,17,43.258345,-2.976811,DELIVERED,3,CLEAR,MEDIUM
468,2026-01-06 22:34:30,45.24,5,27,19,43.229623,-2.980893,DELIVERED,16,CLEAR,HIGH
469,2026-01-03 22:12:57,19.9,2,15,31,43.285846,-2.906346,DELIVERED,43,CLEAR,HIGH
470,2026-01-12 16:16:32,22.25,2,12,14,43.25503,-2.951013,DELIVERED,30,CLEAR,LOW
471,2026-01-21 21:58:29,43.19,4,30,17,43.217665,-2.959648,DELIVERED,4,CLEAR,MEDIUM
472,2026-01-28 22:11:31,62.96,5,29,21,43.273392,-2.893252,DELIVERED,5,CLEAR,MEDIUM
473,2026-01-10 21:10:57,58.75,6,30,26,43.223862,-2.955338,DELIVERED,19,CLEAR,HIGH
474,2026-01-01 14:50:13,59.05,3,25,27,43.258316,-2.936286,DELIVERED,28,CLEAR,HIGH
475,2026-01-05 20:29:58,47.92,3,20,25,43.245875,-2.898948,DELIVERED,48,CLEAR,MEDIUM
476,2026-01-29 22:05:29,107.18,6,36,27,43.20309,-2.926466,DELIVERED,18,CLEAR,HIGH
477,2026-01-26 13:53:27,31.34,3,19,27,43.234327,-2.92264,DELIVERED,44,RAIN,HIGH
478,2026-01-17 20:16:54,59.45,4,18,17,43.228826,-2.902024,DELIVERED,1,WIND,LOW
479,2026-01-06 23:48:47,8.01,1,12,16,43.278526,-2.934781,DELIVERED,20,CLEAR,MEDIUM
480,2026-01-10 13:12:14,54.84,3,34,25,43.209814,-2.961261,DELIVERED,6,CLEAR,HIGH
481,2026-01-15 14:45:46,49.47,5,25,23,43.250382,-2.914632,DELIVERED,20,WIND,HIGH
482,2026-01-23 15:34:23,57.66,4,13,14,43.230239,-2.963309,DELIVERED,27,CLEAR,MEDIUM
483,2026-01-03 15:19:04,112.58,6,31,21,43.212144,-2.925692,DELIVERED,18,CLEAR,MEDIUM
484,2026-01-08 12:19:35,61.88,6,15,15,43.215302,-2.893211,DELIVERED,20,WIND,LOW
485,2026-01-23 23:56:59,72.4,4,28,24,43.284773,-2.96137,DELIVERED,33,CLEAR,HIGH
486,2026-01-21 23:43:42,23.93,2,27,21,43.229004,-2.916571,DELIVERED,2,CLEAR,MEDIUM
487,2026-01-19 23:46:06,34.22,4,13,11,43.201102,-2.956696,DELIVERED,7,CLEAR,LOW
488,2026-01-23 21:37:52,73.27,5,30,33,43.261748,-2.945585,DELIVERED,12,RAIN,HIGH
489,2026-01-12 11:40:44,85.36,6,23,18,43.274993,-2.941432,CANCELLED,12,RAIN,MEDIUM
490,2026-01-31 22:37:11,28.29,2,22,28,43.279,-2.980538,DELIVERED,13,CLEAR,HIGH
491,2026-01-10 21:08:27,20.37,1,35,23,43.291099,-2.919354,DELIVERED,9,CLEAR,HIGH
492,2026-01-28 15:06:38,34.41,3,22,15,43.282133,-2.958111,CANCELLED,34,CLEAR,LOW
493,2026-01-02 13:36:10,25.11,2,24,26,43.207291,-2.88572,DELIVERED,17,CLEAR,HIGH
494,2026-01-06 01:14:24,36.43,2,31,13,43.205536,-2.904903,CANCELLED,33,CLEAR,LOW
495,2026-01-06 14:39:51,41.34,3,20,13,43.274748,-2.892283,DELIVERED,40,CLEAR,MEDIUM
496,2026-01-04 17:15:32,26.82,2,21,14,43.239782,-2.917666,DELIVERED,29,CLEAR,LOW
497,2026-01-13 23:42:04,61.29,5,18,17,43.220355,-2.974916,DELIVERED,35,CLEAR,LOW
498,2026-01-07 21:23:48,59.62,6,21,18,43.238418,-2.89901,DELIVERED,16,CLEAR,HIGH
499,2026-01-30 14:24:27,47.65,4,33,20,43.203131,-2.90607,DELIVERED,2,CLEAR,MEDIUM
500,2026-01-27 20:38:03,62.28,6,15,30,43.251891,-2.97212,DELIVERED,47,CLEAR,HIGH
501,2026-01-12 13:33:16,40.68,3,22,32,43.227427,-2.960438,CANCELLED,1,RAIN,HIGH
502,2026-01-15 21:33:31,25.14,3,23,25,43.255661,-2.945053,DELIVERED,21,RAIN,HIGH
503,2026-01-31 14:23:49,70.31,6,28,23,43.271736,-2.983311,CANCELLED,40,CLEAR,MEDIUM
504,2026-01-06 07:11:04,12.61,1,22,20,43.264189,-2.893656,DELIVERED,29,CLEAR,LOW
505,2026-01-29 16:49:47,30.25,2,20,25,43.237884,-2.925905,DELIVERED,39,RAIN,LOW
506,2026-01-11 21:39:21,57.86,6,17,28,43.252034,-2.955137,DELIVERED,37,CLEAR,HIGH
507,2026-01-12 20:18:51,32.78,3,12,13,43.295761,-2.944908,DELIVERED,50,CLEAR,LOW
508,2026-01-14 22:14:43,12.19,1,20,21,43.212079,-2.961029,CANCELLED,8,CLEAR,HIGH
509,2026-01-21 22:38:26,18.35,1,26,21,43.224143,-2.957727,DELIVERED,11,CLEAR,HIGH
510,2026-01-30 22:25:31,15.6,1,25,24,43.270011,-2.909321,DELIVERED,47,CLEAR,HIGH
511,2026-01-29 13:09:49,7.39,1,20,22,43.27573,-2.885113,DELIVERED,50,CLEAR,HIGH
512,2026-01-21 21:36:45,44.32,5,17,22,43.216932,-2.886687,DELIVERED,37,CLEAR,MEDIUM
513,2026-01-07 20:16:49,95.22,5,23,23,43.28325,-2.987164,CANCELLED,36,RAIN,LOW
514,2026-01-16 21:07:02,39.38,3,31,19,43.27051,-2.932657,DELIVERED,22,CLEAR,HIGH
515,2026-01-31 09:26:13,61.01,6,12,20,43.247012,-2.936704,DELIVERED,41,CLEAR,LOW
516,2026-01-11 09:32:54,47.42,4,18,14,43.263103,-2.964181,DELIVERED,5,CLEAR,LOW
517,2026-01-24 13:08:08,40.36,4,16,23,43.23254,-2.917134,DELIVERED,41,CLEAR,HIGH
518,2026-01-06 12:16:45,64.72,6,22,22,43.202896,-2.960528,DELIVERED,26,CLEAR,MEDIUM
519,2026-01-11 15:05:35,41.0,3,18,13,43.211032,-2.883492,DELIVERED,3,CLEAR,LOW
520,2026-01-27 20:10:06,55.88,5,22,18,43.271782,-2.958079,DELIVERED,4,CLEAR,LOW
521,2026-01-26 13:28:53,38.19,4,27,14,43.2813,-2.948436,DELIVERED,26,CLEAR,MEDIUM
522,2026-01-04 17:09:37,58.12,6,18,26,43.209556,-2.925298,DELIVERED,47,RAIN,LOW
523,2026-01-26 21:13:39,19.61,1,27,26,43.223212,-2.94932,DELIVERED,25,WIND,HIGH
524,2026-01-05 01:26:28,26.0,2,16,24,43.252341,-2.897638,DELIVERED,11,RAIN,LOW
525,2026-01-01 15:52:25,19.78,1,18,16,43.262616,-2.932295,DELIVERED,48,CLEAR,LOW
526,2026-01-15 09:44:24,62.18,6,20,21,43.268502,-2.90169,DELIVERED,19,WIND,MEDIUM
527,2026-01-23 22:02:53,71.08,6,37,25,43.247049,-2.880736,DELIVERED,22,RAIN,HIGH
528,2026-01-05 14:21:01,52.47,5,19,26,43.227458,-2.899717,DELIVERED,30,CLEAR,HIGH
529,2026-01-10 20:01:56,18.1,1,19,20,43.276605,-2.953682,DELIVERED,10,RAIN,LOW
530,2026-01-23 23:33:32,32.43,2,15,15,43.200025,-2.981443,DELIVERED,1,WIND,LOW
531,2026-01-23 21:33:27,22.19,1,40,23,43.231697,-2.981398,DELIVERED,33,CLEAR,HIGH
532,2026-01-17 21:39:34,49.39,4,27,25,43.299544,-2.968458,DELIVERED,24,RAIN,MEDIUM
533,2026-01-02 20:29:55,76.97,6,14,16,43.211943,-2.941228,DELIVERED,40,CLEAR,MEDIUM
534,2026-01-20 13:43:50,58.09,6,15,14,43.227553,-2.968145,DELIVERED,43,CLEAR,MEDIUM
535,2026-01-17 13:49:15,10.93,1,20,18,43.262662,-2.987788,DELIVERED,45,CLEAR,HIGH
536,2026-01-12 23:27:49,63.98,6,15,18,43.228708,-2.959314,DELIVERED,44,WIND,MEDIUM
537,2026-01-18 15:38:24,69.65,5,13,24,43.256871,-2.880687,DELIVERED,42,CLEAR,MEDIUM
538,2026-01-14 01:20:58,16.25,2,7,18,43.218643,-2.97462,DELIVERED,50,CLEAR,LOW
539,2026-01-31 13:23:17,31.18,2,19,19,43.254678,-2.907275,DELIVERED,1,CLEAR,MEDIUM
540,2026-01-15 13:43:38,50.15,5,21,25,43.216638,-2.956936,DELIVERED,15,CLEAR,HIGH
541,2026-01-23 08:37:24,34.64,2,20,20,43.224473,-2.914682,DELIVERED,10,RAIN,LOW
542,2026-01-17 17:37:06,109.78,6,22,17,43.276306,-2.979459,DELIVERED,36,CLEAR,LOW
543,2026-01-21 14:41:09,17.76,1,20,26,43.236913,-2.952616,DELIVERED,35,CLEAR,HIGH
544,2026-01-10 03:00:05,39.44,4,11,14,43.267527,-2.937128,DELIVERED,20,CLEAR,LOW
545,2026-01-05 22:08:43,12.06,1,31,15,43.267019,-2.94353,DELIVERED,26,CLEAR,MEDIUM
546,2026-01-31 18:48:00,60.68,5,24,15,43.217884,-2.943353,DELIVERED,29,CLEAR,LOW
547,2026-01-29 15:34:41,88.39,5,27,14,43.246025,-2.984492,DELIVERED,33,RAIN,LOW
548,2026-01-21 05:54:37,27.86,3,13,23,43.208405,-2.979597,DELIVERED,21,CLEAR,MEDIUM
549,2026-01-02 23:21:00,15.1,1,17,26,43.207876,-2.887982,DELIVERED,24,CLEAR,HIGH
550,2026-01-23 22:59:23,54.21,3,29,33,43.227268,-2.94521,DELIVERED,28,RAIN,HIGH
551,2026-01-29 12:58:10,41.46,3,18,15,43.282263,-2.973304,DELIVERED,39,CLEAR,LOW
552,2026-01-17 18:18:09,70.52,5,23,17,43.262486,-2.971659,CANCELLED,48,CLEAR,LOW
553,2026-01-06 23:52:51,27.43,2,22,25,43.241818,-2.924083,DELIVERED,14,WIND,MEDIUM
554,2026-01-26 20:25:02,45.4,4,17,19,43.253267,-2.953254,DELIVERED,26,RAIN,LOW
555,2026-01-20 22:01:36,62.03,5,32,18,43.216646,-2.921196,DELIVERED,2,CLEAR,HIGH
556,2026-01-19 21:36:47,27.91,2,25,22,43.289445,-2.967229,DELIVERED,13,CLEAR,HIGH
557,2026-01-04 09:22:19,77.96,6,20,18,43.295757,-2.892831,DELIVERED,3,CLEAR,MEDIUM
558,2026-01-26 22:21:14,52.49,4,29,28,43.244005,-2.903383,DELIVERED,29,RAIN,MEDIUM
559,2026-01-04 14:17:50,52.74,4,29,34,43.256823,-2.924613,DELIVERED,46,RAIN,HIGH
560,2026-01-29 08:40:58,74.13,6,20,22,43.264385,-2.925415,DELIVERED,24,CLEAR,MEDIUM
561,2026-01-24 13:21:08,46.11,4,26,21,43.215009,-2.923049,DELIVERED,34,CLEAR,HIGH
562,2026-01-02 14:15:43,32.69,3,20,15,43.224797,-2.961832,DELIVERED,7,CLEAR,MEDIUM
563,2026-01-12 21:32:49,52.13,4,20,24,43.206367,-2.890655,DELIVERED,46,CLEAR,HIGH
564,2026-01-31 18:33:13,7.8,1,16,13,43.229996,-2.988944,DELIVERED,31,CLEAR,LOW
565,2026-01-31 15:19:03,72.4,4,31,25,43.267784,-2.934663,DELIVERED,33,CLEAR,HIGH
566,2026-01-24 16:04:20,76.08,4,30,14,43.286203,-2.952333,DELIVERED,33,CLEAR,LOW
567,2026-01-08 12:07:09,58.88,4,17,28,43.277975,-2.960368,DELIVERED,13,RAIN,MEDIUM
568,2026-01-15 20:47:11,110.51,6,34,16,43.293999,-2.983916,CANCELLED,23,CLEAR,LOW
569,2026-01-19 03:07:48,71.6,4,22,24,43.210683,-2.963255,DELIVERED,28,CLEAR,MEDIUM
570,2026-01-19 22:27:22,54.69,4,18,21,43.25379,-2.941806,DELIVERED,46,CLEAR,HIGH
571,2026-01-04 14:12:11,53.2,6,15,20,43.232784,-2.929876,DELIVERED,50,CLEAR,MEDIUM
572,2026-01-18 13:59:52,65.46,6,15,29,43.280606,-2.902209,DELIVERED,44,CLEAR,HIGH
573,2026-01-24 21:13:57,70.74,6,31,21,43.28463,-2.98035,DELIVERED,22,CLEAR,MEDIUM
574,2026-01-23 14:35:50,31.18,2,30,23,43.240147,-2.95768,DELIVERED,48,CLEAR,MEDIUM
575,2026-01-16 15:36:17,28.26,2,17,23,43.257444,-2.950989,DELIVERED,17,CLEAR,MEDIUM
576,2026-01-05 21:33:10,18.64,1,26,29,43.216329,-2.88099,DELIVERED,39,RAIN,HIGH
577,2026-01-19 05:02:21,85.51,6,19,13,43.259022,-2.976289,DELIVERED,48,CLEAR,LOW
578,2026-01-25 14:35:35,63.06,5,27,28,43.236039,-2.955902,DELIVERED,17,CLEAR,HIGH
579,2026-01-15 14:20:03,17.01,1,22,28,43.284741,-2.970491,CANCELLED,45,CLEAR,HIGH
580,2026-01-02 21:25:39,85.32,6,31,19,43.29653,-2.908384,DELIVERED,14,CLEAR,HIGH
581,2026-01-08 21:10:44,46.73,3,33,22,43.20285,-2.938245,CANCELLED,14,CLEAR,HIGH
582,2026-01-11 19:27:50,13.32,1,19,20,43.280943,-2.989921,DELIVERED,5,WIND,LOW
583,2026-01-07 22:08:09,113.1,6,25,21,43.265937,-2.953851,DELIVERED,6,CLEAR,HIGH
584,2026-01-12 13:05:28,9.75,1,27,24,43.22628,-2.941615,DELIVERED,21,CLEAR,HIGH
585,2026-01-13 18:15:28,47.01,4,18,29,43.255046,-2.957472,DELIVERED,24,CLEAR,HIGH
586,2026-01-25 12:02:44,40.21,2,26,18,43.253056,-2.984831,DELIVERED,33,CLEAR,MEDIUM
587,2026-01-08 16:57:24,82.75,6,21,17,43.227842,-2.884504,DELIVERED,11,CLEAR,MEDIUM
588,2026-01-07 14:35:28,13.34,1,15,22,43.214379,-2.899531,DELIVERED,20,CLEAR,HIGH
589,2026-01-18 00:15:14,39.92,2,32,17,43.267224,-2.906336,DELIVERED,18,RAIN,LOW
590,2026-01-02 23:44:07,12.35,1,17,17,43.222463,-2.978664,DELIVERED,17,CLEAR,LOW
591,2026-01-21 23:52:21,13.79,1,13,22,43.266698,-2.962363,DELIVERED,41,RAIN,LOW
592,2026-01-24 13:42:19,26.83,2,32,28,43.237582,-2.932914,DELIVERED,32,CLEAR,HIGH
593,2026-01-12 14:00:20,61.15,6,18,31,43.257334,-2.932496,DELIVERED,44,WIND,HIGH
594,2026-01-09 18:34:28,10.23,1,26,14,43.268301,-2.951238,DELIVERED,22,CLEAR,LOW
595,2026-01-27 13:37:29,55.38,4,25,31,43.280516,-2.883751,DELIVERED,48,RAIN,HIGH
596,2026-01-24 13:34:45,36.58,3,26,35,43.256049,-2.906755,DELIVERED,29,RAIN,HIGH
597,2026-01-26 20:47:21,76.52,4,33,24,43.208221,-2.880062,DELIVERED,9,CLEAR,HIGH
598,2026-01-14 06:59:11,59.81,6,13,16,43.224368,-2.987715,CANCELLED,15,WIND,LOW
599,2026-01-18 08:01:17,27.62,2,21,21,43.291748,-2.881595,DELIVERED,45,CLEAR,MEDIUM
600,2026-01-17 21:50:55,65.15,5,22,29,43.206466,-2.880463,DELIVERED,42,RAIN,MEDIUM
601,2026-01-08 04:17:34,18.02,1,33,15,43.276437,-2.975331,DELIVERED,23,WIND,LOW
602,2026-01-03 13:42:56,92.91,5,41,23,43.297978,-2.904889,DELIVERED,23,CLEAR,HIGH
603,2026-01-17 02:33:48,54.44,5,19,26,43.23112,-2.970485,DELIVERED,26,RAIN,MEDIUM
604,2026-01-09 23:02:07,26.65,2,19,15,43.260616,-2.881979,CANCELLED,13,CLEAR,MEDIUM
605,2026-01-26 16:28:14,38.54,4,15,14,43.262087,-2.970003,DELIVERED,21,CLEAR,MEDIUM
606,2026-01-28 20:44:27,74.06,6,26,27,43.253759,-2.884617,CANCELLED,29,RAIN,MEDIUM
607,2026-01-17 22:40:38,64.55,5,25,22,43.294401,-2.916442,DELIVERED,38,CLEAR,MEDIUM
608,2026-01-07 20:43:16,26.47,2,19,28,43.251984,-2.917014,DELIVERED,32,RAIN,LOW
609,2026-01-19 07:18:53,50.88,4,25,21,43.26989,-2.931969,DELIVERED,2,CLEAR,MEDIUM
610,2026-01-26 22:29:43,38.42,4,25,28,43.250875,-2.915075,DELIVERED,20,CLEAR,HIGH
611,2026-01-16 13:11:19,54.12,4,30,19,43.224039,-2.9005,CANCELLED,14,CLEAR,HIGH
612,2026-01-20 12:18:57,95.06,5,22,24,43.287868,-2.90897,DELIVERED,10,CLEAR,MEDIUM
613,2026-01-20 04:45:15,34.56,4,7,14,43.248854,-2.969831,DELIVERED,50,CLEAR,MEDIUM
614,2026-01-14 21:43:32,31.58,3,13,23,43.251823,-2.986074,DELIVERED,37,CLEAR,MEDIUM
615,2026-01-09 22:55:58,13.5,1,26,31,43.293362,-2.905653,CANCELLED,45,CLEAR,HIGH
616,2026-01-28 14:42:05,53.4,3,28,29,43.294682,-2.934385,DELIVERED,10,RAIN,MEDIUM
617,2026-01-22 07:19:20,12.3,1,21,20,43.206513,-2.933015,DELIVERED,29,RAIN,MEDIUM
618,2026-01-16 14:45:24,16.03,1,28,21,43.276218,-2.986129,DELIVERED,10,CLEAR,MEDIUM
619,2026-01-30 21:44:57,28.76,2,33,24,43.287944,-2.965378,DELIVERED,48,CLEAR,HIGH
620,2026-01-15 13:21:34,39.82,4,18,33,43.242114,-2.94405,DELIVERED,30,RAIN,HIGH
621,2026-01-18 15:34:42,35.97,4,12,13,43.294801,-2.909776,DELIVERED,43,CLEAR,LOW
622,2026-01-15 21:33:47,72.4,4,34,17,43.255169,-2.972761,DELIVERED,10,CLEAR,HIGH
623,2026-01-22 12:06:34,61.87,4,26,19,43.264124,-2.926742,DELIVERED,14,CLEAR,LOW
624,2026-01-24 15:01:44,43.28,5,8,13,43.292017,-2.894359,CANCELLED,49,CLEAR,MEDIUM
625,2026-01-18 14:51:20,45.71,5,21,23,43.215202,-2.94433,DELIVERED,21,WIND,HIGH
626,2026-01-23 22:52:01,13.9,1,23,23,43.29466,-2.927654,DELIVERED,11,CLEAR,HIGH
627,2026-01-09 14:29:39,65.94,6,22,24,43.279278,-2.903477,DELIVERED,20,CLEAR,MEDIUM
628,2026-01-29 15:46:33,39.24,3,19,17,43.216688,-2.918565,DELIVERED,11,RAIN,LOW
629,2026-01-17 09:14:12,86.41,6,19,19,43.257365,-2.956702,CANCELLED,48,CLEAR,LOW
630,2026-01-21 14:35:41,26.42,2,33,25,43.20848,-2.916716,DELIVERED,22,WIND,HIGH
631,2026-01-09 14:20:41,94.91,5,22,35,43.258275,-2.883779,CANCELLED,10,RAIN,HIGH
632,2026-01-04 22:33:11,12.86,1,18,24,43.219264,-2.900069,DELIVERED,46,CLEAR,HIGH
633,2026-01-03 23:22:49,18.11,1,29,26,43.270287,-2.981664,DELIVERED,33,CLEAR,HIGH
634,2026-01-08 21:14:13,39.28,3,26,26,43.200698,-2.892039,DELIVERED,38,CLEAR,HIGH
635,2026-01-04 03:19:35,46.05,3,19,16,43.274427,-2.980295,CANCELLED,32,WIND,LOW
636,2026-01-28 15:10:02,36.96,4,15,21,43.274497,-2.964908,DELIVERED,21,CLEAR,MEDIUM
637,2026-01-20 21:22:22,35.78,3,23,27,43.238556,-2.88554,DELIVERED,30,WIND,HIGH
638,2026-01-18 18:04:59,17.74,2,7,25,43.233732,-2.987615,DELIVERED,43,CLEAR,HIGH
639,2026-01-03 21:37:33,11.86,1,17,30,43.201297,-2.956119,DELIVERED,7,WIND,HIGH
640,2026-01-06 21:57:44,39.51,3,27,28,43.244708,-2.94413,CANCELLED,34,CLEAR,HIGH
641,2026-01-27 22:37:00,72.57,6,34,22,43.22491,-2.928037,DELIVERED,22,CLEAR,MEDIUM
642,2026-01-05 15:21:42,91.7,5,24,14,43.238958,-2.96875,DELIVERED,10,CLEAR,LOW
643,2026-01-16 21:13:56,53.65,4,24,29,43.281073,-2.969299,DELIVERED,40,CLEAR,HIGH
644,2026-01-01 12:42:56,31.15,2,24,11,43.27758,-2.880772,DELIVERED,14,CLEAR,LOW
645,2026-01-08 14:53:35,27.21,3,23,17,43.23228,-2.988135,DELIVERED,49,CLEAR,MEDIUM
646,2026-01-18 21:42:31,43.17,4,20,25,43.203453,-2.95888,DELIVERED,47,CLEAR,HIGH
647,2026-01-12 09:48:38,40.01,3,20,16,43.252468,-2.9194,DELIVERED,24,CLEAR,LOW
648,2026-01-13 15:48:04,63.14,6,21,13,43.204218,-2.906562,DELIVERED,4,CLEAR,LOW
649,2026-01-01 22:26:04,41.32,4,19,23,43.222951,-2.935939,CANCELLED,19,CLEAR,HIGH
650,2026-01-27 00:45:11,60.99,6,14,12,43.275417,-2.961809,DELIVERED,41,CLEAR,LOW
651,2026-01-22 22:12:36,77.64,6,19,28,43.293308,-2.967386,DELIVERED,39,CLEAR,HIGH
652,2026-01-29 23:15:10,16.0,2,7,19,43.201121,-2.959835,DELIVERED,43,CLEAR,LOW
653,2026-01-05 17:17:03,89.01,6,21,14,43.202239,-2.905251,DELIVERED,14,CLEAR,LOW
654,2026-01-10 22:27:11,65.04,6,19,18,43.245524,-2.892492,DELIVERED,41,WIND,HIGH
655,2026-01-02 10:50:01,74.61,4,21,26,43.287638,-2.911911,DELIVERED,28,CLEAR,HIGH
656,2026-01-17 20:02:13,56.14,4,17,32,43.267571,-2.945139,DELIVERED,38,CLEAR,HIGH
657,2026-01-17 14:03:03,33.82,2,30,29,43.29905,-2.93016,DELIVERED,48,RAIN,HIGH
658,2026-01-15 21:09:48,28.77,3,28,20,43.220709,-2.898958,DELIVERED,26,RAIN,HIGH
659,2026-01-15 13:46:34,29.36,2,25,29,43.249999,-2.951335,DELIVERED,24,CLEAR,HIGH
660,2026-01-19 10:41:38,12.66,1,21,20,43.245469,-2.907604,DELIVERED,32,CLEAR,LOW
661,2026-01-22 21:41:05,17.9,1,19,23,43.218123,-2.959778,CANCELLED,27,CLEAR,MEDIUM
662,2026-01-22 22:17:55,11.88,1,20,18,43.200569,-2.904669,DELIVERED,11,CLEAR,MEDIUM
663,2026-01-09 20:50:06,51.56,5,15,15,43.2132,-2.882332,DELIVERED,44,RAIN,LOW
664,2026-01-21 20:57:19,73.35,6,18,14,43.270205,-2.982637,DELIVERED,34,CLEAR,LOW
665,2026-01-08 20:44:17,86.37,6,27,19,43.279,-2.969594,DELIVERED,12,CLEAR,MEDIUM
666,2026-01-15 13:55:30,52.3,4,22,21,43.281146,-2.954852,DELIVERED,45,CLEAR,MEDIUM
667,2026-01-21 23:09:58,41.45,4,16,20,43.212733,-2.922361,DELIVERED,21,CLEAR,MEDIUM
668,2026-01-31 20:13:47,66.46,5,16,18,43.270447,-2.904525,DELIVERED,39,CLEAR,MEDIUM
669,2026-01-17 13:51:21,65.59,5,28,19,43.209099,-2.936136,DELIVERED,35,CLEAR,MEDIUM
670,2026-01-31 15:35:40,32.76,3,12,22,43.234851,-2.956302,DELIVERED,41,WIND,MEDIUM
671,2026-01-14 12:30:06,113.12,6,22,17,43.236149,-2.930295,DELIVERED,28,CLEAR,MEDIUM
672,2026-01-20 01:58:21,47.93,3,20,19,43.205099,-2.942952,DELIVERED,13,WIND,LOW
673,2026-01-06 23:12:29,12.39,1,18,16,43.268672,-2.967462,DELIVERED,4,RAIN,LOW
674,2026-01-08 08:44:48,44.73,3,19,21,43.295447,-2.97997,DELIVERED,38,RAIN,LOW
675,2026-01-30 14:14:37,31.37,2,35,20,43.284728,-2.945061,DELIVERED,12,CLEAR,MEDIUM
676,2026-01-19 10:55:17,28.49,3,12,19,43.250756,-2.947331,CANCELLED,49,CLEAR,MEDIUM
677,2026-01-20 14:42:05,27.33,3,23,24,43.268649,-2.928036,DELIVERED,21,CLEAR,MEDIUM
678,2026-01-17 21:43:02,40.83,3,28,15,43.276071,-2.980103,DELIVERED,24,CLEAR,MEDIUM
679,2026-01-27 20:05:12,90.35,5,25,20,43.218602,-2.944959,DELIVERED,6,WIND,LOW
680,2026-01-09 12:59:22,40.46,4,13,23,43.210151,-2.900098,DELIVERED,31,RAIN,LOW
681,2026-01-18 21:50:07,88.07,5,30,18,43.2167,-2.938403,DELIVERED,10,WIND,MEDIUM
682,2026-01-14 13:22:52,19.3,2,17,25,43.246077,-2.902128,CANCELLED,30,RAIN,HIGH
683,2026-01-15 11:42:37,52.52,4,11,10,43.277507,-2.907462,DELIVERED,27,CLEAR,LOW
684,2026-01-15 15:49:22,18.02,1,22,33,43.220469,-2.975654,DELIVERED,10,WIND,HIGH
685,2026-01-05 22:00:19,33.23,3,23,27,43.251256,-2.937518,DELIVERED,4,CLEAR,HIGH
686,2026-01-25 14:22:07,16.48,2,20,36,43.240341,-2.902164,CANCELLED,7,RAIN,HIGH
687,2026-01-27 14:27:15,50.46,5,19,31,43.272254,-2.960618,DELIVERED,37,CLEAR,HIGH
688,2026-01-19 15:15:49,9.06,1,11,19,43.279947,-2.892852,DELIVERED,15,CLEAR,LOW
689,2026-01-11 05:23:07,25.86,2,15,20,43.21656,-2.916013,DELIVERED,5,RAIN,LOW
690,2026-01-12 21:47:28,50.07,4,35,14,43.225764,-2.899352,DELIVERED,2,CLEAR,MEDIUM
691,2026-01-15 12:27:31,63.53,5,17,19,43.243217,-2.944435,DELIVERED,11,CLEAR,HIGH
692,2026-01-15 22:51:16,60.8,4,24,31,43.215919,-2.954014,DELIVERED,32,CLEAR,HIGH
693,2026-01-02 14:04:49,72.86,6,25,17,43.233014,-2.985716,DELIVERED,24,CLEAR,HIGH
694,2026-01-24 19:18:39,43.65,3,18,12,43.260617,-2.961402,DELIVERED,38,CLEAR,LOW
695,2026-01-14 18:31:51,73.62,6,27,14,43.270566,-2.94588,DELIVERED,22,CLEAR,LOW
696,2026-01-02 18:52:20,12.01,1,21,19,43.268773,-2.92628,DELIVERED,38,CLEAR,HIGH
697,2026-01-02 15:25:19,24.73,2,22,14,43.281252,-2.939015,DELIVERED,26,CLEAR,LOW
698,2026-01-09 22:19:52,44.91,3,19,19,43.249536,-2.959435,DELIVERED,11,CLEAR,HIGH
699,2026-01-31 15:47:42,61.86,5,29,18,43.214781,-2.915161,DELIVERED,22,CLEAR,LOW
700,2026-01-10 13:07:36,12.38,1,26,18,43.240734,-2.921025,DELIVERED,47,CLEAR,HIGH
701,2026-01-30 13:15:26,50.13,5,22,17,43.200429,-2.964786,DELIVERED,21,CLEAR,MEDIUM
702,2026-01-19 21:14:55,27.48,2,31,23,43.202069,-2.975713,DELIVERED,22,CLEAR,MEDIUM
703,2026-01-08 22:57:57,29.39,3,12,24,43.29371,-2.885106,DELIVERED,49,CLEAR,HIGH
704,2026-01-22 21:47:34,93.34,5,31,17,43.238788,-2.969177,DELIVERED,33,CLEAR,MEDIUM
705,2026-01-08 21:05:02,66.83,5,29,25,43.24324,-2.9012,DELIVERED,11,RAIN,HIGH
706,2026-01-18 21:45:56,12.84,1,27,24,43.283752,-2.883346,DELIVERED,3,CLEAR,MEDIUM
707,2026-01-17 12:56:53,76.58,6,16,10,43.205491,-2.956977,DELIVERED,3,CLEAR,LOW
708,2026-01-14 15:00:07,14.99,1,15,19,43.298125,-2.953947,CANCELLED,27,WIND,LOW
709,2026-01-18 14:22:50,41.61,3,20,15,43.284147,-2.929477,DELIVERED,17,CLEAR,MEDIUM
710,2026-01-27 12:12:41,112.02,6,19,19,43.233327,-2.90848,DELIVERED,36,CLEAR,MEDIUM
711,2026-01-01 04:40:16,11.34,1,14,12,43.256119,-2.902648,DELIVERED,31,CLEAR,LOW
712,2026-01-28 14:57:02,57.83,6,16,35,43.200529,-2.932473,DELIVERED,7,RAIN,HIGH
713,2026-01-12 13:11:14,72.22,5,28,21,43.228766,-2.962607,DELIVERED,14,CLEAR,MEDIUM
714,2026-01-06 13:31:52,83.47,6,25,23,43.204021,-2.880204,DELIVERED,13,CLEAR,MEDIUM
715,2026-01-11 14:08:47,63.89,5,19,18,43.244707,-2.973831,DELIVERED,8,CLEAR,MEDIUM
716,2026-01-13 05:43:51,18.48,2,13,22,43.211042,-2.958407,DELIVERED,30,CLEAR,MEDIUM
717,2026-01-26 17:01:11,29.61,3,16,14,43.296351,-2.96034,DELIVERED,30,CLEAR,LOW
718,2026-01-07 11:31:23,59.59,6,15,20,43.210982,-2.910663,DELIVERED,16,CLEAR,LOW
719,2026-01-20 14:21:42,13.48,1,19,25,43.200337,-2.884552,DELIVERED,37,CLEAR,MEDIUM
720,2026-01-10 02:18:14,64.44,6,14,20,43.296065,-2.927826,DELIVERED,20,RAIN,LOW
721,2026-01-12 21:18:38,36.67,3,33,20,43.210319,-2.891448,DELIVERED,22,CLEAR,MEDIUM
722,2026-01-10 22:47:41,77.81,6,22,24,43.237088,-2.985972,DELIVERED,35,CLEAR,HIGH
723,2026-01-14 14:42:08,26.89,2,27,29,43.293827,-2.963467,DELIVERED,29,CLEAR,HIGH
724,2026-01-17 01:20:41,88.0,5,30,19,43.255629,-2.971928,DELIVERED,33,CLEAR,MEDIUM
725,2026-01-08 14:51:53,71.58,6,26,21,43.261865,-2.986536,DELIVERED,3,CLEAR,HIGH
726,2026-01-21 23:06:34,25.0,2,19,12,43.28929,-2.978062,DELIVERED,5,CLEAR,LOW
727,2026-01-21 03:34:17,62.16,6,12,28,43.293205,-2.891113,DELIVERED,15,RAIN,LOW
728,2026-01-28 12:56:41,49.56,4,22,17,43.27983,-2.898081,DELIVERED,29,CLEAR,MEDIUM
729,2026-01-07 13:32:26,69.92,5,27,31,43.252508,-2.979711,CANCELLED,12,RAIN,HIGH
730,2026-01-09 15:44:46,31.59,2,16,21,43.207144,-2.910699,DELIVERED,32,CLEAR,MEDIUM
731,2026-01-17 09:25:38,12.53,1,14,18,43.27422,-2.919926,DELIVERED,49,RAIN,MEDIUM
732,2026-01-30 08:43:31,58.36,3,23,24,43.22608,-2.980646,DELIVERED,10,CLEAR,MEDIUM
733,2026-01-23 18:16:41,70.02,4,23,18,43.234149,-2.950239,DELIVERED,28,CLEAR,MEDIUM
734,2026-01-16 14:44:17,32.61,3,24,20,43.205304,-2.967129,DELIVERED,4,CLEAR,MEDIUM
735,2026-01-26 12:37:36,10.98,1,18,14,43.212426,-2.928863,DELIVERED,5,CLEAR,LOW
736,2026-01-09 14:44:18,35.55,4,23,27,43.215486,-2.982792,DELIVERED,31,RAIN,MEDIUM
737,2026-01-15 22:15:34,16.74,1,26,19,43.277829,-2.980961,DELIVERED,11,CLEAR,HIGH
738,2026-01-19 22:14:38,25.34,3,17,34,43.218696,-2.968916,DELIVERED,49,RAIN,HIGH
739,2026-01-25 21:39:54,59.81,5,26,20,43.297248,-2.938775,DELIVERED,34,WIND,MEDIUM
740,2026-01-26 13:04:55,58.45,6,23,17,43.245474,-2.93869,DELIVERED,21,CLEAR,HIGH
741,2026-01-10 15:24:27,107.08,6,24,15,43.203921,-2.945269,DELIVERED,6,CLEAR,LOW
742,2026-01-01 15:17:10,42.11,3,19,21,43.290794,-2.889166,DELIVERED,25,CLEAR,MEDIUM
743,2026-01-03 19:30:39,16.11,1,20,24,43.223135,-2.931712,DELIVERED,39,RAIN,MEDIUM
744,2026-01-08 04:17:43,34.74,3,20,14,43.253611,-2.886527,DELIVERED,29,CLEAR,LOW
745,2026-01-05 15:49:51,70.34,4,28,18,43.236132,-2.946239,DELIVERED,9,RAIN,LOW
746,2026-01-23 02:50:45,27.75,2,20,15,43.242979,-2.929468,DELIVERED,48,CLEAR,LOW
747,2026-01-07 22:08:10,34.93,3,23,27,43.234261,-2.963883,DELIVERED,34,CLEAR,HIGH
748,2026-01-03 14:12:57,52.58,4,29,21,43.228576,-2.970004,DELIVERED,24,CLEAR,MEDIUM
749,2026-01-23 03:30:50,38.63,3,23,22,43.256534,-2.957615,DELIVERED,34,CLEAR,MEDIUM
750,2026-01-10 05:48:13,23.75,2,10,19,43.293753,-2.94514,DELIVERED,50,CLEAR,LOW
751,2026-01-17 13:41:22,75.41,4,29,23,43.257291,-2.952081,DELIVERED,10,CLEAR,HIGH
752,2026-01-26 15:45:09,12.14,1,27,12,43.279628,-2.955818,DELIVERED,22,CLEAR,LOW
753,2026-01-11 20:40:11,50.08,5,7,10,43.297965,-2.947409,DELIVERED,43,CLEAR,LOW
754,2026-01-02 05:41:33,48.23,4,17,22,43.232139,-2.940155,DELIVERED,5,CLEAR,MEDIUM
755,2026-01-14 02:42:51,55.3,4,21,17,43.272602,-2.906074,DELIVERED,32,CLEAR,LOW
756,2026-01-07 15:50:29,21.0,1,22,20,43.256542,-2.887427,DELIVERED,36,RAIN,LOW
757,2026-01-13 18:10:59,33.5,2,18,15,43.217125,-2.952078,DELIVERED,13,CLEAR,LOW
758,2026-01-16 16:20:55,28.76,3,18,20,43.220489,-2.962486,DELIVERED,26,CLEAR,HIGH
759,2026-01-04 15:35:21,82.57,6,19,12,43.219339,-2.932863,DELIVERED,11,CLEAR,LOW
760,2026-01-09 14:28:20,40.0,4,21,22,43.292711,-2.976911,DELIVERED,21,CLEAR,MEDIUM
761,2026-01-07 23:20:25,29.39,2,15,16,43.265956,-2.988368,DELIVERED,11,CLEAR,LOW
762,2026-01-09 10:58:29,19.65,2,12,10,43.253426,-2.914995,DELIVERED,37,CLEAR,LOW
763,2026-01-30 14:23:12,11.61,1,25,15,43.292365,-2.964119,DELIVERED,41,CLEAR,MEDIUM
764,2026-01-10 01:35:32,53.71,4,13,25,43.25322,-2.947708,DELIVERED,40,CLEAR,MEDIUM
765,2026-01-26 10:57:17,26.95,2,18,16,43.286779,-2.906888,DELIVERED,42,CLEAR,MEDIUM
766,2026-01-28 15:09:30,9.41,1,15,19,43.218256,-2.932406,DELIVERED,44,CLEAR,MEDIUM
767,2026-01-31 23:40:29,108.15,6,30,16,43.290152,-2.927015,DELIVERED,9,CLEAR,MEDIUM
768,2026-01-13 15:46:14,33.78,3,13,16,43.296863,-2.971096,DELIVERED,44,CLEAR,MEDIUM
769,2026-01-18 23:08:30,18.93,1,30,17,43.295626,-2.885547,DELIVERED,33,CLEAR,LOW
770,2026-01-11 21:13:11,65.15,6,20,20,43.216481,-2.968094,DELIVERED,20,CLEAR,HIGH
771,2026-01-02 19:54:45,24.35,2,17,15,43.22023,-2.966174,DELIVERED,24,CLEAR,LOW
772,2026-01-26 11:06:56,77.68,4,23,16,43.276976,-2.980415,DELIVERED,28,RAIN,LOW
773,2026-01-30 21:21:51,76.48,6,21,23,43.212978,-2.897083,DELIVERED,8,CLEAR,HIGH
774,2026-01-14 13:41:07,26.7,2,27,22,43.242196,-2.949992,DELIVERED,11,CLEAR,MEDIUM
775,2026-01-14 23:34:56,59.74,3,33,26,43.285101,-2.892926,DELIVERED,9,WIND,HIGH
776,2026-01-12 06:24:14,23.93,2,11,19,43.200557,-2.952608,DELIVERED,16,CLEAR,MEDIUM
777,2026-01-19 14:18:21,76.8,6,23,28,43.271936,-2.957806,DELIVERED,40,CLEAR,HIGH
778,2026-01-14 23:26:35,63.66,5,21,14,43.206292,-2.96798,DELIVERED,5,CLEAR,MEDIUM
779,2026-01-03 20:43:18,15.92,1,15,18,43.202423,-2.971843,DELIVERED,1,CLEAR,LOW
780,2026-01-16 13:48:57,61.03,5,26,22,43.251093,-2.904693,DELIVERED,24,CLEAR,HIGH
781,2026-01-20 01:17:25,85.75,6,23,17,43.219832,-2.903407,DELIVERED,12,CLEAR,LOW
782,2026-01-29 09:46:49,25.17,2,12,20,43.296415,-2.903171,DELIVERED,20,CLEAR,LOW
783,2026-01-13 22:49:09,89.06,6,22,24,43.201956,-2.953411,DELIVERED,32,CLEAR,HIGH
784,2026-01-06 15:42:27,61.51,5,21,29,43.205544,-2.962886,DELIVERED,29,RAIN,MEDIUM
785,2026-01-16 20:50:20,94.5,5,25,11,43.236431,-2.909788,DELIVERED,36,CLEAR,LOW
786,2026-01-23 14:27:56,93.55,5,38,30,43.22368,-2.931151,DELIVERED,33,CLEAR,HIGH
787,2026-01-28 20:35:11,15.63,1,16,21,43.214922,-2.926509,CANCELLED,30,CLEAR,MEDIUM
788,2026-01-23 19:42:08,48.92,5,13,13,43.211556,-2.972685,DELIVERED,44,CLEAR,MEDIUM
789,2026-01-07 18:41:11,79.06,6,16,12,43.204185,-2.922074,DELIVERED,39,CLEAR,LOW
790,2026-01-11 09:25:55,20.29,2,13,12,43.287687,-2.900761,DELIVERED,37,CLEAR,LOW
791,2026-01-07 12:51:36,42.73,4,21,19,43.283965,-2.982738,DELIVERED,19,CLEAR,MEDIUM
792,2026-01-28 14:46:54,112.21,6,38,18,43.242386,-2.950508,DELIVERED,9,CLEAR,HIGH
793,2026-01-08 13:57:06,8.3,1,23,20,43.261942,-2.941257,DELIVERED,31,CLEAR,HIGH
794,2026-01-29 16:20:47,23.2,2,8,15,43.295291,-2.972554,DELIVERED,15,CLEAR,LOW
795,2026-01-14 20:34:48,15.24,1,19,19,43.263984,-2.949458,DELIVERED,4,CLEAR,LOW
796,2026-01-17 21:29:12,40.73,2,29,24,43.255494,-2.905393,DELIVERED,28,WIND,MEDIUM
797,2026-01-05 20:56:52,16.34,1,27,18,43.272676,-2.949713,DELIVERED,18,CLEAR,LOW
798,2026-01-03 22:50:23,69.97,5,25,21,43.2813,-2.95835,DELIVERED,13,CLEAR,HIGH
799,2026-01-10 13:00:05,38.22,4,20,27,43.225376,-2.986735,DELIVERED,37,CLEAR,HIGH
800,2026-01-24 01:25:08,30.48,3,18,20,43.27551,-2.902539,DELIVERED,4,CLEAR,LOW
801,2026-01-13 05:58:12,88.15,6,22,11,43.256292,-2.913007,DELIVERED,48,CLEAR,LOW
802,2026-01-09 08:32:06,60.38,5,19,24,43.2395,-2.923328,DELIVERED,40,CLEAR,MEDIUM
803,2026-01-29 15:46:09,52.34,4,14,18,43.248496,-2.88522,DELIVERED,8,CLEAR,MEDIUM
804,2026-01-29 21:21:59,7.12,1,20,24,43.246727,-2.933287,CANCELLED,37,WIND,HIGH
805,2026-01-29 21:46:38,43.9,5,13,22,43.250822,-2.900315,DELIVERED,50,CLEAR,MEDIUM
806,2026-01-13 14:57:48,41.04,2,35,36,43.293251,-2.930699,DELIVERED,9,RAIN,HIGH
807,2026-01-16 13:03:28,34.68,2,32,27,43.25109,-2.935035,DELIVERED,6,RAIN,HIGH
808,2026-01-21 13:23:00,38.63,2,40,31,43.204313,-2.950989,CANCELLED,33,CLEAR,HIGH
809,2026-01-18 04:29:22,53.36,5,13,20,43.292623,-2.912779,DELIVERED,30,RAIN,MEDIUM
810,2026-01-27 13:03:58,67.09,5,17,19,43.233802,-2.947547,DELIVERED,17,CLEAR,MEDIUM
811,2026-01-27 12:57:55,90.13,5,28,23,43.213746,-2.961562,DELIVERED,33,WIND,MEDIUM
812,2026-01-22 14:39:56,46.71,4,21,21,43.299422,-2.962689,DELIVERED,5,CLEAR,HIGH
813,2026-01-13 01:40:10,39.66,3,18,10,43.236032,-2.884824,DELIVERED,17,CLEAR,LOW
814,2026-01-28 12:51:30,53.29,4,20,19,43.225869,-2.930794,DELIVERED,5,RAIN,LOW
815,2026-01-08 01:28:24,77.96,4,25,13,43.262255,-2.888897,DELIVERED,6,CLEAR,LOW
816,2026-01-30 22:14:14,27.57,2,27,24,43.231235,-2.891822,DELIVERED,40,CLEAR,HIGH
817,2026-01-03 09:26:21,22.47,2,18,26,43.238149,-2.913576,DELIVERED,40,RAIN,MEDIUM
818,2026-01-29 22:23:52,45.52,5,15,21,43.205581,-2.936594,DELIVERED,50,RAIN,MEDIUM
819,2026-01-07 14:19:10,40.01,3,26,23,43.241046,-2.954044,DELIVERED,38,CLEAR,MEDIUM
820,2026-01-22 12:14:39,64.14,5,24,25,43.260861,-2.943233,DELIVERED,2,CLEAR,HIGH
821,2026-01-03 15:08:19,35.4,3,11,20,43.285558,-2.976974,DELIVERED,41,CLEAR,LOW
822,2026-01-22 22:31:56,53.07,6,18,18,43.217688,-2.911994,DELIVERED,31,CLEAR,MEDIUM
823,2026-01-03 21:52:06,17.86,1,27,25,43.207913,-2.926438,DELIVERED,35,CLEAR,HIGH
824,2026-01-21 15:08:49,12.23,1,13,21,43.234572,-2.925238,DELIVERED,47,WIND,LOW
825,2026-01-27 21:34:55,22.11,2,18,14,43.287865,-2.950177,DELIVERED,41,CLEAR,MEDIUM
826,2026-01-21 20:05:51,42.92,3,19,13,43.20767,-2.974606,DELIVERED,42,CLEAR,LOW
827,2026-01-27 22:43:31,20.83,2,13,28,43.28267,-2.961958,DELIVERED,44,RAIN,HIGH
828,2026-01-01 13:45:56,75.72,6,28,33,43.206696,-2.943252,DELIVERED,45,RAIN,HIGH
829,2026-01-21 18:04:14,27.51,2,17,29,43.255247,-2.988287,DELIVERED,35,RAIN,MEDIUM
830,2026-01-06 23:41:35,52.31,5,13,19,43.242558,-2.925504,DELIVERED,30,CLEAR,LOW
831,2026-01-08 21:35:56,43.9,5,26,20,43.256658,-2.881825,DELIVERED,16,RAIN,MEDIUM
832,2026-01-06 21:07:21,11.02,1,20,22,43.204531,-2.986722,DELIVERED,8,CLEAR,MEDIUM
833,2026-01-01 13:03:13,20.31,2,27,26,43.264988,-2.919473,DELIVERED,19,CLEAR,HIGH
834,2026-01-29 13:53:13,14.18,1,20,19,43.281737,-2.959316,CANCELLED,44,CLEAR,MEDIUM
835,2026-01-04 14:50:13,15.35,1,25,17,43.26473,-2.889225,CANCELLED,45,CLEAR,HIGH
836,2026-01-14 16:46:41,64.54,5,24,14,43.246943,-2.932493,DELIVERED,29,CLEAR,LOW
837,2026-01-27 14:44:23,38.52,2,27,26,43.201543,-2.964251,DELIVERED,36,CLEAR,HIGH
838,2026-01-23 22:28:38,58.58,6,18,28,43.245353,-2.981471,DELIVERED,44,CLEAR,HIGH
839,2026-01-29 20:52:39,16.11,1,25,20,43.230273,-2.981347,DELIVERED,2,CLEAR,MEDIUM
840,2026-01-04 14:56:53,62.87,6,23,17,43.216272,-2.923653,DELIVERED,44,CLEAR,MEDIUM
841,2026-01-04 14:44:18,44.33,3,22,34,43.283501,-2.954914,DELIVERED,46,RAIN,HIGH
842,2026-01-07 20:54:04,46.14,4,22,19,43.270413,-2.952361,DELIVERED,24,RAIN,MEDIUM
843,2026-01-14 14:13:19,76.53,4,25,25,43.209009,-2.880695,DELIVERED,6,CLEAR,HIGH
844,2026-01-19 02:44:29,15.13,1,21,20,43.297472,-2.922854,DELIVERED,5,RAIN,HIGH
845,2026-01-21 17:57:40,76.9,6,17,22,43.219961,-2.986389,DELIVERED,3,CLEAR,HIGH
846,2026-01-01 17:08:00,30.23,3,16,27,43.2227,-2.918955,DELIVERED,31,WIND,MEDIUM
847,2026-01-29 21:25:57,14.67,1,23,24,43.281094,-2.980909,DELIVERED,31,CLEAR,HIGH
848,2026-01-20 13:51:26,19.77,1,37,21,43.288131,-2.963385,DELIVERED,12,CLEAR,MEDIUM
849,2026-01-21 20:07:55,65.01,5,18,21,43.296767,-2.955029,DELIVERED,38,CLEAR,MEDIUM
850,2026-01-04 21:16:42,24.6,2,23,22,43.232455,-2.985324,DELIVERED,26,CLEAR,MEDIUM
851,2026-01-30 03:09:13,11.7,1,12,24,43.280544,-2.912542,DELIVERED,15,WIND,HIGH
852,2026-01-09 14:23:30,47.87,4,36,27,43.289297,-2.916645,DELIVERED,2,RAIN,HIGH
853,2026-01-03 21:20:49,76.89,6,16,24,43.261764,-2.986481,DELIVERED,27,WIND,MEDIUM
854,2026-01-04 04:37:09,35.76,3,22,15,43.234821,-2.886854,CANCELLED,26,WIND,MEDIUM
855,2026-01-14 19:07:48,41.64,3,19,25,43.217426,-2.930001,DELIVERED,35,CLEAR,HIGH
856,2026-01-28 12:41:55,37.26,3,17,19,43.201305,-2.987886,DELIVERED,3,CLEAR,LOW
857,2026-01-27 12:59:34,53.16,4,23,22,43.212531,-2.892126,DELIVERED,29,CLEAR,MEDIUM
858,2026-01-01 23:53:50,55.26,4,18,13,43.234794,-2.988784,DELIVERED,32,CLEAR,MEDIUM
859,2026-01-19 23:44:16,34.49,4,11,20,43.270246,-2.97356,DELIVERED,7,CLEAR,LOW
860,2026-01-05 14:58:22,19.14,1,27,22,43.276431,-2.930488,CANCELLED,48,CLEAR,HIGH
861,2026-01-06 15:54:18,45.42,4,18,20,43.297528,-2.88967,DELIVERED,26,CLEAR,LOW
862,2026-01-12 15:56:02,14.96,1,27,16,43.29833,-2.892108,DELIVERED,12,RAIN,LOW
863,2026-01-08 20:51:47,48.6,5,9,11,43.260799,-2.917372,DELIVERED,49,CLEAR,LOW
864,2026-01-22 01:20:15,65.66,5,15,11,43.288072,-2.927413,DELIVERED,8,CLEAR,LOW
865,2026-01-05 13:44:48,16.19,1,29,38,43.206717,-2.8823,DELIVERED,34,RAIN,HIGH
866,2026-01-03 14:53:04,75.41,5,27,23,43.208868,-2.959338,CANCELLED,14,CLEAR,MEDIUM
867,2026-01-01 15:11:57,23.72,2,12,16,43.243891,-2.950491,DELIVERED,41,WIND,LOW
868,2026-01-29 21:04:28,50.68,4,30,24,43.202292,-2.972191,CANCELLED,29,CLEAR,HIGH
869,2026-01-30 12:30:33,63.95,5,21,16,43.296536,-2.930467,DELIVERED,11,RAIN,LOW
870,2026-01-28 13:10:21,12.45,1,27,21,43.275314,-2.891998,DELIVERED,13,CLEAR,MEDIUM
871,2026-01-08 10:13:29,74.65,4,31,14,43.203618,-2.883816,DELIVERED,33,CLEAR,LOW
872,2026-01-11 21:49:02,17.34,1,34,21,43.288206,-2.977078,DELIVERED,23,CLEAR,HIGH
873,2026-01-20 22:46:29,42.56,3,28,24,43.249299,-2.881504,DELIVERED,48,WIND,HIGH
874,2026-01-12 16:39:07,40.25,3,16,20,43.277836,-2.947056,DELIVERED,46,RAIN,LOW
875,2026-01-31 20:40:35,44.51,3,22,19,43.272813,-2.904539,DELIVERED,13,WIND,LOW
876,2026-01-14 14:38:23,45.58,3,31,23,43.281477,-2.96961,DELIVERED,12,CLEAR,MEDIUM
877,2026-01-12 15:04:17,38.71,2,27,17,43.293313,-2.958549,DELIVERED,18,CLEAR,MEDIUM
878,2026-01-06 15:33:01,28.62,3,16,18,43.296105,-2.915126,DELIVERED,21,CLEAR,MEDIUM
879,2026-01-06 22:07:09,34.96,3,30,19,43.236275,-2.883359,DELIVERED,34,WIND,MEDIUM
880,2026-01-13 14:38:39,58.9,6,16,36,43.241092,-2.952442,DELIVERED,44,RAIN,HIGH
881,2026-01-22 23:44:38,71.56,4,21,11,43.206195,-2.898984,DELIVERED,28,CLEAR,LOW
882,2026-01-27 01:39:42,34.37,3,17,17,43.217818,-2.975917,DELIVERED,24,CLEAR,MEDIUM
883,2026-01-10 11:02:13,63.54,5,23,25,43.280612,-2.913646,DELIVERED,2,CLEAR,HIGH
884,2026-01-06 21:42:04,40.2,3,17,22,43.263117,-2.93669,DELIVERED,40,CLEAR,MEDIUM
885,2026-01-30 21:37:55,60.91,5,27,18,43.242323,-2.980418,DELIVERED,34,CLEAR,MEDIUM
886,2026-01-19 21:19:21,64.6,5,15,23,43.209978,-2.919071,DELIVERED,8,RAIN,HIGH
887,2026-01-24 22:22:51,42.27,4,22,28,43.226266,-2.974034,DELIVERED,41,WIND,HIGH
888,2026-01-25 16:16:49,45.77,5,15,26,43.2665,-2.914614,DELIVERED,7,CLEAR,HIGH
889,2026-01-20 15:53:27,70.97,5,23,19,43.263543,-2.910573,DELIVERED,12,WIND,LOW
890,2026-01-06 13:40:55,70.84,4,31,28,43.285677,-2.885524,DELIVERED,18,CLEAR,HIGH
891,2026-01-08 05:00:42,10.21,1,7,18,43.266397,-2.964784,DELIVERED,43,CLEAR,LOW
892,2026-01-13 23:51:21,52.14,6,13,11,43.237598,-2.881676,DELIVERED,37,CLEAR,LOW
893,2026-01-03 22:08:09,33.81,2,22,16,43.272896,-2.980121,DELIVERED,1,CLEAR,MEDIUM
894,2026-01-09 23:58:36,57.67,4,18,19,43.253477,-2.937733,DELIVERED,42,CLEAR,LOW
895,2026-01-15 23:44:24,13.47,1,16,18,43.278564,-2.919937,DELIVERED,39,CLEAR,LOW
896,2026-01-29 10:50:54,41.95,3,27,20,43.292166,-2.937207,DELIVERED,2,CLEAR,LOW
897,2026-01-15 20:42:51,37.58,4,10,14,43.208903,-2.900216,DELIVERED,43,CLEAR,LOW
898,2026-01-02 15:21:01,12.52,1,24,17,43.258886,-2.947527,DELIVERED,22,CLEAR,LOW
899,2026-01-22 10:14:39,53.57,5,12,15,43.269472,-2.924708,DELIVERED,41,CLEAR,LOW
900,2026-01-15 22:08:13,41.42,3,25,26,43.294475,-2.961567,DELIVERED,5,CLEAR,HIGH
901,2026-01-13 19:20:33,53.37,6,9,22,43.260544,-2.937527,DELIVERED,49,RAIN,MEDIUM
902,2026-01-26 21:11:53,59.99,5,21,29,43.217334,-2.895354,CANCELLED,34,RAIN,MEDIUM
903,2026-01-14 22:27:19,38.06,3,21,17,43.230177,-2.927665,CANCELLED,27,CLEAR,HIGH
904,2026-01-18 06:30:13,9.67,1,10,20,43.258235,-2.92092,DELIVERED,50,CLEAR,MEDIUM
905,2026-01-30 14:06:00,35.51,3,28,30,43.222282,-2.930376,CANCELLED,5,RAIN,HIGH
906,2026-01-07 14:08:20,18.12,2,16,14,43.245076,-2.926261,DELIVERED,16,CLEAR,MEDIUM
907,2026-01-02 14:03:45,41.55,3,24,30,43.265382,-2.91887,DELIVERED,42,RAIN,HIGH
908,2026-01-23 14:42:54,35.24,3,26,13,43.255908,-2.886125,DELIVERED,3,CLEAR,MEDIUM
909,2026-01-12 08:21:55,22.86,2,24,13,43.219727,-2.945088,CANCELLED,2,CLEAR,MEDIUM
910,2026-01-01 12:28:24,36.78,2,27,22,43.264175,-2.966833,DELIVERED,28,RAIN,MEDIUM
911,2026-01-11 12:34:21,16.54,1,33,19,43.279716,-2.8891,DELIVERED,9,CLEAR,LOW
912,2026-01-19 02:55:33,45.06,4,15,16,43.269098,-2.954677,DELIVERED,47,WIND,LOW
913,2026-01-17 15:54:21,47.06,5,13,12,43.248547,-2.921008,DELIVERED,49,CLEAR,LOW
914,2026-01-10 01:03:47,19.66,1,23,13,43.298252,-2.929192,DELIVERED,6,WIND,LOW
915,2026-01-24 12:45:10,72.82,6,18,27,43.231834,-2.892568,DELIVERED,3,WIND,MEDIUM
916,2026-01-09 12:28:32,58.46,4,17,16,43.228926,-2.974122,DELIVERED,32,RAIN,LOW
917,2026-01-16 13:24:45,70.66,5,16,35,43.22899,-2.956775,DELIVERED,17,RAIN,HIGH
918,2026-01-17 01:10:10,10.99,1,15,24,43.207137,-2.90573,DELIVERED,30,RAIN,LOW
919,2026-01-01 20:25:54,32.84,3,16,20,43.272513,-2.972657,DELIVERED,26,CLEAR,LOW
920,2026-01-20 22:16:55,93.61,5,28,23,43.27202,-2.973041,DELIVERED,10,CLEAR,HIGH
921,2026-01-09 17:34:54,16.11,1,22,20,43.20971,-2.967476,DELIVERED,25,CLEAR,LOW
922,2026-01-02 23:07:29,49.84,5,8,24,43.215184,-2.885527,DELIVERED,37,RAIN,LOW
923,2026-01-01 09:49:43,15.3,1,19,14,43.275008,-2.897911,DELIVERED,38,CLEAR,LOW
924,2026-01-09 14:59:25,71.96,4,35,27,43.294573,-2.946077,DELIVERED,33,CLEAR,HIGH
925,2026-01-11 13:39:08,15.49,1,29,18,43.230564,-2.982964,DELIVERED,12,CLEAR,HIGH
926,2026-01-06 10:23:32,50.71,4,17,23,43.252685,-2.918314,DELIVERED,40,CLEAR,MEDIUM
927,2026-01-01 23:11:16,75.96,4,26,12,43.293625,-2.90772,CANCELLED,28,CLEAR,MEDIUM
928,2026-01-30 21:37:38,46.61,5,20,24,43.285779,-2.970496,DELIVERED,50,RAIN,MEDIUM
929,2026-01-10 21:29:54,36.69,4,21,22,43.243405,-2.956483,DELIVERED,31,WIND,MEDIUM
930,2026-01-08 14:44:41,62.32,6,18,18,43.260009,-2.895825,DELIVERED,15,CLEAR,MEDIUM
931,2026-01-01 23:03:03,37.38,4,17,18,43.289885,-2.930795,CANCELLED,31,CLEAR,MEDIUM
932,2026-01-20 21:23:42,109.35,6,37,29,43.266074,-2.970399,DELIVERED,33,CLEAR,HIGH
933,2026-01-05 13:45:06,26.52,2,29,22,43.267116,-2.92089,DELIVERED,29,CLEAR,HIGH
934,2026-01-30 12:10:22,109.3,6,31,16,43.257409,-2.946401,DELIVERED,18,CLEAR,MEDIUM
935,2026-01-29 21:33:43,63.48,6,23,24,43.250906,-2.9017,CANCELLED,44,CLEAR,HIGH
936,2026-01-31 13:54:09,58.85,6,26,29,43.229002,-2.988914,CANCELLED,26,CLEAR,HIGH
937,2026-01-09 07:06:52,22.31,2,17,24,43.206121,-2.897615,DELIVERED,3,CLEAR,HIGH
938,2026-01-02 23:56:31,62.95,6,15,25,43.241599,-2.894796,DELIVERED,20,RAIN,MEDIUM
939,2026-01-03 07:02:32,75.43,6,14,19,43.277855,-2.950852,DELIVERED,3,CLEAR,LOW
940,2026-01-15 05:07:04,67.33,5,18,14,43.256948,-2.934708,DELIVERED,17,CLEAR,LOW
941,2026-01-08 20:44:18,12.63,1,15,13,43.291893,-2.956668,DELIVERED,42,CLEAR,MEDIUM
942,2026-01-02 20:59:41,20.89,2,10,24,43.242547,-2.970391,DELIVERED,50,CLEAR,HIGH
943,2026-01-15 22:02:02,42.61,3,27,28,43.209639,-2.89935,DELIVERED,25,CLEAR,HIGH
944,2026-01-14 22:55:35,40.89,2,35,21,43.212773,-2.969668,DELIVERED,23,CLEAR,HIGH
945,2026-01-23 22:16:15,55.96,6,17,29,43.224638,-2.951884,DELIVERED,50,CLEAR,HIGH
946,2026-01-27 21:37:27,74.73,5,32,16,43.250236,-2.936182,DELIVERED,12,CLEAR,MEDIUM
947,2026-01-30 02:13:09,52.12,4,25,13,43.214115,-2.94178,DELIVERED,29,CLEAR,LOW
948,2026-01-23 09:23:17,40.68,3,18,34,43.233337,-2.936284,DELIVERED,38,RAIN,HIGH
949,2026-01-09 20:18:05,59.4,5,18,11,43.217409,-2.930236,DELIVERED,3,CLEAR,LOW
950,2026-01-27 22:26:57,55.56,6,24,18,43.272894,-2.936911,DELIVERED,21,CLEAR,MEDIUM
951,2026-01-25 02:32:20,38.74,4,15,31,43.281363,-2.974979,DELIVERED,31,RAIN,HIGH
952,2026-01-21 20:59:59,16.32,1,28,12,43.259558,-2.952569,CANCELLED,22,CLEAR,MEDIUM
953,2026-01-08 22:45:15,90.32,5,26,28,43.273612,-2.933394,DELIVERED,6,CLEAR,HIGH
954,2026-01-29 18:07:16,21.85,1,23,22,43.229924,-2.930551,DELIVERED,10,CLEAR,MEDIUM
955,2026-01-06 02:06:49,22.02,2,18,16,43.211408,-2.980989,DELIVERED,47,CLEAR,LOW
956,2026-01-27 03:42:47,63.9,5,27,23,43.244529,-2.92652,DELIVERED,22,CLEAR,MEDIUM
957,2026-01-19 03:21:20,25.17,3,12,21,43.266894,-2.968533,DELIVERED,43,RAIN,LOW
958,2026-01-06 21:36:06,49.86,5,22,17,43.231515,-2.976661,DELIVERED,16,CLEAR,MEDIUM
959,2026-01-15 12:45:09,25.46,2,16,27,43.275753,-2.974615,DELIVERED,30,CLEAR,HIGH
960,2026-01-17 22:14:25,51.94,4,23,14,43.297543,-2.882577,DELIVERED,39,CLEAR,MEDIUM
961,2026-01-12 22:58:20,49.9,4,32,21,43.22461,-2.884783,DELIVERED,22,RAIN,MEDIUM
962,2026-01-23 21:22:48,11.37,1,25,28,43.229499,-2.932664,DELIVERED,30,RAIN,HIGH
963,2026-01-21 00:15:28,50.59,5,15,17,43.281814,-2.888905,DELIVERED,7,WIND,LOW
964,2026-01-07 00:58:58,50.84,5,7,14,43.24197,-2.943556,DELIVERED,43,CLEAR,LOW
965,2026-01-28 22:19:29,52.05,4,22,22,43.253658,-2.895598,DELIVERED,3,CLEAR,MEDIUM
966,2026-01-18 00:29:03,28.3,2,17,21,43.288827,-2.98766,DELIVERED,46,RAIN,MEDIUM
967,2026-01-25 14:59:50,77.69,4,26,22,43.24749,-2.988468,DELIVERED,36,CLEAR,HIGH
968,2026-01-17 22:44:19,39.02,4,20,19,43.206782,-2.896788,DELIVERED,41,WIND,MEDIUM
969,2026-01-07 12:03:49,30.52,3,13,19,43.227211,-2.927847,DELIVERED,49,CLEAR,LOW
970,2026-01-04 15:42:41,57.07,6,13,12,43.254399,-2.938782,DELIVERED,31,CLEAR,LOW
971,2026-01-28 21:09:00,32.74,2,34,20,43.283238,-2.913671,CANCELLED,12,CLEAR,HIGH
972,2026-01-31 04:30:57,45.5,3,17,10,43.214931,-2.946071,DELIVERED,13,CLEAR,LOW
973,2026-01-02 16:57:01,27.77,2,23,23,43.295844,-2.925827,DELIVERED,22,CLEAR,MEDIUM
974,2026-01-03 21:49:35,23.73,2,21,23,43.218951,-2.904344,DELIVERED,16,CLEAR,HIGH
975,2026-01-06 19:45:08,39.23,3,15,20,43.254716,-2.880791,DELIVERED,17,RAIN,MEDIUM
976,2026-01-12 21:18:14,40.29,2,25,22,43.20154,-2.952345,DELIVERED,10,RAIN,MEDIUM
977,2026-01-04 23:51:56,60.44,6,18,27,43.20226,-2.915816,DELIVERED,47,RAIN,MEDIUM
978,2026-01-16 07:56:27,74.82,4,29,20,43.267713,-2.960262,DELIVERED,9,CLEAR,MEDIUM
979,2026-01-19 13:22:15,14.64,1,18,17,43.24046,-2.906681,DELIVERED,7,CLEAR,MEDIUM
980,2026-01-25 22:29:53,41.26,2,38,23,43.251117,-2.964621,DELIVERED,9,CLEAR,HIGH
981,2026-01-02 13:53:56,58.35,5,22,26,43.262533,-2.898303,DELIVERED,40,CLEAR,HIGH
982,2026-01-02 21:31:22,26.55,2,19,23,43.216817,-2.880234,DELIVERED,8,CLEAR,HIGH
983,2026-01-11 13:45:36,16.35,1,37,24,43.261219,-2.989631,DELIVERED,2,CLEAR,HIGH
984,2026-01-30 23:45:40,72.35,5,20,19,43.299997,-2.947264,DELIVERED,1,RAIN,LOW
985,2026-01-29 14:48:05,18.77,2,22,19,43.252339,-2.980632,DELIVERED,44,CLEAR,MEDIUM
986,2026-01-18 22:21:32,64.44,5,27,24,43.284786,-2.988676,DELIVERED,22,CLEAR,HIGH
987,2026-01-12 14:39:26,15.6,1,21,24,43.227334,-2.945514,DELIVERED,27,CLEAR,HIGH
988,2026-01-05 15:15:16,58.48,3,32,28,43.213777,-2.965526,DELIVERED,9,RAIN,MEDIUM
989,2026-01-19 23:38:36,36.1,3,20,12,43.278967,-2.950564,DELIVERED,34,CLEAR,LOW
990,2026-01-23 01:27:13,14.17,1,17,18,43.210718,-2.977219,DELIVERED,19,CLEAR,LOW
991,2026-01-14 22:13:17,12.81,1,20,26,43.208525,-2.928229,CANCELLED,26,RAIN,MEDIUM
992,2026-01-09 12:47:59,91.42,5,29,22,43.226449,-2.931441,DELIVERED,9,RAIN,HIGH
993,2026-01-21 20:16:03,21.84,2,19,23,43.297065,-2.956399,DELIVERED,21,WIND,MEDIUM
994,2026-01-15 13:20:44,10.05,1,32,19,43.225947,-2.951531,DELIVERED,2,CLEAR,MEDIUM
995,2026-01-26 23:02:17,10.67,1,14,23,43.250939,-2.896797,DELIVERED,21,RAIN,LOW
996,2026-01-04 21:48:43,11.29,1,23,28,43.230134,-2.973987,DELIVERED,38,CLEAR,HIGH
997,2026-01-15 21:57:31,55.21,4,29,24,43.235628,-2.950739,DELIVERED,48,CLEAR,HIGH
998,2026-01-05 21:45:40,46.64,4,24,26,43.222535,-2.915511,DELIVERED,40,RAIN,HIGH
999,2026-01-01 21:18:19,8.29,1,19,19,43.218649,-2.895049,DELIVERED,7,WIND,MEDIUM
1000,2026-01-26 15:02:21,39.13,4,15,18,43.220264,-2.983127,DELIVERED,16,CLEAR,MEDIUM
1001,2026-01-03 09:40:12,23.35,1,30,14,43.268986,-2.907771,DELIVERED,18,WIND,LOW
1002,2026-01-13 13:01:24,43.57,3,23,25,43.29582,-2.95252,CANCELLED,42,RAIN,HIGH
1003,2026-01-23 17:11:57,15.1,1,16,24,43.215463,-2.891687,DELIVERED,27,CLEAR,MEDIUM
1004,2026-01-24 13:15:28,14.91,1,13,24,43.272279,-2.929605,CANCELLED,15,CLEAR,HIGH
1005,2026-01-02 12:40:27,43.39,3,14,13,43.296401,-2.97215,DELIVERED,42,CLEAR,LOW
1006,2026-01-19 13:33:33,31.11,3,21,20,43.211839,-2.926413,DELIVERED,30,CLEAR,HIGH
1007,2026-01-07 21:29:08,60.39,6,26,17,43.200965,-2.968261,DELIVERED,4,CLEAR,HIGH
1008,2026-01-08 14:22:59,86.31,6,27,26,43.202359,-2.956843,CANCELLED,14,RAIN,MEDIUM
1009,2026-01-12 02:22:36,30.76,3,16,23,43.240428,-2.902639,DELIVERED,7,WIND,LOW
1010,2026-01-05 09:41:27,9.21,1,16,25,43.282026,-2.925627,DELIVERED,21,RAIN,MEDIUM
1011,2026-01-16 13:56:08,27.59,2,22,14,43.237212,-2.928093,DELIVERED,8,CLEAR,MEDIUM
1012,2026-01-08 12:18:49,11.69,1,12,23,43.229272,-2.906578,DELIVERED,41,RAIN,MEDIUM
1013,2026-01-22 10:26:05,18.98,2,13,14,43.248068,-2.88056,DELIVERED,30,CLEAR,LOW
1014,2026-01-03 23:18:17,40.13,3,17,17,43.20729,-2.956811,DELIVERED,32,CLEAR,LOW
1015,2026-01-22 21:17:58,37.43,3,22,33,43.214382,-2.885985,DELIVERED,34,WIND,HIGH
1016,2026-01-30 11:39:02,59.35,6,11,16,43.223376,-2.983671,DELIVERED,43,CLEAR,LOW
1017,2026-01-13 14:34:55,76.18,6,32,28,43.295699,-2.953989,DELIVERED,2,CLEAR,HIGH
1018,2026-01-16 14:46:17,61.71,6,29,23,43.285054,-2.925463,DELIVERED,4,CLEAR,HIGH
1019,2026-01-26 13:57:47,60.7,4,32,18,43.217544,-2.919219,DELIVERED,12,CLEAR,HIGH
1020,2026-01-27 20:49:35,29.64,2,17,19,43.218018,-2.944547,CANCELLED,24,WIND,MEDIUM
1021,2026-01-09 22:49:25,74.37,4,37,26,43.280622,-2.981158,DELIVERED,18,RAIN,MEDIUM
1022,2026-01-17 14:57:49,37.31,3,22,18,43.222388,-2.977555,DELIVERED,3,CLEAR,MEDIUM
1023,2026-01-22 12:49:58,47.5,5,16,16,43.23251,-2.983305,DELIVERED,16,CLEAR,LOW
1024,2026-01-24 22:41:06,37.1,2,24,23,43.243045,-2.943824,DELIVERED,6,RAIN,MEDIUM
1025,2026-01-27 12:17:21,60.03,4,20,21,43.266511,-2.88854,DELIVERED,1,RAIN,HIGH
1026,2026-01-12 13:31:08,56.68,3,33,22,43.217331,-2.884686,DELIVERED,18,CLEAR,HIGH
1027,2026-01-03 21:10:55,24.37,2,20,22,43.220815,-2.968699,DELIVERED,47,WIND,MEDIUM
1028,2026-01-12 22:56:54,67.3,5,23,14,43.278866,-2.907208,DELIVERED,11,CLEAR,MEDIUM
1029,2026-01-07 21:17:13,47.83,4,18,31,43.290239,-2.955305,DELIVERED,40,CLEAR,HIGH
1030,2026-01-18 05:10:08,25.8,3,15,15,43.284132,-2.933083,DELIVERED,7,CLEAR,MEDIUM
1031,2026-01-31 22:59:14,53.93,5,21,21,43.225437,-2.902232,DELIVERED,30,WIND,HIGH
1032,2026-01-28 21:26:07,33.89,2,32,27,43.216593,-2.9386,DELIVERED,14,RAIN,HIGH
1033,2026-01-16 13:34:17,50.14,4,25,25,43.25845,-2.971489,DELIVERED,46,CLEAR,HIGH
1034,2026-01-19 02:50:49,51.47,4,18,10,43.253328,-2.951206,DELIVERED,38,CLEAR,LOW
1035,2026-01-15 13:22:49,77.05,4,27,23,43.279292,-2.962975,DELIVERED,36,CLEAR,HIGH
1036,2026-01-28 20:03:24,15.16,1,20,19,43.23985,-2.96115,DELIVERED,1,CLEAR,MEDIUM
1037,2026-01-21 21:20:44,46.15,4,20,25,43.224561,-2.906068,DELIVERED,5,RAIN,HIGH
1038,2026-01-23 12:13:36,24.37,2,16,18,43.248585,-2.9859,DELIVERED,38,CLEAR,LOW
1039,2026-01-19 23:27:27,63.12,5,16,20,43.227138,-2.980086,DELIVERED,46,RAIN,LOW
1040,2026-01-06 13:35:44,37.48,3,20,16,43.289993,-2.958352,DELIVERED,40,CLEAR,MEDIUM
1041,2026-01-02 12:52:13,23.44,2,15,23,43.285835,-2.97899,DELIVERED,45,RAIN,MEDIUM
1042,2026-01-15 13:16:07,24.46,2,27,16,43.226867,-2.942876,DELIVERED,3,CLEAR,MEDIUM
1043,2026-01-01 12:33:35,54.74,5,17,16,43.204146,-2.914296,DELIVERED,19,CLEAR,LOW
1044,2026-01-13 22:10:09,19.0,1,27,21,43.239081,-2.959362,DELIVERED,1,CLEAR,MEDIUM
1045,2026-01-02 13:52:00,41.42,4,20,25,43.22936,-2.939883,DELIVERED,15,CLEAR,MEDIUM
1046,2026-01-19 05:06:44,36.81,4,11,30,43.287684,-2.906948,DELIVERED,49,RAIN,HIGH
1047,2026-01-28 17:33:30,19.34,2,22,17,43.230807,-2.985489,DELIVERED,4,CLEAR,HIGH
1048,2026-01-18 15:19:22,21.65,1,24,14,43.259214,-2.962979,DELIVERED,28,CLEAR,LOW
1049,2026-01-07 14:01:52,61.29,4,35,21,43.25119,-2.934111,CANCELLED,12,CLEAR,HIGH
1050,2026-01-10 22:05:07,82.78,6,31,22,43.231491,-2.880632,DELIVERED,11,CLEAR,HIGH
1051,2026-01-31 21:55:35,34.47,2,41,28,43.244278,-2.945215,DELIVERED,9,RAIN,HIGH
1052,2026-01-08 21:44:41,12.64,1,15,30,43.293049,-2.936041,DELIVERED,44,CLEAR,HIGH
1053,2026-01-15 22:48:01,51.65,4,26,14,43.230249,-2.881148,DELIVERED,11,CLEAR,MEDIUM
1054,2026-01-25 21:15:24,111.58,6,37,36,43.247148,-2.895396,DELIVERED,18,RAIN,HIGH
1055,2026-01-06 12:42:01,70.22,5,13,16,43.22526,-2.905036,DELIVERED,42,CLEAR,MEDIUM
1056,2026-01-16 22:48:32,14.79,1,30,24,43.287984,-2.967605,CANCELLED,29,CLEAR,MEDIUM
1057,2026-01-20 12:29:36,68.21,5,21,22,43.203019,-2.896428,DELIVERED,11,WIND,MEDIUM
1058,2026-01-05 07:28:46,10.9,1,18,18,43.247225,-2.94689,DELIVERED,35,CLEAR,MEDIUM
1059,2026-01-23 03:36:56,21.38,2,10,18,43.280307,-2.948037,DELIVERED,49,WIND,LOW
1060,2026-01-04 22:37:53,87.26,6,25,28,43.259667,-2.925588,DELIVERED,48,CLEAR,HIGH
1061,2026-01-13 01:41:28,58.53,3,24,10,43.237672,-2.906285,DELIVERED,36,CLEAR,LOW
1062,2026-01-15 23:14:26,38.01,2,28,18,43.278977,-2.904323,DELIVERED,23,CLEAR,LOW
1063,2026-01-18 22:25:38,57.69,4,24,19,43.246359,-2.904699,DELIVERED,46,CLEAR,HIGH
1064,2026-01-20 22:32:02,23.73,1,40,19,43.237696,-2.881621,DELIVERED,9,CLEAR,HIGH
1065,2026-01-27 14:39:16,46.2,5,27,34,43.291636,-2.942279,DELIVERED,21,RAIN,HIGH
1066,2026-01-12 23:47:54,74.12,5,16,12,43.240245,-2.986774,DELIVERED,13,CLEAR,LOW
1067,2026-01-28 09:08:03,12.6,1,12,12,43.284362,-2.938291,DELIVERED,20,CLEAR,LOW
1068,2026-01-19 15:05:40,89.27,6,20,22,43.218265,-2.952948,DELIVERED,48,WIND,LOW
1069,2026-01-18 23:06:22,17.97,1,27,22,43.293645,-2.942633,DELIVERED,9,CLEAR,MEDIUM
1070,2026-01-15 22:05:34,76.58,6,22,24,43.209693,-2.984299,DELIVERED,8,CLEAR,MEDIUM
1071,2026-01-09 05:32:58,20.6,1,33,12,43.214661,-2.953312,DELIVERED,23,CLEAR,LOW
1072,2026-01-24 12:13:34,14.48,1,16,18,43.228661,-2.923017,DELIVERED,30,CLEAR,MEDIUM
1073,2026-01-22 13:13:03,48.52,4,17,32,43.275706,-2.982158,CANCELLED,35,RAIN,HIGH
1074,2026-01-04 13:29:15,93.94,5,37,20,43.271831,-2.921893,DELIVERED,23,CLEAR,MEDIUM
1075,2026-01-23 22:50:45,14.41,1,28,23,43.227629,-2.987979,DELIVERED,19,CLEAR,HIGH
1076,2026-01-27 12:03:23,91.06,5,25,12,43.273842,-2.98561,DELIVERED,6,CLEAR,LOW
1077,2026-01-26 22:21:45,72.7,4,29,27,43.286695,-2.910539,DELIVERED,10,CLEAR,HIGH
1078,2026-01-10 17:07:07,74.8,5,20,20,43.284043,-2.936388,DELIVERED,13,WIND,LOW
1079,2026-01-30 20:40:57,64.93,6,12,18,43.291047,-2.900817,DELIVERED,47,CLEAR,HIGH
1080,2026-01-17 15:31:09,22.75,2,19,10,43.245482,-2.914788,DELIVERED,26,CLEAR,LOW
1081,2026-01-14 12:29:40,62.25,6,17,15,43.275072,-2.95818,DELIVERED,47,WIND,LOW
1082,2026-01-28 23:20:33,45.99,3,14,18,43.212974,-2.936522,DELIVERED,1,CLEAR,LOW
1083,2026-01-03 12:23:26,46.07,4,14,12,43.28871,-2.98035,DELIVERED,3,CLEAR,LOW
1084,2026-01-06 20:36:21,69.32,5,27,13,43.214316,-2.975122,DELIVERED,14,CLEAR,LOW
1085,2026-01-28 14:15:41,42.19,3,26,12,43.253345,-2.98527,DELIVERED,39,CLEAR,MEDIUM
1086,2026-01-31 14:11:41,23.7,1,36,22,43.212436,-2.988208,DELIVERED,9,CLEAR,HIGH
1087,2026-01-19 21:33:19,94.76,5,42,25,43.216787,-2.902638,DELIVERED,23,CLEAR,HIGH
1088,2026-01-30 22:18:38,59.76,6,20,19,43.242306,-2.940759,DELIVERED,21,CLEAR,MEDIUM
1089,2026-01-20 17:08:47,44.03,3,16,17,43.26809,-2.982536,DELIVERED,13,RAIN,LOW
1090,2026-01-05 13:23:20,30.99,3,24,20,43.259073,-2.956165,DELIVERED,4,CLEAR,HIGH
1091,2026-01-21 20:37:10,68.71,5,14,19,43.295485,-2.948832,DELIVERED,8,CLEAR,MEDIUM
1092,2026-01-08 23:00:24,52.8,4,18,19,43.22127,-2.914913,DELIVERED,24,CLEAR,LOW
1093,2026-01-13 12:55:35,17.79,2,16,18,43.22383,-2.96994,CANCELLED,31,CLEAR,MEDIUM
1094,2026-01-30 12:29:49,38.67,4,16,14,43.212684,-2.94721,DELIVERED,44,CLEAR,LOW
1095,2026-01-30 13:56:46,68.03,5,31,20,43.218431,-2.90658,DELIVERED,13,WIND,MEDIUM
1096,2026-01-25 13:48:11,49.83,4,30,13,43.205236,-2.94837,DELIVERED,3,CLEAR,MEDIUM
1097,2026-01-14 23:09:10,75.82,6,15,21,43.2648,-2.942224,CANCELLED,3,CLEAR,MEDIUM
1098,2026-01-12 21:34:26,74.78,5,31,23,43.228272,-2.94074,DELIVERED,13,CLEAR,HIGH
1099,2026-01-25 13:37:58,78.51,6,29,22,43.241695,-2.894037,DELIVERED,38,CLEAR,MEDIUM
1100,2026-01-05 22:10:25,83.04,6,25,32,43.232954,-2.958285,DELIVERED,11,CLEAR,HIGH
1101,2026-01-08 22:18:55,70.43,5,26,27,43.271513,-2.907882,DELIVERED,13,WIND,HIGH
1102,2026-01-24 10:49:39,46.1,5,7,18,43.219993,-2.910433,DELIVERED,43,WIND,LOW
1103,2026-01-28 21:52:13,74.12,4,42,27,43.279678,-2.968792,DELIVERED,18,CLEAR,HIGH
1104,2026-01-22 14:11:57,12.59,1,26,20,43.200741,-2.943944,DELIVERED,26,CLEAR,HIGH
1105,2026-01-25 14:11:37,59.58,3,37,24,43.29912,-2.971064,DELIVERED,18,CLEAR,HIGH
1106,2026-01-01 07:58:45,49.32,4,22,16,43.235741,-2.94438,DELIVERED,34,CLEAR,MEDIUM
1107,2026-01-13 14:56:09,88.04,5,37,23,43.253441,-2.943162,DELIVERED,33,CLEAR,HIGH
1108,2026-01-22 23:21:30,36.39,4,13,15,43.241121,-2.970931,DELIVERED,16,CLEAR,MEDIUM
1109,2026-01-11 20:12:30,42.34,3,16,26,43.282367,-2.937681,DELIVERED,39,RAIN,LOW
1110,2026-01-19 21:29:53,13.71,1,29,25,43.297368,-2.988442,DELIVERED,34,CLEAR,HIGH
1111,2026-01-27 15:03:24,36.01,4,8,22,43.296945,-2.951085,DELIVERED,43,CLEAR,MEDIUM
1112,2026-01-12 00:53:27,58.26,4,21,15,43.295567,-2.977495,DELIVERED,48,CLEAR,LOW
1113,2026-01-10 18:43:32,76.29,6,22,20,43.242028,-2.963084,DELIVERED,34,CLEAR,MEDIUM
1114,2026-01-14 14:09:59,50.79,4,19,19,43.284342,-2.9665,DELIVERED,27,CLEAR,HIGH
1115,2026-01-28 19:50:12,56.4,4,18,20,43.205563,-2.892257,DELIVERED,46,CLEAR,LOW
1116,2026-01-22 14:39:38,32.91,3,22,28,43.251419,-2.951198,DELIVERED,21,CLEAR,HIGH
1117,2026-01-20 22:52:43,25.19,2,30,30,43.293565,-2.903501,DELIVERED,2,WIND,HIGH
1118,2026-01-27 13:05:41,55.1,6,17,35,43.202655,-2.898973,DELIVERED,37,RAIN,HIGH
1119,2026-01-29 22:22:45,14.85,1,17,19,43.290529,-2.933748,DELIVERED,8,CLEAR,MEDIUM
1120,2026-01-16 22:02:07,52.92,4,22,33,43.248684,-2.964026,CANCELLED,40,RAIN,HIGH
1121,2026-01-31 16:28:47,27.86,3,12,21,43.26035,-2.893511,DELIVERED,50,CLEAR,HIGH
1122,2026-01-14 14:24:22,28.84,3,17,24,43.26514,-2.912828,DELIVERED,20,WIND,HIGH
1123,2026-01-10 15:12:48,16.55,1,26,20,43.258278,-2.94183,DELIVERED,29,CLEAR,MEDIUM
1124,2026-01-07 21:35:09,60.34,6,23,31,43.291498,-2.881136,DELIVERED,20,CLEAR,HIGH
1125,2026-01-12 08:04:19,48.3,5,20,17,43.292177,-2.917192,DELIVERED,26,RAIN,LOW
1126,2026-01-15 13:37:31,45.91,3,28,24,43.202397,-2.938678,DELIVERED,48,CLEAR,MEDIUM
1127,2026-01-06 22:31:36,48.66,5,26,16,43.244195,-2.952966,DELIVERED,41,CLEAR,MEDIUM
1128,2026-01-05 13:34:06,23.13,1,25,26,43.247951,-2.913104,DELIVERED,36,CLEAR,HIGH
1129,2026-01-14 23:18:47,92.29,5,29,28,43.202867,-2.973328,DELIVERED,9,RAIN,MEDIUM
1130,2026-01-10 02:03:45,58.8,4,19,16,43.295255,-2.989835,DELIVERED,13,CLEAR,LOW
1131,2026-01-02 13:21:58,36.15,2,34,18,43.297195,-2.92909,DELIVERED,9,CLEAR,HIGH
1132,2026-01-01 18:48:38,60.44,5,26,16,43.229377,-2.922154,DELIVERED,29,CLEAR,LOW
1133,2026-01-18 00:19:03,40.46,4,16,18,43.238373,-2.936142,DELIVERED,20,WIND,LOW
1134,2026-01-28 13:18:55,32.15,3,21,30,43.248597,-2.941746,DELIVERED,49,RAIN,HIGH
1135,2026-01-03 04:24:24,58.41,3,21,11,43.297877,-2.898508,DELIVERED,36,CLEAR,LOW
1136,2026-01-18 12:49:30,61.86,6,16,13,43.209279,-2.961321,DELIVERED,47,CLEAR,LOW
1137,2026-01-11 08:55:39,12.28,1,18,22,43.251383,-2.984306,DELIVERED,45,CLEAR,MEDIUM
1138,2026-01-12 19:21:31,68.52,5,22,16,43.241255,-2.920556,DELIVERED,14,CLEAR,LOW
1139,2026-01-05 17:23:00,36.41,4,9,17,43.240655,-2.929729,DELIVERED,43,CLEAR,LOW
1140,2026-01-04 12:00:17,27.23,2,12,17,43.295894,-2.942509,DELIVERED,17,RAIN,LOW
1141,2026-01-01 21:58:53,36.31,2,31,21,43.21031,-2.981707,DELIVERED,9,CLEAR,MEDIUM
1142,2026-01-07 21:03:16,43.92,4,22,21,43.299121,-2.964468,CANCELLED,26,RAIN,MEDIUM
1143,2026-01-04 15:59:37,44.61,3,22,13,43.236362,-2.933127,DELIVERED,14,CLEAR,LOW
1144,2026-01-25 20:31:18,46.48,3,18,13,43.245382,-2.916298,DELIVERED,13,CLEAR,LOW
1145,2026-01-18 12:02:23,16.74,2,17,17,43.240428,-2.900452,DELIVERED,31,CLEAR,MEDIUM
1146,2026-01-25 19:14:17,56.26,4,12,13,43.2849,-2.913223,DELIVERED,27,CLEAR,LOW
1147,2026-01-04 23:17:58,59.57,6,15,18,43.232398,-2.966625,DELIVERED,30,CLEAR,LOW
1148,2026-01-05 21:59:09,27.11,2,22,22,43.22246,-2.885903,DELIVERED,35,CLEAR,HIGH
1149,2026-01-23 10:09:28,8.05,1,11,17,43.277502,-2.904941,DELIVERED,16,CLEAR,LOW
1150,2026-01-01 22:15:06,70.94,4,34,33,43.229785,-2.904941,DELIVERED,9,RAIN,HIGH
1151,2026-01-29 13:48:18,10.1,1,20,26,43.241361,-2.889785,DELIVERED,20,CLEAR,HIGH
1152,2026-01-16 22:53:21,12.36,1,20,20,43.22469,-2.92382,DELIVERED,8,CLEAR,HIGH
1153,2026-01-05 20:57:49,48.83,5,8,23,43.20377,-2.880663,DELIVERED,37,RAIN,LOW
1154,2026-01-02 21:02:00,73.23,4,26,29,43.229198,-2.976581,CANCELLED,36,RAIN,HIGH
1155,2026-01-04 15:01:00,49.89,4,19,14,43.238216,-2.981218,DELIVERED,45,CLEAR,MEDIUM
1156,2026-01-06 15:09:24,113.41,6,33,13,43.246393,-2.894583,DELIVERED,9,CLEAR,MEDIUM
1157,2026-01-26 21:42:34,35.47,3,17,25,43.23685,-2.948138,DELIVERED,41,CLEAR,HIGH
1158,2026-01-12 14:16:16,20.92,1,28,27,43.264142,-2.976913,DELIVERED,6,WIND,HIGH
1159,2026-01-12 12:40:15,27.31,2,28,12,43.240652,-2.96214,DELIVERED,22,CLEAR,LOW
1160,2026-01-04 15:26:30,28.52,3,16,21,43.29149,-2.950522,DELIVERED,41,CLEAR,MEDIUM
1161,2026-01-03 19:59:15,45.73,5,13,23,43.27783,-2.957413,DELIVERED,7,WIND,MEDIUM
1162,2026-01-19 22:03:08,54.07,6,17,23,43.2083,-2.895508,DELIVERED,49,CLEAR,HIGH
1163,2026-01-13 15:42:38,65.02,5,15,25,43.259951,-2.916045,DELIVERED,45,CLEAR,MEDIUM
1164,2026-01-07 19:56:56,24.97,2,16,23,43.214283,-2.973711,DELIVERED,27,CLEAR,MEDIUM
1165,2026-01-23 20:48:15,92.73,5,21,16,43.203901,-2.907356,DELIVERED,10,CLEAR,HIGH
1166,2026-01-06 14:56:32,57.34,6,24,17,43.294368,-2.887959,DELIVERED,7,CLEAR,MEDIUM
1167,2026-01-16 23:48:42,64.29,5,19,15,43.255567,-2.902015,DELIVERED,5,CLEAR,MEDIUM
1168,2026-01-27 17:29:55,110.88,6,19,19,43.249772,-2.8896,DELIVERED,6,CLEAR,MEDIUM
1169,2026-01-06 14:27:39,23.24,2,20,32,43.201374,-2.900425,DELIVERED,7,RAIN,HIGH
1170,2026-01-14 12:11:35,15.44,1,23,20,43.251982,-2.90189,DELIVERED,48,RAIN,MEDIUM
1171,2026-01-03 02:22:05,17.78,2,18,18,43.258775,-2.929298,DELIVERED,21,CLEAR,LOW
1172,2026-01-09 22:35:30,52.04,3,26,16,43.230781,-2.910784,DELIVERED,10,CLEAR,MEDIUM
1173,2026-01-30 03:27:41,41.65,3,14,16,43.249899,-2.901011,DELIVERED,35,CLEAR,LOW
1174,2026-01-18 21:49:33,22.36,2,23,18,43.284832,-2.954563,DELIVERED,16,CLEAR,MEDIUM
1175,2026-01-24 13:30:01,65.42,5,28,21,43.235918,-2.963519,DELIVERED,11,CLEAR,MEDIUM
1176,2026-01-18 09:26:24,16.39,1,23,16,43.2619,-2.936165,DELIVERED,10,CLEAR,MEDIUM
1177,2026-01-01 02:24:07,25.44,2,26,21,43.271794,-2.959115,DELIVERED,2,RAIN,MEDIUM
1178,2026-01-18 21:17:39,44.98,3,27,19,43.277964,-2.910035,DELIVERED,39,CLEAR,HIGH
1179,2026-01-22 13:13:30,14.82,1,27,22,43.249895,-2.883388,DELIVERED,48,CLEAR,HIGH
1180,2026-01-09 13:58:52,54.6,4,21,24,43.205494,-2.91716,DELIVERED,42,CLEAR,MEDIUM
1181,2026-01-27 13:24:40,15.06,1,29,20,43.268396,-2.976459,DELIVERED,29,CLEAR,HIGH
1182,2026-01-18 20:19:29,16.85,1,17,12,43.274646,-2.940109,CANCELLED,32,CLEAR,MEDIUM
1183,2026-01-04 13:13:31,54.02,4,24,26,43.247875,-2.883911,DELIVERED,17,CLEAR,HIGH
1184,2026-01-27 21:09:31,45.06,4,18,25,43.209836,-2.959773,CANCELLED,44,CLEAR,HIGH
1185,2026-01-21 22:14:51,29.46,3,18,18,43.290959,-2.936209,DELIVERED,15,CLEAR,MEDIUM
1186,2026-01-20 22:32:17,59.32,5,33,27,43.230683,-2.921198,DELIVERED,29,CLEAR,HIGH
1187,2026-01-04 12:59:31,39.97,3,11,15,43.229271,-2.935723,DELIVERED,8,CLEAR,MEDIUM
1188,2026-01-07 15:32:49,34.19,3,19,20,43.213395,-2.957813,DELIVERED,34,CLEAR,LOW
1189,2026-01-08 13:49:23,57.74,6,21,25,43.2407,-2.965832,DELIVERED,37,RAIN,MEDIUM
1190,2026-01-01 05:03:41,34.39,2,32,30,43.291811,-2.976085,DELIVERED,9,CLEAR,HIGH
1191,2026-01-22 21:52:16,19.51,1,31,30,43.238119,-2.8963,DELIVERED,25,WIND,HIGH
1192,2026-01-03 12:34:57,32.94,2,20,13,43.282487,-2.883396,DELIVERED,13,CLEAR,LOW
1193,2026-01-03 21:55:18,22.62,2,25,24,43.206144,-2.963381,CANCELLED,4,WIND,HIGH
1194,2026-01-17 12:02:51,40.82,3,25,23,43.245808,-2.951251,DELIVERED,14,CLEAR,MEDIUM
1195,2026-01-01 14:00:24,51.58,5,29,28,43.292714,-2.985908,CANCELLED,26,WIND,HIGH
1196,2026-01-10 21:55:01,41.42,4,22,17,43.247002,-2.898524,DELIVERED,7,CLEAR,HIGH
1197,2026-01-27 04:07:06,74.36,4,29,18,43.25785,-2.924741,DELIVERED,23,CLEAR,MEDIUM
1198,2026-01-05 13:49:33,52.53,6,16,25,43.260475,-2.967118,DELIVERED,50,CLEAR,HIGH
1199,2026-01-19 15:40:55,111.1,6,25,10,43.212578,-2.933036,DELIVERED,36,CLEAR,LOW
1200,2026-01-06 15:05:44,48.55,5,11,20,43.238994,-2.989879,DELIVERED,49,CLEAR,LOW
1201,2026-01-14 12:39:36,63.42,6,16,15,43.248343,-2.899618,DELIVERED,19,CLEAR,LOW
1202,2026-01-24 01:06:30,73.19,6,23,17,43.204069,-2.922966,DELIVERED,24,CLEAR,LOW
1203,2026-01-13 21:55:44,76.59,6,20,25,43.236453,-2.904164,DELIVERED,40,CLEAR,MEDIUM
1204,2026-01-13 13:01:33,75.55,6,22,18,43.233457,-2.903255,DELIVERED,40,CLEAR,MEDIUM
1205,2026-01-05 16:03:39,58.07,6,20,15,43.256053,-2.911046,DELIVERED,26,RAIN,LOW
1206,2026-01-10 20:52:15,51.94,5,16,19,43.228369,-2.945679,DELIVERED,19,CLEAR,LOW
1207,2026-01-07 21:25:36,41.21,3,29,27,43.20394,-2.986218,DELIVERED,35,CLEAR,HIGH
1208,2026-01-03 09:49:21,52.69,6,7,18,43.22798,-2.899371,DELIVERED,43,CLEAR,LOW
1209,2026-01-11 12:54:19,24.47,2,19,18,43.282076,-2.925249,DELIVERED,46,RAIN,LOW
1210,2026-01-14 12:41:04,58.4,5,19,21,43.263336,-2.944113,DELIVERED,35,RAIN,MEDIUM
1211,2026-01-04 23:56:30,108.79,6,33,19,43.245886,-2.913285,DELIVERED,9,CLEAR,LOW
1212,2026-01-11 16:39:14,23.58,1,24,20,43.22028,-2.940735,DELIVERED,6,WIND,MEDIUM
1213,2026-01-15 23:20:27,93.87,5,23,26,43.210385,-2.900648,DELIVERED,28,CLEAR,HIGH
1214,2026-01-11 12:31:30,39.33,4,11,22,43.28791,-2.903945,DELIVERED,16,CLEAR,HIGH
1215,2026-01-21 15:17:38,62.56,5,25,20,43.208563,-2.946531,DELIVERED,29,RAIN,LOW
1216,2026-01-17 13:45:28,38.83,4,24,16,43.218796,-2.928725,DELIVERED,31,CLEAR,MEDIUM
1217,2026-01-22 09:35:19,35.51,4,7,16,43.235092,-2.979791,DELIVERED,50,CLEAR,MEDIUM
1218,2026-01-02 21:52:42,41.83,3,22,30,43.256118,-2.892211,DELIVERED,42,RAIN,MEDIUM
1219,2026-01-29 14:59:33,16.07,1,20,29,43.257162,-2.883406,DELIVERED,8,RAIN,MEDIUM
1220,2026-01-19 15:54:25,11.56,1,15,19,43.265121,-2.943418,DELIVERED,3,RAIN,LOW
1221,2026-01-22 21:43:25,57.58,6,24,23,43.227709,-2.946987,DELIVERED,31,CLEAR,HIGH
1222,2026-01-18 13:37:44,37.52,3,24,23,43.2874,-2.968151,DELIVERED,17,CLEAR,MEDIUM
1223,2026-01-08 11:43:22,34.04,4,11,19,43.215907,-2.89278,DELIVERED,43,CLEAR,LOW
1224,2026-01-02 12:54:09,52.48,6,13,18,43.226914,-2.939017,DELIVERED,49,RAIN,LOW
1225,2026-01-14 14:38:52,48.58,5,17,32,43.263494,-2.888571,DELIVERED,49,RAIN,HIGH
1226,2026-01-02 09:17:42,54.83,3,32,12,43.263603,-2.957011,DELIVERED,9,CLEAR,LOW
1227,2026-01-28 07:09:30,47.27,3,25,14,43.268666,-2.9147,DELIVERED,14,CLEAR,LOW
1228,2026-01-05 21:10:22,59.95,6,21,18,43.281712,-2.973611,DELIVERED,16,CLEAR,MEDIUM
1229,2026-01-17 16:43:34,49.54,5,21,20,43.229256,-2.884998,DELIVERED,4,CLEAR,LOW
1230,2026-01-31 09:07:15,35.22,3,10,15,43.231266,-2.914731,DELIVERED,15,CLEAR,LOW
1231,2026-01-26 12:30:25,54.97,4,13,16,43.208384,-2.898452,DELIVERED,42,CLEAR,LOW
1232,2026-01-04 13:55:45,14.64,1,25,17,43.26767,-2.979005,DELIVERED,32,CLEAR,MEDIUM
1233,2026-01-08 09:23:18,60.93,5,23,25,43.278543,-2.96387,DELIVERED,24,RAIN,LOW
1234,2026-01-04 02:28:34,39.03,3,24,14,43.224873,-2.892877,DELIVERED,22,CLEAR,MEDIUM
1235,2026-01-08 14:39:56,50.86,4,25,23,43.294872,-2.887026,DELIVERED,38,CLEAR,HIGH
1236,2026-01-25 17:18:00,34.43,2,25,17,43.261855,-2.97276,DELIVERED,28,CLEAR,LOW
1237,2026-01-24 11:57:17,37.61,3,23,17,43.234626,-2.924566,DELIVERED,2,CLEAR,LOW
1238,2026-01-16 10:15:33,17.94,1,27,18,43.203422,-2.966565,DELIVERED,12,CLEAR,MEDIUM
1239,2026-01-10 23:40:33,63.0,6,14,12,43.242396,-2.934451,DELIVERED,44,CLEAR,LOW
1240,2026-01-16 05:20:16,27.48,3,12,10,43.253542,-2.92984,DELIVERED,16,CLEAR,LOW
1241,2026-01-31 22:21:45,16.34,1,20,24,43.201263,-2.907601,DELIVERED,27,CLEAR,HIGH
1242,2026-01-03 01:47:51,22.24,1,30,15,43.224144,-2.928331,DELIVERED,9,CLEAR,MEDIUM
1243,2026-01-18 15:21:18,19.12,2,12,19,43.242779,-2.981393,DELIVERED,31,CLEAR,LOW
1244,2026-01-20 10:57:23,60.21,4,22,17,43.249442,-2.939536,DELIVERED,48,RAIN,LOW
1245,2026-01-10 22:36:06,46.44,3,21,27,43.210227,-2.969587,DELIVERED,1,WIND,MEDIUM
1246,2026-01-19 20:24:00,61.86,5,14,13,43.255873,-2.884258,DELIVERED,35,CLEAR,LOW
1247,2026-01-29 19:53:45,26.64,2,14,14,43.290784,-2.984513,DELIVERED,42,CLEAR,LOW
1248,2026-01-07 13:04:43,17.32,1,22,29,43.261981,-2.91708,CANCELLED,8,CLEAR,HIGH
1249,2026-01-12 19:24:41,27.69,2,12,22,43.274485,-2.907138,DELIVERED,27,RAIN,LOW
1250,2026-01-30 13:18:22,74.71,5,20,19,43.211383,-2.96721,DELIVERED,32,CLEAR,MEDIUM
1251,2026-01-24 23:15:44,64.42,6,15,13,43.212053,-2.897866,DELIVERED,44,CLEAR,LOW
1252,2026-01-26 13:51:49,16.51,1,25,23,43.274974,-2.949127,DELIVERED,38,RAIN,MEDIUM
1253,2026-01-11 13:47:13,41.14,2,29,23,43.288058,-2.982655,DELIVERED,10,WIND,HIGH
1254,2026-01-06 21:34:27,20.07,2,28,22,43.209382,-2.947143,DELIVERED,26,CLEAR,MEDIUM
1255,2026-01-31 04:24:20,57.06,4,20,18,43.262964,-2.889387,DELIVERED,38,CLEAR,LOW
1256,2026-01-05 12:17:30,23.7,1,28,13,43.245282,-2.937396,DELIVERED,33,CLEAR,LOW
1257,2026-01-01 13:03:17,41.37,3,36,14,43.206133,-2.915892,DELIVERED,12,CLEAR,MEDIUM
1258,2026-01-01 16:47:45,12.15,1,16,18,43.227075,-2.916366,DELIVERED,35,CLEAR,LOW
1259,2026-01-18 20:34:58,44.16,3,16,11,43.251475,-2.917689,DELIVERED,39,CLEAR,LOW
1260,2026-01-14 20:03:26,45.65,3,17,17,43.231105,-2.920008,CANCELLED,32,CLEAR,LOW
1261,2026-01-04 10:15:14,41.45,3,20,22,43.295681,-2.963395,CANCELLED,13,CLEAR,MEDIUM
1262,2026-01-19 15:04:12,15.33,1,18,23,43.278344,-2.95639,DELIVERED,17,RAIN,MEDIUM
1263,2026-01-15 13:25:05,59.67,5,20,23,43.261229,-2.909518,DELIVERED,35,CLEAR,MEDIUM
1264,2026-01-09 12:44:16,55.56,5,16,23,43.226899,-2.952597,CANCELLED,47,CLEAR,HIGH
1265,2026-01-30 13:16:42,55.42,6,25,23,43.209613,-2.895192,DELIVERED,31,RAIN,MEDIUM
1266,2026-01-01 05:16:41,67.07,5,19,13,43.298596,-2.908647,DELIVERED,38,CLEAR,LOW
1267,2026-01-29 14:17:04,37.85,3,24,26,43.284628,-2.921665,CANCELLED,38,CLEAR,HIGH
1268,2026-01-22 17:59:37,43.82,4,16,26,43.272797,-2.943538,DELIVERED,26,RAIN,LOW
1269,2026-01-16 21:45:31,54.68,3,39,29,43.204556,-2.899269,DELIVERED,18,RAIN,MEDIUM
1270,2026-01-22 02:23:05,64.41,5,15,16,43.233044,-2.882163,DELIVERED,45,CLEAR,MEDIUM
1271,2026-01-15 14:31:15,74.14,6,23,28,43.205177,-2.94761,DELIVERED,5,CLEAR,HIGH
1272,2026-01-01 22:04:22,17.13,1,32,31,43.261039,-2.967076,DELIVERED,6,RAIN,HIGH
1273,2026-01-18 21:46:07,56.07,4,20,24,43.205161,-2.968627,DELIVERED,46,CLEAR,HIGH
1274,2026-01-14 15:41:25,40.02,3,21,16,43.207194,-2.88407,DELIVERED,39,CLEAR,MEDIUM
1275,2026-01-21 11:17:29,77.76,6,14,21,43.235733,-2.939229,DELIVERED,46,WIND,LOW
1276,2026-01-07 14:20:26,42.08,4,30,25,43.296619,-2.895544,DELIVERED,26,CLEAR,HIGH
1277,2026-01-23 14:36:57,25.18,3,28,25,43.230813,-2.941033,DELIVERED,31,CLEAR,HIGH
1278,2026-01-11 02:17:31,11.37,1,22,23,43.235707,-2.934314,DELIVERED,38,RAIN,MEDIUM
1279,2026-01-21 12:26:31,23.04,2,26,20,43.203682,-2.938694,DELIVERED,22,WIND,MEDIUM
1280,2026-01-04 18:38:22,61.19,5,17,13,43.268285,-2.954989,DELIVERED,45,CLEAR,MEDIUM
1281,2026-01-20 23:33:32,54.91,4,18,15,43.236886,-2.95226,DELIVERED,42,CLEAR,LOW
1282,2026-01-31 00:58:56,24.03,2,15,29,43.228577,-2.988092,DELIVERED,46,RAIN,MEDIUM
1283,2026-01-18 05:05:04,91.88,5,22,13,43.259078,-2.980068,DELIVERED,6,CLEAR,LOW
1284,2026-01-06 00:08:01,88.26,6,21,23,43.299211,-2.9309,DELIVERED,48,CLEAR,MEDIUM
1285,2026-01-05 15:16:46,40.07,3,23,22,43.29007,-2.883246,DELIVERED,14,CLEAR,MEDIUM
1286,2026-01-17 22:55:10,59.34,5,23,34,43.262262,-2.921814,DELIVERED,40,RAIN,HIGH
1287,2026-01-09 15:10:08,18.1,1,25,11,43.271648,-2.985484,DELIVERED,14,CLEAR,LOW
1288,2026-01-08 14:54:07,38.94,3,25,30,43.217339,-2.933349,DELIVERED,39,CLEAR,HIGH
1289,2026-01-16 13:40:29,15.6,1,24,26,43.2888,-2.945201,DELIVERED,13,RAIN,MEDIUM
1290,2026-01-21 23:30:05,34.26,3,15,14,43.293876,-2.895654,DELIVERED,20,WIND,LOW
1291,2026-01-05 23:58:44,55.04,6,14,21,43.288819,-2.89652,DELIVERED,7,RAIN,HIGH
1292,2026-01-06 23:53:07,71.22,4,19,39,43.263804,-2.971245,DELIVERED,10,RAIN,HIGH
1293,2026-01-31 15:39:57,54.76,6,9,12,43.263414,-2.888527,DELIVERED,37,CLEAR,LOW
1294,2026-01-23 03:07:16,31.16,2,19,14,43.261568,-2.909148,DELIVERED,13,CLEAR,LOW
1295,2026-01-06 22:15:10,21.74,1,36,22,43.214742,-2.920507,DELIVERED,23,CLEAR,MEDIUM
1296,2026-01-13 14:26:19,37.45,4,17,28,43.250866,-2.93385,DELIVERED,7,CLEAR,HIGH
1297,2026-01-12 12:53:17,83.02,6,18,21,43.299229,-2.90207,DELIVERED,25,WIND,LOW
1298,2026-01-14 13:34:25,44.06,3,25,23,43.232927,-2.906408,CANCELLED,38,CLEAR,HIGH
1299,2026-01-12 22:29:05,68.69,5,21,19,43.223336,-2.941545,DELIVERED,46,CLEAR,MEDIUM
1300,2026-01-11 04:16:53,90.38,5,31,16,43.24095,-2.935527,DELIVERED,33,CLEAR,LOW
1301,2026-01-11 14:55:59,110.6,6,34,14,43.220067,-2.886861,DELIVERED,18,CLEAR,MEDIUM
1302,2026-01-14 10:04:08,12.21,1,15,19,43.276061,-2.897707,DELIVERED,44,RAIN,LOW
1303,2026-01-21 14:27:45,30.55,3,22,29,43.211159,-2.945637,DELIVERED,15,CLEAR,HIGH
1304,2026-01-02 19:51:10,41.24,3,20,15,43.275932,-2.902893,DELIVERED,48,CLEAR,MEDIUM
1305,2026-01-19 12:33:42,51.49,5,21,12,43.287424,-2.883209,DELIVERED,4,CLEAR,MEDIUM
1306,2026-01-27 20:55:51,28.36,2,27,16,43.274687,-2.978524,DELIVERED,22,CLEAR,LOW
1307,2026-01-20 13:24:47,76.0,4,37,29,43.25993,-2.973153,CANCELLED,9,CLEAR,HIGH
1308,2026-01-11 13:24:54,72.56,6,28,17,43.225982,-2.886337,DELIVERED,2,CLEAR,MEDIUM
1309,2026-01-25 20:31:17,60.21,4,18,21,43.278128,-2.928117,DELIVERED,48,CLEAR,MEDIUM
1310,2026-01-18 23:27:36,58.35,6,12,12,43.267218,-2.942761,DELIVERED,37,CLEAR,LOW
1311,2026-01-22 14:23:39,40.15,3,26,23,43.270836,-2.919749,DELIVERED,25,CLEAR,MEDIUM
1312,2026-01-24 21:57:16,63.02,5,21,21,43.294661,-2.913667,DELIVERED,27,CLEAR,MEDIUM
1313,2026-01-23 15:39:11,60.66,6,18,17,43.222872,-2.958349,DELIVERED,4,CLEAR,LOW
1314,2026-01-05 14:57:06,75.32,6,30,16,43.234952,-2.988058,DELIVERED,22,CLEAR,MEDIUM
1315,2026-01-20 12:53:25,35.55,3,19,13,43.273606,-2.903419,DELIVERED,34,CLEAR,LOW
1316,2026-01-01 21:15:16,53.56,4,21,32,43.248914,-2.900971,DELIVERED,17,RAIN,HIGH
1317,2026-01-17 22:57:48,26.73,3,18,24,43.219096,-2.899289,DELIVERED,37,WIND,HIGH
1318,2026-01-17 21:22:23,73.51,6,32,33,43.248888,-2.942428,DELIVERED,2,RAIN,HIGH
1319,2026-01-08 13:51:53,62.4,5,32,27,43.219794,-2.942872,DELIVERED,24,RAIN,MEDIUM
1320,2026-01-29 20:27:49,16.31,1,18,11,43.223048,-2.952005,DELIVERED,32,CLEAR,LOW
1321,2026-01-04 14:41:40,49.32,5,28,26,43.285107,-2.888483,DELIVERED,4,CLEAR,HIGH
1322,2026-01-28 13:30:26,14.71,1,11,27,43.222833,-2.949937,DELIVERED,50,WIND,MEDIUM
1323,2026-01-17 15:16:49,40.48,4,9,14,43.286398,-2.93246,DELIVERED,43,CLEAR,MEDIUM
1324,2026-01-09 01:41:30,64.44,6,11,16,43.254655,-2.901337,DELIVERED,41,CLEAR,MEDIUM
1325,2026-01-15 20:40:18,30.03,3,11,15,43.218086,-2.914492,DELIVERED,49,CLEAR,LOW
1326,2026-01-04 17:01:30,59.24,6,12,14,43.245015,-2.933767,DELIVERED,7,CLEAR,MEDIUM
1327,2026-01-27 04:59:59,27.43,2,18,21,43.227946,-2.935368,DELIVERED,38,CLEAR,HIGH
1328,2026-01-07 12:47:45,35.94,3,17,10,43.211129,-2.941279,DELIVERED,5,CLEAR,LOW
1329,2026-01-23 13:48:06,73.23,5,27,29,43.209381,-2.973799,DELIVERED,48,CLEAR,HIGH
1330,2026-01-28 21:06:40,63.23,6,23,24,43.229851,-2.92523,DELIVERED,15,CLEAR,HIGH
1331,2026-01-01 23:48:22,68.68,5,15,22,43.213069,-2.900421,DELIVERED,17,CLEAR,MEDIUM
1332,2026-01-03 13:50:34,70.8,6,23,35,43.246237,-2.970733,DELIVERED,5,RAIN,HIGH
1333,2026-01-21 13:20:51,9.93,1,13,24,43.260348,-2.968111,DELIVERED,49,CLEAR,HIGH
1334,2026-01-08 21:49:14,9.2,1,20,23,43.295151,-2.92588,DELIVERED,20,WIND,HIGH
1335,2026-01-19 13:02:48,76.09,4,32,20,43.255862,-2.977317,DELIVERED,6,CLEAR,HIGH
1336,2026-01-11 21:29:32,79.64,6,24,27,43.204461,-2.965162,DELIVERED,42,WIND,HIGH
1337,2026-01-22 21:40:22,40.95,4,11,26,43.258665,-2.9129,DELIVERED,49,RAIN,MEDIUM
1338,2026-01-06 02:33:02,46.6,5,14,20,43.241833,-2.939253,DELIVERED,31,CLEAR,LOW
1339,2026-01-28 23:48:19,52.2,3,26,25,43.225782,-2.914619,DELIVERED,33,CLEAR,HIGH
1340,2026-01-20 19:01:56,25.81,2,22,27,43.237459,-2.985503,DELIVERED,34,WIND,MEDIUM
1341,2026-01-29 14:32:13,54.44,4,27,21,43.259707,-2.971037,DELIVERED,48,CLEAR,HIGH
1342,2026-01-08 23:01:52,22.93,2,11,14,43.202256,-2.945875,DELIVERED,44,CLEAR,LOW
1343,2026-01-03 08:34:36,44.45,3,19,23,43.234064,-2.97827,DELIVERED,25,CLEAR,MEDIUM
1344,2026-01-07 22:48:29,46.08,3,21,23,43.247967,-2.89544,DELIVERED,1,CLEAR,HIGH
1345,2026-01-23 21:53:28,37.98,4,17,26,43.230972,-2.950148,DELIVERED,50,CLEAR,HIGH
1346,2026-01-15 14:00:40,30.45,2,24,12,43.270158,-2.970332,DELIVERED,1,CLEAR,MEDIUM
1347,2026-01-04 20:22:38,27.25,2,23,16,43.236657,-2.960125,DELIVERED,2,CLEAR,MEDIUM
1348,2026-01-04 07:24:05,72.56,4,32,12,43.240575,-2.91514,DELIVERED,18,CLEAR,MEDIUM
1349,2026-01-20 07:59:12,41.51,3,15,13,43.29676,-2.934154,CANCELLED,35,CLEAR,LOW
1350,2026-01-27 23:04:37,76.36,6,20,14,43.297782,-2.973112,DELIVERED,35,CLEAR,LOW
1351,2026-01-23 08:17:32,13.97,1,23,24,43.23504,-2.92714,DELIVERED,24,RAIN,MEDIUM
1352,2026-01-28 22:19:49,58.75,4,24,29,43.291449,-2.900839,DELIVERED,13,CLEAR,HIGH
1353,2026-01-23 15:40:53,34.33,3,12,12,43.28107,-2.89906,DELIVERED,30,CLEAR,LOW
1354,2026-01-09 15:10:19,41.39,4,11,24,43.27515,-2.957323,DELIVERED,37,RAIN,LOW
1355,2026-01-15 22:07:46,74.91,6,25,21,43.264727,-2.919522,DELIVERED,34,CLEAR,HIGH
1356,2026-01-31 09:54:25,51.35,5,18,20,43.212744,-2.893312,DELIVERED,4,CLEAR,MEDIUM
1357,2026-01-02 14:30:34,29.74,2,21,22,43.246676,-2.978039,DELIVERED,39,CLEAR,HIGH
1358,2026-01-09 20:22:14,37.37,3,21,12,43.25217,-2.976154,DELIVERED,5,CLEAR,MEDIUM
1359,2026-01-15 20:43:10,50.7,5,13,20,43.291159,-2.937057,DELIVERED,37,CLEAR,MEDIUM
1360,2026-01-29 21:22:29,29.93,2,24,24,43.27197,-2.974243,CANCELLED,11,CLEAR,HIGH
1361,2026-01-21 23:41:38,40.49,4,11,22,43.273755,-2.954263,DELIVERED,30,CLEAR,MEDIUM
1362,2026-01-11 21:43:02,18.15,2,18,30,43.279118,-2.914222,DELIVERED,20,CLEAR,HIGH
1363,2026-01-10 14:50:09,23.47,1,33,23,43.298576,-2.943459,CANCELLED,33,RAIN,MEDIUM
1364,2026-01-13 07:20:48,46.67,5,8,16,43.23242,-2.982011,DELIVERED,37,CLEAR,MEDIUM
1365,2026-01-25 04:58:36,39.19,3,17,24,43.239327,-2.982167,DELIVERED,38,CLEAR,MEDIUM
1366,2026-01-26 02:12:00,41.09,2,19,24,43.225393,-2.90617,DELIVERED,6,RAIN,MEDIUM
1367,2026-01-23 20:06:34,49.97,4,15,23,43.217368,-2.933358,DELIVERED,45,RAIN,LOW
1368,2026-01-21 21:39:57,29.36,2,22,25,43.2874,-2.989915,DELIVERED,27,RAIN,MEDIUM
1369,2026-01-15 20:35:58,89.47,6,21,21,43.207865,-2.958702,DELIVERED,14,WIND,LOW
1370,2026-01-25 22:12:21,18.25,1,26,19,43.211388,-2.883643,DELIVERED,36,CLEAR,MEDIUM
1371,2026-01-18 02:28:33,28.37,3,12,31,43.240026,-2.928752,DELIVERED,44,WIND,HIGH
1372,2026-01-26 10:30:37,16.01,2,17,22,43.294364,-2.958058,DELIVERED,31,RAIN,LOW
1373,2026-01-14 17:23:24,22.23,2,22,22,43.29523,-2.932753,DELIVERED,34,RAIN,MEDIUM
1374,2026-01-04 20:32:36,28.03,3,16,25,43.28684,-2.952861,DELIVERED,31,CLEAR,HIGH
1375,2026-01-20 12:33:46,18.39,2,15,25,43.2932,-2.988212,DELIVERED,20,WIND,LOW
1376,2026-01-01 21:28:14,34.87,4,21,22,43.254751,-2.915937,DELIVERED,7,CLEAR,HIGH
1377,2026-01-17 14:34:37,63.33,5,24,36,43.245825,-2.932753,DELIVERED,3,WIND,HIGH
1378,2026-01-01 15:22:01,30.37,3,7,10,43.229105,-2.955584,DELIVERED,50,CLEAR,LOW
1379,2026-01-14 11:52:11,50.92,5,11,19,43.249653,-2.968588,DELIVERED,37,WIND,LOW
1380,2026-01-16 21:20:22,9.04,1,21,20,43.245161,-2.896719,DELIVERED,4,CLEAR,MEDIUM
1381,2026-01-18 21:52:21,16.13,1,28,26,43.240255,-2.985221,CANCELLED,48,RAIN,MEDIUM
1382,2026-01-24 14:07:51,61.33,5,21,26,43.282913,-2.900866,DELIVERED,3,CLEAR,HIGH
1383,2026-01-13 14:21:52,53.53,3,25,24,43.23002,-2.985429,DELIVERED,10,CLEAR,HIGH
1384,2026-01-06 21:34:58,52.68,6,23,13,43.281458,-2.901534,DELIVERED,16,CLEAR,MEDIUM
1385,2026-01-26 00:47:51,113.87,6,19,13,43.263618,-2.941057,DELIVERED,36,CLEAR,LOW
1386,2026-01-21 02:25:37,47.22,3,21,23,43.221268,-2.987604,DELIVERED,48,RAIN,MEDIUM
1387,2026-01-19 22:03:47,18.62,2,22,19,43.221479,-2.880756,CANCELLED,31,WIND,MEDIUM
1388,2026-01-30 20:22:34,82.03,6,26,10,43.242663,-2.901003,DELIVERED,12,CLEAR,LOW
1389,2026-01-28 00:23:39,54.29,4,16,23,43.229532,-2.903451,DELIVERED,32,CLEAR,MEDIUM
1390,2026-01-15 00:16:01,73.71,4,29,18,43.263558,-2.925773,DELIVERED,18,CLEAR,LOW
1391,2026-01-12 23:08:32,10.65,1,13,24,43.294968,-2.905826,DELIVERED,7,WIND,HIGH
1392,2026-01-29 21:49:44,19.45,1,26,16,43.29927,-2.959416,DELIVERED,13,CLEAR,MEDIUM
1393,2026-01-14 21:55:46,54.23,3,35,39,43.256464,-2.945213,DELIVERED,23,RAIN,HIGH
1394,2026-01-17 21:25:49,85.82,6,33,19,43.221646,-2.927528,DELIVERED,25,CLEAR,HIGH
1395,2026-01-08 12:19:13,83.57,6,21,36,43.237612,-2.953747,DELIVERED,32,RAIN,HIGH
1396,2026-01-19 22:59:06,51.13,4,23,24,43.211844,-2.911119,DELIVERED,3,CLEAR,HIGH
1397,2026-01-22 17:47:42,60.88,6,16,20,43.247544,-2.897608,DELIVERED,19,WIND,MEDIUM
1398,2026-01-18 13:53:44,83.39,6,22,12,43.278377,-2.90241,DELIVERED,39,CLEAR,MEDIUM
1399,2026-01-03 16:31:32,38.68,4,14,18,43.225238,-2.905155,DELIVERED,21,CLEAR,LOW
1400,2026-01-12 05:07:14,64.11,6,14,14,43.237547,-2.926974,DELIVERED,44,CLEAR,LOW
1401,2026-01-11 14:02:53,81.41,6,21,25,43.293869,-2.883363,DELIVERED,17,CLEAR,MEDIUM
1402,2026-01-07 18:46:22,18.58,1,21,26,43.262969,-2.882778,CANCELLED,14,CLEAR,HIGH
1403,2026-01-12 14:08:50,40.53,3,32,26,43.214734,-2.904029,DELIVERED,13,WIND,HIGH
1404,2026-01-17 15:57:40,25.22,2,17,21,43.22404,-2.925851,DELIVERED,35,RAIN,MEDIUM
1405,2026-01-13 12:45:10,41.37,3,23,24,43.211297,-2.883081,DELIVERED,34,RAIN,LOW
1406,2026-01-17 21:07:23,55.11,6,18,27,43.205213,-2.888548,DELIVERED,43,CLEAR,HIGH
1407,2026-01-06 15:25:03,39.17,4,14,18,43.253519,-2.989262,DELIVERED,47,CLEAR,LOW
1408,2026-01-29 14:44:38,61.76,4,28,37,43.285271,-2.955257,DELIVERED,32,RAIN,HIGH
1409,2026-01-22 21:57:52,23.9,1,25,24,43.214842,-2.950934,DELIVERED,6,CLEAR,HIGH
1410,2026-01-27 23:20:01,28.34,2,17,19,43.294773,-2.913063,CANCELLED,11,CLEAR,MEDIUM
1411,2026-01-23 21:50:44,60.36,5,29,16,43.271647,-2.936094,DELIVERED,5,CLEAR,MEDIUM
1412,2026-01-16 20:06:19,70.73,6,18,14,43.2885,-2.98644,DELIVERED,40,RAIN,LOW
1413,2026-01-03 07:31:25,12.93,1,10,15,43.290441,-2.916337,CANCELLED,27,WIND,LOW
1414,2026-01-10 22:30:21,88.24,5,29,27,43.212397,-2.897574,DELIVERED,28,CLEAR,HIGH
1415,2026-01-15 19:59:24,14.02,1,21,16,43.239096,-2.926169,DELIVERED,14,CLEAR,LOW
1416,2026-01-14 22:50:19,45.83,3,28,20,43.294537,-2.898685,DELIVERED,48,CLEAR,MEDIUM
1417,2026-01-21 04:19:41,23.67,2,14,15,43.213316,-2.90275,DELIVERED,47,CLEAR,MEDIUM
1418,2026-01-27 14:45:19,60.8,6,15,19,43.217436,-2.952615,DELIVERED,30,CLEAR,MEDIUM
1419,2026-01-06 04:05:22,27.49,2,29,19,43.25433,-2.930787,DELIVERED,22,RAIN,LOW
1420,2026-01-22 14:37:41,18.27,1,21,26,43.243177,-2.90208,DELIVERED,38,WIND,MEDIUM
1421,2026-01-09 18:56:04,43.56,3,22,19,43.208826,-2.915132,DELIVERED,48,CLEAR,LOW
1422,2026-01-11 20:23:45,31.54,3,12,27,43.210408,-2.880295,DELIVERED,20,CLEAR,HIGH
1423,2026-01-10 22:57:57,63.06,5,24,23,43.274833,-2.97571,DELIVERED,46,CLEAR,HIGH
1424,2026-01-29 20:31:09,55.15,6,10,16,43.248575,-2.93049,DELIVERED,7,WIND,LOW
1425,2026-01-25 20:38:30,17.21,1,17,22,43.205115,-2.88997,DELIVERED,42,CLEAR,MEDIUM
1426,2026-01-07 13:47:46,31.15,3,21,21,43.203099,-2.901963,DELIVERED,50,CLEAR,MEDIUM
1427,2026-01-28 13:24:31,51.43,5,22,32,43.249688,-2.94417,DELIVERED,30,RAIN,HIGH
1428,2026-01-02 21:22:19,27.36,2,31,26,43.292121,-2.91995,CANCELLED,45,CLEAR,HIGH
1429,2026-01-31 09:49:47,89.19,5,26,22,43.22363,-2.9692,DELIVERED,33,CLEAR,MEDIUM
1430,2026-01-11 21:13:17,107.27,6,36,28,43.245049,-2.961127,DELIVERED,9,RAIN,MEDIUM
1431,2026-01-12 22:13:22,14.64,1,22,23,43.269486,-2.881464,DELIVERED,32,CLEAR,HIGH
1432,2026-01-20 22:56:06,13.12,1,26,27,43.27992,-2.977773,DELIVERED,17,CLEAR,HIGH
1433,2026-01-29 23:37:53,24.29,2,17,20,43.273494,-2.97863,CANCELLED,41,CLEAR,MEDIUM
1434,2026-01-31 16:42:24,42.82,3,22,14,43.232384,-2.886646,DELIVERED,25,CLEAR,MEDIUM
1435,2026-01-21 19:28:34,59.38,4,22,21,43.285783,-2.968915,DELIVERED,32,RAIN,MEDIUM
1436,2026-01-20 22:55:10,25.2,2,26,26,43.294695,-2.969786,CANCELLED,34,CLEAR,HIGH
1437,2026-01-20 10:30:45,50.33,5,7,15,43.217264,-2.98386,DELIVERED,50,CLEAR,MEDIUM
1438,2026-01-02 14:38:22,53.06,4,25,34,43.275491,-2.900031,DELIVERED,39,RAIN,HIGH
1439,2026-01-30 14:00:09,41.28,3,20,20,43.214532,-2.964351,DELIVERED,1,CLEAR,HIGH
1440,2026-01-03 15:04:44,62.28,5,16,15,43.219352,-2.972534,DELIVERED,40,CLEAR,MEDIUM
1441,2026-01-01 22:39:49,57.33,4,19,24,43.255011,-2.913564,DELIVERED,17,CLEAR,HIGH
1442,2026-01-22 10:24:24,73.83,6,18,10,43.208641,-2.890463,DELIVERED,45,CLEAR,LOW
1443,2026-01-08 12:39:42,49.17,5,19,22,43.275589,-2.961713,DELIVERED,4,CLEAR,MEDIUM
1444,2026-01-04 14:50:09,19.18,1,28,19,43.29637,-2.945844,DELIVERED,28,CLEAR,HIGH
1445,2026-01-18 12:33:11,73.19,6,17,11,43.20856,-2.922151,DELIVERED,24,CLEAR,LOW
1446,2026-01-22 08:37:40,16.24,1,20,21,43.210277,-2.971239,DELIVERED,45,CLEAR,MEDIUM
1447,2026-01-14 20:19:09,20.98,2,11,19,43.269939,-2.918707,DELIVERED,15,CLEAR,LOW
1448,2026-01-03 14:34:30,17.4,1,25,22,43.255527,-2.950167,DELIVERED,5,CLEAR,HIGH
1449,2026-01-08 22:27:32,18.26,2,16,34,43.279056,-2.937929,DELIVERED,41,RAIN,HIGH
1450,2026-01-22 21:48:30,29.43,2,23,31,43.228128,-2.945509,DELIVERED,17,CLEAR,HIGH
1451,2026-01-18 18:52:22,30.9,2,17,22,43.239547,-2.926923,DELIVERED,13,CLEAR,MEDIUM
1452,2026-01-16 13:05:44,11.79,1,15,34,43.251621,-2.981328,DELIVERED,50,RAIN,HIGH
1453,2026-01-26 00:36:37,58.36,5,25,17,43.23307,-2.927857,DELIVERED,22,CLEAR,LOW
1454,2026-01-06 07:19:14,16.61,1,13,11,43.225029,-2.915483,DELIVERED,8,CLEAR,LOW
1455,2026-01-09 01:20:23,89.68,5,34,20,43.269445,-2.918408,DELIVERED,23,CLEAR,LOW
1456,2026-01-07 12:25:09,38.6,3,29,17,43.254806,-2.978783,DELIVERED,22,CLEAR,LOW
1457,2026-01-09 17:59:31,20.28,1,27,14,43.214406,-2.89846,DELIVERED,28,CLEAR,LOW
1458,2026-01-23 20:19:55,58.07,3,27,17,43.291807,-2.888118,CANCELLED,18,CLEAR,MEDIUM
1459,2026-01-26 15:08:53,44.31,4,18,16,43.288709,-2.882069,DELIVERED,19,CLEAR,LOW
1460,2026-01-07 14:34:17,29.54,2,21,31,43.251846,-2.894697,DELIVERED,45,RAIN,MEDIUM
1461,2026-01-15 12:57:12,19.41,2,21,31,43.26487,-2.95873,DELIVERED,4,RAIN,HIGH
1462,2026-01-21 04:54:14,36.65,3,18,19,43.23261,-2.898328,DELIVERED,45,CLEAR,MEDIUM
1463,2026-01-07 18:32:26,79.46,6,15,15,43.261345,-2.947088,DELIVERED,11,CLEAR,LOW
1464,2026-01-16 22:32:31,8.34,1,25,23,43.286487,-2.966943,DELIVERED,16,CLEAR,HIGH
1465,2026-01-07 14:39:57,73.77,6,28,18,43.214954,-2.93436,DELIVERED,35,CLEAR,MEDIUM
1466,2026-01-31 21:42:10,17.54,2,22,26,43.27671,-2.983847,DELIVERED,31,CLEAR,HIGH
1467,2026-01-20 22:19:08,64.37,6,18,20,43.247668,-2.928629,DELIVERED,47,CLEAR,HIGH
1468,2026-01-14 20:37:08,56.29,4,19,15,43.201016,-2.88397,DELIVERED,42,CLEAR,LOW
1469,2026-01-21 22:25:27,24.79,2,18,18,43.246524,-2.914158,DELIVERED,15,CLEAR,MEDIUM
1470,2026-01-12 14:37:55,43.73,3,22,20,43.202403,-2.928933,DELIVERED,17,CLEAR,HIGH
1471,2026-01-12 21:22:28,74.04,6,32,22,43.235585,-2.92953,DELIVERED,2,CLEAR,HIGH
1472,2026-01-04 16:11:33,9.75,1,13,17,43.245838,-2.975777,DELIVERED,44,WIND,LOW
1473,2026-01-23 08:52:45,38.97,4,16,19,43.229582,-2.884321,DELIVERED,21,CLEAR,LOW
1474,2026-01-18 20:34:11,39.03,3,24,23,43.230036,-2.9499,DELIVERED,22,RAIN,LOW
1475,2026-01-04 14:34:21,12.68,1,20,30,43.231967,-2.983395,DELIVERED,21,RAIN,HIGH
1476,2026-01-07 13:52:34,68.21,5,27,25,43.236238,-2.895593,DELIVERED,25,RAIN,HIGH
1477,2026-01-14 20:54:02,25.49,2,17,32,43.202205,-2.962443,DELIVERED,45,CLEAR,HIGH
1478,2026-01-18 13:24:28,20.66,2,10,26,43.29131,-2.980261,DELIVERED,43,CLEAR,HIGH
1479,2026-01-20 17:45:56,88.91,5,25,25,43.297739,-2.961182,DELIVERED,36,CLEAR,HIGH
1480,2026-01-12 14:42:27,22.19,1,35,20,43.229,-2.895477,CANCELLED,9,RAIN,MEDIUM
1481,2026-01-30 05:46:44,73.04,6,17,14,43.215778,-2.977128,DELIVERED,35,CLEAR,LOW
1482,2026-01-29 15:30:13,19.14,1,23,13,43.29591,-2.964314,DELIVERED,10,CLEAR,LOW
1483,2026-01-05 03:07:15,24.74,2,13,30,43.229056,-2.954683,DELIVERED,42,CLEAR,HIGH
1484,2026-01-21 20:49:12,18.16,1,18,10,43.249593,-2.951857,DELIVERED,32,CLEAR,LOW
1485,2026-01-11 03:27:53,26.03,2,23,22,43.267184,-2.882574,DELIVERED,2,CLEAR,HIGH
1486,2026-01-10 23:44:39,42.86,4,19,19,43.296785,-2.946307,DELIVERED,26,CLEAR,LOW
1487,2026-01-23 09:21:05,18.55,1,22,18,43.291307,-2.959822,DELIVERED,32,RAIN,LOW
1488,2026-01-24 22:15:20,35.13,3,28,26,43.211257,-2.921777,DELIVERED,34,WIND,HIGH
1489,2026-01-02 13:54:49,36.49,4,21,27,43.294373,-2.960768,DELIVERED,16,CLEAR,HIGH
1490,2026-01-06 21:56:24,57.99,3,34,15,43.254405,-2.912259,DELIVERED,33,CLEAR,MEDIUM
1491,2026-01-04 07:44:26,53.34,4,20,13,43.207613,-2.933196,DELIVERED,35,CLEAR,LOW
1492,2026-01-17 14:06:13,30.07,3,25,25,43.275306,-2.888261,DELIVERED,41,CLEAR,HIGH
1493,2026-01-10 15:09:29,35.94,3,16,19,43.241027,-2.943361,DELIVERED,44,CLEAR,LOW
1494,2026-01-05 04:28:07,82.2,6,11,23,43.247158,-2.960624,DELIVERED,27,WIND,LOW
1495,2026-01-22 14:29:12,56.94,4,30,30,43.278999,-2.968695,CANCELLED,14,RAIN,MEDIUM
1496,2026-01-18 12:15:33,17.33,1,17,13,43.252769,-2.962293,DELIVERED,8,CLEAR,MEDIUM
1497,2026-01-02 15:31:36,26.65,2,15,31,43.218124,-2.884988,DELIVERED,27,RAIN,HIGH
1498,2026-01-16 23:39:57,111.56,6,21,21,43.216856,-2.989147,DELIVERED,6,RAIN,LOW
1499,2026-01-08 21:06:01,53.49,5,20,16,43.246512,-2.883745,DELIVERED,47,CLEAR,HIGH
1500,2026-01-12 14:55:48,93.59,5,40,15,43.23506,-2.973527,DELIVERED,18,CLEAR,MEDIUM
1501,2026-01-23 21:46:14,59.0,6,20,21,43.237836,-2.919906,DELIVERED,26,CLEAR,HIGH
1502,2026-01-17 14:03:09,110.2,6,33,28,43.293601,-2.936359,DELIVERED,9,RAIN,MEDIUM
1503,2026-01-12 16:55:19,39.85,4,10,17,43.273167,-2.905342,DELIVERED,37,CLEAR,LOW
1504,2026-01-05 14:27:28,52.25,6,14,33,43.20604,-2.944999,DELIVERED,49,RAIN,HIGH
1505,2026-01-20 21:31:47,58.15,6,11,24,43.247239,-2.898484,DELIVERED,49,CLEAR,HIGH
1506,2026-01-12 22:34:21,12.87,1,21,26,43.249871,-2.897528,DELIVERED,50,CLEAR,HIGH
1507,2026-01-09 13:03:27,21.39,1,38,31,43.247089,-2.95035,DELIVERED,23,RAIN,HIGH
1508,2026-01-05 23:57:37,37.03,3,22,13,43.276471,-2.906972,DELIVERED,38,CLEAR,MEDIUM
1509,2026-01-11 23:02:20,108.05,6,28,24,43.201011,-2.889843,DELIVERED,9,CLEAR,HIGH
1510,2026-01-02 21:41:50,29.17,3,16,26,43.23681,-2.976234,DELIVERED,15,CLEAR,HIGH
1511,2026-01-28 21:38:20,16.71,1,33,31,43.249257,-2.96464,DELIVERED,2,RAIN,HIGH
1512,2026-01-09 13:53:11,49.48,5,23,12,43.258407,-2.974317,DELIVERED,49,CLEAR,MEDIUM
1513,2026-01-22 15:21:38,31.46,2,21,23,43.236713,-2.920192,DELIVERED,13,CLEAR,MEDIUM
1514,2026-01-22 08:30:24,77.48,6,23,11,43.242097,-2.91754,DELIVERED,34,CLEAR,LOW
1515,2026-01-07 23:51:53,85.71,6,21,17,43.232321,-2.911538,DELIVERED,32,CLEAR,MEDIUM
1516,2026-01-18 14:31:44,80.45,6,20,28,43.260719,-2.889492,DELIVERED,17,WIND,HIGH
1517,2026-01-19 01:45:16,15.65,1,20,16,43.279787,-2.904268,DELIVERED,11,CLEAR,LOW
1518,2026-01-23 20:47:28,49.97,5,14,19,43.261564,-2.892036,DELIVERED,20,CLEAR,LOW
1519,2026-01-09 23:46:18,36.82,4,18,16,43.2677,-2.957555,DELIVERED,31,CLEAR,LOW
1520,2026-01-29 22:56:35,73.95,5,27,20,43.246993,-2.93351,DELIVERED,13,CLEAR,MEDIUM
1521,2026-01-05 10:04:08,107.63,6,24,21,43.297297,-2.951398,DELIVERED,10,RAIN,LOW
1522,2026-01-10 22:42:41,33.34,2,33,24,43.239144,-2.902336,DELIVERED,12,WIND,MEDIUM
1523,2026-01-21 21:54:30,14.87,1,22,25,43.255762,-2.927188,DELIVERED,47,RAIN,MEDIUM
1524,2026-01-30 22:06:41,26.34,2,30,30,43.228556,-2.907365,DELIVERED,39,CLEAR,HIGH
1525,2026-01-15 13:41:48,30.32,2,25,22,43.25726,-2.91749,DELIVERED,32,CLEAR,HIGH
1526,2026-01-22 11:35:58,60.19,5,24,22,43.281941,-2.934108,CANCELLED,34,CLEAR,HIGH
1527,2026-01-19 22:18:23,78.39,6,28,23,43.259486,-2.970552,DELIVERED,39,CLEAR,HIGH
1528,2026-01-04 01:58:48,13.36,1,16,21,43.229965,-2.901738,CANCELLED,35,CLEAR,MEDIUM
1529,2026-01-21 21:21:01,14.41,1,22,23,43.298501,-2.963849,DELIVERED,38,CLEAR,HIGH
1530,2026-01-03 03:44:47,9.72,1,12,17,43.266151,-2.98986,DELIVERED,20,CLEAR,MEDIUM
1531,2026-01-26 04:16:50,12.83,1,26,11,43.209264,-2.948774,DELIVERED,2,CLEAR,LOW
1532,2026-01-29 01:52:58,65.02,6,18,19,43.281298,-2.900838,DELIVERED,26,RAIN,LOW
1533,2026-01-22 06:19:58,110.29,6,26,14,43.21476,-2.896424,DELIVERED,28,CLEAR,LOW
1534,2026-01-18 18:00:06,17.7,1,16,13,43.207423,-2.968582,DELIVERED,45,CLEAR,LOW
1535,2026-01-13 20:57:52,25.49,2,19,21,43.234876,-2.973005,DELIVERED,4,CLEAR,MEDIUM
1536,2026-01-19 20:49:17,71.45,6,18,25,43.291685,-2.880585,DELIVERED,5,WIND,HIGH
1537,2026-01-09 03:45:19,74.34,4,19,23,43.271046,-2.90421,DELIVERED,36,CLEAR,MEDIUM
1538,2026-01-07 14:03:11,39.3,2,32,20,43.288147,-2.912572,DELIVERED,10,CLEAR,MEDIUM
1539,2026-01-27 13:58:07,28.52,3,25,18,43.212245,-2.903537,CANCELLED,19,CLEAR,MEDIUM
1540,2026-01-05 23:04:46,47.51,5,9,22,43.202984,-2.945567,DELIVERED,50,RAIN,LOW
1541,2026-01-17 21:54:01,48.19,4,21,30,43.229036,-2.9505,DELIVERED,3,CLEAR,HIGH
1542,2026-01-10 11:29:02,33.04,3,16,17,43.26723,-2.948714,DELIVERED,26,CLEAR,LOW
1543,2026-01-19 22:39:01,58.14,6,14,26,43.287613,-2.924605,DELIVERED,50,CLEAR,HIGH
1544,2026-01-15 08:06:37,35.06,3,15,18,43.217931,-2.967661,DELIVERED,5,RAIN,LOW
1545,2026-01-08 06:59:39,76.14,6,18,19,43.291854,-2.988168,DELIVERED,24,RAIN,LOW
1546,2026-01-06 23:58:50,41.33,2,24,19,43.264068,-2.981738,DELIVERED,6,WIND,MEDIUM
1547,2026-01-25 20:30:57,29.01,2,18,22,43.230374,-2.906804,DELIVERED,45,CLEAR,MEDIUM
1548,2026-01-05 12:02:15,62.14,5,17,26,43.280402,-2.927645,DELIVERED,40,RAIN,HIGH
1549,2026-01-15 14:07:00,25.95,2,24,23,43.218568,-2.919667,DELIVERED,35,CLEAR,HIGH
1550,2026-01-27 20:55:09,26.43,2,18,12,43.247173,-2.989217,DELIVERED,3,CLEAR,LOW
1551,2026-01-26 20:08:51,52.62,4,17,14,43.247264,-2.967163,DELIVERED,35,CLEAR,MEDIUM
1552,2026-01-05 23:40:51,57.25,6,8,17,43.271187,-2.886538,DELIVERED,49,CLEAR,LOW
1553,2026-01-04 23:05:37,32.78,3,18,20,43.293157,-2.966511,DELIVERED,19,CLEAR,MEDIUM
1554,2026-01-18 14:15:18,26.32,3,24,20,43.274631,-2.902899,DELIVERED,16,RAIN,HIGH
1555,2026-01-31 10:23:24,61.81,5,21,13,43.257269,-2.973121,DELIVERED,34,CLEAR,MEDIUM
1556,2026-01-16 14:33:59,51.49,4,22,26,43.245983,-2.910464,DELIVERED,3,CLEAR,HIGH
1557,2026-01-01 20:58:12,56.83,4,17,28,43.271705,-2.972174,DELIVERED,25,RAIN,HIGH
1558,2026-01-21 22:01:18,14.73,1,14,29,43.220238,-2.918122,CANCELLED,43,WIND,HIGH
1559,2026-01-28 07:16:07,73.46,6,18,16,43.202909,-2.947232,DELIVERED,34,CLEAR,MEDIUM
1560,2026-01-01 22:06:35,78.02,6,22,27,43.257938,-2.888171,DELIVERED,46,WIND,HIGH
1561,2026-01-04 13:20:39,69.67,5,31,31,43.249654,-2.936225,DELIVERED,32,RAIN,HIGH
1562,2026-01-28 13:43:00,72.47,4,29,25,43.222006,-2.900457,DELIVERED,36,CLEAR,HIGH
1563,2026-01-30 11:07:37,54.27,4,16,14,43.233431,-2.932174,DELIVERED,32,CLEAR,MEDIUM
1564,2026-01-10 15:37:48,52.09,4,16,21,43.286401,-2.932297,DELIVERED,17,CLEAR,MEDIUM
1565,2026-01-30 09:34:30,60.74,6,14,23,43.202676,-2.940039,DELIVERED,41,CLEAR,HIGH
1566,2026-01-20 03:30:48,27.79,2,24,10,43.279844,-2.927562,DELIVERED,12,CLEAR,LOW
1567,2026-01-23 18:23:33,55.55,6,9,24,43.246691,-2.97696,DELIVERED,49,CLEAR,HIGH
1568,2026-01-09 21:04:44,15.06,1,22,25,43.260495,-2.967949,DELIVERED,27,RAIN,HIGH
1569,2026-01-20 22:31:33,15.92,1,32,25,43.276522,-2.951428,DELIVERED,32,CLEAR,MEDIUM
1570,2026-01-17 22:27:48,65.26,6,25,26,43.212971,-2.987413,DELIVERED,41,CLEAR,HIGH
1571,2026-01-17 23:04:39,50.26,4,15,18,43.240291,-2.969266,DELIVERED,3,CLEAR,LOW
1572,2026-01-26 11:30:29,16.44,1,33,14,43.200131,-2.89321,DELIVERED,18,CLEAR,LOW
1573,2026-01-16 06:05:59,32.95,2,21,20,43.220598,-2.892006,DELIVERED,48,CLEAR,LOW
1574,2026-01-13 20:06:50,30.06,2,18,17,43.262829,-2.942017,CANCELLED,39,RAIN,MEDIUM
1575,2026-01-06 13:58:00,38.53,3,27,25,43.286304,-2.98761,DELIVERED,34,CLEAR,HIGH
1576,2026-01-16 14:29:43,41.22,3,22,22,43.266868,-2.905461,DELIVERED,42,CLEAR,HIGH
1577,2026-01-23 16:29:35,51.76,5,19,11,43.29143,-2.930407,DELIVERED,26,CLEAR,LOW
1578,2026-01-11 14:28:45,38.79,2,38,22,43.296603,-2.889985,DELIVERED,9,CLEAR,MEDIUM
1579,2026-01-01 13:38:25,16.76,1,21,22,43.204083,-2.986061,DELIVERED,5,CLEAR,HIGH
1580,2026-01-15 15:08:44,28.09,3,14,18,43.235127,-2.966563,DELIVERED,47,CLEAR,LOW
1581,2026-01-10 04:21:59,64.33,5,26,22,43.294822,-2.942918,DELIVERED,29,RAIN,LOW
1582,2026-01-29 12:37:52,31.01,2,18,18,43.282485,-2.973003,DELIVERED,13,WIND,LOW
1583,2026-01-10 12:09:45,31.71,2,18,16,43.202935,-2.924303,DELIVERED,39,WIND,LOW
1584,2026-01-08 22:19:09,110.47,6,24,14,43.207839,-2.885789,DELIVERED,10,CLEAR,MEDIUM
1585,2026-01-02 13:54:11,31.59,3,28,22,43.288498,-2.92544,DELIVERED,4,CLEAR,MEDIUM
1586,2026-01-16 21:28:07,28.89,3,22,35,43.227449,-2.975535,DELIVERED,7,RAIN,HIGH
1587,2026-01-04 20:21:04,62.11,5,27,16,43.285239,-2.921737,DELIVERED,22,CLEAR,LOW
1588,2026-01-17 10:28:44,42.92,3,19,15,43.251042,-2.975015,DELIVERED,46,CLEAR,LOW
1589,2026-01-15 02:26:04,14.77,1,25,19,43.279992,-2.887243,DELIVERED,22,CLEAR,MEDIUM
1590,2026-01-22 22:38:54,42.96,3,25,19,43.214838,-2.95827,DELIVERED,32,CLEAR,HIGH
1591,2026-01-30 21:20:11,19.14,1,27,36,43.273721,-2.939197,DELIVERED,32,RAIN,HIGH
1592,2026-01-24 17:14:08,34.24,3,24,17,43.226351,-2.909234,DELIVERED,22,CLEAR,LOW
1593,2026-01-03 14:52:40,40.43,3,21,19,43.207946,-2.980233,DELIVERED,40,RAIN,MEDIUM
1594,2026-01-27 23:46:22,58.55,5,19,16,43.257575,-2.884013,CANCELLED,3,CLEAR,LOW
1595,2026-01-18 21:23:46,43.86,5,20,14,43.228504,-2.986372,DELIVERED,49,CLEAR,MEDIUM
1596,2026-01-31 21:19:18,80.26,6,23,21,43.241221,-2.940191,DELIVERED,11,WIND,MEDIUM
1597,2026-01-07 13:25:11,23.48,2,24,24,43.21489,-2.900221,DELIVERED,35,CLEAR,HIGH
1598,2026-01-16 21:17:15,64.84,6,17,23,43.266375,-2.956345,DELIVERED,44,CLEAR,HIGH
1599,2026-01-28 14:58:32,28.46,2,33,23,43.227915,-2.88643,DELIVERED,22,CLEAR,MEDIUM
1600,2026-01-29 14:24:33,83.67,6,15,25,43.277211,-2.920684,DELIVERED,27,WIND,HIGH
1601,2026-01-03 13:06:41,28.16,2,28,23,43.291992,-2.912247,DELIVERED,14,CLEAR,HIGH
1602,2026-01-17 09:00:40,29.83,2,21,22,43.241423,-2.965339,DELIVERED,48,WIND,MEDIUM
1603,2026-01-09 14:53:09,21.45,2,28,23,43.205071,-2.954162,DELIVERED,19,CLEAR,HIGH
1604,2026-01-20 20:20:32,20.38,2,10,20,43.298889,-2.889631,DELIVERED,7,CLEAR,MEDIUM
1605,2026-01-20 22:33:58,31.53,2,28,24,43.200156,-2.985539,DELIVERED,14,RAIN,HIGH
1606,2026-01-03 02:21:08,36.8,2,25,20,43.29183,-2.926158,DELIVERED,10,CLEAR,LOW
1607,2026-01-02 22:46:34,75.83,5,23,35,43.280358,-2.967872,DELIVERED,1,RAIN,HIGH
1608,2026-01-08 12:35:06,8.99,1,11,12,43.241123,-2.946204,DELIVERED,16,CLEAR,LOW
1609,2026-01-20 12:01:17,43.1,3,12,17,43.233837,-2.943691,DELIVERED,27,CLEAR,LOW
1610,2026-01-16 05:56:09,47.34,3,17,25,43.200274,-2.93914,DELIVERED,1,WIND,MEDIUM
1611,2026-01-26 08:48:53,60.48,4,18,26,43.276024,-2.888905,DELIVERED,25,RAIN,MEDIUM
1612,2026-01-26 15:10:47,55.3,3,23,19,43.257354,-2.974305,DELIVERED,10,CLEAR,MEDIUM
1613,2026-01-05 18:47:29,23.79,2,9,19,43.200651,-2.936981,DELIVERED,15,CLEAR,MEDIUM
1614,2026-01-23 14:18:10,10.25,1,26,22,43.2033,-2.918856,DELIVERED,4,CLEAR,HIGH
1615,2026-01-17 13:18:15,28.44,2,25,32,43.24707,-2.940601,DELIVERED,40,CLEAR,HIGH
1616,2026-01-22 13:49:17,89.89,5,39,22,43.298103,-2.914581,DELIVERED,23,CLEAR,HIGH
1617,2026-01-27 14:41:41,83.96,6,24,29,43.260216,-2.900172,CANCELLED,46,CLEAR,HIGH
1618,2026-01-31 13:23:52,35.62,2,42,24,43.299047,-2.89485,DELIVERED,23,WIND,MEDIUM
1619,2026-01-16 13:13:14,81.29,6,23,13,43.283019,-2.917659,DELIVERED,42,CLEAR,MEDIUM
1620,2026-01-28 18:09:42,22.98,1,20,17,43.266677,-2.931988,DELIVERED,36,CLEAR,LOW
1621,2026-01-03 09:57:57,47.05,5,7,15,43.265604,-2.909123,DELIVERED,43,CLEAR,MEDIUM
1622,2026-01-31 20:41:26,42.49,3,20,15,43.286532,-2.890826,CANCELLED,39,CLEAR,MEDIUM
1623,2026-01-30 14:28:54,13.74,1,25,25,43.254134,-2.92939,DELIVERED,3,CLEAR,MEDIUM
1624,2026-01-15 21:33:30,28.76,3,16,22,43.284235,-2.92272,DELIVERED,16,CLEAR,HIGH
1625,2026-01-28 14:27:49,68.43,5,21,25,43.255681,-2.985643,DELIVERED,38,CLEAR,HIGH
1626,2026-01-09 08:00:13,79.93,6,19,18,43.21863,-2.972659,DELIVERED,39,CLEAR,LOW
1627,2026-01-06 22:23:49,17.77,2,21,29,43.200807,-2.963128,DELIVERED,37,RAIN,MEDIUM
1628,2026-01-28 07:24:40,20.41,2,12,20,43.234974,-2.934681,DELIVERED,20,CLEAR,LOW
1629,2026-01-29 12:36:57,18.28,2,16,13,43.270183,-2.948952,DELIVERED,30,CLEAR,LOW
1630,2026-01-16 18:05:06,30.15,3,10,26,43.278585,-2.98258,DELIVERED,37,CLEAR,HIGH
1631,2026-01-08 07:03:29,16.04,1,19,32,43.262245,-2.977501,DELIVERED,1,RAIN,MEDIUM
1632,2026-01-18 22:44:40,23.1,2,17,19,43.203758,-2.969248,DELIVERED,21,CLEAR,HIGH
1633,2026-01-08 20:00:41,35.91,3,10,14,43.234168,-2.962427,DELIVERED,20,WIND,LOW
1634,2026-01-12 22:45:02,35.35,3,22,23,43.272074,-2.98443,DELIVERED,15,CLEAR,HIGH
1635,2026-01-04 17:42:06,26.07,3,10,20,43.208541,-2.970495,DELIVERED,37,CLEAR,LOW
1636,2026-01-20 09:17:17,18.02,1,31,15,43.219174,-2.915848,DELIVERED,33,WIND,LOW
1637,2026-01-01 14:22:08,65.24,5,36,27,43.20989,-2.948947,DELIVERED,22,RAIN,MEDIUM
1638,2026-01-03 21:22:27,83.36,6,33,35,43.216003,-2.925881,DELIVERED,12,RAIN,HIGH
1639,2026-01-06 20:58:18,50.97,4,16,10,43.230197,-2.985275,DELIVERED,11,CLEAR,LOW
1640,2026-01-27 09:31:31,26.8,2,15,29,43.266802,-2.885563,DELIVERED,35,CLEAR,HIGH
1641,2026-01-28 23:55:14,20.48,2,13,18,43.231465,-2.974887,DELIVERED,21,RAIN,MEDIUM
1642,2026-01-01 14:24:42,109.16,6,32,27,43.21581,-2.880551,DELIVERED,10,RAIN,HIGH
1643,2026-01-10 14:34:25,61.95,6,25,25,43.297134,-2.912912,DELIVERED,41,CLEAR,HIGH
1644,2026-01-04 15:25:35,42.51,3,13,13,43.269896,-2.892928,DELIVERED,42,CLEAR,LOW
1645,2026-01-09 21:01:55,15.91,1,26,26,43.2844,-2.90723,DELIVERED,19,CLEAR,HIGH
1646,2026-01-09 23:52:01,14.42,1,11,20,43.297025,-2.921079,DELIVERED,43,RAIN,LOW
1647,2026-01-26 01:09:06,13.86,1,21,23,43.26142,-2.949606,DELIVERED,48,CLEAR,MEDIUM
1648,2026-01-04 22:13:34,16.46,2,23,26,43.237496,-2.910446,DELIVERED,21,CLEAR,HIGH
1649,2026-01-17 08:13:19,82.54,6,18,11,43.220817,-2.914236,DELIVERED,13,CLEAR,LOW
1650,2026-01-05 19:55:42,51.84,4,16,16,43.275631,-2.909245,DELIVERED,27,CLEAR,LOW
1651,2026-01-13 05:22:42,35.13,4,13,28,43.278685,-2.938727,DELIVERED,16,RAIN,HIGH
1652,2026-01-27 10:57:44,16.99,1,24,22,43.286072,-2.915778,DELIVERED,34,CLEAR,MEDIUM
1653,2026-01-11 13:21:22,55.92,5,13,28,43.205384,-2.942482,DELIVERED,20,RAIN,MEDIUM
1654,2026-01-02 06:41:47,15.64,1,16,18,43.271526,-2.915474,DELIVERED,35,CLEAR,LOW
1655,2026-01-13 06:33:53,77.78,4,19,16,43.247058,-2.940982,DELIVERED,6,CLEAR,LOW
1656,2026-01-01 12:31:07,21.31,1,29,16,43.212971,-2.985227,DELIVERED,9,CLEAR,MEDIUM
1657,2026-01-20 04:19:22,83.88,6,16,15,43.245521,-2.956619,DELIVERED,1,CLEAR,LOW
1658,2026-01-23 12:53:37,75.69,4,25,24,43.290622,-2.899451,DELIVERED,6,CLEAR,MEDIUM
1659,2026-01-28 20:28:46,60.22,6,13,13,43.236125,-2.925438,CANCELLED,30,CLEAR,LOW
1660,2026-01-11 20:13:03,65.69,5,18,27,43.272791,-2.985594,DELIVERED,35,RAIN,LOW
1661,2026-01-28 14:36:57,75.76,6,22,26,43.219121,-2.964091,DELIVERED,35,CLEAR,HIGH
1662,2026-01-31 19:41:51,35.49,2,33,19,43.234824,-2.952977,DELIVERED,23,CLEAR,MEDIUM
1663,2026-01-14 13:37:40,73.27,6,32,25,43.212608,-2.957842,DELIVERED,2,WIND,HIGH
1664,2026-01-23 19:36:42,10.11,1,24,12,43.277656,-2.913777,DELIVERED,2,CLEAR,LOW
1665,2026-01-07 12:49:29,89.94,6,23,17,43.225637,-2.900759,DELIVERED,25,CLEAR,LOW
1666,2026-01-28 20:04:39,50.26,5,20,11,43.29349,-2.968919,DELIVERED,26,CLEAR,LOW
1667,2026-01-13 00:18:44,37.78,3,18,14,43.259468,-2.891271,DELIVERED,17,CLEAR,MEDIUM
1668,2026-01-08 12:04:19,88.5,6,23,15,43.213807,-2.979945,DELIVERED,25,CLEAR,LOW
1669,2026-01-31 22:08:39,11.09,1,22,19,43.203305,-2.894174,CANCELLED,38,CLEAR,MEDIUM
1670,2026-01-13 20:29:20,75.99,4,23,23,43.213609,-2.904755,DELIVERED,28,CLEAR,HIGH
1671,2026-01-30 15:59:39,30.27,2,24,19,43.276319,-2.880356,DELIVERED,48,CLEAR,MEDIUM
1672,2026-01-26 21:59:20,65.74,5,20,25,43.259316,-2.899198,DELIVERED,40,RAIN,HIGH
1673,2026-01-31 12:21:00,24.22,2,19,17,43.287286,-2.911232,DELIVERED,42,CLEAR,LOW
1674,2026-01-12 21:46:27,52.07,3,30,28,43.296028,-2.916124,DELIVERED,28,RAIN,MEDIUM
1675,2026-01-19 10:32:40,18.03,2,13,16,43.297776,-2.909575,DELIVERED,7,CLEAR,MEDIUM
1676,2026-01-22 01:48:36,24.02,2,13,20,43.213608,-2.916473,DELIVERED,40,CLEAR,MEDIUM
1677,2026-01-11 13:31:48,65.83,6,29,32,43.253116,-2.885749,DELIVERED,4,RAIN,HIGH
1678,2026-01-24 22:24:00,59.15,6,25,30,43.293178,-2.959215,DELIVERED,19,RAIN,HIGH
1679,2026-01-19 21:43:44,11.85,1,21,18,43.213586,-2.894361,CANCELLED,24,CLEAR,HIGH
1680,2026-01-07 13:05:25,51.65,4,19,17,43.222924,-2.919737,DELIVERED,27,CLEAR,MEDIUM
1681,2026-01-30 12:16:04,70.76,5,18,13,43.248972,-2.906775,DELIVERED,48,CLEAR,MEDIUM
1682,2026-01-17 15:56:03,13.99,1,16,15,43.256032,-2.928462,DELIVERED,32,CLEAR,LOW
1683,2026-01-12 01:19:51,95.57,5,27,14,43.205167,-2.882342,DELIVERED,9,CLEAR,LOW
1684,2026-01-01 21:35:51,43.24,4,23,14,43.284527,-2.882697,DELIVERED,4,CLEAR,MEDIUM
1685,2026-01-02 20:02:35,19.26,1,25,29,43.236078,-2.903148,DELIVERED,14,RAIN,MEDIUM
1686,2026-01-23 13:35:51,83.46,6,25,29,43.249362,-2.95155,DELIVERED,11,CLEAR,HIGH
1687,2026-01-17 11:05:58,39.47,3,12,28,43.266213,-2.889537,DELIVERED,8,RAIN,LOW
1688,2026-01-14 21:50:16,53.53,4,28,29,43.286489,-2.913388,DELIVERED,46,CLEAR,HIGH
1689,2026-01-05 04:14:50,53.43,4,13,18,43.223615,-2.926303,DELIVERED,42,CLEAR,LOW
1690,2026-01-03 13:01:58,37.88,3,27,26,43.252154,-2.973806,DELIVERED,11,CLEAR,HIGH
1691,2026-01-29 14:48:15,19.27,2,25,23,43.238939,-2.936786,DELIVERED,4,CLEAR,HIGH
1692,2026-01-13 02:18:06,56.61,3,25,19,43.223413,-2.91238,DELIVERED,36,CLEAR,LOW
1693,2026-01-19 11:29:53,70.0,5,18,27,43.204618,-2.88509,DELIVERED,38,RAIN,MEDIUM
1694,2026-01-19 07:37:05,41.94,2,33,14,43.207934,-2.894555,DELIVERED,18,CLEAR,LOW
1695,2026-01-19 12:34:08,53.25,4,18,21,43.273905,-2.961954,DELIVERED,45,CLEAR,MEDIUM
1696,2026-01-06 22:04:09,50.19,5,27,21,43.273401,-2.934658,DELIVERED,19,RAIN,MEDIUM
1697,2026-01-09 08:25:25,30.96,2,21,18,43.281719,-2.972486,DELIVERED,11,CLEAR,LOW
1698,2026-01-06 23:12:59,108.18,6,31,14,43.235111,-2.940128,DELIVERED,9,CLEAR,LOW
1699,2026-01-13 21:49:03,60.37,6,19,25,43.240187,-2.899933,DELIVERED,30,CLEAR,HIGH
1700,2026-01-20 03:06:00,41.43,2,34,23,43.231085,-2.893149,DELIVERED,23,CLEAR,MEDIUM
1701,2026-01-27 21:28:08,52.61,4,23,31,43.23799,-2.937315,CANCELLED,3,RAIN,MEDIUM
1702,2026-01-12 22:19:26,56.35,3,26,15,43.210849,-2.977676,DELIVERED,6,CLEAR,MEDIUM
1703,2026-01-28 15:31:51,13.66,1,25,15,43.29537,-2.966777,DELIVERED,22,CLEAR,LOW
1704,2026-01-27 12:22:38,71.93,4,27,23,43.243203,-2.893556,DELIVERED,33,RAIN,LOW
1705,2026-01-28 22:07:08,71.71,5,27,20,43.26925,-2.923999,DELIVERED,48,CLEAR,MEDIUM
1706,2026-01-23 20:12:13,68.47,5,19,17,43.286001,-2.897984,DELIVERED,11,CLEAR,MEDIUM
1707,2026-01-03 08:38:11,32.79,2,20,21,43.267968,-2.880351,DELIVERED,1,CLEAR,HIGH
1708,2026-01-28 18:34:52,58.61,3,33,21,43.21505,-2.979676,DELIVERED,18,RAIN,LOW
1709,2026-01-18 03:03:00,53.03,3,20,20,43.295441,-2.988406,DELIVERED,10,CLEAR,LOW
1710,2026-01-14 18:40:18,38.23,2,28,17,43.236907,-2.906404,DELIVERED,18,CLEAR,MEDIUM
1711,2026-01-09 22:29:16,82.33,6,21,24,43.278773,-2.980536,DELIVERED,38,WIND,HIGH
1712,2026-01-16 22:46:59,21.04,2,22,30,43.239784,-2.941867,DELIVERED,16,RAIN,HIGH
1713,2026-01-19 21:57:22,26.74,3,21,28,43.2051,-2.974728,DELIVERED,7,RAIN,MEDIUM
1714,2026-01-28 15:23:31,57.78,4,20,18,43.281236,-2.937953,DELIVERED,11,CLEAR,MEDIUM
1715,2026-01-18 14:29:47,7.67,1,16,30,43.20336,-2.888125,DELIVERED,43,WIND,HIGH
1716,2026-01-03 05:25:43,53.72,3,29,14,43.282371,-2.907638,DELIVERED,18,CLEAR,LOW
1717,2026-01-06 03:59:32,26.32,2,21,19,43.206,-2.94347,CANCELLED,14,CLEAR,LOW
1718,2026-01-18 22:42:14,57.71,4,19,21,43.242116,-2.966174,DELIVERED,8,CLEAR,HIGH
1719,2026-01-26 15:35:10,12.88,1,9,16,43.220401,-2.882985,DELIVERED,50,CLEAR,MEDIUM
1720,2026-01-20 23:49:46,20.52,2,12,26,43.251584,-2.919883,DELIVERED,41,RAIN,LOW
1721,2026-01-13 21:24:21,44.58,5,22,22,43.204507,-2.98229,DELIVERED,31,CLEAR,HIGH
1722,2026-01-23 21:45:41,26.72,2,20,19,43.21486,-2.891826,DELIVERED,5,RAIN,MEDIUM
1723,2026-01-02 14:22:29,61.15,6,18,20,43.266761,-2.900901,DELIVERED,44,WIND,MEDIUM
1724,2026-01-20 13:22:57,14.05,1,22,25,43.237729,-2.956053,DELIVERED,40,CLEAR,HIGH
1725,2026-01-25 13:01:08,62.24,6,17,27,43.216517,-2.93756,DELIVERED,44,CLEAR,HIGH
1726,2026-01-07 22:19:11,28.43,2,33,30,43.27116,-2.937907,DELIVERED,48,CLEAR,HIGH
1727,2026-01-21 21:28:47,9.39,1,24,21,43.237843,-2.933548,CANCELLED,7,CLEAR,HIGH
1728,2026-01-12 22:23:19,52.67,6,19,28,43.266722,-2.959962,CANCELLED,49,CLEAR,HIGH
1729,2026-01-29 10:17:35,109.95,6,30,36,43.260992,-2.901224,DELIVERED,9,RAIN,HIGH
1730,2026-01-02 08:23:34,12.25,1,26,12,43.209941,-2.973291,DELIVERED,14,CLEAR,LOW
1731,2026-01-04 20:40:54,29.32,2,17,12,43.21124,-2.921533,CANCELLED,3,CLEAR,LOW
1732,2026-01-24 14:10:54,53.59,5,25,22,43.237622,-2.952297,DELIVERED,26,CLEAR,MEDIUM
1733,2026-01-24 08:21:30,37.48,3,15,11,43.262636,-2.89123,DELIVERED,5,CLEAR,LOW
1734,2026-01-13 08:31:55,26.16,2,19,21,43.27134,-2.919434,DELIVERED,40,CLEAR,MEDIUM
1735,2026-01-01 14:42:07,76.61,6,22,24,43.245087,-2.97238,DELIVERED,39,CLEAR,MEDIUM
1736,2026-01-08 23:06:14,16.8,1,12,21,43.238628,-2.91524,DELIVERED,8,CLEAR,MEDIUM
1737,2026-01-06 09:06:38,73.29,4,22,26,43.233309,-2.934208,DELIVERED,28,RAIN,MEDIUM
1738,2026-01-01 13:53:39,12.59,1,29,15,43.231973,-2.931962,DELIVERED,13,CLEAR,MEDIUM
1739,2026-01-22 16:18:16,71.94,5,21,10,43.272608,-2.880419,DELIVERED,32,CLEAR,LOW
1740,2026-01-01 09:03:45,57.86,4,16,15,43.21178,-2.914143,DELIVERED,11,CLEAR,MEDIUM
1741,2026-01-06 05:45:33,14.42,1,16,24,43.288579,-2.924381,CANCELLED,11,RAIN,LOW
1742,2026-01-04 02:49:01,59.61,6,18,15,43.266829,-2.960133,DELIVERED,31,RAIN,LOW
1743,2026-01-30 07:54:11,29.97,3,16,18,43.206244,-2.976327,DELIVERED,41,CLEAR,LOW
1744,2026-01-28 14:03:09,41.46,4,23,13,43.266548,-2.928937,DELIVERED,7,CLEAR,MEDIUM
1745,2026-01-08 20:56:00,17.19,2,11,15,43.264433,-2.969916,DELIVERED,43,CLEAR,LOW
1746,2026-01-31 10:31:35,35.94,3,19,21,43.260643,-2.931864,DELIVERED,45,CLEAR,MEDIUM
1747,2026-01-13 22:34:23,23.78,2,21,15,43.255307,-2.929186,DELIVERED,30,CLEAR,MEDIUM
1748,2026-01-08 13:11:41,29.16,2,31,26,43.219443,-2.960281,DELIVERED,22,RAIN,HIGH
1749,2026-01-07 11:10:50,65.88,6,17,19,43.279971,-2.9319,DELIVERED,26,CLEAR,MEDIUM
1750,2026-01-18 15:51:54,18.55,1,15,23,43.210525,-2.952651,DELIVERED,46,RAIN,MEDIUM
1751,2026-01-04 22:26:02,76.15,6,23,24,43.207459,-2.921356,DELIVERED,35,CLEAR,HIGH
1752,2026-01-10 22:01:25,66.0,5,22,22,43.206116,-2.955231,DELIVERED,42,CLEAR,HIGH
1753,2026-01-12 09:20:18,49.57,5,10,10,43.209179,-2.962391,DELIVERED,30,CLEAR,LOW
1754,2026-01-15 23:28:24,61.33,6,19,16,43.259034,-2.977434,DELIVERED,4,CLEAR,LOW
1755,2026-01-29 21:08:49,52.82,6,22,16,43.270005,-2.985933,DELIVERED,16,CLEAR,MEDIUM
1756,2026-01-13 22:12:55,89.32,5,33,15,43.200165,-2.962025,DELIVERED,23,CLEAR,MEDIUM
1757,2026-01-07 11:43:48,14.11,1,28,23,43.203669,-2.93917,DELIVERED,12,CLEAR,MEDIUM
1758,2026-01-14 21:07:05,37.81,2,43,15,43.253326,-2.943455,DELIVERED,18,CLEAR,MEDIUM
1759,2026-01-30 13:18:30,27.82,2,25,21,43.246905,-2.910812,DELIVERED,38,CLEAR,MEDIUM
1760,2026-01-11 14:28:32,64.18,6,24,21,43.2341,-2.901066,DELIVERED,47,CLEAR,MEDIUM
1761,2026-01-19 14:18:18,73.41,5,20,25,43.27972,-2.980422,DELIVERED,1,CLEAR,HIGH
1762,2026-01-19 21:42:25,77.32,4,34,24,43.258243,-2.983303,DELIVERED,9,CLEAR,HIGH
1763,2026-01-16 14:44:59,26.95,3,27,23,43.244726,-2.891604,CANCELLED,16,CLEAR,MEDIUM
1764,2026-01-08 12:14:59,29.96,2,21,28,43.28457,-2.984348,DELIVERED,11,WIND,HIGH
1765,2026-01-08 20:52:12,50.68,4,17,21,43.281993,-2.916875,DELIVERED,40,CLEAR,MEDIUM
1766,2026-01-01 01:04:24,18.53,1,14,17,43.231988,-2.892216,DELIVERED,17,CLEAR,MEDIUM
1767,2026-01-12 22:41:23,15.2,1,21,22,43.23824,-2.951574,DELIVERED,27,CLEAR,HIGH
1768,2026-01-25 15:23:01,52.68,6,16,18,43.220233,-2.89889,DELIVERED,7,WIND,LOW
1769,2026-01-15 15:06:43,50.13,4,17,13,43.247123,-2.929134,DELIVERED,42,CLEAR,LOW
1770,2026-01-04 05:50:38,41.45,4,14,29,43.224017,-2.944236,DELIVERED,16,CLEAR,HIGH
1771,2026-01-17 22:08:28,14.03,1,25,21,43.273908,-2.977786,DELIVERED,40,CLEAR,HIGH
1772,2026-01-10 22:02:55,26.95,2,28,16,43.29462,-2.980953,DELIVERED,24,CLEAR,MEDIUM
1773,2026-01-07 22:54:19,46.11,4,33,19,43.21233,-2.899261,DELIVERED,2,CLEAR,HIGH
1774,2026-01-08 15:08:08,44.91,3,15,12,43.287875,-2.891937,DELIVERED,27,CLEAR,LOW
1775,2026-01-02 15:07:13,43.7,3,18,12,43.218074,-2.960909,DELIVERED,48,CLEAR,LOW
1776,2026-01-21 23:58:03,16.24,2,13,18,43.215621,-2.893635,DELIVERED,21,CLEAR,MEDIUM
1777,2026-01-15 14:59:40,71.83,6,22,30,43.290759,-2.913255,DELIVERED,3,WIND,HIGH
1778,2026-01-21 13:14:50,9.38,1,26,22,43.274576,-2.947612,DELIVERED,16,CLEAR,MEDIUM
1779,2026-01-09 14:47:14,65.37,6,28,24,43.239961,-2.914401,DELIVERED,19,CLEAR,HIGH
1780,2026-01-03 12:51:05,50.87,5,19,15,43.241588,-2.944196,DELIVERED,26,WIND,LOW
1781,2026-01-12 14:26:08,78.96,6,19,23,43.221908,-2.925429,DELIVERED,27,CLEAR,HIGH
1782,2026-01-04 14:57:41,47.03,4,27,24,43.289198,-2.928615,DELIVERED,24,CLEAR,MEDIUM
1783,2026-01-11 21:31:22,51.64,4,24,16,43.273177,-2.943585,DELIVERED,11,CLEAR,MEDIUM
1784,2026-01-01 11:37:45,26.72,2,23,26,43.268217,-2.988132,DELIVERED,25,WIND,MEDIUM
1785,2026-01-19 20:24:35,36.79,2,22,13,43.235279,-2.939975,DELIVERED,10,CLEAR,LOW
1786,2026-01-04 03:35:43,9.74,1,15,22,43.27524,-2.956061,CANCELLED,20,RAIN,MEDIUM
1787,2026-01-21 01:21:49,95.72,5,25,18,43.284307,-2.895736,CANCELLED,36,CLEAR,LOW
1788,2026-01-05 13:23:11,69.36,5,21,36,43.222854,-2.918398,DELIVERED,11,RAIN,HIGH
1789,2026-01-04 13:47:38,54.12,4,20,21,43.271713,-2.916537,DELIVERED,11,WIND,MEDIUM
1790,2026-01-10 14:36:41,57.92,6,21,24,43.209814,-2.92055,DELIVERED,7,CLEAR,HIGH
1791,2026-01-18 22:05:42,49.01,5,25,22,43.285432,-2.957868,DELIVERED,30,CLEAR,HIGH
1792,2026-01-12 13:14:31,11.97,1,29,27,43.208925,-2.946005,DELIVERED,11,WIND,MEDIUM
1793,2026-01-19 18:34:19,59.43,6,13,10,43.295699,-2.9281,DELIVERED,37,CLEAR,LOW
1794,2026-01-14 19:47:21,42.5,4,13,20,43.203434,-2.931584,DELIVERED,41,CLEAR,LOW
1795,2026-01-07 18:56:32,62.39,6,8,22,43.239602,-2.937559,DELIVERED,15,RAIN,MEDIUM
1796,2026-01-11 20:26:56,65.89,5,15,15,43.257931,-2.913383,DELIVERED,17,CLEAR,MEDIUM
1797,2026-01-22 20:58:37,7.05,1,16,19,43.289427,-2.918082,DELIVERED,16,CLEAR,MEDIUM
1798,2026-01-05 14:07:23,25.02,2,28,24,43.256355,-2.933275,DELIVERED,38,CLEAR,HIGH
1799,2026-01-01 15:08:29,65.4,5,18,23,43.232023,-2.946826,DELIVERED,5,CLEAR,HIGH
1800,2026-01-27 22:00:25,23.57,2,23,21,43.210921,-2.884504,DELIVERED,7,CLEAR,HIGH
1801,2026-01-09 12:03:24,15.25,1,16,25,43.274799,-2.926439,DELIVERED,5,CLEAR,HIGH
1802,2026-01-29 14:57:55,22.46,2,25,32,43.243021,-2.880688,DELIVERED,44,RAIN,MEDIUM
1803,2026-01-16 00:52:33,72.4,5,25,25,43.269972,-2.968613,DELIVERED,14,CLEAR,HIGH
1804,2026-01-12 14:14:36,49.98,5,24,17,43.238188,-2.933922,DELIVERED,49,CLEAR,HIGH
1805,2026-01-06 02:50:45,49.63,5,15,17,43.259292,-2.881371,DELIVERED,31,CLEAR,LOW
1806,2026-01-22 13:11:37,40.02,3,27,32,43.241765,-2.948412,CANCELLED,29,CLEAR,HIGH
1807,2026-01-23 22:05:36,57.72,4,33,24,43.247662,-2.961536,DELIVERED,12,CLEAR,HIGH
1808,2026-01-22 23:19:33,46.45,3,28,18,43.29831,-2.954455,DELIVERED,12,CLEAR,LOW
1809,2026-01-17 17:09:38,45.95,4,15,15,43.241371,-2.894777,DELIVERED,30,CLEAR,LOW
1810,2026-01-11 20:12:33,54.56,6,16,13,43.22992,-2.90799,DELIVERED,21,CLEAR,MEDIUM
1811,2026-01-12 20:31:30,22.43,2,17,15,43.287379,-2.910529,DELIVERED,24,CLEAR,LOW
1812,2026-01-27 09:42:28,25.96,2,16,25,43.266509,-2.907781,DELIVERED,41,RAIN,HIGH
1813,2026-01-14 13:11:08,37.31,4,14,31,43.27239,-2.885344,DELIVERED,49,RAIN,HIGH
1814,2026-01-18 12:02:55,35.31,3,21,18,43.291634,-2.980591,DELIVERED,24,CLEAR,LOW
1815,2026-01-20 12:45:23,27.53,2,21,14,43.200907,-2.881776,DELIVERED,13,CLEAR,LOW
1816,2026-01-18 19:13:12,28.29,2,13,19,43.23866,-2.914626,DELIVERED,27,RAIN,LOW
1817,2026-01-12 20:22:55,53.26,3,22,12,43.201428,-2.886085,DELIVERED,36,CLEAR,LOW
1818,2026-01-04 22:03:51,35.78,2,29,19,43.295075,-2.979229,CANCELLED,28,CLEAR,HIGH
1819,2026-01-21 22:46:19,18.55,2,15,20,43.245371,-2.889483,DELIVERED,49,CLEAR,HIGH
1820,2026-01-28 21:51:01,11.22,1,11,27,43.241457,-2.985186,DELIVERED,49,CLEAR,HIGH
1821,2026-01-29 16:43:31,35.59,4,16,22,43.271906,-2.891967,DELIVERED,7,CLEAR,MEDIUM
1822,2026-01-21 21:39:16,88.19,6,33,23,43.284714,-2.988462,DELIVERED,12,CLEAR,HIGH
1823,2026-01-19 04:44:47,57.11,6,16,22,43.244451,-2.962216,DELIVERED,16,CLEAR,HIGH
1824,2026-01-27 15:29:05,32.0,2,15,14,43.287294,-2.92977,DELIVERED,42,CLEAR,MEDIUM
1825,2026-01-21 21:06:57,35.82,3,24,33,43.28874,-2.957512,CANCELLED,3,RAIN,HIGH
1826,2026-01-18 17:41:32,22.51,2,14,16,43.228171,-2.9848,DELIVERED,49,CLEAR,MEDIUM
1827,2026-01-29 22:32:06,36.85,2,34,24,43.264057,-2.899676,DELIVERED,18,RAIN,HIGH
1828,2026-01-01 23:42:49,31.96,3,16,17,43.211792,-2.976222,DELIVERED,4,WIND,LOW
1829,2026-01-06 02:04:08,42.58,4,17,19,43.207172,-2.976264,DELIVERED,4,CLEAR,LOW
1830,2026-01-20 15:41:51,59.84,4,20,14,43.279493,-2.961035,DELIVERED,1,CLEAR,LOW
1831,2026-01-27 08:54:36,89.23,5,27,12,43.267838,-2.925581,DELIVERED,28,CLEAR,LOW
1832,2026-01-18 17:16:26,24.63,2,26,18,43.243056,-2.92833,DELIVERED,2,CLEAR,MEDIUM
1833,2026-01-27 20:50:44,23.25,2,29,21,43.222021,-2.966989,DELIVERED,22,CLEAR,MEDIUM
1834,2026-01-07 14:02:34,10.77,1,27,21,43.20302,-2.98075,DELIVERED,26,CLEAR,HIGH
1835,2026-01-16 23:21:46,32.85,2,16,16,43.241701,-2.931259,DELIVERED,32,CLEAR,MEDIUM
1836,2026-01-22 21:07:35,13.6,1,29,21,43.289702,-2.930442,DELIVERED,25,RAIN,MEDIUM
1837,2026-01-01 23:30:34,78.51,6,15,28,43.20317,-2.895896,DELIVERED,8,CLEAR,HIGH
1838,2026-01-25 13:49:25,15.39,1,18,24,43.218104,-2.94488,DELIVERED,30,CLEAR,HIGH
1839,2026-01-26 22:11:15,28.66,2,26,21,43.209992,-2.913474,DELIVERED,42,CLEAR,HIGH
1840,2026-01-12 00:22:08,34.99,2,29,15,43.297094,-2.987602,DELIVERED,18,CLEAR,LOW
1841,2026-01-05 15:14:24,10.17,1,16,21,43.2149,-2.904835,DELIVERED,20,CLEAR,MEDIUM
1842,2026-01-02 23:00:41,55.92,4,17,18,43.289838,-2.907593,DELIVERED,39,CLEAR,LOW
1843,2026-01-24 13:33:33,68.92,5,34,25,43.263107,-2.893526,DELIVERED,48,CLEAR,HIGH
1844,2026-01-16 15:52:23,81.71,6,16,16,43.249557,-2.976759,DELIVERED,38,CLEAR,LOW
1845,2026-01-11 21:26:38,14.02,1,21,16,43.20996,-2.914971,DELIVERED,17,WIND,MEDIUM
1846,2026-01-23 18:05:25,37.28,2,27,19,43.245852,-2.927358,DELIVERED,28,RAIN,LOW
1847,2026-01-05 21:18:51,44.92,4,28,13,43.231201,-2.885417,DELIVERED,47,CLEAR,MEDIUM
1848,2026-01-25 20:57:27,11.17,1,18,11,43.279554,-2.951399,DELIVERED,42,CLEAR,LOW
1849,2026-01-13 11:51:12,47.24,4,19,22,43.271221,-2.947773,DELIVERED,40,CLEAR,MEDIUM
1850,2026-01-08 14:39:10,15.52,1,22,24,43.296632,-2.908004,DELIVERED,42,CLEAR,HIGH
1851,2026-01-01 14:00:43,29.63,2,24,21,43.280646,-2.895702,DELIVERED,5,WIND,HIGH
1852,2026-01-17 21:11:37,16.98,1,21,27,43.288948,-2.960637,DELIVERED,32,CLEAR,HIGH
1853,2026-01-29 23:12:28,21.06,2,17,15,43.206291,-2.980387,DELIVERED,26,CLEAR,LOW
1854,2026-01-10 14:33:12,37.53,3,24,14,43.226884,-2.906038,DELIVERED,17,CLEAR,MEDIUM
1855,2026-01-07 20:26:13,28.31,3,15,22,43.252803,-2.978105,DELIVERED,44,WIND,MEDIUM
1856,2026-01-26 23:36:16,45.01,5,10,24,43.291731,-2.918733,DELIVERED,50,CLEAR,HIGH
1857,2026-01-01 21:06:29,64.82,5,21,20,43.219259,-2.958912,DELIVERED,35,CLEAR,MEDIUM
1858,2026-01-04 07:47:36,53.12,4,20,11,43.295601,-2.958033,DELIVERED,45,CLEAR,LOW
1859,2026-01-13 12:54:59,26.77,2,15,23,43.281825,-2.960578,DELIVERED,8,RAIN,MEDIUM
1860,2026-01-16 14:01:44,54.0,4,28,25,43.241725,-2.914447,DELIVERED,12,CLEAR,HIGH
1861,2026-01-11 05:55:41,44.88,5,12,19,43.239609,-2.918583,DELIVERED,37,CLEAR,LOW
1862,2026-01-26 15:35:15,59.52,6,13,17,43.214775,-2.960166,DELIVERED,47,WIND,MEDIUM
1863,2026-01-11 13:29:15,27.9,3,18,31,43.201332,-2.95448,DELIVERED,37,RAIN,HIGH
1864,2026-01-18 21:54:29,38.24,2,35,26,43.261191,-2.948982,CANCELLED,18,CLEAR,HIGH
1865,2026-01-08 22:10:47,66.76,5,18,21,43.273953,-2.912591,DELIVERED,27,CLEAR,HIGH
1866,2026-01-02 14:07:01,91.98,5,35,23,43.236285,-2.889441,DELIVERED,9,CLEAR,HIGH
1867,2026-01-14 11:23:45,37.25,3,14,15,43.21237,-2.931855,DELIVERED,42,CLEAR,MEDIUM
1868,2026-01-31 22:19:54,72.06,4,29,21,43.207947,-2.894027,DELIVERED,28,CLEAR,HIGH
1869,2026-01-24 21:51:00,19.57,2,12,14,43.252117,-2.893501,DELIVERED,50,CLEAR,MEDIUM
1870,2026-01-26 22:25:24,58.06,3,38,25,43.262585,-2.892714,DELIVERED,33,CLEAR,HIGH
1871,2026-01-29 20:07:43,39.61,4,13,13,43.217766,-2.952563,DELIVERED,49,CLEAR,LOW
1872,2026-01-22 14:35:07,76.09,6,31,31,43.207843,-2.965269,DELIVERED,34,RAIN,HIGH
1873,2026-01-31 22:24:27,29.7,2,28,21,43.205166,-2.921935,DELIVERED,38,RAIN,MEDIUM
1874,2026-01-24 22:55:40,12.05,1,19,24,43.212333,-2.903211,DELIVERED,37,RAIN,HIGH
1875,2026-01-01 09:13:49,79.87,6,13,17,43.248377,-2.915927,DELIVERED,17,WIND,LOW
1876,2026-01-17 18:20:24,63.51,5,16,17,43.294301,-2.95397,DELIVERED,8,CLEAR,MEDIUM
1877,2026-01-29 15:44:11,52.6,3,24,27,43.202985,-2.903266,DELIVERED,6,CLEAR,HIGH
1878,2026-01-21 13:03:30,58.06,6,22,16,43.244549,-2.909048,DELIVERED,16,CLEAR,MEDIUM
1879,2026-01-19 09:25:27,75.25,6,18,15,43.239486,-2.89533,DELIVERED,40,CLEAR,MEDIUM
1880,2026-01-01 19:14:07,18.94,2,16,17,43.205649,-2.933854,DELIVERED,26,CLEAR,MEDIUM
1881,2026-01-25 08:12:27,89.14,6,22,20,43.236489,-2.97239,DELIVERED,14,CLEAR,MEDIUM
1882,2026-01-03 23:17:25,48.3,5,10,17,43.260132,-2.979429,DELIVERED,20,CLEAR,MEDIUM
1883,2026-01-24 05:12:40,21.56,2,7,13,43.239109,-2.927088,DELIVERED,43,CLEAR,LOW
1884,2026-01-08 14:27:24,90.88,5,28,22,43.270038,-2.918924,DELIVERED,28,RAIN,MEDIUM
1885,2026-01-23 22:59:35,35.76,3,27,16,43.266818,-2.894341,DELIVERED,24,CLEAR,MEDIUM
1886,2026-01-09 14:36:40,24.83,2,22,15,43.219389,-2.901689,DELIVERED,15,CLEAR,MEDIUM
1887,2026-01-20 22:18:43,63.41,6,15,28,43.251992,-2.978702,DELIVERED,20,CLEAR,HIGH
1888,2026-01-01 13:57:18,16.45,1,28,27,43.29662,-2.9621,DELIVERED,1,CLEAR,HIGH
1889,2026-01-11 15:27:14,53.79,4,21,20,43.286531,-2.913837,DELIVERED,29,CLEAR,MEDIUM
1890,2026-01-04 14:31:28,33.09,2,32,18,43.296363,-2.977317,CANCELLED,12,CLEAR,MEDIUM
1891,2026-01-21 05:30:03,52.61,6,14,19,43.223624,-2.883273,DELIVERED,31,CLEAR,LOW
1892,2026-01-26 14:10:40,39.44,3,33,23,43.279979,-2.922672,DELIVERED,29,CLEAR,HIGH
1893,2026-01-16 12:58:54,26.9,3,17,12,43.222226,-2.959842,DELIVERED,31,CLEAR,LOW
1894,2026-01-31 03:20:04,90.99,5,23,28,43.222094,-2.909648,DELIVERED,36,RAIN,LOW
1895,2026-01-03 21:35:50,43.51,3,25,26,43.232252,-2.9276,DELIVERED,1,CLEAR,HIGH
1896,2026-01-09 23:25:45,113.85,6,28,24,43.288335,-2.983914,DELIVERED,9,RAIN,LOW
1897,2026-01-18 21:14:56,30.36,3,21,25,43.212004,-2.945633,DELIVERED,31,WIND,HIGH
1898,2026-01-21 15:04:17,56.5,4,21,18,43.241192,-2.927386,DELIVERED,38,CLEAR,MEDIUM
1899,2026-01-16 12:13:48,108.22,6,24,17,43.259031,-2.896904,DELIVERED,36,WIND,LOW
1900,2026-01-09 21:23:54,40.51,3,29,19,43.272505,-2.971229,DELIVERED,34,CLEAR,HIGH
1901,2026-01-28 11:51:19,38.47,3,23,18,43.286035,-2.90438,DELIVERED,34,CLEAR,LOW
1902,2026-01-21 15:49:16,13.97,1,12,23,43.224351,-2.889459,DELIVERED,27,WIND,LOW
1903,2026-01-01 13:54:32,44.27,3,31,21,43.232016,-2.954213,DELIVERED,12,CLEAR,HIGH
1904,2026-01-31 13:10:06,10.13,1,24,21,43.273514,-2.887005,DELIVERED,34,CLEAR,HIGH
1905,2026-01-06 13:29:45,28.71,3,23,21,43.266357,-2.950808,DELIVERED,41,CLEAR,HIGH
1906,2026-01-15 14:32:16,66.82,5,19,25,43.278963,-2.92138,DELIVERED,42,CLEAR,MEDIUM
1907,2026-01-11 13:26:45,28.6,2,24,27,43.223571,-2.982892,DELIVERED,32,RAIN,MEDIUM
1908,2026-01-13 15:39:41,51.21,5,12,22,43.272963,-2.961417,DELIVERED,41,CLEAR,MEDIUM
1909,2026-01-01 21:10:44,53.89,5,20,27,43.257535,-2.977956,CANCELLED,47,RAIN,HIGH
1910,2026-01-11 05:32:57,71.18,5,17,18,43.210265,-2.891735,DELIVERED,1,CLEAR,LOW
1911,2026-01-18 17:03:46,43.08,3,18,24,43.215479,-2.95159,DELIVERED,25,CLEAR,HIGH
1912,2026-01-22 23:07:01,20.67,2,10,36,43.236386,-2.928909,DELIVERED,50,RAIN,HIGH
1913,2026-01-25 01:55:25,23.5,1,27,17,43.277,-2.940742,DELIVERED,28,RAIN,LOW
1914,2026-01-13 20:38:29,32.75,3,15,20,43.263287,-2.924045,DELIVERED,7,CLEAR,LOW
1915,2026-01-18 22:02:41,52.92,6,18,30,43.248511,-2.942857,DELIVERED,43,RAIN,HIGH
1916,2026-01-22 13:34:53,29.39,3,28,21,43.212107,-2.941979,DELIVERED,26,RAIN,MEDIUM
1917,2026-01-21 21:16:07,40.9,2,29,23,43.266701,-2.959951,CANCELLED,6,CLEAR,HIGH
1918,2026-01-18 20:30:27,60.19,5,18,12,43.24386,-2.938211,DELIVERED,35,CLEAR,LOW
1919,2026-01-15 21:30:34,20.24,2,13,17,43.24513,-2.963177,DELIVERED,43,CLEAR,MEDIUM
1920,2026-01-21 20:27:20,92.07,5,21,19,43.22929,-2.947672,DELIVERED,28,CLEAR,LOW
1921,2026-01-30 15:22:16,29.08,2,16,16,43.226063,-2.900352,DELIVERED,5,CLEAR,LOW
1922,2026-01-02 12:59:23,9.65,1,16,24,43.230241,-2.889335,DELIVERED,26,WIND,MEDIUM
1923,2026-01-14 13:41:47,26.47,2,20,22,43.207196,-2.951103,DELIVERED,1,CLEAR,MEDIUM
1924,2026-01-05 13:48:21,29.64,3,14,36,43.242024,-2.969832,CANCELLED,16,RAIN,HIGH
1925,2026-01-20 06:44:45,76.48,4,21,23,43.29592,-2.978476,DELIVERED,10,WIND,MEDIUM
1926,2026-01-12 21:06:45,24.27,2,22,29,43.265161,-2.946585,DELIVERED,27,CLEAR,HIGH
1927,2026-01-08 23:01:33,47.57,4,18,25,43.228057,-2.968255,DELIVERED,3,WIND,LOW
1928,2026-01-08 12:39:02,31.13,3,19,19,43.298495,-2.887068,DELIVERED,4,RAIN,MEDIUM
1929,2026-01-30 21:44:39,25.12,2,14,31,43.217292,-2.926761,DELIVERED,15,CLEAR,HIGH
1930,2026-01-18 20:33:02,13.49,1,17,14,43.205211,-2.937689,DELIVERED,42,CLEAR,LOW
1931,2026-01-02 21:04:47,58.94,4,24,25,43.287881,-2.902704,CANCELLED,48,RAIN,HIGH
1932,2026-01-12 11:30:55,27.12,3,8,12,43.203099,-2.892468,DELIVERED,49,CLEAR,MEDIUM
1933,2026-01-19 14:28:48,18.21,2,23,28,43.22311,-2.948295,DELIVERED,37,CLEAR,HIGH
1934,2026-01-10 05:43:01,50.82,4,19,14,43.292124,-2.962495,DELIVERED,5,CLEAR,LOW
1935,2026-01-31 21:58:19,58.09,5,37,28,43.280859,-2.919854,DELIVERED,2,CLEAR,HIGH
1936,2026-01-12 14:01:31,12.2,1,22,23,43.241421,-2.908326,CANCELLED,17,CLEAR,HIGH
1937,2026-01-04 22:33:01,13.7,1,22,22,43.267769,-2.951734,DELIVERED,38,CLEAR,MEDIUM
1938,2026-01-06 14:23:16,55.77,5,18,19,43.226309,-2.972706,DELIVERED,47,RAIN,MEDIUM
1939,2026-01-10 21:33:01,56.11,4,25,36,43.231027,-2.886168,DELIVERED,48,RAIN,HIGH
1940,2026-01-19 18:49:56,14.62,1,17,15,43.252235,-2.898892,DELIVERED,42,CLEAR,MEDIUM
1941,2026-01-02 11:42:46,75.89,6,17,24,43.270961,-2.893954,DELIVERED,5,RAIN,MEDIUM
1942,2026-01-10 23:44:44,29.89,2,15,15,43.247303,-2.893458,DELIVERED,45,CLEAR,MEDIUM
1943,2026-01-26 15:21:42,15.06,1,9,13,43.251121,-2.945964,DELIVERED,15,CLEAR,MEDIUM
1944,2026-01-17 21:06:26,41.35,3,27,18,43.275357,-2.958471,CANCELLED,45,CLEAR,MEDIUM
1945,2026-01-16 06:23:16,34.77,3,15,17,43.292845,-2.978535,DELIVERED,3,CLEAR,LOW
1946,2026-01-26 23:56:10,58.43,6,14,21,43.227429,-2.913495,DELIVERED,44,CLEAR,MEDIUM
1947,2026-01-30 13:11:39,91.41,5,35,16,43.20765,-2.901048,DELIVERED,28,CLEAR,MEDIUM
1948,2026-01-06 14:39:18,48.15,4,21,22,43.272426,-2.917708,CANCELLED,40,CLEAR,HIGH
1949,2026-01-25 12:44:52,89.13,6,23,20,43.234633,-2.960365,DELIVERED,14,RAIN,MEDIUM
1950,2026-01-25 21:27:17,15.89,1,21,26,43.208903,-2.976499,DELIVERED,40,CLEAR,HIGH
1951,2026-01-27 21:56:04,26.63,2,28,16,43.269013,-2.898345,CANCELLED,11,CLEAR,MEDIUM
1952,2026-01-13 16:19:35,35.51,2,28,20,43.249007,-2.962018,DELIVERED,18,CLEAR,MEDIUM
1953,2026-01-08 07:59:56,31.17,2,14,15,43.245534,-2.922063,DELIVERED,17,CLEAR,MEDIUM
1954,2026-01-07 14:23:00,28.45,2,31,31,43.280073,-2.912325,DELIVERED,22,WIND,HIGH
1955,2026-01-08 05:07:03,7.59,1,18,15,43.247542,-2.96935,DELIVERED,21,CLEAR,MEDIUM
1956,2026-01-24 00:50:46,58.65,6,7,13,43.298398,-2.882756,DELIVERED,50,CLEAR,LOW
1957,2026-01-30 23:59:15,12.43,1,9,27,43.200652,-2.880493,CANCELLED,15,CLEAR,HIGH
1958,2026-01-10 13:55:13,107.85,6,31,25,43.20612,-2.962477,DELIVERED,18,CLEAR,HIGH
1959,2026-01-02 12:19:11,19.35,1,18,30,43.285406,-2.889106,DELIVERED,32,CLEAR,HIGH
1960,2026-01-25 19:33:38,38.14,2,21,13,43.253494,-2.935863,DELIVERED,36,CLEAR,MEDIUM
1961,2026-01-05 20:52:31,16.13,2,14,23,43.289017,-2.913208,DELIVERED,16,RAIN,LOW
1962,2026-01-29 15:43:44,27.64,2,18,13,43.205707,-2.936357,DELIVERED,48,CLEAR,LOW
1963,2026-01-21 22:50:57,23.37,2,21,27,43.266057,-2.987351,DELIVERED,31,CLEAR,HIGH
1964,2026-01-30 09:16:16,28.09,3,12,16,43.280073,-2.88725,DELIVERED,15,CLEAR,MEDIUM
1965,2026-01-10 00:03:52,27.89,3,13,26,43.241983,-2.902268,DELIVERED,21,CLEAR,HIGH
1966,2026-01-09 11:03:42,42.81,4,16,23,43.298097,-2.982129,CANCELLED,47,CLEAR,MEDIUM
1967,2026-01-17 22:44:52,14.57,1,27,23,43.251915,-2.989389,DELIVERED,35,CLEAR,HIGH
1968,2026-01-15 06:17:58,60.02,6,19,19,43.296777,-2.90093,DELIVERED,19,CLEAR,MEDIUM
1969,2026-01-01 22:03:04,91.17,5,28,26,43.296619,-2.931662,CANCELLED,36,CLEAR,HIGH
1970,2026-01-25 14:51:50,8.42,1,20,24,43.23299,-2.987525,DELIVERED,43,RAIN,HIGH
1971,2026-01-13 11:06:13,109.87,6,27,29,43.281856,-2.898353,DELIVERED,28,CLEAR,HIGH
1972,2026-01-08 14:06:50,64.3,5,22,20,43.292063,-2.959413,DELIVERED,8,CLEAR,HIGH
1973,2026-01-15 23:12:29,49.18,5,13,11,43.279516,-2.894966,DELIVERED,43,CLEAR,LOW
1974,2026-01-28 21:15:44,42.04,3,26,32,43.2843,-2.934655,DELIVERED,25,RAIN,HIGH
1975,2026-01-16 14:43:29,56.3,3,28,17,43.243522,-2.93965,DELIVERED,10,CLEAR,MEDIUM
1976,2026-01-06 16:03:13,76.37,6,22,24,43.266157,-2.895871,DELIVERED,24,CLEAR,MEDIUM
1977,2026-01-01 21:17:17,36.26,3,30,24,43.299336,-2.966188,DELIVERED,24,WIND,MEDIUM
1978,2026-01-23 23:33:00,54.71,6,10,12,43.290468,-2.953264,CANCELLED,49,CLEAR,LOW
1979,2026-01-07 22:30:09,28.98,3,20,23,43.298251,-2.90014,DELIVERED,37,CLEAR,HIGH
1980,2026-01-27 05:30:08,25.0,2,13,23,43.277027,-2.884134,DELIVERED,41,RAIN,LOW
1981,2026-01-03 05:48:26,46.46,5,13,29,43.225605,-2.959399,DELIVERED,31,RAIN,MEDIUM
1982,2026-01-19 21:54:23,44.69,4,18,18,43.209911,-2.923292,DELIVERED,44,CLEAR,MEDIUM
1983,2026-01-26 17:41:02,63.36,5,13,18,43.221576,-2.896504,DELIVERED,40,CLEAR,LOW
1984,2026-01-07 20:45:54,41.9,4,11,12,43.227871,-2.959045,DELIVERED,50,CLEAR,LOW
1985,2026-01-15 14:08:22,15.34,1,26,25,43.291484,-2.925086,DELIVERED,17,CLEAR,HIGH
1986,2026-01-16 18:04:26,13.99,1,14,21,43.281402,-2.945887,DELIVERED,16,RAIN,MEDIUM
1987,2026-01-21 14:36:00,29.07,2,27,24,43.255835,-2.93925,DELIVERED,39,CLEAR,HIGH
1988,2026-01-26 13:24:57,92.21,5,40,17,43.249786,-2.930779,DELIVERED,18,CLEAR,MEDIUM
1989,2026-01-22 12:15:52,69.36,5,17,16,43.231674,-2.965756,DELIVERED,11,CLEAR,MEDIUM
1990,2026-01-01 23:31:13,11.55,1,18,14,43.268848,-2.939797,DELIVERED,46,CLEAR,LOW
1991,2026-01-16 10:19:20,29.29,2,16,22,43.230214,-2.946477,DELIVERED,38,CLEAR,HIGH
1992,2026-01-24 03:55:10,75.31,6,17,14,43.209228,-2.88538,DELIVERED,3,CLEAR,LOW
1993,2026-01-22 14:49:03,31.07,2,25,22,43.241373,-2.981558,DELIVERED,14,RAIN,HIGH
1994,2026-01-13 16:10:36,56.68,4,20,19,43.240286,-2.971182,DELIVERED,1,CLEAR,LOW
1995,2026-01-17 13:44:59,40.64,3,22,20,43.289419,-2.9079,CANCELLED,3,RAIN,MEDIUM
1996,2026-01-24 21:15:08,17.22,1,16,23,43.296451,-2.987683,CANCELLED,17,RAIN,MEDIUM
1997,2026-01-27 14:56:04,7.73,1,22,22,43.226058,-2.974055,DELIVERED,21,CLEAR,HIGH
1998,2026-01-01 21:52:58,60.63,6,22,22,43.288199,-2.944822,DELIVERED,4,CLEAR,MEDIUM
1999,2026-01-06 15:36:48,54.63,4,19,17,43.290167,-2.965804,DELIVERED,1,WIND,MEDIUM
2000,2026-01-11 22:52:46,55.47,4,22,23,43.208354,-2.985847,DELIVERED,42,CLEAR,HIGH
2001,2026-01-18 20:25:42,19.87,1,27,10,43.24881,-2.914314,DELIVERED,28,CLEAR,LOW
2002,2026-01-26 23:00:46,75.5,4,25,22,43.277036,-2.952018,DELIVERED,28,WIND,LOW
2003,2026-01-27 04:33:44,85.24,6,24,18,43.209604,-2.988399,DELIVERED,12,RAIN,LOW
2004,2026-01-23 05:14:04,38.98,3,19,16,43.237878,-2.981542,DELIVERED,24,CLEAR,MEDIUM
2005,2026-01-03 15:19:23,25.91,2,18,13,43.287309,-2.950445,DELIVERED,24,WIND,LOW
2006,2026-01-01 21:22:09,77.25,4,35,31,43.2636,-2.958374,DELIVERED,36,RAIN,HIGH
2007,2026-01-11 22:18:47,56.27,6,28,21,43.284912,-2.963053,DELIVERED,21,RAIN,MEDIUM
2008,2026-01-12 18:37:38,11.62,1,13,22,43.211358,-2.969312,DELIVERED,31,CLEAR,MEDIUM
2009,2026-01-16 22:37:03,70.26,5,31,15,43.216461,-2.954195,DELIVERED,14,CLEAR,MEDIUM
2010,2026-01-01 15:19:05,90.96,5,27,11,43.2157,-2.938507,DELIVERED,9,CLEAR,LOW
2011,2026-01-17 18:34:03,15.97,1,17,22,43.202451,-2.907648,DELIVERED,24,CLEAR,MEDIUM
2012,2026-01-19 03:22:15,89.73,5,27,17,43.262497,-2.903695,DELIVERED,28,CLEAR,MEDIUM
2013,2026-01-18 22:39:11,70.94,5,31,19,43.230167,-2.900568,CANCELLED,14,CLEAR,HIGH
2014,2026-01-30 21:17:03,41.54,3,25,27,43.243068,-2.967168,DELIVERED,42,CLEAR,HIGH
2015,2026-01-10 11:08:36,62.77,6,16,23,43.211734,-2.98651,DELIVERED,20,WIND,MEDIUM
2016,2026-01-12 14:49:27,34.22,4,18,19,43.202425,-2.955863,DELIVERED,37,CLEAR,MEDIUM
2017,2026-01-19 20:51:58,54.85,4,18,18,43.235692,-2.883193,DELIVERED,11,CLEAR,MEDIUM
2018,2026-01-02 10:25:10,63.4,5,21,17,43.252364,-2.888559,DELIVERED,38,CLEAR,LOW
2019,2026-01-25 14:42:28,54.22,4,23,33,43.254444,-2.926862,DELIVERED,42,RAIN,HIGH
2020,2026-01-26 10:00:51,56.92,4,17,12,43.226626,-2.954522,DELIVERED,11,CLEAR,LOW
2021,2026-01-29 23:18:08,34.29,3,15,19,43.204129,-2.983148,DELIVERED,41,CLEAR,MEDIUM
2022,2026-01-13 13:08:57,52.56,4,26,17,43.279592,-2.93069,DELIVERED,34,CLEAR,MEDIUM
2023,2026-01-19 18:45:33,21.5,2,13,27,43.229764,-2.954781,DELIVERED,7,CLEAR,HIGH
2024,2026-01-27 23:31:59,29.81,2,21,15,43.284095,-2.94173,DELIVERED,45,CLEAR,LOW
2025,2026-01-04 21:33:04,35.88,4,28,24,43.281855,-2.882962,CANCELLED,21,CLEAR,HIGH
2026,2026-01-02 21:27:40,50.22,4,22,21,43.240097,-2.891343,DELIVERED,40,CLEAR,MEDIUM
2027,2026-01-24 13:58:24,41.22,4,25,16,43.278825,-2.945791,DELIVERED,21,CLEAR,MEDIUM
2028,2026-01-30 11:19:28,21.78,2,12,15,43.209889,-2.881204,DELIVERED,30,CLEAR,MEDIUM
2029,2026-01-08 22:39:19,49.75,5,14,25,43.275062,-2.932279,DELIVERED,15,CLEAR,HIGH
2030,2026-01-03 22:21:57,28.41,3,24,28,43.270603,-2.898432,DELIVERED,26,CLEAR,HIGH
2031,2026-01-02 12:38:50,24.28,2,18,24,43.243394,-2.958678,DELIVERED,5,RAIN,LOW
2032,2026-01-01 07:24:14,38.74,4,12,18,43.293549,-2.962652,DELIVERED,7,CLEAR,MEDIUM
2033,2026-01-10 14:06:38,19.17,2,22,25,43.244743,-2.921008,CANCELLED,50,CLEAR,HIGH
2034,2026-01-25 00:21:10,25.27,3,7,16,43.214769,-2.939578,DELIVERED,43,CLEAR,LOW
2035,2026-01-28 22:16:58,55.45,6,21,14,43.228445,-2.892236,DELIVERED,49,CLEAR,MEDIUM
2036,2026-01-10 02:12:51,9.31,1,18,21,43.204973,-2.895155,DELIVERED,47,CLEAR,MEDIUM
2037,2026-01-12 22:43:28,90.23,5,39,23,43.230908,-2.915298,DELIVERED,9,WIND,HIGH
2038,2026-01-03 14:40:22,40.12,4,24,28,43.286785,-2.908738,DELIVERED,31,CLEAR,HIGH
2039,2026-01-04 14:46:18,70.87,5,25,22,43.263605,-2.975575,CANCELLED,39,CLEAR,MEDIUM
2040,2026-01-29 17:53:33,74.54,6,25,22,43.267855,-2.951418,DELIVERED,22,CLEAR,MEDIUM
2041,2026-01-13 21:01:30,50.16,4,26,22,43.232878,-2.918669,DELIVERED,46,CLEAR,HIGH
2042,2026-01-31 01:37:37,16.99,2,16,16,43.218249,-2.956058,DELIVERED,31,WIND,MEDIUM
2043,2026-01-27 21:01:15,57.9,4,26,23,43.2947,-2.910631,DELIVERED,14,CLEAR,HIGH
2044,2026-01-11 13:11:16,24.99,2,22,29,43.295778,-2.935436,DELIVERED,26,WIND,HIGH
2045,2026-01-02 22:42:42,74.83,6,27,26,43.265177,-2.921765,DELIVERED,40,RAIN,MEDIUM
2046,2026-01-15 14:09:23,20.36,1,36,36,43.216558,-2.901057,DELIVERED,18,RAIN,HIGH
2047,2026-01-18 01:59:45,83.43,6,19,18,43.29939,-2.884648,DELIVERED,39,CLEAR,LOW
2048,2026-01-11 20:50:25,19.53,1,22,14,43.281728,-2.953759,DELIVERED,14,WIND,LOW
2049,2026-01-23 13:31:16,14.41,1,20,21,43.230769,-2.922811,DELIVERED,41,CLEAR,HIGH
2050,2026-01-23 12:40:30,42.6,3,18,20,43.264966,-2.943602,DELIVERED,1,CLEAR,LOW
2051,2026-01-05 07:30:55,35.65,2,31,14,43.244607,-2.96879,DELIVERED,23,CLEAR,MEDIUM
2052,2026-01-15 13:16:34,41.75,3,29,34,43.257469,-2.883058,DELIVERED,39,RAIN,HIGH
2053,2026-01-03 20:29:51,70.26,5,17,10,43.208965,-2.931562,DELIVERED,8,CLEAR,LOW
2054,2026-01-17 14:39:02,39.14,3,30,26,43.219258,-2.974681,DELIVERED,45,CLEAR,HIGH
2055,2026-01-03 20:20:31,94.02,5,26,12,43.205452,-2.903824,DELIVERED,28,CLEAR,LOW
2056,2026-01-31 21:32:19,13.68,1,26,29,43.277603,-2.893888,DELIVERED,27,RAIN,HIGH
2057,2026-01-10 19:48:16,52.45,6,8,10,43.212176,-2.923571,DELIVERED,37,CLEAR,LOW
2058,2026-01-23 07:31:09,12.26,1,12,20,43.246928,-2.923034,DELIVERED,37,CLEAR,LOW
2059,2026-01-14 20:09:33,58.39,5,17,19,43.2863,-2.973547,DELIVERED,3,WIND,LOW
2060,2026-01-25 12:04:13,23.89,2,12,21,43.244699,-2.9621,DELIVERED,50,CLEAR,MEDIUM
2061,2026-01-22 08:57:25,32.9,3,13,11,43.21944,-2.906279,DELIVERED,21,CLEAR,LOW
2062,2026-01-05 06:21:04,41.74,4,15,13,43.218251,-2.957685,DELIVERED,21,CLEAR,MEDIUM
2063,2026-01-22 19:33:57,8.34,1,19,15,43.257006,-2.919745,DELIVERED,21,CLEAR,MEDIUM
2064,2026-01-11 19:28:39,68.82,5,18,13,43.258021,-2.987422,DELIVERED,42,CLEAR,LOW
2065,2026-01-13 16:55:30,106.79,6,34,21,43.215571,-2.92843,DELIVERED,23,RAIN,LOW
2066,2026-01-26 08:54:55,33.11,3,22,20,43.275924,-2.914668,DELIVERED,19,RAIN,LOW
2067,2026-01-23 18:10:46,36.76,3,24,22,43.247962,-2.911714,DELIVERED,2,RAIN,MEDIUM
2068,2026-01-02 15:00:32,16.16,1,19,16,43.255839,-2.942128,DELIVERED,13,CLEAR,MEDIUM
2069,2026-01-05 21:08:17,38.45,3,22,33,43.213629,-2.895268,CANCELLED,38,RAIN,HIGH
2070,2026-01-24 14:36:43,13.8,1,22,25,43.265872,-2.950355,DELIVERED,31,CLEAR,HIGH
2071,2026-01-14 12:11:37,12.94,1,25,24,43.260202,-2.904346,DELIVERED,12,CLEAR,MEDIUM
2072,2026-01-10 22:35:19,69.94,5,25,30,43.298065,-2.96576,DELIVERED,1,RAIN,HIGH
2073,2026-01-08 00:38:25,74.33,5,24,20,43.200649,-2.968299,DELIVERED,14,CLEAR,MEDIUM
2074,2026-01-26 09:34:27,48.33,5,16,23,43.218718,-2.909186,DELIVERED,20,CLEAR,MEDIUM
2075,2026-01-22 22:23:37,38.05,2,30,22,43.236719,-2.930766,DELIVERED,28,CLEAR,HIGH
2076,2026-01-01 23:24:10,25.59,2,17,21,43.287441,-2.886907,DELIVERED,24,RAIN,MEDIUM
2077,2026-01-24 16:02:28,62.2,5,26,15,43.218431,-2.887147,DELIVERED,29,CLEAR,LOW
2078,2026-01-19 21:07:33,35.41,3,22,18,43.287677,-2.967394,DELIVERED,19,CLEAR,HIGH
2079,2026-01-26 03:17:19,58.35,5,20,26,43.265219,-2.923427,DELIVERED,5,CLEAR,HIGH
2080,2026-01-19 08:04:00,25.96,2,21,11,43.224547,-2.918398,DELIVERED,45,CLEAR,LOW
2081,2026-01-15 13:37:17,44.92,3,29,30,43.27597,-2.932911,DELIVERED,14,CLEAR,HIGH
2082,2026-01-10 22:04:13,22.23,2,36,37,43.278205,-2.960081,DELIVERED,2,RAIN,HIGH
2083,2026-01-10 15:09:26,79.33,6,20,18,43.222365,-2.886298,DELIVERED,46,CLEAR,LOW
2084,2026-01-27 22:59:57,12.97,1,20,22,43.295367,-2.892021,CANCELLED,49,CLEAR,HIGH
2085,2026-01-26 21:03:45,13.09,1,26,17,43.239624,-2.929144,DELIVERED,11,CLEAR,MEDIUM
2086,2026-01-11 22:25:53,13.68,1,24,24,43.263723,-2.972829,DELIVERED,3,WIND,HIGH
2087,2026-01-09 13:47:07,52.73,6,19,22,43.238752,-2.894816,DELIVERED,37,RAIN,HIGH
2088,2026-01-23 14:15:31,28.92,2,24,27,43.22047,-2.914628,DELIVERED,32,CLEAR,HIGH
2089,2026-01-18 14:14:58,65.79,6,23,23,43.211952,-2.963132,DELIVERED,26,CLEAR,MEDIUM
2090,2026-01-17 09:42:46,61.55,6,8,22,43.200012,-2.955966,DELIVERED,15,CLEAR,MEDIUM
2091,2026-01-12 14:17:29,25.84,2,28,22,43.258804,-2.893905,DELIVERED,4,RAIN,MEDIUM
2092,2026-01-03 03:01:48,40.14,4,12,12,43.225567,-2.920356,DELIVERED,20,CLEAR,MEDIUM
2093,2026-01-03 20:20:14,53.71,6,10,16,43.210516,-2.932547,DELIVERED,7,WIND,LOW
2094,2026-01-29 19:52:04,40.96,3,21,26,43.290361,-2.937952,DELIVERED,32,CLEAR,HIGH
2095,2026-01-21 22:28:50,76.07,6,22,21,43.296984,-2.928872,DELIVERED,35,RAIN,HIGH
2096,2026-01-15 08:06:45,23.97,2,16,31,43.206443,-2.957375,DELIVERED,19,RAIN,MEDIUM
2097,2026-01-03 11:19:47,53.75,5,13,28,43.242473,-2.889087,DELIVERED,41,RAIN,HIGH
2098,2026-01-30 14:56:05,26.17,2,29,24,43.215087,-2.968208,DELIVERED,34,CLEAR,MEDIUM
2099,2026-01-24 21:12:11,18.69,1,26,21,43.245011,-2.969488,DELIVERED,28,CLEAR,HIGH
2100,2026-01-28 23:05:09,46.77,4,16,19,43.254936,-2.929009,DELIVERED,5,CLEAR,MEDIUM
2101,2026-01-10 21:52:14,70.83,6,24,28,43.29756,-2.942253,DELIVERED,40,CLEAR,HIGH
2102,2026-01-19 13:57:23,109.84,6,39,30,43.216957,-2.891114,DELIVERED,18,CLEAR,HIGH
2103,2026-01-15 20:10:10,50.06,5,12,19,43.251464,-2.976821,DELIVERED,37,CLEAR,LOW
2104,2026-01-12 22:44:40,64.66,6,14,31,43.203532,-2.951622,DELIVERED,44,CLEAR,HIGH
2105,2026-01-03 13:50:41,39.1,3,30,26,43.287099,-2.926016,DELIVERED,34,CLEAR,HIGH
2106,2026-01-05 22:18:50,65.77,5,27,26,43.284966,-2.924979,DELIVERED,3,CLEAR,HIGH
2107,2026-01-23 20:33:00,44.41,3,15,20,43.260828,-2.924059,DELIVERED,42,CLEAR,MEDIUM
2108,2026-01-20 20:26:47,57.58,4,17,17,43.26347,-2.981327,DELIVERED,46,CLEAR,HIGH
2109,2026-01-16 14:09:38,26.53,3,22,21,43.25773,-2.934228,DELIVERED,7,CLEAR,MEDIUM
2110,2026-01-31 10:49:09,36.14,4,16,20,43.244144,-2.909823,DELIVERED,7,RAIN,LOW
2111,2026-01-03 04:43:50,58.6,5,17,25,43.280479,-2.907543,DELIVERED,5,WIND,LOW
2112,2026-01-14 22:19:16,15.31,1,27,19,43.282482,-2.954401,DELIVERED,11,CLEAR,MEDIUM
2113,2026-01-10 10:01:11,35.41,4,13,13,43.272615,-2.988483,DELIVERED,7,CLEAR,LOW
2114,2026-01-27 13:18:37,46.24,5,18,32,43.27922,-2.960894,DELIVERED,31,RAIN,HIGH
2115,2026-01-19 07:51:29,52.68,4,14,17,43.251628,-2.969102,DELIVERED,35,CLEAR,MEDIUM
2116,2026-01-20 12:10:43,38.58,3,15,18,43.223387,-2.909913,DELIVERED,27,CLEAR,MEDIUM
2117,2026-01-28 02:34:43,38.64,3,17,18,43.203418,-2.97076,DELIVERED,5,CLEAR,LOW
2118,2026-01-20 19:27:29,21.81,2,17,18,43.201334,-2.933801,DELIVERED,16,CLEAR,LOW
2119,2026-01-04 10:40:08,13.85,1,15,12,43.26692,-2.941135,DELIVERED,45,CLEAR,LOW
2120,2026-01-28 12:58:51,14.72,1,14,25,43.24257,-2.951679,DELIVERED,49,RAIN,MEDIUM
2121,2026-01-09 11:06:52,76.79,6,20,11,43.279977,-2.916077,DELIVERED,11,CLEAR,LOW
2122,2026-01-02 10:12:18,25.68,3,13,11,43.256136,-2.880514,DELIVERED,37,CLEAR,LOW
2123,2026-01-08 16:37:15,38.39,2,21,24,43.221407,-2.940646,DELIVERED,36,RAIN,LOW
2124,2026-01-12 15:49:42,46.8,5,8,16,43.225101,-2.965877,DELIVERED,37,CLEAR,LOW
2125,2026-01-25 14:55:56,31.97,3,20,26,43.227657,-2.952688,DELIVERED,15,CLEAR,HIGH
2126,2026-01-19 07:37:15,54.81,3,33,16,43.206224,-2.97674,DELIVERED,9,CLEAR,LOW
2127,2026-01-20 22:53:24,69.34,5,24,17,43.209003,-2.972756,DELIVERED,11,CLEAR,MEDIUM
2128,2026-01-06 19:57:14,18.34,1,10,20,43.220662,-2.981191,DELIVERED,27,CLEAR,MEDIUM
2129,2026-01-03 01:52:22,31.8,3,20,16,43.214846,-2.982163,DELIVERED,26,CLEAR,LOW
2130,2026-01-20 03:23:10,39.0,3,29,14,43.257224,-2.989271,DELIVERED,22,CLEAR,LOW
2131,2026-01-08 23:41:02,38.72,3,19,11,43.223014,-2.914048,DELIVERED,45,CLEAR,LOW
2132,2026-01-18 13:41:21,54.0,4,29,18,43.252489,-2.972686,DELIVERED,2,CLEAR,MEDIUM
2133,2026-01-06 14:21:06,25.86,3,16,18,43.293768,-2.932091,DELIVERED,49,CLEAR,MEDIUM
2134,2026-01-19 22:46:53,22.93,2,15,26,43.294375,-2.982283,DELIVERED,37,RAIN,HIGH
2135,2026-01-29 23:03:03,52.25,4,20,18,43.293854,-2.983686,DELIVERED,3,CLEAR,LOW
2136,2026-01-18 23:25:07,31.64,3,19,17,43.280454,-2.917793,DELIVERED,4,CLEAR,LOW
2137,2026-01-11 14:07:48,53.61,4,21,14,43.267002,-2.888516,DELIVERED,38,CLEAR,MEDIUM
2138,2026-01-26 15:32:22,50.97,4,21,16,43.226954,-2.929951,DELIVERED,38,CLEAR,LOW
2139,2026-01-12 14:51:45,74.88,6,26,29,43.245804,-2.9402,DELIVERED,3,RAIN,HIGH
2140,2026-01-20 23:58:25,38.3,3,19,16,43.298014,-2.894071,DELIVERED,39,CLEAR,MEDIUM
2141,2026-01-27 12:17:50,23.6,1,23,11,43.20186,-2.918261,DELIVERED,36,CLEAR,LOW
2142,2026-01-23 06:49:59,42.61,4,17,19,43.280266,-2.920928,DELIVERED,47,CLEAR,LOW
2143,2026-01-26 14:36:18,21.14,2,26,24,43.279937,-2.975719,DELIVERED,26,RAIN,HIGH
2144,2026-01-22 23:12:37,23.64,2,14,14,43.264984,-2.958401,DELIVERED,21,CLEAR,LOW
2145,2026-01-08 22:30:52,72.84,6,38,21,43.235489,-2.93229,DELIVERED,2,CLEAR,HIGH
2146,2026-01-11 14:32:44,18.18,2,21,31,43.226689,-2.901832,DELIVERED,21,RAIN,MEDIUM
2147,2026-01-11 23:32:32,53.24,4,23,19,43.244775,-2.884053,DELIVERED,22,WIND,MEDIUM
2148,2026-01-18 16:05:23,41.28,3,10,20,43.287817,-2.936448,DELIVERED,27,CLEAR,LOW
2149,2026-01-18 22:26:46,40.55,3,26,17,43.241136,-2.915704,DELIVERED,24,CLEAR,MEDIUM
2150,2026-01-03 12:21:03,67.08,5,20,15,43.282735,-2.881971,DELIVERED,39,CLEAR,MEDIUM
2151,2026-01-21 20:43:32,75.17,6,17,25,43.299912,-2.95879,DELIVERED,35,RAIN,MEDIUM
2152,2026-01-12 21:17:12,11.71,1,26,14,43.253568,-2.883439,DELIVERED,17,CLEAR,MEDIUM
2153,2026-01-06 06:35:09,33.11,3,13,20,43.223203,-2.955285,DELIVERED,47,RAIN,LOW
2154,2026-01-16 13:18:46,17.29,1,35,15,43.204783,-2.938061,DELIVERED,2,CLEAR,MEDIUM
2155,2026-01-17 14:46:23,13.17,1,27,22,43.289361,-2.915051,DELIVERED,38,RAIN,MEDIUM
2156,2026-01-25 12:21:20,47.39,3,20,13,43.281026,-2.924627,DELIVERED,32,CLEAR,LOW
2157,2026-01-22 14:22:09,28.84,2,31,32,43.24457,-2.968157,DELIVERED,34,RAIN,HIGH
2158,2026-01-08 14:23:08,73.62,6,19,29,43.266453,-2.986199,DELIVERED,35,CLEAR,HIGH
2159,2026-01-09 03:26:21,64.23,6,10,30,43.257416,-2.981122,DELIVERED,20,RAIN,MEDIUM
2160,2026-01-22 01:07:47,41.87,4,11,17,43.221988,-2.969875,DELIVERED,41,CLEAR,LOW
2161,2026-01-10 08:35:57,18.93,1,15,16,43.298917,-2.887161,DELIVERED,1,RAIN,LOW
2162,2026-01-12 09:57:33,28.41,2,22,18,43.203814,-2.984693,DELIVERED,32,CLEAR,MEDIUM
2163,2026-01-06 17:20:17,23.29,2,13,27,43.272642,-2.917917,DELIVERED,30,RAIN,LOW
2164,2026-01-19 23:12:20,63.04,6,14,15,43.202129,-2.96522,DELIVERED,41,CLEAR,LOW
2165,2026-01-16 13:03:36,59.45,6,11,34,43.294157,-2.931782,DELIVERED,49,WIND,HIGH
2166,2026-01-11 07:02:12,64.79,5,13,13,43.276925,-2.951553,DELIVERED,40,CLEAR,MEDIUM
2167,2026-01-30 21:46:01,62.23,6,22,20,43.214106,-2.881517,DELIVERED,19,CLEAR,HIGH
2168,2026-01-17 22:33:56,73.11,4,26,18,43.297337,-2.900494,DELIVERED,6,RAIN,MEDIUM
2169,2026-01-04 20:07:42,30.62,3,8,10,43.231856,-2.898817,DELIVERED,50,CLEAR,LOW
2170,2026-01-05 20:25:10,56.52,6,10,20,43.299924,-2.890967,DELIVERED,7,CLEAR,LOW
2171,2026-01-22 22:09:05,58.27,4,27,29,43.247266,-2.964125,DELIVERED,1,RAIN,HIGH
2172,2026-01-23 15:38:39,47.4,3,27,19,43.264008,-2.935956,DELIVERED,12,CLEAR,LOW
2173,2026-01-19 17:25:37,23.25,2,17,16,43.201697,-2.922346,DELIVERED,47,WIND,MEDIUM
2174,2026-01-07 20:04:58,39.69,3,17,16,43.209146,-2.91975,DELIVERED,42,CLEAR,LOW
2175,2026-01-01 20:09:57,111.76,6,24,23,43.282834,-2.890057,DELIVERED,36,RAIN,LOW
2176,2026-01-28 13:05:58,32.97,3,25,20,43.214497,-2.890768,DELIVERED,16,CLEAR,MEDIUM
2177,2026-01-23 12:19:30,43.16,5,13,14,43.213048,-2.919569,DELIVERED,7,CLEAR,LOW
2178,2026-01-31 23:46:52,15.68,1,23,18,43.226481,-2.903142,DELIVERED,22,CLEAR,LOW
2179,2026-01-10 23:41:44,46.15,3,29,18,43.239335,-2.945733,DELIVERED,12,CLEAR,LOW
2180,2026-01-30 15:41:58,13.81,1,23,17,43.237157,-2.917724,DELIVERED,22,CLEAR,LOW
2181,2026-01-23 01:16:20,34.44,3,14,14,43.270923,-2.88495,DELIVERED,41,CLEAR,LOW
2182,2026-01-26 22:56:56,8.95,1,22,19,43.223487,-2.951484,DELIVERED,20,CLEAR,HIGH
2183,2026-01-18 14:07:09,43.12,5,17,21,43.242392,-2.898731,DELIVERED,49,CLEAR,HIGH
2184,2026-01-13 17:18:27,63.8,5,18,17,43.256817,-2.91735,DELIVERED,42,CLEAR,LOW
2185,2026-01-04 13:37:02,49.08,4,32,25,43.200449,-2.925029,DELIVERED,29,CLEAR,HIGH
2186,2026-01-13 06:04:35,16.42,1,24,18,43.215997,-2.927721,DELIVERED,34,CLEAR,LOW
2187,2026-01-19 21:17:21,41.96,3,28,22,43.263996,-2.928939,DELIVERED,48,CLEAR,HIGH
2188,2026-01-27 21:57:01,69.9,5,25,21,43.200046,-2.887948,DELIVERED,38,CLEAR,HIGH
2189,2026-01-10 06:06:13,17.2,1,18,22,43.220507,-2.912164,DELIVERED,5,WIND,LOW
2190,2026-01-09 02:57:33,16.54,1,31,24,43.283839,-2.915314,DELIVERED,18,CLEAR,HIGH
2191,2026-01-29 20:28:14,110.3,6,25,13,43.216749,-2.892977,DELIVERED,10,CLEAR,LOW
2192,2026-01-03 13:46:07,54.91,6,19,20,43.264946,-2.96112,DELIVERED,50,CLEAR,MEDIUM
2193,2026-01-30 13:30:44,18.57,1,35,18,43.263625,-2.925428,CANCELLED,28,CLEAR,MEDIUM
2194,2026-01-30 14:22:36,71.25,4,26,27,43.250802,-2.914955,DELIVERED,28,CLEAR,HIGH
2195,2026-01-15 14:31:02,25.35,3,23,19,43.277986,-2.883283,DELIVERED,31,CLEAR,MEDIUM
2196,2026-01-24 22:40:38,12.84,1,32,21,43.228522,-2.966865,DELIVERED,2,CLEAR,HIGH
2197,2026-01-30 22:44:58,109.37,6,35,36,43.200144,-2.952659,DELIVERED,23,RAIN,HIGH
2198,2026-01-02 19:18:25,23.17,1,31,12,43.226932,-2.943253,DELIVERED,23,CLEAR,LOW
2199,2026-01-30 23:59:24,11.34,1,12,25,43.277032,-2.981145,DELIVERED,44,CLEAR,MEDIUM
2200,2026-01-08 14:47:19,44.99,5,28,21,43.284897,-2.948404,DELIVERED,21,CLEAR,MEDIUM
2201,2026-01-17 20:20:14,77.01,4,27,21,43.27622,-2.960589,DELIVERED,33,CLEAR,HIGH
2202,2026-01-11 21:10:12,23.13,2,24,17,43.250972,-2.975015,DELIVERED,4,CLEAR,MEDIUM
2203,2026-01-14 21:23:46,42.49,3,22,38,43.219583,-2.985559,DELIVERED,1,RAIN,HIGH
2204,2026-01-06 20:32:22,54.93,4,15,25,43.257487,-2.886687,DELIVERED,42,RAIN,LOW
2205,2026-01-15 00:29:20,46.7,5,7,21,43.210794,-2.91371,CANCELLED,43,CLEAR,HIGH
2206,2026-01-19 09:35:19,67.75,5,14,19,43.209936,-2.961588,DELIVERED,17,CLEAR,LOW
2207,2026-01-31 20:50:13,38.66,4,17,18,43.239096,-2.908896,DELIVERED,31,CLEAR,LOW
2208,2026-01-10 04:15:40,46.54,4,18,17,43.273606,-2.919579,DELIVERED,40,CLEAR,LOW
2209,2026-01-21 09:14:36,53.12,6,18,24,43.262117,-2.930847,DELIVERED,21,RAIN,LOW
2210,2026-01-05 13:36:06,67.15,5,19,14,43.291875,-2.977998,DELIVERED,27,CLEAR,MEDIUM
2211,2026-01-18 22:49:31,64.69,6,20,19,43.246523,-2.905139,DELIVERED,4,CLEAR,MEDIUM
2212,2026-01-29 23:28:22,25.23,2,10,21,43.295682,-2.975732,DELIVERED,27,CLEAR,MEDIUM
2213,2026-01-21 03:38:54,77.97,6,15,24,43.240346,-2.970285,DELIVERED,42,CLEAR,HIGH
2214,2026-01-10 14:40:35,58.35,3,35,21,43.288362,-2.974412,CANCELLED,33,CLEAR,HIGH
2215,2026-01-13 10:48:32,59.17,6,13,20,43.261281,-2.989531,DELIVERED,21,WIND,MEDIUM
2216,2026-01-11 22:41:11,38.72,3,22,26,43.261252,-2.90443,DELIVERED,24,CLEAR,HIGH
2217,2026-01-19 20:25:05,35.08,3,12,10,43.28073,-2.988293,DELIVERED,44,CLEAR,LOW
2218,2026-01-02 21:20:09,46.97,5,24,22,43.204213,-2.963575,DELIVERED,21,WIND,HIGH
2219,2026-01-05 21:21:32,34.63,4,20,21,43.215399,-2.946231,DELIVERED,16,RAIN,MEDIUM
2220,2026-01-27 21:11:31,8.05,1,18,21,43.273824,-2.972818,DELIVERED,49,CLEAR,HIGH
2221,2026-01-03 16:55:30,20.83,2,14,20,43.226476,-2.964063,DELIVERED,7,CLEAR,LOW
2222,2026-01-19 11:28:08,59.89,4,20,14,43.248819,-2.948656,DELIVERED,32,CLEAR,LOW
2223,2026-01-18 14:48:37,39.14,3,18,19,43.223748,-2.983978,DELIVERED,5,CLEAR,MEDIUM
2224,2026-01-08 22:55:04,85.43,6,25,27,43.286496,-2.968497,DELIVERED,32,WIND,HIGH
2225,2026-01-14 13:28:54,31.57,2,28,23,43.208271,-2.934989,DELIVERED,39,CLEAR,HIGH
2226,2026-01-11 13:22:17,52.17,4,36,21,43.299867,-2.957078,DELIVERED,2,CLEAR,HIGH
2227,2026-01-08 12:24:31,51.32,4,22,19,43.270623,-2.890444,DELIVERED,24,CLEAR,LOW
2228,2026-01-08 14:03:56,73.67,6,21,25,43.2819,-2.909985,DELIVERED,40,CLEAR,HIGH
2229,2026-01-31 07:10:26,14.63,1,18,18,43.236141,-2.951988,DELIVERED,40,CLEAR,MEDIUM
2230,2026-01-10 06:38:02,7.56,1,15,23,43.229798,-2.91506,DELIVERED,31,CLEAR,MEDIUM
2231,2026-01-17 23:52:28,12.93,1,18,16,43.204134,-2.919817,DELIVERED,40,CLEAR,LOW
2232,2026-01-18 20:42:01,25.14,2,15,25,43.264485,-2.987121,DELIVERED,27,CLEAR,HIGH
2233,2026-01-28 14:15:43,9.13,1,25,27,43.271515,-2.987419,DELIVERED,31,CLEAR,HIGH
2234,2026-01-11 22:03:07,78.39,6,16,23,43.288963,-2.911761,DELIVERED,27,CLEAR,HIGH
2235,2026-01-18 15:27:03,37.5,4,10,10,43.265053,-2.916522,DELIVERED,50,CLEAR,LOW
2236,2026-01-12 07:10:51,57.88,6,12,11,43.210914,-2.957624,DELIVERED,43,CLEAR,LOW
2237,2026-01-06 02:05:00,70.16,4,27,16,43.265789,-2.90428,DELIVERED,33,CLEAR,MEDIUM
2238,2026-01-11 02:20:19,38.04,3,10,17,43.284741,-2.914644,CANCELLED,27,CLEAR,LOW
2239,2026-01-11 12:51:16,48.31,5,15,10,43.244487,-2.900916,DELIVERED,47,CLEAR,LOW
2240,2026-01-06 20:19:24,70.52,4,33,18,43.296461,-2.976562,DELIVERED,9,CLEAR,MEDIUM
2241,2026-01-18 22:49:50,17.86,1,17,24,43.287327,-2.969455,DELIVERED,17,CLEAR,MEDIUM
2242,2026-01-02 13:05:51,30.41,3,19,29,43.259298,-2.955064,DELIVERED,20,RAIN,HIGH
2243,2026-01-06 13:07:36,55.95,5,21,31,43.264289,-2.933202,DELIVERED,47,CLEAR,HIGH
2244,2026-01-05 00:42:52,27.59,2,18,16,43.273593,-2.935802,DELIVERED,5,CLEAR,MEDIUM
2245,2026-01-25 15:23:43,14.01,1,16,21,43.208324,-2.913592,DELIVERED,32,CLEAR,MEDIUM
2246,2026-01-19 16:57:32,53.57,4,15,19,43.232539,-2.977115,DELIVERED,46,CLEAR,LOW
2247,2026-01-20 11:23:54,52.69,5,16,13,43.20199,-2.960204,DELIVERED,44,WIND,LOW
2248,2026-01-28 13:45:07,83.19,6,23,27,43.28043,-2.96596,DELIVERED,42,WIND,HIGH
2249,2026-01-24 22:39:01,37.21,3,22,21,43.25484,-2.985264,DELIVERED,46,CLEAR,HIGH
2250,2026-01-21 06:44:56,33.09,3,20,19,43.244022,-2.979857,DELIVERED,4,CLEAR,LOW
2251,2026-01-24 22:45:16,10.75,1,23,31,43.209358,-2.976921,DELIVERED,40,CLEAR,HIGH
2252,2026-01-19 00:39:13,76.61,6,17,25,43.210522,-2.899962,DELIVERED,45,RAIN,LOW
2253,2026-01-03 20:36:33,42.88,3,19,17,43.285343,-2.905078,DELIVERED,32,CLEAR,LOW
2254,2026-01-13 13:25:13,43.97,3,24,18,43.204476,-2.899089,DELIVERED,32,CLEAR,HIGH
2255,2026-01-06 14:46:21,19.22,2,19,20,43.261452,-2.926552,DELIVERED,41,RAIN,MEDIUM
2256,2026-01-18 03:54:43,45.04,4,18,14,43.259922,-2.959123,DELIVERED,26,CLEAR,LOW
2257,2026-01-07 20:38:17,51.06,4,15,14,43.264818,-2.895708,DELIVERED,11,CLEAR,MEDIUM
2258,2026-01-01 22:31:04,71.3,5,36,26,43.270729,-2.925347,DELIVERED,12,CLEAR,HIGH
2259,2026-01-26 20:06:23,48.67,5,13,14,43.222386,-2.911229,DELIVERED,15,CLEAR,LOW
2260,2026-01-11 11:44:39,28.58,2,14,12,43.259364,-2.919349,DELIVERED,46,CLEAR,LOW
2261,2026-01-08 18:00:16,74.18,4,25,16,43.201973,-2.886003,CANCELLED,28,CLEAR,LOW
2262,2026-01-28 23:49:40,39.02,3,25,31,43.223256,-2.926831,CANCELLED,22,RAIN,HIGH
2263,2026-01-19 22:26:40,62.86,5,29,17,43.298821,-2.969836,DELIVERED,2,CLEAR,MEDIUM
2264,2026-01-10 18:39:06,46.84,4,23,27,43.202287,-2.95052,DELIVERED,2,RAIN,MEDIUM
2265,2026-01-16 11:20:45,68.95,5,18,26,43.220874,-2.904339,DELIVERED,39,CLEAR,HIGH
2266,2026-01-15 22:20:24,17.78,1,39,22,43.235555,-2.915935,DELIVERED,23,CLEAR,HIGH
2267,2026-01-31 22:11:45,88.87,6,24,18,43.29721,-2.938106,DELIVERED,25,CLEAR,MEDIUM
2268,2026-01-11 20:51:21,36.2,4,19,12,43.226443,-2.963372,DELIVERED,21,CLEAR,LOW
2269,2026-01-19 23:33:56,85.02,6,16,10,43.272841,-2.972941,DELIVERED,32,CLEAR,LOW
2270,2026-01-13 15:44:47,28.97,3,10,14,43.265869,-2.989284,DELIVERED,15,WIND,LOW
2271,2026-01-08 22:20:55,107.45,6,38,32,43.236983,-2.962299,DELIVERED,23,RAIN,HIGH
2272,2026-01-02 15:10:39,57.01,4,17,21,43.276719,-2.896044,DELIVERED,17,RAIN,LOW
2273,2026-01-22 15:56:53,44.17,5,17,27,43.287601,-2.905376,CANCELLED,16,CLEAR,HIGH
2274,2026-01-11 21:48:22,68.73,5,28,22,43.217674,-2.959167,DELIVERED,38,CLEAR,HIGH
2275,2026-01-22 21:53:41,79.51,6,19,15,43.24561,-2.937153,DELIVERED,17,CLEAR,MEDIUM
2276,2026-01-20 14:17:40,60.76,4,29,19,43.26987,-2.882051,DELIVERED,48,CLEAR,HIGH
2277,2026-01-06 20:08:44,63.8,6,14,19,43.243158,-2.893212,DELIVERED,20,CLEAR,LOW
2278,2026-01-31 13:02:10,59.12,3,40,23,43.245585,-2.946833,DELIVERED,9,CLEAR,HIGH
2279,2026-01-07 20:12:38,36.52,3,15,19,43.298109,-2.987152,DELIVERED,35,CLEAR,LOW
2280,2026-01-12 14:39:40,40.98,2,37,23,43.218569,-2.970119,DELIVERED,18,WIND,HIGH
2281,2026-01-22 14:00:53,14.65,1,30,23,43.211697,-2.979309,DELIVERED,39,CLEAR,MEDIUM
2282,2026-01-27 20:55:01,28.06,3,17,15,43.269437,-2.90885,DELIVERED,26,CLEAR,LOW
2283,2026-01-05 20:46:45,64.85,6,10,14,43.266853,-2.950602,DELIVERED,20,CLEAR,LOW
2284,2026-01-24 07:20:38,92.41,5,22,10,43.226575,-2.888495,DELIVERED,28,CLEAR,LOW
2285,2026-01-06 16:23:51,24.88,2,22,20,43.27097,-2.987468,DELIVERED,26,RAIN,MEDIUM
2286,2026-01-30 21:40:50,18.13,1,35,32,43.23412,-2.942605,DELIVERED,9,CLEAR,HIGH
2287,2026-01-28 22:54:55,68.76,5,27,25,43.261519,-2.968883,DELIVERED,14,CLEAR,HIGH
2288,2026-01-21 16:06:23,20.1,1,20,22,43.297242,-2.914963,CANCELLED,36,RAIN,HIGH
2289,2026-01-10 17:40:39,41.33,2,30,17,43.273537,-2.97815,DELIVERED,18,WIND,LOW
2290,2026-01-15 05:07:37,51.03,4,19,19,43.220398,-2.946229,DELIVERED,42,CLEAR,MEDIUM
2291,2026-01-26 05:39:41,12.29,1,13,22,43.229199,-2.923069,DELIVERED,49,CLEAR,HIGH
2292,2026-01-24 22:16:17,15.57,1,24,26,43.217907,-2.905181,DELIVERED,4,RAIN,HIGH
2293,2026-01-27 04:33:49,50.21,5,15,15,43.298158,-2.9793,DELIVERED,20,CLEAR,LOW
2294,2026-01-08 21:53:22,37.6,3,27,25,43.219903,-2.979204,DELIVERED,3,RAIN,HIGH
2295,2026-01-29 02:46:14,43.0,4,21,18,43.250736,-2.89843,DELIVERED,26,CLEAR,MEDIUM
2296,2026-01-07 22:31:23,71.6,6,22,22,43.24522,-2.967323,CANCELLED,35,CLEAR,HIGH
2297,2026-01-20 21:07:06,34.49,3,27,20,43.225634,-2.987534,DELIVERED,45,CLEAR,MEDIUM
2298,2026-01-14 07:00:01,63.68,6,21,16,43.287864,-2.989741,DELIVERED,4,CLEAR,LOW
2299,2026-01-07 13:28:39,32.0,3,18,24,43.232683,-2.962609,DELIVERED,43,CLEAR,MEDIUM
2300,2026-01-18 12:45:44,59.69,3,33,19,43.206125,-2.889744,DELIVERED,18,CLEAR,LOW
2301,2026-01-21 22:31:26,27.0,3,18,24,43.292808,-2.975092,DELIVERED,7,CLEAR,MEDIUM
2302,2026-01-31 22:17:22,17.82,1,19,21,43.238154,-2.882009,DELIVERED,5,CLEAR,MEDIUM
2303,2026-01-12 22:18:16,107.54,6,30,19,43.228155,-2.891998,DELIVERED,36,CLEAR,HIGH
2304,2026-01-24 15:00:26,80.1,6,22,31,43.234274,-2.922489,DELIVERED,39,CLEAR,HIGH
2305,2026-01-24 21:01:51,72.29,6,26,17,43.291324,-2.908473,DELIVERED,2,CLEAR,MEDIUM
2306,2026-01-18 20:48:36,53.1,3,24,13,43.230549,-2.960906,DELIVERED,28,CLEAR,LOW
2307,2026-01-08 20:51:52,95.91,5,22,27,43.264786,-2.910911,DELIVERED,10,CLEAR,HIGH
2308,2026-01-12 20:32:34,46.48,4,17,12,43.206534,-2.988277,DELIVERED,24,CLEAR,LOW
2309,2026-01-15 22:10:57,23.42,2,24,23,43.261717,-2.908712,DELIVERED,19,CLEAR,HIGH
2310,2026-01-09 22:10:45,43.62,5,16,22,43.243446,-2.958105,DELIVERED,43,CLEAR,HIGH
2311,2026-01-20 22:42:25,52.91,4,25,14,43.212814,-2.979533,DELIVERED,3,CLEAR,MEDIUM
2312,2026-01-07 21:53:42,35.88,3,25,27,43.22323,-2.977712,DELIVERED,45,WIND,HIGH
2313,2026-01-23 21:32:04,38.92,4,22,13,43.249409,-2.890712,DELIVERED,20,CLEAR,MEDIUM
2314,2026-01-10 13:49:03,55.21,6,23,21,43.287008,-2.910371,DELIVERED,21,CLEAR,HIGH
2315,2026-01-22 15:36:15,76.91,4,31,20,43.264614,-2.939453,CANCELLED,18,CLEAR,LOW
2316,2026-01-26 15:53:02,31.9,3,12,18,43.216999,-2.956248,DELIVERED,20,CLEAR,LOW
2317,2026-01-10 22:42:48,19.18,1,36,17,43.207602,-2.982536,DELIVERED,28,CLEAR,HIGH
2318,2026-01-23 12:11:31,53.0,4,11,23,43.264009,-2.919535,DELIVERED,27,WIND,MEDIUM
2319,2026-01-11 05:13:06,17.42,1,23,12,43.296154,-2.925347,DELIVERED,2,CLEAR,LOW
2320,2026-01-19 12:56:33,58.3,3,32,12,43.283817,-2.935213,DELIVERED,9,CLEAR,LOW
2321,2026-01-21 22:13:58,57.03,4,21,21,43.274441,-2.903968,DELIVERED,42,CLEAR,MEDIUM
2322,2026-01-14 08:37:55,40.66,3,13,18,43.295396,-2.893626,DELIVERED,27,WIND,LOW
2323,2026-01-19 03:39:45,21.88,2,10,30,43.205921,-2.909428,DELIVERED,37,WIND,HIGH
2324,2026-01-13 20:01:59,17.42,1,18,30,43.203409,-2.983568,DELIVERED,48,RAIN,MEDIUM
2325,2026-01-23 15:13:05,57.12,4,19,14,43.235365,-2.981132,DELIVERED,39,CLEAR,MEDIUM
2326,2026-01-09 17:07:37,34.36,3,17,20,43.256136,-2.962082,DELIVERED,3,CLEAR,MEDIUM
2327,2026-01-20 07:07:40,57.77,4,22,26,43.276298,-2.933248,DELIVERED,32,WIND,MEDIUM
2328,2026-01-11 00:43:16,41.56,2,32,17,43.21644,-2.966859,DELIVERED,23,CLEAR,MEDIUM
2329,2026-01-30 14:04:19,57.41,4,22,22,43.274357,-2.954263,DELIVERED,17,CLEAR,HIGH
2330,2026-01-29 13:02:29,23.36,2,25,31,43.203479,-2.937906,DELIVERED,4,CLEAR,HIGH
2331,2026-01-13 20:57:41,11.67,1,10,17,43.241355,-2.899035,DELIVERED,30,CLEAR,MEDIUM
2332,2026-01-20 06:47:55,38.75,3,17,22,43.217594,-2.969525,DELIVERED,35,RAIN,LOW
2333,2026-01-06 14:24:08,72.82,5,27,14,43.229117,-2.974642,DELIVERED,32,CLEAR,MEDIUM
2334,2026-01-19 22:41:18,33.36,3,30,21,43.201406,-2.925616,DELIVERED,26,CLEAR,MEDIUM
2335,2026-01-11 14:09:09,9.46,1,23,27,43.251767,-2.93037,DELIVERED,41,CLEAR,HIGH
2336,2026-01-03 11:14:45,30.93,2,28,16,43.201576,-2.938263,DELIVERED,12,CLEAR,LOW
2337,2026-01-23 22:14:10,55.4,4,33,30,43.21578,-2.899445,DELIVERED,12,RAIN,MEDIUM
2338,2026-01-16 00:26:53,22.26,2,16,23,43.263062,-2.916622,DELIVERED,31,RAIN,LOW
2339,2026-01-13 18:09:11,27.17,2,23,14,43.212702,-2.936771,DELIVERED,14,CLEAR,LOW
2340,2026-01-24 12:20:15,17.9,1,21,26,43.286509,-2.969364,DELIVERED,10,RAIN,HIGH
2341,2026-01-18 13:10:05,83.91,6,24,22,43.217349,-2.884497,DELIVERED,46,CLEAR,HIGH
2342,2026-01-28 21:52:45,47.81,3,22,22,43.219331,-2.926931,DELIVERED,48,WIND,HIGH
2343,2026-01-11 13:11:13,77.25,6,24,28,43.261866,-2.907254,DELIVERED,45,RAIN,MEDIUM
2344,2026-01-20 16:59:34,28.45,2,28,19,43.234746,-2.978544,DELIVERED,12,CLEAR,LOW
2345,2026-01-10 14:08:29,40.19,4,16,28,43.213119,-2.918972,DELIVERED,30,RAIN,HIGH
2346,2026-01-28 23:29:03,30.61,3,8,20,43.292811,-2.930551,DELIVERED,15,CLEAR,LOW
2347,2026-01-10 23:45:42,12.89,1,14,11,43.231783,-2.943086,DELIVERED,31,CLEAR,LOW
2348,2026-01-11 22:20:43,17.73,1,29,25,43.244624,-2.980637,DELIVERED,29,CLEAR,HIGH
2349,2026-01-20 21:52:45,113.38,6,27,17,43.251222,-2.9566,DELIVERED,10,CLEAR,MEDIUM
2350,2026-01-16 15:26:25,41.14,3,13,11,43.241427,-2.913843,DELIVERED,27,CLEAR,LOW
2351,2026-01-12 12:02:19,34.03,2,23,15,43.280459,-2.970851,DELIVERED,6,CLEAR,LOW
2352,2026-01-29 21:00:25,85.61,6,27,24,43.227285,-2.928993,DELIVERED,1,CLEAR,HIGH
2353,2026-01-22 13:03:09,42.47,4,23,25,43.277913,-2.977128,CANCELLED,41,CLEAR,HIGH
2354,2026-01-13 15:30:02,38.33,4,15,16,43.287305,-2.976173,DELIVERED,7,CLEAR,MEDIUM
2355,2026-01-29 14:11:00,44.47,3,25,23,43.240869,-2.909563,DELIVERED,38,CLEAR,MEDIUM
2356,2026-01-16 15:18:23,44.68,5,12,19,43.248619,-2.96622,DELIVERED,49,CLEAR,LOW
2357,2026-01-23 15:05:21,58.41,3,29,12,43.271263,-2.913259,DELIVERED,33,CLEAR,LOW
2358,2026-01-25 03:25:28,14.89,1,15,19,43.219527,-2.960372,DELIVERED,30,WIND,LOW
2359,2026-01-28 13:54:28,60.11,5,32,20,43.232527,-2.920934,DELIVERED,22,RAIN,MEDIUM
2360,2026-01-30 21:58:40,8.95,1,13,23,43.287319,-2.893838,DELIVERED,15,CLEAR,HIGH
2361,2026-01-07 22:08:50,53.59,4,24,25,43.246524,-2.887862,DELIVERED,24,CLEAR,MEDIUM
2362,2026-01-12 05:40:32,74.86,6,22,21,43.270399,-2.9511,CANCELLED,29,RAIN,MEDIUM
2363,2026-01-20 19:30:59,8.5,1,12,21,43.213916,-2.925371,DELIVERED,47,CLEAR,MEDIUM
2364,2026-01-18 06:38:57,17.4,1,24,17,43.257219,-2.912088,DELIVERED,48,CLEAR,LOW
2365,2026-01-31 00:03:39,48.34,4,16,22,43.282469,-2.964492,DELIVERED,40,CLEAR,MEDIUM
2366,2026-01-03 13:49:42,14.36,1,26,24,43.204102,-2.949725,DELIVERED,19,CLEAR,MEDIUM
2367,2026-01-10 21:32:57,63.04,6,26,21,43.215186,-2.882634,DELIVERED,44,CLEAR,HIGH
2368,2026-01-11 16:01:03,54.91,4,17,24,43.287011,-2.888975,DELIVERED,25,WIND,MEDIUM
2369,2026-01-22 21:52:09,51.61,4,26,21,43.25022,-2.961133,DELIVERED,34,CLEAR,HIGH
2370,2026-01-31 05:53:39,7.19,1,14,23,43.213844,-2.891552,DELIVERED,21,CLEAR,MEDIUM
2371,2026-01-05 08:25:39,54.16,4,17,16,43.231996,-2.966196,DELIVERED,46,CLEAR,LOW
2372,2026-01-28 23:39:01,65.7,5,20,18,43.23312,-2.969934,DELIVERED,34,CLEAR,LOW
2373,2026-01-23 15:12:22,87.21,6,19,15,43.205465,-2.952116,DELIVERED,13,CLEAR,LOW
2374,2026-01-04 14:43:43,31.78,2,32,14,43.215018,-2.907238,CANCELLED,14,CLEAR,MEDIUM
2375,2026-01-06 13:18:47,60.1,4,30,15,43.215836,-2.978618,DELIVERED,14,CLEAR,MEDIUM
2376,2026-01-09 11:03:17,56.83,4,16,14,43.289056,-2.951762,DELIVERED,11,CLEAR,LOW
2377,2026-01-02 14:18:18,54.01,5,23,18,43.219597,-2.940296,DELIVERED,47,CLEAR,MEDIUM
2378,2026-01-24 14:20:53,14.53,1,22,27,43.258107,-2.888428,DELIVERED,21,CLEAR,HIGH
2379,2026-01-23 03:42:26,54.0,4,17,22,43.204711,-2.904568,DELIVERED,11,CLEAR,HIGH
2380,2026-01-25 14:57:06,68.82,5,34,21,43.262964,-2.972096,DELIVERED,12,CLEAR,HIGH
2381,2026-01-11 21:13:37,70.12,5,38,28,43.295634,-2.979448,DELIVERED,12,RAIN,HIGH
2382,2026-01-31 14:03:21,9.63,1,15,26,43.263207,-2.894774,DELIVERED,43,CLEAR,HIGH
2383,2026-01-17 20:48:22,107.15,6,32,21,43.299143,-2.927152,DELIVERED,23,CLEAR,MEDIUM
2384,2026-01-28 22:06:59,11.86,1,14,18,43.261016,-2.979407,DELIVERED,50,CLEAR,MEDIUM
2385,2026-01-19 21:48:36,50.7,5,13,25,43.277654,-2.967127,DELIVERED,7,CLEAR,HIGH
2386,2026-01-08 21:48:12,53.5,3,39,31,43.246521,-2.941277,CANCELLED,33,RAIN,HIGH
2387,2026-01-16 02:08:45,65.96,5,14,17,43.29823,-2.895965,DELIVERED,8,CLEAR,LOW
2388,2026-01-20 12:16:26,40.08,4,13,11,43.254198,-2.9033,DELIVERED,43,CLEAR,LOW
2389,2026-01-01 22:38:45,25.1,2,25,20,43.233433,-2.904077,DELIVERED,46,CLEAR,MEDIUM
2390,2026-01-01 03:10:02,16.84,1,23,13,43.223365,-2.937942,DELIVERED,34,CLEAR,MEDIUM
2391,2026-01-10 19:23:23,19.54,2,16,19,43.250322,-2.905093,DELIVERED,16,CLEAR,MEDIUM
2392,2026-01-30 22:01:23,107.38,6,33,25,43.205418,-2.958988,DELIVERED,33,CLEAR,HIGH
2393,2026-01-28 06:31:25,69.07,5,18,14,43.266862,-2.952522,DELIVERED,17,CLEAR,LOW
2394,2026-01-25 04:52:05,70.57,5,12,27,43.267596,-2.966943,DELIVERED,8,RAIN,MEDIUM
2395,2026-01-17 13:45:07,48.11,5,21,20,43.252056,-2.964409,DELIVERED,31,CLEAR,HIGH
2396,2026-01-08 13:42:13,53.99,4,23,17,43.245168,-2.920274,DELIVERED,45,CLEAR,HIGH
2397,2026-01-31 21:49:43,17.02,2,19,21,43.210041,-2.96362,DELIVERED,43,CLEAR,HIGH
2398,2026-01-29 15:17:02,11.07,1,12,25,43.26686,-2.910638,DELIVERED,37,RAIN,LOW
2399,2026-01-07 20:02:37,20.31,2,12,17,43.244777,-2.950321,DELIVERED,30,CLEAR,MEDIUM
2400,2026-01-19 15:42:44,34.41,3,19,14,43.279821,-2.908683,DELIVERED,19,CLEAR,LOW
2401,2026-01-26 22:19:11,35.08,3,26,18,43.208221,-2.887872,DELIVERED,26,CLEAR,HIGH
2402,2026-01-29 22:20:04,37.99,4,15,33,43.289546,-2.975424,DELIVERED,50,RAIN,HIGH
2403,2026-01-08 22:10:33,37.01,3,22,28,43.247481,-2.970153,DELIVERED,11,WIND,HIGH
2404,2026-01-11 23:44:07,94.17,5,21,13,43.234667,-2.934186,DELIVERED,6,CLEAR,MEDIUM
2405,2026-01-29 13:20:21,26.5,3,27,16,43.201258,-2.984447,DELIVERED,21,CLEAR,MEDIUM
2406,2026-01-12 00:57:25,77.69,6,20,21,43.283901,-2.908959,DELIVERED,34,RAIN,LOW
2407,2026-01-29 13:07:46,11.89,1,25,20,43.229088,-2.921416,DELIVERED,39,CLEAR,MEDIUM
2408,2026-01-25 14:23:08,34.45,4,13,18,43.297348,-2.907343,DELIVERED,7,CLEAR,HIGH
2409,2026-01-19 21:10:27,25.15,3,24,26,43.231226,-2.925585,DELIVERED,31,CLEAR,HIGH
2410,2026-01-27 13:03:01,64.89,5,22,22,43.253595,-2.96888,DELIVERED,24,CLEAR,HIGH
2411,2026-01-06 11:54:05,82.96,6,22,11,43.238065,-2.964428,DELIVERED,39,CLEAR,LOW
2412,2026-01-03 14:23:57,28.83,2,30,22,43.297751,-2.941931,DELIVERED,22,CLEAR,HIGH
2413,2026-01-24 22:23:57,65.96,5,27,20,43.21707,-2.985244,DELIVERED,29,CLEAR,HIGH
2414,2026-01-26 20:17:31,41.54,2,32,18,43.218904,-2.896448,DELIVERED,18,CLEAR,MEDIUM
2415,2026-01-21 18:53:15,77.07,4,32,20,43.209587,-2.908363,DELIVERED,23,RAIN,LOW
2416,2026-01-13 09:10:31,22.72,1,31,19,43.206081,-2.932285,DELIVERED,23,CLEAR,LOW
2417,2026-01-11 21:27:01,31.12,3,26,21,43.229245,-2.972177,DELIVERED,21,CLEAR,HIGH
2418,2026-01-26 15:09:51,49.45,4,21,20,43.223257,-2.906469,DELIVERED,45,CLEAR,MEDIUM
2419,2026-01-29 21:38:40,14.22,1,20,30,43.271389,-2.928105,CANCELLED,7,RAIN,HIGH
2420,2026-01-11 12:04:47,12.83,1,14,25,43.280161,-2.928456,DELIVERED,7,RAIN,MEDIUM
2421,2026-01-09 19:02:03,29.05,2,14,14,43.240735,-2.903057,DELIVERED,46,CLEAR,LOW
2422,2026-01-15 00:40:43,25.62,2,19,19,43.222213,-2.911992,DELIVERED,4,CLEAR,LOW
2423,2026-01-23 03:21:00,15.88,1,20,31,43.28335,-2.924983,DELIVERED,13,RAIN,HIGH
2424,2026-01-31 22:07:33,67.88,5,20,26,43.296948,-2.919901,CANCELLED,27,RAIN,HIGH
2425,2026-01-23 10:12:36,39.51,2,28,18,43.237793,-2.989644,DELIVERED,33,CLEAR,MEDIUM
2426,2026-01-02 23:47:07,14.0,1,17,18,43.25596,-2.966,DELIVERED,4,CLEAR,HIGH
2427,2026-01-06 10:22:30,57.81,4,17,10,43.210988,-2.922474,DELIVERED,25,CLEAR,LOW
2428,2026-01-21 15:47:48,68.9,5,26,14,43.29121,-2.88912,DELIVERED,12,CLEAR,LOW
2429,2026-01-06 21:36:27,16.16,1,30,23,43.278669,-2.924543,DELIVERED,10,CLEAR,HIGH
2430,2026-01-16 22:56:44,43.14,3,24,17,43.211537,-2.939076,DELIVERED,11,CLEAR,MEDIUM
2431,2026-01-08 12:05:19,107.04,6,20,16,43.28317,-2.903557,DELIVERED,6,CLEAR,MEDIUM
2432,2026-01-30 20:27:30,52.63,5,13,16,43.244911,-2.89796,DELIVERED,20,CLEAR,LOW
2433,2026-01-30 00:58:28,8.98,1,14,18,43.298743,-2.883289,DELIVERED,41,CLEAR,MEDIUM
2434,2026-01-16 13:18:30,54.89,5,25,20,43.227514,-2.983554,DELIVERED,47,CLEAR,MEDIUM
2435,2026-01-27 20:26:42,33.65,2,26,16,43.241723,-2.901004,DELIVERED,14,WIND,LOW
2436,2026-01-20 06:12:41,13.85,1,13,17,43.207899,-2.907644,DELIVERED,40,WIND,MEDIUM
2437,2026-01-04 13:24:45,48.7,4,22,31,43.263759,-2.987505,DELIVERED,35,RAIN,HIGH
2438,2026-01-07 15:44:28,14.45,1,17,16,43.285496,-2.957561,DELIVERED,24,CLEAR,HIGH
2439,2026-01-27 21:00:04,55.47,5,26,26,43.269498,-2.97895,DELIVERED,41,CLEAR,HIGH
2440,2026-01-14 09:56:15,58.74,4,23,22,43.288861,-2.959058,DELIVERED,12,RAIN,LOW
2441,2026-01-15 14:03:56,108.5,6,32,25,43.247457,-2.962926,DELIVERED,9,CLEAR,HIGH
2442,2026-01-14 23:14:10,36.24,3,15,12,43.263618,-2.92278,DELIVERED,45,CLEAR,MEDIUM
2443,2026-01-23 23:20:41,31.69,3,13,20,43.254639,-2.947723,DELIVERED,21,CLEAR,MEDIUM
2444,2026-01-01 09:46:45,57.91,6,8,28,43.236923,-2.913749,DELIVERED,43,RAIN,MEDIUM
2445,2026-01-11 14:13:00,40.72,2,37,18,43.273809,-2.977133,DELIVERED,23,CLEAR,HIGH
2446,2026-01-20 23:08:53,48.69,5,19,19,43.222028,-2.935498,DELIVERED,19,CLEAR,LOW
2447,2026-01-30 13:02:04,77.3,6,24,30,43.21741,-2.942346,DELIVERED,45,CLEAR,HIGH
2448,2026-01-14 14:56:50,22.14,2,12,35,43.270367,-2.928581,DELIVERED,50,RAIN,HIGH
2449,2026-01-18 04:06:36,61.47,4,18,18,43.285526,-2.946464,DELIVERED,25,CLEAR,LOW
2450,2026-01-15 03:24:00,55.24,5,16,15,43.263722,-2.930388,DELIVERED,19,CLEAR,LOW
2451,2026-01-07 01:50:51,46.08,4,15,24,43.236933,-2.976535,DELIVERED,3,RAIN,MEDIUM
2452,2026-01-10 15:38:52,63.4,6,13,17,43.229101,-2.918692,DELIVERED,30,CLEAR,LOW
2453,2026-01-10 13:21:01,64.51,6,16,23,43.290631,-2.952979,DELIVERED,30,CLEAR,HIGH
2454,2026-01-21 17:12:28,72.12,5,19,12,43.294857,-2.943705,DELIVERED,25,CLEAR,LOW
2455,2026-01-13 14:33:19,30.08,3,23,26,43.221035,-2.925863,DELIVERED,44,CLEAR,HIGH
2456,2026-01-08 13:01:57,74.25,4,33,26,43.258173,-2.919497,DELIVERED,33,CLEAR,HIGH
2457,2026-01-25 13:28:42,52.88,5,16,22,43.284766,-2.884939,CANCELLED,15,RAIN,MEDIUM
2458,2026-01-04 21:42:06,30.91,2,32,17,43.232616,-2.911549,DELIVERED,32,CLEAR,MEDIUM
2459,2026-01-04 00:56:42,25.39,2,24,17,43.259614,-2.939866,DELIVERED,34,CLEAR,MEDIUM
2460,2026-01-26 23:19:31,28.67,2,19,13,43.201238,-2.937927,DELIVERED,48,CLEAR,LOW
2461,2026-01-06 13:52:07,27.42,2,27,23,43.293943,-2.884576,DELIVERED,32,CLEAR,HIGH
2462,2026-01-13 22:28:57,14.72,1,23,16,43.236864,-2.93954,CANCELLED,32,CLEAR,MEDIUM
2463,2026-01-06 22:08:40,7.44,1,14,28,43.273574,-2.953113,CANCELLED,49,CLEAR,HIGH
2464,2026-01-24 13:47:53,19.69,2,20,32,43.243559,-2.95044,DELIVERED,47,RAIN,HIGH
2465,2026-01-30 01:38:35,41.9,3,19,22,43.263862,-2.927182,DELIVERED,39,CLEAR,MEDIUM
2466,2026-01-24 22:35:20,45.77,4,27,18,43.218728,-2.947621,CANCELLED,26,CLEAR,HIGH
2467,2026-01-09 04:11:59,52.45,4,21,15,43.256285,-2.923979,DELIVERED,29,CLEAR,LOW
2468,2026-01-21 14:10:51,11.59,1,28,18,43.294004,-2.968422,DELIVERED,26,CLEAR,HIGH
2469,2026-01-06 20:23:03,87.47,6,18,25,43.206639,-2.894284,DELIVERED,13,WIND,MEDIUM
2470,2026-01-14 13:50:09,40.01,4,21,20,43.229894,-2.920315,CANCELLED,44,CLEAR,HIGH
2471,2026-01-30 14:21:01,12.14,1,25,22,43.208689,-2.937184,DELIVERED,3,CLEAR,HIGH
2472,2026-01-11 22:02:30,10.2,1,17,28,43.297382,-2.954911,DELIVERED,44,CLEAR,HIGH
2473,2026-01-24 12:10:32,57.51,3,27,23,43.277016,-2.896758,DELIVERED,28,WIND,LOW
2474,2026-01-24 21:59:01,61.84,4,26,17,43.243855,-2.895201,DELIVERED,48,CLEAR,HIGH
2475,2026-01-01 12:22:58,49.36,4,20,19,43.234049,-2.927956,DELIVERED,35,CLEAR,MEDIUM
2476,2026-01-20 13:07:57,72.98,6,38,26,43.228695,-2.936748,DELIVERED,2,CLEAR,HIGH
2477,2026-01-13 13:23:20,55.54,4,20,27,43.23152,-2.883553,DELIVERED,11,CLEAR,HIGH
2478,2026-01-21 13:56:07,106.02,6,28,30,43.29618,-2.983305,CANCELLED,10,CLEAR,HIGH
2479,2026-01-29 12:31:48,55.26,4,22,23,43.261281,-2.967663,DELIVERED,39,CLEAR,MEDIUM
2480,2026-01-27 21:21:30,112.33,6,28,31,43.287055,-2.942295,DELIVERED,36,RAIN,HIGH
2481,2026-01-07 21:30:03,52.67,4,25,34,43.26318,-2.975362,DELIVERED,3,RAIN,HIGH
2482,2026-01-29 23:21:20,17.41,2,13,34,43.239461,-2.973064,CANCELLED,43,WIND,HIGH
2483,2026-01-24 09:44:45,61.5,5,18,21,43.236155,-2.913863,DELIVERED,5,CLEAR,MEDIUM
2484,2026-01-17 23:59:38,38.29,3,17,20,43.258032,-2.987642,DELIVERED,35,RAIN,LOW
2485,2026-01-10 21:33:10,75.28,4,40,23,43.292875,-2.91224,DELIVERED,23,RAIN,HIGH
2486,2026-01-01 09:39:24,65.2,5,18,22,43.297592,-2.919064,DELIVERED,40,WIND,LOW
2487,2026-01-16 20:40:19,91.74,5,28,15,43.248777,-2.959946,DELIVERED,18,CLEAR,LOW
2488,2026-01-20 00:25:24,42.84,4,19,24,43.214139,-2.942779,DELIVERED,4,CLEAR,HIGH
2489,2026-01-01 12:12:27,26.48,2,20,17,43.280493,-2.881802,DELIVERED,1,CLEAR,LOW
2490,2026-01-16 11:52:28,38.75,2,28,18,43.287275,-2.972956,DELIVERED,23,RAIN,LOW
2491,2026-01-01 07:27:07,53.47,5,18,31,43.221904,-2.925604,DELIVERED,26,RAIN,HIGH
2492,2026-01-05 15:45:03,59.52,5,20,23,43.290994,-2.945777,DELIVERED,35,CLEAR,MEDIUM
2493,2026-01-27 18:41:52,91.85,5,23,31,43.259774,-2.912078,DELIVERED,28,CLEAR,HIGH
2494,2026-01-15 03:21:11,107.53,6,25,20,43.279482,-2.964788,DELIVERED,33,CLEAR,LOW
2495,2026-01-12 09:17:27,25.16,2,17,15,43.238332,-2.984259,CANCELLED,42,CLEAR,LOW
2496,2026-01-20 19:48:48,74.23,6,18,19,43.255162,-2.929728,DELIVERED,45,CLEAR,MEDIUM
2497,2026-01-15 22:40:23,29.54,2,26,29,43.247193,-2.953012,DELIVERED,40,WIND,HIGH
2498,2026-01-15 23:41:59,9.11,1,22,23,43.205264,-2.946579,DELIVERED,26,CLEAR,MEDIUM
2499,2026-01-18 11:31:26,90.89,5,30,17,43.24847,-2.891956,DELIVERED,23,CLEAR,LOW
2500,2026-01-13 22:33:21,89.53,5,30,20,43.202691,-2.939887,DELIVERED,10,RAIN,MEDIUM
2501,2026-01-15 23:24:25,58.59,6,15,19,43.243686,-2.944182,CANCELLED,44,CLEAR,LOW
2502,2026-01-27 19:22:39,22.3,2,8,22,43.224989,-2.931259,DELIVERED,15,CLEAR,HIGH
2503,2026-01-26 19:12:51,25.4,3,9,22,43.269955,-2.966326,DELIVERED,43,WIND,LOW
2504,2026-01-06 13:21:15,59.64,6,19,26,43.245414,-2.986091,DELIVERED,49,WIND,HIGH
2505,2026-01-19 23:25:05,57.34,3,20,25,43.293116,-2.935409,DELIVERED,36,CLEAR,MEDIUM
2506,2026-01-28 05:39:58,36.16,2,27,14,43.210772,-2.918706,DELIVERED,28,CLEAR,LOW
2507,2026-01-03 21:40:39,16.66,2,13,27,43.211368,-2.97798,DELIVERED,49,CLEAR,HIGH
2508,2026-01-25 14:24:47,44.62,3,27,23,43.276982,-2.892223,DELIVERED,13,CLEAR,HIGH
2509,2026-01-27 12:28:06,39.08,3,24,15,43.26808,-2.956515,DELIVERED,34,CLEAR,LOW
2510,2026-01-21 09:11:05,44.72,3,22,10,43.250679,-2.963279,DELIVERED,32,CLEAR,LOW
2511,2026-01-07 00:50:45,58.62,5,19,12,43.236913,-2.97577,DELIVERED,3,CLEAR,LOW
2512,2026-01-13 04:33:18,22.66,1,26,16,43.291012,-2.956529,DELIVERED,28,CLEAR,LOW
2513,2026-01-01 23:23:01,53.53,4,17,16,43.229879,-2.981575,DELIVERED,24,CLEAR,LOW
2514,2026-01-31 01:17:40,16.12,1,27,17,43.237434,-2.919341,DELIVERED,18,CLEAR,LOW
2515,2026-01-14 13:57:36,71.52,6,24,26,43.287206,-2.970768,CANCELLED,45,CLEAR,HIGH
2516,2026-01-26 02:53:04,24.55,2,18,24,43.28576,-2.911513,DELIVERED,17,RAIN,LOW
2517,2026-01-17 12:34:38,72.09,6,28,13,43.283864,-2.937265,DELIVERED,2,CLEAR,MEDIUM
2518,2026-01-24 22:21:50,33.99,2,23,23,43.261311,-2.954363,DELIVERED,25,RAIN,MEDIUM
2519,2026-01-07 20:05:51,53.65,6,14,18,43.256333,-2.892251,DELIVERED,49,WIND,LOW
2520,2026-01-29 12:22:37,70.5,4,19,19,43.270659,-2.972803,DELIVERED,10,CLEAR,LOW
2521,2026-01-12 18:21:53,44.92,3,17,13,43.241989,-2.91111,DELIVERED,25,CLEAR,LOW
2522,2026-01-28 22:07:39,30.81,2,25,22,43.230061,-2.893639,DELIVERED,11,CLEAR,MEDIUM
2523,2026-01-24 14:23:37,40.19,3,22,22,43.281028,-2.915949,DELIVERED,39,CLEAR,HIGH
2524,2026-01-23 01:01:23,111.02,6,20,13,43.293279,-2.883781,DELIVERED,6,CLEAR,LOW
2525,2026-01-15 15:02:50,39.41,2,31,22,43.250648,-2.911662,DELIVERED,33,RAIN,LOW
2526,2026-01-18 13:46:49,25.51,2,27,22,43.235197,-2.936079,DELIVERED,19,CLEAR,HIGH
2527,2026-01-16 13:51:51,7.61,1,22,17,43.21026,-2.974613,DELIVERED,7,CLEAR,HIGH
2528,2026-01-11 21:30:51,90.09,5,25,19,43.241246,-2.880095,DELIVERED,10,CLEAR,MEDIUM
2529,2026-01-16 12:09:40,9.57,1,18,19,43.254356,-2.941535,DELIVERED,31,CLEAR,LOW
2530,2026-01-05 20:59:47,89.4,5,26,16,43.235533,-2.960441,DELIVERED,28,CLEAR,LOW
2531,2026-01-05 04:50:35,47.41,4,28,18,43.229328,-2.95276,DELIVERED,22,CLEAR,LOW
2532,2026-01-14 19:05:47,54.08,5,14,18,43.237308,-2.937013,DELIVERED,44,CLEAR,MEDIUM
2533,2026-01-01 10:13:43,14.78,1,18,18,43.290603,-2.891149,DELIVERED,19,CLEAR,LOW
2534,2026-01-10 20:09:46,11.75,1,15,21,43.280929,-2.887126,DELIVERED,31,CLEAR,MEDIUM
2535,2026-01-04 06:05:33,58.04,6,9,23,43.220675,-2.9225,DELIVERED,43,CLEAR,MEDIUM
2536,2026-01-04 19:04:36,77.46,4,33,13,43.257327,-2.985436,DELIVERED,23,CLEAR,MEDIUM
2537,2026-01-22 21:52:42,59.29,5,30,23,43.216707,-2.978844,DELIVERED,22,CLEAR,MEDIUM
2538,2026-01-27 14:42:48,40.05,2,29,24,43.204775,-2.926833,DELIVERED,28,CLEAR,HIGH
2539,2026-01-15 03:59:01,53.63,5,21,19,43.271518,-2.88327,DELIVERED,4,CLEAR,MEDIUM
2540,2026-01-13 08:41:53,27.09,2,28,19,43.27398,-2.970386,DELIVERED,12,RAIN,LOW
2541,2026-01-20 07:30:48,18.67,2,18,20,43.236741,-2.963898,DELIVERED,19,CLEAR,LOW
2542,2026-01-09 14:08:09,44.22,5,25,18,43.288372,-2.904272,DELIVERED,7,CLEAR,MEDIUM
2543,2026-01-12 23:35:10,55.75,6,15,13,43.243986,-2.97512,DELIVERED,7,CLEAR,LOW
2544,2026-01-18 20:30:49,72.59,4,20,15,43.292496,-2.9695,CANCELLED,6,CLEAR,MEDIUM
2545,2026-01-12 10:49:59,26.81,3,12,18,43.269235,-2.972633,DELIVERED,7,CLEAR,LOW
2546,2026-01-11 07:18:30,15.23,1,15,24,43.282096,-2.919535,DELIVERED,40,WIND,MEDIUM
2547,2026-01-25 02:02:39,29.57,3,16,22,43.251504,-2.91972,DELIVERED,26,CLEAR,HIGH
2548,2026-01-29 21:54:31,64.79,5,25,21,43.299852,-2.965667,DELIVERED,40,CLEAR,MEDIUM
2549,2026-01-25 02:06:46,40.31,4,11,24,43.273808,-2.981607,DELIVERED,44,CLEAR,HIGH
2550,2026-01-01 16:56:02,27.52,2,18,19,43.21022,-2.988183,DELIVERED,13,CLEAR,LOW
2551,2026-01-31 12:17:48,42.84,3,11,24,43.294114,-2.967703,DELIVERED,27,CLEAR,HIGH
2552,2026-01-15 20:15:24,23.67,2,11,11,43.220612,-2.975415,DELIVERED,41,CLEAR,LOW
2553,2026-01-28 12:13:16,52.32,5,16,14,43.235469,-2.885403,DELIVERED,19,CLEAR,LOW
2554,2026-01-19 13:41:13,59.26,5,29,28,43.254716,-2.953151,CANCELLED,24,CLEAR,HIGH
2555,2026-01-10 06:47:58,27.86,2,20,13,43.213732,-2.966617,DELIVERED,46,CLEAR,MEDIUM
2556,2026-01-18 14:30:14,75.5,6,32,20,43.204571,-2.967488,DELIVERED,22,RAIN,MEDIUM
2557,2026-01-18 10:42:04,17.94,1,19,25,43.26614,-2.923823,DELIVERED,45,WIND,MEDIUM
2558,2026-01-08 14:11:12,83.04,6,29,20,43.225573,-2.961376,DELIVERED,1,CLEAR,MEDIUM
2559,2026-01-10 14:37:58,18.52,2,28,33,43.270303,-2.974465,DELIVERED,26,RAIN,HIGH
2560,2026-01-11 14:30:49,14.04,1,26,28,43.219502,-2.921179,DELIVERED,19,CLEAR,HIGH
2561,2026-01-20 20:56:15,71.27,5,18,16,43.252623,-2.953651,DELIVERED,25,CLEAR,MEDIUM
2562,2026-01-25 13:27:30,15.86,1,28,20,43.29272,-2.970727,DELIVERED,32,WIND,HIGH
2563,2026-01-16 20:10:11,25.45,2,16,17,43.299331,-2.976952,DELIVERED,35,CLEAR,LOW
2564,2026-01-31 02:05:08,12.19,1,12,26,43.255091,-2.932178,DELIVERED,7,RAIN,MEDIUM
2565,2026-01-19 15:22:15,87.07,6,20,19,43.201475,-2.903695,DELIVERED,13,CLEAR,MEDIUM
2566,2026-01-04 23:02:53,57.18,4,21,12,43.289612,-2.928977,DELIVERED,25,CLEAR,LOW
2567,2026-01-27 11:17:58,24.46,2,18,21,43.208872,-2.918676,DELIVERED,40,RAIN,LOW
2568,2026-01-11 11:09:30,108.49,6,25,11,43.230089,-2.964253,DELIVERED,6,CLEAR,LOW
2569,2026-01-15 13:54:02,11.73,1,17,27,43.225832,-2.92197,CANCELLED,49,RAIN,HIGH
2570,2026-01-11 09:53:01,34.03,4,12,18,43.240194,-2.909291,DELIVERED,50,RAIN,LOW
2571,2026-01-26 22:47:59,50.04,5,21,23,43.285064,-2.956,DELIVERED,26,CLEAR,HIGH
2572,2026-01-20 14:23:41,68.29,5,23,16,43.215757,-2.968691,DELIVERED,46,CLEAR,MEDIUM
2573,2026-01-19 22:48:44,46.8,4,30,28,43.234582,-2.886533,DELIVERED,34,CLEAR,HIGH
2574,2026-01-14 12:11:55,52.76,3,24,11,43.282218,-2.974562,DELIVERED,28,CLEAR,LOW
2575,2026-01-28 12:16:25,64.47,5,23,19,43.28714,-2.974903,DELIVERED,24,CLEAR,MEDIUM
2576,2026-01-12 12:52:36,76.38,6,20,16,43.243111,-2.9064,DELIVERED,39,CLEAR,LOW
2577,2026-01-10 21:51:25,40.73,2,31,20,43.212387,-2.914107,DELIVERED,10,CLEAR,HIGH
2578,2026-01-11 13:04:15,47.46,3,29,19,43.291987,-2.917804,DELIVERED,1,CLEAR,MEDIUM
2579,2026-01-24 17:04:38,68.45,5,23,17,43.256363,-2.960164,DELIVERED,48,CLEAR,LOW
2580,2026-01-13 22:45:13,29.28,2,21,27,43.295358,-2.916105,DELIVERED,35,CLEAR,HIGH
2581,2026-01-31 05:35:41,113.4,6,31,15,43.213826,-2.953932,DELIVERED,18,CLEAR,MEDIUM
2582,2026-01-23 22:17:06,65.46,5,22,29,43.282306,-2.981162,DELIVERED,3,RAIN,HIGH
2583,2026-01-05 22:09:56,10.69,1,18,18,43.224076,-2.898006,CANCELLED,37,WIND,MEDIUM
2584,2026-01-16 01:56:50,31.5,2,18,15,43.292699,-2.969654,DELIVERED,25,CLEAR,LOW
2585,2026-01-01 13:24:34,27.27,3,19,22,43.2042,-2.889308,DELIVERED,21,CLEAR,HIGH
2586,2026-01-10 03:15:26,43.61,5,18,28,43.206815,-2.987889,DELIVERED,31,WIND,MEDIUM
2587,2026-01-02 22:10:35,73.86,4,36,21,43.252667,-2.951891,CANCELLED,23,RAIN,MEDIUM
2588,2026-01-19 13:20:15,37.97,3,22,23,43.231932,-2.927493,DELIVERED,3,RAIN,HIGH
2589,2026-01-16 13:19:09,15.67,1,31,34,43.283345,-2.973208,CANCELLED,2,RAIN,HIGH
2590,2026-01-08 13:59:49,88.28,5,32,24,43.293532,-2.941907,DELIVERED,36,CLEAR,HIGH
2591,2026-01-18 19:13:15,62.54,5,17,16,43.212744,-2.918224,DELIVERED,45,CLEAR,LOW
2592,2026-01-31 10:35:03,51.53,5,19,24,43.207735,-2.883417,DELIVERED,19,WIND,MEDIUM
2593,2026-01-07 10:32:09,71.0,6,19,31,43.274873,-2.909493,CANCELLED,5,RAIN,MEDIUM
2594,2026-01-02 19:06:04,35.47,3,17,14,43.238584,-2.890939,DELIVERED,45,CLEAR,MEDIUM
2595,2026-01-24 14:36:05,41.12,3,27,24,43.27166,-2.98092,DELIVERED,13,CLEAR,HIGH
2596,2026-01-07 22:45:12,94.12,5,38,21,43.233287,-2.940869,DELIVERED,18,CLEAR,MEDIUM
2597,2026-01-11 12:21:09,27.02,2,28,19,43.263458,-2.944252,DELIVERED,12,RAIN,LOW
2598,2026-01-19 22:25:56,40.25,4,17,24,43.210703,-2.918741,DELIVERED,49,CLEAR,HIGH
2599,2026-01-30 05:15:41,9.59,1,16,16,43.284457,-2.957988,DELIVERED,26,CLEAR,LOW
2600,2026-01-13 23:45:59,38.66,4,15,33,43.268733,-2.985283,DELIVERED,20,WIND,HIGH
2601,2026-01-12 22:13:21,59.15,5,19,19,43.298772,-2.919003,DELIVERED,3,CLEAR,HIGH
2602,2026-01-22 22:38:40,11.65,1,27,19,43.276014,-2.938928,DELIVERED,24,CLEAR,HIGH
2603,2026-01-11 15:25:49,22.36,2,21,27,43.244659,-2.942186,DELIVERED,4,CLEAR,HIGH
2604,2026-01-04 21:07:28,63.88,5,24,19,43.226723,-2.975963,DELIVERED,24,CLEAR,HIGH
2605,2026-01-15 13:40:34,40.75,3,29,17,43.211018,-2.90109,DELIVERED,46,CLEAR,HIGH
2606,2026-01-11 05:42:17,24.37,2,18,16,43.257189,-2.959227,DELIVERED,3,CLEAR,LOW
2607,2026-01-25 22:19:41,13.86,1,22,28,43.268126,-2.913544,DELIVERED,7,RAIN,MEDIUM
2608,2026-01-19 21:03:55,82.25,6,22,20,43.24347,-2.94444,DELIVERED,8,CLEAR,MEDIUM
2609,2026-01-31 02:55:59,61.24,6,17,17,43.299503,-2.963635,DELIVERED,47,CLEAR,MEDIUM
2610,2026-01-09 08:35:01,13.77,1,20,20,43.214,-2.975939,DELIVERED,5,RAIN,HIGH
2611,2026-01-09 02:20:54,31.89,2,16,18,43.203032,-2.943287,DELIVERED,38,CLEAR,LOW
2612,2026-01-14 21:13:26,24.82,2,22,20,43.204398,-2.946862,DELIVERED,35,CLEAR,HIGH
2613,2026-01-10 13:21:04,23.23,2,33,20,43.246302,-2.898117,DELIVERED,2,RAIN,MEDIUM
2614,2026-01-17 23:09:49,20.87,1,29,31,43.289733,-2.948025,DELIVERED,18,CLEAR,HIGH
2615,2026-01-25 12:23:58,16.7,1,23,22,43.251058,-2.936199,DELIVERED,2,WIND,MEDIUM
2616,2026-01-09 15:43:30,31.3,2,27,16,43.278039,-2.890608,DELIVERED,12,CLEAR,MEDIUM
2617,2026-01-06 14:41:27,54.31,4,23,17,43.205046,-2.98791,DELIVERED,8,CLEAR,HIGH
2618,2026-01-06 22:49:02,30.87,2,24,23,43.25082,-2.926431,DELIVERED,25,CLEAR,MEDIUM
2619,2026-01-29 14:02:59,31.59,2,30,22,43.250338,-2.949241,DELIVERED,25,CLEAR,MEDIUM
2620,2026-01-11 06:59:10,23.5,2,11,20,43.253599,-2.919798,DELIVERED,49,RAIN,MEDIUM
2621,2026-01-09 14:10:49,53.63,4,25,29,43.248715,-2.985818,DELIVERED,11,RAIN,HIGH
2622,2026-01-20 11:55:55,59.47,6,20,17,43.2534,-2.893375,DELIVERED,19,RAIN,LOW
2623,2026-01-15 14:18:51,95.76,5,33,21,43.25772,-2.89501,DELIVERED,28,RAIN,MEDIUM
2624,2026-01-21 21:53:10,61.94,5,24,23,43.257825,-2.881987,DELIVERED,24,RAIN,MEDIUM
2625,2026-01-05 14:02:14,11.16,1,25,18,43.279859,-2.884467,DELIVERED,26,CLEAR,MEDIUM
2626,2026-01-09 09:01:39,44.23,5,13,22,43.279976,-2.951534,CANCELLED,50,RAIN,MEDIUM
2627,2026-01-18 21:01:46,30.75,3,20,34,43.229026,-2.928672,DELIVERED,16,RAIN,HIGH
2628,2026-01-25 08:48:26,23.19,1,22,17,43.211921,-2.96515,DELIVERED,36,CLEAR,LOW
2629,2026-01-22 04:51:18,28.84,3,15,25,43.263884,-2.989366,DELIVERED,20,CLEAR,HIGH
2630,2026-01-31 23:32:19,39.04,3,11,18,43.27708,-2.927221,DELIVERED,8,RAIN,MEDIUM
2631,2026-01-16 15:30:39,72.48,6,22,25,43.263527,-2.908121,DELIVERED,34,WIND,MEDIUM
2632,2026-01-06 21:18:42,74.35,6,19,32,43.258027,-2.947646,DELIVERED,35,RAIN,HIGH
2633,2026-01-21 14:22:43,42.37,3,30,27,43.244232,-2.885115,DELIVERED,25,CLEAR,HIGH
2634,2026-01-16 10:37:01,64.99,5,13,16,43.227905,-2.905044,DELIVERED,27,CLEAR,MEDIUM
2635,2026-01-18 20:50:46,9.24,1,19,20,43.200303,-2.95345,DELIVERED,26,RAIN,MEDIUM
2636,2026-01-08 14:14:59,56.0,3,38,28,43.249817,-2.914795,DELIVERED,23,RAIN,HIGH
2637,2026-01-15 21:10:14,94.8,5,26,30,43.270326,-2.907007,DELIVERED,6,RAIN,MEDIUM
2638,2026-01-31 15:26:53,52.99,4,22,10,43.225061,-2.944069,DELIVERED,38,CLEAR,LOW
2639,2026-01-09 15:58:00,91.94,5,25,16,43.237219,-2.896166,DELIVERED,33,CLEAR,MEDIUM
2640,2026-01-31 01:59:56,14.29,1,15,19,43.259858,-2.911193,DELIVERED,30,CLEAR,LOW
2641,2026-01-27 22:55:06,10.5,1,20,20,43.293828,-2.936928,DELIVERED,26,CLEAR,MEDIUM
2642,2026-01-16 21:45:14,28.72,2,31,34,43.208712,-2.917853,DELIVERED,12,RAIN,HIGH
2643,2026-01-10 12:49:13,51.2,5,8,10,43.229456,-2.967033,DELIVERED,15,CLEAR,LOW
2644,2026-01-01 01:40:39,9.08,1,8,16,43.261333,-2.897141,DELIVERED,37,CLEAR,LOW
2645,2026-01-29 08:23:08,16.14,2,15,13,43.273487,-2.981651,DELIVERED,21,CLEAR,LOW
2646,2026-01-20 14:43:37,16.39,2,13,21,43.299318,-2.904469,DELIVERED,50,CLEAR,HIGH
2647,2026-01-23 21:58:34,49.27,5,20,20,43.238319,-2.96676,CANCELLED,47,CLEAR,HIGH
2648,2026-01-06 19:29:15,62.59,5,15,12,43.274399,-2.904979,DELIVERED,45,CLEAR,LOW
2649,2026-01-18 16:09:14,68.98,5,21,19,43.249145,-2.900929,DELIVERED,32,CLEAR,LOW
2650,2026-01-18 13:02:01,28.04,2,33,16,43.269806,-2.920295,DELIVERED,24,CLEAR,MEDIUM
2651,2026-01-28 21:21:15,76.66,4,36,21,43.265053,-2.958075,CANCELLED,18,CLEAR,MEDIUM
2652,2026-01-24 16:48:11,52.93,4,23,27,43.214151,-2.91117,DELIVERED,34,RAIN,LOW
2653,2026-01-13 04:52:18,29.53,2,27,23,43.227753,-2.938784,DELIVERED,22,WIND,MEDIUM
2654,2026-01-04 18:49:48,51.09,5,12,16,43.257903,-2.920474,DELIVERED,30,CLEAR,MEDIUM
2655,2026-01-29 12:10:12,71.86,5,20,19,43.254374,-2.976702,DELIVERED,1,CLEAR,MEDIUM
2656,2026-01-01 00:37:07,39.28,2,24,17,43.225905,-2.894752,DELIVERED,28,CLEAR,LOW
2657,2026-01-17 22:01:31,72.58,6,26,15,43.247393,-2.934755,CANCELLED,34,WIND,MEDIUM
2658,2026-01-31 09:28:37,77.15,6,18,21,43.2082,-2.98454,DELIVERED,42,RAIN,LOW
2659,2026-01-29 03:59:10,14.31,1,14,20,43.283752,-2.927061,DELIVERED,21,CLEAR,MEDIUM
2660,2026-01-02 15:33:07,42.19,3,18,20,43.223298,-2.905058,CANCELLED,11,CLEAR,LOW
2661,2026-01-25 13:49:31,95.64,5,27,19,43.218679,-2.918927,CANCELLED,36,CLEAR,HIGH
2662,2026-01-06 07:41:02,10.5,1,23,19,43.212583,-2.952169,DELIVERED,29,CLEAR,MEDIUM
2663,2026-01-25 13:41:44,23.08,2,29,23,43.207441,-2.955654,DELIVERED,45,CLEAR,MEDIUM
2664,2026-01-15 15:52:42,50.71,4,19,11,43.270476,-2.888682,DELIVERED,42,CLEAR,LOW
2665,2026-01-06 13:17:29,18.71,2,21,19,43.272161,-2.930238,DELIVERED,31,CLEAR,MEDIUM
2666,2026-01-19 05:21:10,34.93,3,29,30,43.280589,-2.9227,DELIVERED,22,CLEAR,HIGH
2667,2026-01-21 12:53:08,40.6,3,13,10,43.274447,-2.913006,DELIVERED,8,CLEAR,LOW
2668,2026-01-19 15:54:12,68.33,5,16,28,43.257927,-2.934936,DELIVERED,17,RAIN,LOW
2669,2026-01-30 00:51:13,24.32,2,21,17,43.271371,-2.931278,DELIVERED,19,CLEAR,MEDIUM
2670,2026-01-14 05:49:45,58.05,5,18,22,43.209339,-2.931064,DELIVERED,3,RAIN,LOW
2671,2026-01-28 21:30:23,50.48,4,20,20,43.262385,-2.949352,DELIVERED,42,CLEAR,HIGH
2672,2026-01-16 22:20:04,42.86,3,26,26,43.236432,-2.897354,CANCELLED,32,CLEAR,HIGH
2673,2026-01-12 22:20:15,55.92,5,18,15,43.279733,-2.908438,DELIVERED,30,CLEAR,MEDIUM
2674,2026-01-12 13:38:04,89.74,5,26,28,43.224958,-2.910981,DELIVERED,6,CLEAR,HIGH
2675,2026-01-06 12:47:16,83.32,6,21,26,43.285129,-2.929993,DELIVERED,48,RAIN,MEDIUM
2676,2026-01-19 21:15:20,17.54,1,29,28,43.231557,-2.979829,DELIVERED,45,CLEAR,HIGH
2677,2026-01-18 03:06:27,12.92,1,22,15,43.287844,-2.884747,CANCELLED,26,CLEAR,MEDIUM
2678,2026-01-21 12:34:22,42.79,3,22,19,43.277598,-2.900633,DELIVERED,48,CLEAR,LOW
2679,2026-01-20 14:20:36,40.05,4,23,13,43.297688,-2.954716,DELIVERED,26,CLEAR,MEDIUM
2680,2026-01-04 04:32:49,55.78,3,31,13,43.23273,-2.915683,DELIVERED,9,CLEAR,LOW
2681,2026-01-21 08:46:32,61.33,6,12,20,43.220402,-2.902774,DELIVERED,30,WIND,LOW
2682,2026-01-01 06:20:24,40.78,2,24,22,43.23243,-2.889072,DELIVERED,36,CLEAR,MEDIUM
2683,2026-01-15 23:51:30,13.75,1,12,16,43.207752,-2.945603,DELIVERED,30,CLEAR,MEDIUM
2684,2026-01-13 13:20:14,16.89,2,21,22,43.246682,-2.983056,DELIVERED,16,CLEAR,HIGH
2685,2026-01-08 19:33:31,46.73,5,8,23,43.208368,-2.912914,DELIVERED,49,RAIN,LOW
2686,2026-01-18 20:22:30,48.54,5,12,22,43.246916,-2.911533,DELIVERED,7,CLEAR,HIGH
2687,2026-01-17 14:17:53,40.04,4,20,29,43.210326,-2.936594,DELIVERED,31,RAIN,HIGH
2688,2026-01-06 22:18:17,40.48,3,30,19,43.213047,-2.957819,CANCELLED,29,CLEAR,HIGH
2689,2026-01-11 13:03:46,84.84,6,26,36,43.206606,-2.955159,DELIVERED,13,RAIN,HIGH
2690,2026-01-23 20:56:27,29.59,2,12,20,43.283495,-2.89506,DELIVERED,17,CLEAR,HIGH
2691,2026-01-02 22:44:42,14.14,1,19,25,43.234041,-2.947423,DELIVERED,8,WIND,HIGH
2692,2026-01-17 19:35:02,71.78,5,21,17,43.270602,-2.931777,DELIVERED,13,RAIN,LOW
2693,2026-01-27 21:36:25,56.99,4,25,18,43.226164,-2.912627,DELIVERED,17,CLEAR,MEDIUM
2694,2026-01-23 14:20:11,68.14,5,20,24,43.278903,-2.916558,DELIVERED,8,CLEAR,MEDIUM
2695,2026-01-16 22:48:43,25.12,2,21,21,43.205546,-2.982936,DELIVERED,17,CLEAR,HIGH
2696,2026-01-11 13:41:08,76.82,6,23,19,43.21609,-2.911414,DELIVERED,40,CLEAR,MEDIUM
2697,2026-01-30 02:19:18,59.46,6,11,20,43.208385,-2.897539,DELIVERED,43,CLEAR,LOW
2698,2026-01-17 11:48:32,51.48,4,16,16,43.296918,-2.953296,DELIVERED,3,CLEAR,LOW
2699,2026-01-09 14:23:47,22.97,1,36,20,43.265019,-2.982334,DELIVERED,33,WIND,MEDIUM
2700,2026-01-16 14:30:40,11.12,1,34,24,43.212814,-2.984097,DELIVERED,22,CLEAR,HIGH
2701,2026-01-27 21:04:39,75.61,6,23,23,43.271748,-2.8885,CANCELLED,40,CLEAR,HIGH
2702,2026-01-01 21:25:33,81.53,6,27,16,43.259769,-2.924965,DELIVERED,39,CLEAR,MEDIUM
2703,2026-01-10 04:05:15,38.59,3,20,19,43.222265,-2.983231,DELIVERED,11,CLEAR,MEDIUM
2704,2026-01-09 12:27:21,60.64,5,21,28,43.2347,-2.954771,DELIVERED,5,RAIN,HIGH
2705,2026-01-29 22:08:56,11.67,1,23,24,43.256054,-2.958988,DELIVERED,24,CLEAR,HIGH
2706,2026-01-01 16:56:17,65.11,6,21,22,43.295505,-2.909231,DELIVERED,26,CLEAR,HIGH
2707,2026-01-21 15:26:56,18.76,1,17,19,43.216187,-2.889657,DELIVERED,17,CLEAR,MEDIUM
2708,2026-01-03 13:41:02,41.56,3,23,31,43.25126,-2.980836,DELIVERED,40,RAIN,MEDIUM
2709,2026-01-30 00:13:12,56.45,3,31,22,43.230831,-2.905552,DELIVERED,23,CLEAR,MEDIUM
2710,2026-01-29 06:27:06,46.11,4,20,17,43.268962,-2.964727,DELIVERED,5,CLEAR,LOW
2711,2026-01-29 22:49:19,26.49,3,21,21,43.29999,-2.936063,DELIVERED,7,CLEAR,HIGH
2712,2026-01-22 14:00:13,80.45,6,25,24,43.237791,-2.963979,DELIVERED,27,CLEAR,HIGH
2713,2026-01-24 23:48:08,48.52,4,23,13,43.273962,-2.970938,DELIVERED,34,CLEAR,LOW
2714,2026-01-04 23:24:13,49.28,5,11,22,43.205323,-2.980128,DELIVERED,43,CLEAR,MEDIUM
2715,2026-01-28 04:33:42,59.95,6,19,14,43.218882,-2.934929,DELIVERED,21,CLEAR,LOW
2716,2026-01-13 12:04:15,61.82,5,15,20,43.20432,-2.970151,DELIVERED,45,CLEAR,MEDIUM
2717,2026-01-14 23:39:48,34.49,2,28,18,43.282389,-2.917222,DELIVERED,18,CLEAR,MEDIUM
2718,2026-01-25 22:23:03,34.37,4,21,25,43.220016,-2.913855,DELIVERED,21,RAIN,HIGH
2719,2026-01-15 08:57:20,28.44,3,12,23,43.223444,-2.936039,DELIVERED,44,RAIN,LOW
2720,2026-01-21 22:29:24,22.09,2,22,21,43.259407,-2.931003,DELIVERED,35,CLEAR,HIGH
2721,2026-01-31 15:46:56,69.36,5,15,18,43.239872,-2.987703,DELIVERED,1,CLEAR,LOW
2722,2026-01-14 00:09:09,38.45,4,12,24,43.254328,-2.918699,DELIVERED,50,RAIN,LOW
2723,2026-01-08 23:10:07,28.41,2,22,22,43.256707,-2.981081,DELIVERED,13,CLEAR,HIGH
2724,2026-01-09 16:03:10,39.06,3,13,17,43.205127,-2.960945,CANCELLED,17,CLEAR,MEDIUM
2725,2026-01-22 23:08:02,56.92,4,21,21,43.243795,-2.960429,DELIVERED,14,CLEAR,MEDIUM
2726,2026-01-03 12:49:56,87.11,6,17,22,43.274667,-2.947998,DELIVERED,1,RAIN,LOW
2727,2026-01-09 22:46:48,64.25,6,20,26,43.267904,-2.939565,DELIVERED,47,CLEAR,HIGH
2728,2026-01-26 11:04:38,87.06,6,19,16,43.279757,-2.951151,DELIVERED,48,WIND,LOW
2729,2026-01-02 02:29:58,37.13,3,23,14,43.236837,-2.985255,DELIVERED,29,CLEAR,LOW
2730,2026-01-26 00:18:14,26.6,2,24,26,43.200971,-2.966416,DELIVERED,2,WIND,HIGH
2731,2026-01-10 10:09:55,49.52,5,10,23,43.224929,-2.909078,DELIVERED,15,WIND,HIGH
2732,2026-01-27 11:30:22,64.78,5,17,17,43.26942,-2.919364,DELIVERED,40,CLEAR,LOW
2733,2026-01-29 01:21:52,49.43,4,17,18,43.219652,-2.985566,DELIVERED,3,CLEAR,LOW
2734,2026-01-02 21:30:55,85.26,6,30,26,43.206426,-2.929972,DELIVERED,25,CLEAR,HIGH
2735,2026-01-09 12:13:23,22.03,2,10,18,43.233746,-2.956843,DELIVERED,30,CLEAR,LOW
2736,2026-01-03 22:58:44,29.64,2,30,20,43.275664,-2.945939,DELIVERED,35,CLEAR,HIGH
2737,2026-01-29 23:35:41,10.26,1,20,17,43.29727,-2.97714,DELIVERED,35,CLEAR,LOW
2738,2026-01-09 21:42:09,59.85,6,26,21,43.22582,-2.957979,DELIVERED,4,CLEAR,HIGH
2739,2026-01-23 22:22:03,28.58,2,23,31,43.295208,-2.889683,DELIVERED,35,CLEAR,HIGH
2740,2026-01-30 03:10:35,17.29,1,28,13,43.291444,-2.911387,DELIVERED,33,CLEAR,LOW
2741,2026-01-04 15:20:21,32.7,2,17,19,43.231692,-2.975641,DELIVERED,25,CLEAR,LOW
2742,2026-01-07 10:32:35,24.56,2,13,20,43.248147,-2.922042,DELIVERED,17,CLEAR,MEDIUM
2743,2026-01-05 22:29:58,61.99,4,25,21,43.200286,-2.910609,DELIVERED,48,CLEAR,HIGH
2744,2026-01-25 21:30:04,29.32,3,22,32,43.284748,-2.913659,DELIVERED,37,CLEAR,HIGH
2745,2026-01-08 23:45:46,48.57,4,24,24,43.271787,-2.977059,DELIVERED,22,RAIN,MEDIUM
2746,2026-01-24 13:00:08,7.64,1,12,24,43.248283,-2.888574,DELIVERED,37,WIND,MEDIUM
2747,2026-01-11 13:24:41,60.01,6,26,25,43.261145,-2.947944,DELIVERED,19,CLEAR,HIGH
2748,2026-01-15 14:24:07,32.3,3,25,22,43.213483,-2.924729,DELIVERED,41,CLEAR,HIGH
2749,2026-01-02 14:45:43,25.84,3,15,20,43.292927,-2.982803,DELIVERED,43,CLEAR,HIGH
2750,2026-01-26 14:39:41,67.05,5,24,27,43.247687,-2.930724,DELIVERED,39,CLEAR,HIGH
2751,2026-01-04 18:56:03,90.42,5,22,13,43.20835,-2.919551,DELIVERED,36,CLEAR,LOW
2752,2026-01-23 10:26:29,63.9,5,18,27,43.237325,-2.944439,DELIVERED,3,RAIN,MEDIUM
2753,2026-01-16 14:52:09,77.44,4,30,21,43.275641,-2.927906,DELIVERED,10,CLEAR,HIGH
2754,2026-01-18 20:06:54,26.04,2,17,16,43.277019,-2.887448,DELIVERED,38,CLEAR,MEDIUM
2755,2026-01-11 21:59:50,54.86,3,29,30,43.280116,-2.884234,DELIVERED,6,CLEAR,HIGH
2756,2026-01-16 15:00:26,68.7,5,20,12,43.253693,-2.980933,DELIVERED,32,CLEAR,MEDIUM
2757,2026-01-17 18:45:13,49.29,5,12,23,43.25739,-2.950229,DELIVERED,47,RAIN,HIGH
2758,2026-01-07 14:47:53,31.35,2,32,22,43.246097,-2.889033,DELIVERED,13,CLEAR,MEDIUM
2759,2026-01-13 21:07:58,88.07,6,21,19,43.285679,-2.896085,DELIVERED,32,CLEAR,HIGH
2760,2026-01-31 23:49:07,54.39,6,11,14,43.273674,-2.91358,DELIVERED,49,CLEAR,LOW
2761,2026-01-20 02:01:28,40.23,3,21,21,43.23558,-2.916696,DELIVERED,34,CLEAR,HIGH
2762,2026-01-17 21:28:02,40.06,3,31,19,43.248801,-2.952959,DELIVERED,13,CLEAR,MEDIUM
2763,2026-01-13 14:40:39,13.09,1,21,15,43.283733,-2.920132,CANCELLED,50,CLEAR,MEDIUM
2764,2026-01-01 07:10:19,64.15,5,10,10,43.255123,-2.955491,DELIVERED,27,CLEAR,LOW
2765,2026-01-07 21:39:58,16.45,1,19,25,43.286212,-2.935233,DELIVERED,40,WIND,HIGH
2766,2026-01-02 14:23:34,57.94,4,25,27,43.277752,-2.904409,DELIVERED,1,CLEAR,HIGH
2767,2026-01-28 22:50:01,30.09,3,14,26,43.230617,-2.968508,CANCELLED,43,CLEAR,HIGH
2768,2026-01-15 21:38:45,24.38,2,19,21,43.278435,-2.956551,DELIVERED,15,CLEAR,HIGH
2769,2026-01-20 22:39:54,26.99,3,20,24,43.20617,-2.92567,DELIVERED,31,WIND,HIGH
2770,2026-01-01 22:51:01,34.35,2,34,29,43.224141,-2.962041,DELIVERED,18,CLEAR,HIGH
2771,2026-01-20 14:53:57,48.37,5,13,18,43.243984,-2.932517,DELIVERED,43,CLEAR,MEDIUM
2772,2026-01-02 02:51:45,29.26,2,24,22,43.285811,-2.906066,DELIVERED,14,RAIN,LOW
2773,2026-01-22 20:22:40,23.6,2,21,27,43.222041,-2.97055,DELIVERED,19,RAIN,MEDIUM
2774,2026-01-11 13:37:57,56.29,6,16,26,43.281062,-2.902554,DELIVERED,50,WIND,MEDIUM
2775,2026-01-27 21:43:09,61.93,6,20,20,43.266934,-2.915596,DELIVERED,15,CLEAR,MEDIUM
2776,2026-01-31 07:05:04,14.44,1,15,15,43.209688,-2.93569,DELIVERED,21,CLEAR,LOW
2777,2026-01-06 22:51:58,48.69,5,23,24,43.243838,-2.976132,DELIVERED,26,RAIN,HIGH
2778,2026-01-25 14:42:43,43.99,3,15,24,43.297734,-2.904415,DELIVERED,8,RAIN,MEDIUM
2779,2026-01-17 15:58:10,28.3,2,28,22,43.273426,-2.913832,DELIVERED,22,RAIN,MEDIUM
2780,2026-01-06 02:45:41,53.6,4,17,24,43.218094,-2.900709,DELIVERED,45,RAIN,LOW
2781,2026-01-31 21:35:07,83.95,6,20,24,43.273713,-2.918937,DELIVERED,27,CLEAR,HIGH
2782,2026-01-16 12:11:57,28.85,3,16,12,43.290208,-2.989608,DELIVERED,19,CLEAR,LOW
2783,2026-01-20 23:44:36,10.08,1,13,24,43.254833,-2.977829,DELIVERED,31,CLEAR,MEDIUM
2784,2026-01-09 13:58:18,70.05,6,23,28,43.24849,-2.953068,DELIVERED,29,CLEAR,HIGH
2785,2026-01-29 13:56:34,51.86,4,26,15,43.227669,-2.968011,DELIVERED,29,CLEAR,MEDIUM
2786,2026-01-22 15:33:50,62.14,6,19,11,43.247681,-2.988954,DELIVERED,26,CLEAR,LOW
2787,2026-01-03 04:35:23,15.77,1,11,10,43.26779,-2.930051,DELIVERED,20,CLEAR,LOW
2788,2026-01-07 01:57:13,55.22,6,10,19,43.275547,-2.945219,DELIVERED,43,CLEAR,LOW
2789,2026-01-30 22:04:46,40.82,4,14,28,43.231519,-2.954719,DELIVERED,37,CLEAR,HIGH
2790,2026-01-08 13:56:42,91.15,5,31,23,43.229941,-2.902776,DELIVERED,6,CLEAR,HIGH
2791,2026-01-23 13:02:46,29.59,3,15,15,43.227027,-2.935655,DELIVERED,49,CLEAR,MEDIUM
2792,2026-01-21 14:04:46,65.13,6,22,25,43.224827,-2.887037,DELIVERED,41,RAIN,HIGH
2793,2026-01-17 01:18:50,65.08,5,21,14,43.203635,-2.927567,DELIVERED,45,CLEAR,MEDIUM
2794,2026-01-22 00:11:05,89.84,5,29,20,43.27988,-2.897235,DELIVERED,18,WIND,MEDIUM
2795,2026-01-30 20:40:35,65.65,6,22,26,43.215956,-2.984754,DELIVERED,19,CLEAR,HIGH
2796,2026-01-04 21:31:02,72.11,6,28,27,43.283375,-2.889148,DELIVERED,45,CLEAR,HIGH
2797,2026-01-06 13:33:59,77.61,4,29,30,43.272008,-2.928829,DELIVERED,10,RAIN,HIGH
2798,2026-01-19 22:56:16,36.37,2,32,24,43.277727,-2.965947,DELIVERED,9,RAIN,MEDIUM
2799,2026-01-06 15:49:29,60.04,6,10,28,43.235877,-2.916573,DELIVERED,20,RAIN,HIGH
2800,2026-01-12 01:36:20,13.48,1,26,10,43.267599,-2.975777,DELIVERED,22,CLEAR,LOW
2801,2026-01-16 15:23:12,50.23,4,15,19,43.250273,-2.936625,DELIVERED,3,CLEAR,MEDIUM
2802,2026-01-14 17:05:16,15.04,1,25,19,43.220424,-2.935027,DELIVERED,12,CLEAR,LOW
2803,2026-01-11 23:04:46,31.05,3,16,22,43.246929,-2.89151,DELIVERED,26,RAIN,MEDIUM
2804,2026-01-25 14:35:25,35.71,3,20,32,43.226692,-2.926932,DELIVERED,47,WIND,HIGH
2805,2026-01-31 14:09:08,12.02,1,25,29,43.260335,-2.96461,DELIVERED,47,CLEAR,HIGH
2806,2026-01-26 23:23:21,68.64,5,18,18,43.253815,-2.930105,DELIVERED,48,CLEAR,LOW
2807,2026-01-02 21:47:58,40.47,3,20,22,43.270603,-2.916596,DELIVERED,27,CLEAR,HIGH
2808,2026-01-09 21:18:09,42.57,4,19,18,43.244598,-2.886804,DELIVERED,15,CLEAR,HIGH
2809,2026-01-11 13:40:15,38.05,4,17,30,43.202406,-2.964219,DELIVERED,41,RAIN,MEDIUM
2810,2026-01-23 22:30:12,83.86,6,25,25,43.298299,-2.92622,DELIVERED,39,CLEAR,HIGH
2811,2026-01-12 13:58:21,12.0,1,22,26,43.240459,-2.957091,DELIVERED,45,RAIN,MEDIUM
2812,2026-01-21 02:24:04,35.25,3,21,23,43.211121,-2.981776,DELIVERED,19,RAIN,LOW
2813,2026-01-12 10:54:26,53.29,4,15,28,43.290668,-2.985736,CANCELLED,40,RAIN,MEDIUM
2814,2026-01-07 21:03:28,42.15,4,19,21,43.230898,-2.976401,DELIVERED,44,CLEAR,HIGH
2815,2026-01-15 13:37:35,73.99,5,21,16,43.264018,-2.981025,DELIVERED,32,CLEAR,MEDIUM
2816,2026-01-05 13:11:20,28.62,2,24,25,43.274745,-2.973222,CANCELLED,42,RAIN,HIGH
2817,2026-01-19 22:26:00,42.48,4,22,34,43.283393,-2.888689,DELIVERED,4,RAIN,HIGH
2818,2026-01-01 23:07:07,47.37,5,7,12,43.289064,-2.98303,DELIVERED,50,CLEAR,MEDIUM
2819,2026-01-31 20:21:55,41.31,4,17,15,43.231998,-2.973281,DELIVERED,4,CLEAR,LOW
2820,2026-01-28 08:59:47,63.92,5,19,16,43.201437,-2.961481,DELIVERED,3,CLEAR,MEDIUM
2821,2026-01-15 08:21:10,58.44,6,9,22,43.248032,-2.937573,DELIVERED,15,CLEAR,MEDIUM
2822,2026-01-19 11:21:39,33.71,3,12,19,43.284063,-2.899285,DELIVERED,15,RAIN,LOW
2823,2026-01-12 04:38:26,27.32,2,28,17,43.236032,-2.933513,DELIVERED,2,WIND,LOW
2824,2026-01-21 20:46:06,52.27,3,24,23,43.29651,-2.917981,DELIVERED,10,WIND,LOW
2825,2026-01-10 12:09:28,28.97,2,20,29,43.277574,-2.952488,DELIVERED,5,RAIN,MEDIUM
2826,2026-01-18 22:35:08,86.37,6,36,21,43.21133,-2.971603,DELIVERED,12,CLEAR,MEDIUM
2827,2026-01-14 07:52:00,51.22,4,25,16,43.280442,-2.965754,DELIVERED,29,RAIN,MEDIUM
2828,2026-01-09 12:00:30,26.93,2,20,15,43.249431,-2.953992,DELIVERED,24,CLEAR,LOW
2829,2026-01-03 06:49:19,45.67,5,17,14,43.263904,-2.969645,DELIVERED,21,CLEAR,MEDIUM
2830,2026-01-17 19:35:55,112.44,6,21,14,43.258541,-2.894119,DELIVERED,36,CLEAR,MEDIUM
2831,2026-01-08 07:35:42,15.93,1,20,20,43.218874,-2.908628,DELIVERED,24,RAIN,MEDIUM
2832,2026-01-19 21:24:01,35.25,3,21,25,43.214278,-2.98768,DELIVERED,19,CLEAR,HIGH
2833,2026-01-05 09:47:59,44.79,3,16,18,43.216822,-2.896294,DELIVERED,42,CLEAR,LOW
2834,2026-01-14 23:28:01,35.45,3,21,25,43.202105,-2.933374,DELIVERED,4,CLEAR,HIGH
2835,2026-01-04 21:25:13,63.47,6,17,24,43.281841,-2.889954,DELIVERED,30,CLEAR,HIGH
2836,2026-01-17 22:15:19,94.53,5,30,18,43.28663,-2.968065,DELIVERED,10,CLEAR,HIGH
2837,2026-01-24 08:56:08,37.82,3,18,16,43.235257,-2.929539,DELIVERED,40,CLEAR,MEDIUM
2838,2026-01-25 15:32:45,106.19,6,30,20,43.225316,-2.917466,DELIVERED,23,CLEAR,LOW
2839,2026-01-13 14:00:03,17.13,1,26,25,43.229619,-2.985799,DELIVERED,32,CLEAR,HIGH
2840,2026-01-20 20:38:46,45.79,3,24,10,43.27676,-2.954572,DELIVERED,14,CLEAR,LOW
2841,2026-01-27 16:05:47,14.71,1,15,30,43.245009,-2.962311,DELIVERED,17,RAIN,MEDIUM
2842,2026-01-13 13:46:00,74.14,5,24,33,43.241149,-2.895779,DELIVERED,1,RAIN,HIGH
2843,2026-01-09 18:36:11,24.91,2,20,15,43.280576,-2.961695,DELIVERED,26,CLEAR,LOW
2844,2026-01-04 05:10:31,31.98,3,19,25,43.220009,-2.946719,DELIVERED,26,CLEAR,HIGH
2845,2026-01-20 10:05:25,29.06,3,14,26,43.221184,-2.897744,CANCELLED,16,CLEAR,HIGH
2846,2026-01-19 23:43:14,30.47,2,18,19,43.274187,-2.957984,DELIVERED,39,CLEAR,MEDIUM
2847,2026-01-24 04:28:30,57.1,4,22,12,43.212034,-2.908996,DELIVERED,14,CLEAR,LOW
2848,2026-01-29 15:03:47,35.43,3,21,14,43.289186,-2.88283,DELIVERED,5,CLEAR,LOW
2849,2026-01-11 17:13:57,49.66,5,11,32,43.255556,-2.893713,DELIVERED,30,CLEAR,HIGH
2850,2026-01-10 22:19:18,46.87,4,24,19,43.296755,-2.926905,DELIVERED,24,CLEAR,MEDIUM
2851,2026-01-31 22:40:35,44.19,3,30,20,43.261663,-2.961285,DELIVERED,14,CLEAR,HIGH
2852,2026-01-19 14:33:21,109.42,6,34,29,43.223868,-2.988738,DELIVERED,28,RAIN,HIGH
2853,2026-01-13 11:13:58,56.08,3,25,18,43.209772,-2.939461,DELIVERED,36,CLEAR,LOW
2854,2026-01-13 16:03:14,70.38,5,15,12,43.296402,-2.915263,DELIVERED,11,CLEAR,LOW
2855,2026-01-03 13:08:22,74.03,5,28,28,43.271186,-2.969403,DELIVERED,14,RAIN,MEDIUM
2856,2026-01-28 13:37:26,18.03,1,20,23,43.275272,-2.975325,DELIVERED,17,CLEAR,HIGH
2857,2026-01-07 21:03:49,57.22,4,14,33,43.22323,-2.911368,CANCELLED,27,RAIN,HIGH
2858,2026-01-03 06:09:18,16.51,1,18,26,43.251163,-2.974986,DELIVERED,11,CLEAR,HIGH
2859,2026-01-05 22:10:37,42.07,3,17,17,43.299989,-2.918862,DELIVERED,17,CLEAR,HIGH
2860,2026-01-16 04:50:29,38.48,4,10,18,43.259944,-2.893746,CANCELLED,50,CLEAR,MEDIUM
2861,2026-01-24 20:06:28,58.79,6,17,22,43.223633,-2.970493,DELIVERED,47,RAIN,MEDIUM
2862,2026-01-28 22:16:40,22.31,1,26,14,43.205884,-2.979422,DELIVERED,36,CLEAR,MEDIUM
2863,2026-01-30 19:48:54,86.12,6,21,10,43.21005,-2.91911,DELIVERED,25,CLEAR,LOW
2864,2026-01-17 03:50:01,59.7,5,21,17,43.257749,-2.919447,DELIVERED,45,CLEAR,MEDIUM
2865,2026-01-24 23:06:39,16.72,1,30,18,43.29009,-2.913713,DELIVERED,33,RAIN,LOW
2866,2026-01-13 14:23:05,11.34,1,22,19,43.239678,-2.955367,DELIVERED,34,CLEAR,MEDIUM
2867,2026-01-16 08:59:05,28.56,3,12,14,43.214964,-2.909778,DELIVERED,41,CLEAR,MEDIUM
2868,2026-01-10 22:01:28,36.17,3,30,24,43.239101,-2.897987,DELIVERED,3,WIND,HIGH
2869,2026-01-09 20:06:28,81.34,6,14,17,43.255147,-2.919511,DELIVERED,46,CLEAR,MEDIUM
2870,2026-01-10 19:30:26,41.03,2,19,14,43.278802,-2.985433,DELIVERED,10,CLEAR,LOW
2871,2026-01-19 14:58:19,18.32,2,23,27,43.272981,-2.957447,DELIVERED,47,CLEAR,HIGH
2872,2026-01-18 13:16:26,19.94,1,29,27,43.288284,-2.978405,DELIVERED,48,CLEAR,HIGH
2873,2026-01-04 12:39:17,94.74,5,27,10,43.285112,-2.929395,DELIVERED,9,CLEAR,LOW
2874,2026-01-22 21:24:47,54.84,6,27,27,43.23359,-2.933431,DELIVERED,21,RAIN,MEDIUM
2875,2026-01-15 20:25:46,74.85,4,23,14,43.283268,-2.894706,DELIVERED,36,CLEAR,LOW
2876,2026-01-20 04:54:55,73.09,5,21,18,43.264376,-2.978418,DELIVERED,25,RAIN,LOW
2877,2026-01-10 10:01:13,23.76,1,26,13,43.238738,-2.890295,DELIVERED,33,CLEAR,LOW
2878,2026-01-07 15:16:47,41.49,3,19,19,43.214344,-2.965761,DELIVERED,35,CLEAR,MEDIUM
2879,2026-01-01 20:14:46,71.1,4,20,20,43.208831,-2.897584,DELIVERED,6,CLEAR,LOW
2880,2026-01-04 13:15:59,17.04,1,22,22,43.258057,-2.908185,DELIVERED,45,CLEAR,HIGH
2881,2026-01-31 14:51:27,55.15,6,19,24,43.203972,-2.920169,CANCELLED,7,CLEAR,HIGH
2882,2026-01-01 23:53:05,53.7,4,20,24,43.219998,-2.982371,DELIVERED,5,CLEAR,HIGH
2883,2026-01-08 07:34:41,54.71,5,17,19,43.265976,-2.989815,DELIVERED,19,RAIN,LOW
2884,2026-01-08 22:36:23,51.69,5,20,19,43.278285,-2.959179,DELIVERED,15,CLEAR,HIGH
2885,2026-01-12 13:00:15,80.57,6,25,29,43.249063,-2.885593,DELIVERED,17,CLEAR,HIGH
2886,2026-01-20 14:55:31,51.58,5,21,28,43.252384,-2.947941,DELIVERED,26,RAIN,MEDIUM
2887,2026-01-15 13:12:31,29.17,3,30,20,43.207033,-2.946535,DELIVERED,4,CLEAR,MEDIUM
2888,2026-01-11 13:52:24,69.68,5,33,33,43.249297,-2.909937,DELIVERED,14,RAIN,HIGH
2889,2026-01-04 12:01:47,77.35,6,20,11,43.273607,-2.974092,DELIVERED,35,CLEAR,LOW
2890,2026-01-27 21:06:56,70.93,5,26,23,43.203718,-2.912249,DELIVERED,39,CLEAR,MEDIUM
2891,2026-01-17 20:16:06,110.47,6,22,20,43.252121,-2.946797,DELIVERED,6,CLEAR,HIGH
2892,2026-01-16 09:15:10,18.33,1,27,10,43.250117,-2.893151,DELIVERED,12,CLEAR,LOW
2893,2026-01-01 09:02:01,57.08,4,17,30,43.249158,-2.986666,DELIVERED,38,WIND,HIGH
2894,2026-01-04 12:04:09,48.52,5,13,23,43.236542,-2.887577,DELIVERED,31,CLEAR,HIGH
2895,2026-01-18 15:57:28,34.62,3,22,15,43.264263,-2.905948,DELIVERED,4,RAIN,LOW
2896,2026-01-28 14:39:44,28.03,2,20,19,43.282654,-2.983831,DELIVERED,17,CLEAR,HIGH
2897,2026-01-19 22:56:32,12.34,1,17,30,43.261456,-2.923344,CANCELLED,43,CLEAR,HIGH
2898,2026-01-15 20:03:24,40.42,3,18,20,43.294262,-2.938776,DELIVERED,13,CLEAR,LOW
2899,2026-01-04 03:10:39,41.15,3,23,24,43.205754,-2.941739,DELIVERED,22,CLEAR,MEDIUM
2900,2026-01-23 20:50:15,35.2,3,24,25,43.211183,-2.925384,DELIVERED,29,WIND,MEDIUM
2901,2026-01-08 09:40:31,32.66,3,21,18,43.219533,-2.929172,DELIVERED,19,CLEAR,LOW
2902,2026-01-28 01:28:30,50.99,5,20,19,43.281217,-2.910611,DELIVERED,26,CLEAR,MEDIUM
2903,2026-01-21 14:09:20,47.24,5,19,20,43.278974,-2.965066,DELIVERED,37,WIND,HIGH
2904,2026-01-19 14:40:23,41.27,3,20,33,43.226621,-2.926096,DELIVERED,27,WIND,HIGH
2905,2026-01-30 23:35:43,30.53,3,12,18,43.204986,-2.977031,DELIVERED,41,CLEAR,MEDIUM
2906,2026-01-09 20:44:30,64.3,5,16,32,43.280964,-2.970449,DELIVERED,27,WIND,HIGH
2907,2026-01-29 09:25:43,58.12,6,11,30,43.225554,-2.950755,DELIVERED,20,RAIN,MEDIUM
2908,2026-01-10 17:15:40,41.07,3,15,22,43.215004,-2.895147,DELIVERED,17,CLEAR,MEDIUM
2909,2026-01-22 22:21:50,37.66,3,19,21,43.200128,-2.948358,DELIVERED,8,CLEAR,HIGH
2910,2026-01-25 06:02:41,43.14,4,12,32,43.267055,-2.976706,DELIVERED,47,CLEAR,HIGH
2911,2026-01-07 00:54:38,72.12,4,26,15,43.297982,-2.946303,DELIVERED,28,CLEAR,LOW
2912,2026-01-08 22:43:00,21.48,1,24,25,43.269815,-2.987306,CANCELLED,10,CLEAR,HIGH
2913,2026-01-20 05:59:12,50.42,5,15,21,43.231075,-2.958637,DELIVERED,44,CLEAR,MEDIUM
2914,2026-01-18 21:52:33,13.49,1,23,28,43.200989,-2.889132,DELIVERED,25,RAIN,HIGH
2915,2026-01-05 23:14:46,107.2,6,30,19,43.233199,-2.981674,DELIVERED,33,CLEAR,MEDIUM
2916,2026-01-25 18:52:26,34.66,4,8,19,43.203311,-2.884529,DELIVERED,43,RAIN,MEDIUM
2917,2026-01-17 23:32:56,15.02,1,10,16,43.218568,-2.959793,DELIVERED,15,CLEAR,LOW
2918,2026-01-03 15:37:33,55.92,5,15,15,43.258532,-2.914036,DELIVERED,44,CLEAR,MEDIUM
2919,2026-01-13 19:11:01,54.69,4,20,30,43.212796,-2.984205,DELIVERED,48,CLEAR,HIGH
2920,2026-01-19 18:29:10,88.43,6,18,21,43.217653,-2.981819,DELIVERED,13,WIND,LOW
2921,2026-01-14 13:27:05,13.4,1,25,27,43.245188,-2.933535,DELIVERED,48,RAIN,MEDIUM
2922,2026-01-15 21:35:32,26.48,2,29,22,43.256871,-2.948855,DELIVERED,13,WIND,MEDIUM
2923,2026-01-24 21:47:56,52.01,6,23,25,43.21434,-2.980549,DELIVERED,31,RAIN,MEDIUM
2924,2026-01-21 22:17:50,57.8,4,33,17,43.229247,-2.985836,DELIVERED,25,CLEAR,HIGH
2925,2026-01-10 01:27:27,11.98,1,20,13,43.283187,-2.961928,DELIVERED,38,CLEAR,LOW
2926,2026-01-12 03:42:55,12.54,1,12,17,43.252913,-2.887722,DELIVERED,15,CLEAR,LOW
2927,2026-01-01 08:00:56,54.25,6,17,26,43.246252,-2.903877,DELIVERED,31,RAIN,MEDIUM
2928,2026-01-11 23:03:28,54.3,4,19,15,43.212145,-2.925934,DELIVERED,46,CLEAR,LOW
2929,2026-01-13 09:41:29,72.9,6,19,11,43.252498,-2.973254,CANCELLED,24,CLEAR,LOW
2930,2026-01-12 19:34:22,80.76,6,18,29,43.244857,-2.97518,DELIVERED,39,RAIN,MEDIUM
2931,2026-01-27 13:18:19,47.04,4,27,17,43.266363,-2.976978,DELIVERED,29,CLEAR,HIGH
2932,2026-01-14 20:00:12,16.71,2,13,17,43.261588,-2.911537,DELIVERED,50,CLEAR,MEDIUM
2933,2026-01-17 13:31:06,47.45,4,23,27,43.20652,-2.901695,DELIVERED,45,CLEAR,HIGH
2934,2026-01-16 12:56:31,53.06,4,15,14,43.248761,-2.968135,DELIVERED,27,CLEAR,LOW
2935,2026-01-06 12:10:41,13.94,1,10,24,43.227586,-2.927634,DELIVERED,15,WIND,HIGH
2936,2026-01-15 22:52:03,38.39,4,15,33,43.272436,-2.943198,DELIVERED,37,RAIN,HIGH
2937,2026-01-08 21:07:34,29.48,2,33,30,43.230622,-2.94404,DELIVERED,2,WIND,HIGH
2938,2026-01-27 20:39:38,53.4,6,15,13,43.272693,-2.909826,DELIVERED,7,CLEAR,LOW
2939,2026-01-06 23:24:39,12.65,1,22,13,43.276838,-2.888053,DELIVERED,4,CLEAR,LOW
2940,2026-01-27 06:17:05,72.48,6,19,25,43.224131,-2.98606,DELIVERED,24,WIND,LOW
2941,2026-01-15 05:41:37,20.84,2,14,13,43.223016,-2.945161,DELIVERED,15,CLEAR,LOW
2942,2026-01-06 03:03:05,35.98,2,25,19,43.208588,-2.988059,DELIVERED,36,WIND,MEDIUM
2943,2026-01-11 12:44:35,57.73,4,15,28,43.226592,-2.961278,DELIVERED,17,CLEAR,HIGH
2944,2026-01-08 13:16:23,56.78,4,19,23,43.20069,-2.939806,DELIVERED,17,RAIN,HIGH
2945,2026-01-09 13:44:57,89.27,6,27,31,43.210861,-2.975034,DELIVERED,48,RAIN,HIGH
2946,2026-01-25 09:40:12,85.09,6,19,16,43.245058,-2.935705,DELIVERED,32,CLEAR,LOW
2947,2026-01-04 22:27:29,24.1,2,27,27,43.230052,-2.906075,DELIVERED,24,RAIN,HIGH
2948,2026-01-29 00:26:29,107.81,6,23,11,43.229754,-2.930152,DELIVERED,6,CLEAR,LOW
2949,2026-01-15 10:20:30,50.68,5,10,27,43.227084,-2.960065,DELIVERED,20,WIND,MEDIUM
2950,2026-01-15 03:53:27,106.21,6,21,10,43.235731,-2.9369,DELIVERED,6,CLEAR,LOW
2951,2026-01-10 00:04:18,22.14,2,11,14,43.299683,-2.915946,DELIVERED,20,CLEAR,LOW
2952,2026-01-15 00:29:26,24.32,2,19,20,43.209956,-2.966687,DELIVERED,46,WIND,LOW
2953,2026-01-08 21:58:35,21.9,2,25,21,43.229151,-2.94369,DELIVERED,21,RAIN,MEDIUM
2954,2026-01-24 22:28:28,20.35,2,31,19,43.265033,-2.887868,DELIVERED,19,CLEAR,HIGH
2955,2026-01-18 14:40:53,14.63,1,26,26,43.26829,-2.9789,DELIVERED,45,CLEAR,HIGH
2956,2026-01-12 14:22:35,50.49,4,24,26,43.231284,-2.950902,DELIVERED,17,CLEAR,HIGH
2957,2026-01-18 14:40:39,83.42,6,28,17,43.242782,-2.96309,DELIVERED,32,CLEAR,HIGH
2958,2026-01-05 23:33:31,52.33,3,32,24,43.239462,-2.969368,DELIVERED,18,CLEAR,MEDIUM
2959,2026-01-10 13:55:32,55.94,4,24,15,43.233643,-2.957465,DELIVERED,8,CLEAR,MEDIUM
2960,2026-01-10 08:47:46,18.6,2,11,18,43.268196,-2.880164,DELIVERED,41,CLEAR,LOW
2961,2026-01-27 14:36:45,50.47,4,24,37,43.29237,-2.889125,DELIVERED,3,RAIN,HIGH
2962,2026-01-25 14:45:50,26.26,2,26,25,43.249038,-2.903266,DELIVERED,13,WIND,HIGH
2963,2026-01-14 01:55:23,21.01,2,14,22,43.224522,-2.893673,DELIVERED,20,WIND,LOW
2964,2026-01-26 02:37:54,24.25,2,26,12,43.203527,-2.969926,DELIVERED,22,CLEAR,LOW
2965,2026-01-30 12:44:26,43.48,5,7,24,43.23642,-2.951069,DELIVERED,43,WIND,MEDIUM
2966,2026-01-05 08:36:58,21.15,1,28,16,43.232162,-2.925207,DELIVERED,33,CLEAR,MEDIUM
2967,2026-01-20 15:22:36,22.72,2,20,21,43.277609,-2.941403,CANCELLED,24,CLEAR,MEDIUM
2968,2026-01-15 22:08:12,17.65,1,25,13,43.202218,-2.903085,DELIVERED,39,CLEAR,MEDIUM
2969,2026-01-14 22:25:25,54.03,6,22,22,43.205497,-2.908424,DELIVERED,31,CLEAR,HIGH
2970,2026-01-24 07:06:01,76.08,6,20,29,43.256667,-2.91923,DELIVERED,5,CLEAR,HIGH
2971,2026-01-29 20:34:13,28.03,3,13,16,43.204596,-2.888544,DELIVERED,20,CLEAR,MEDIUM
2972,2026-01-25 22:48:55,40.0,2,33,29,43.223133,-2.95633,DELIVERED,18,WIND,HIGH
2973,2026-01-28 13:22:07,9.98,1,21,23,43.209328,-2.892846,DELIVERED,7,CLEAR,HIGH
2974,2026-01-08 23:00:51,52.07,5,16,12,43.223717,-2.949142,DELIVERED,47,CLEAR,LOW
2975,2026-01-16 22:56:14,46.37,3,35,21,43.254585,-2.978701,DELIVERED,12,RAIN,HIGH
2976,2026-01-10 03:03:37,26.78,3,12,17,43.270859,-2.915132,DELIVERED,7,CLEAR,LOW
2977,2026-01-10 09:46:22,41.06,3,13,15,43.209037,-2.898222,DELIVERED,27,CLEAR,LOW
2978,2026-01-22 01:50:51,53.87,4,17,17,43.212551,-2.884093,DELIVERED,8,RAIN,LOW
2979,2026-01-16 09:46:20,33.29,3,22,21,43.20279,-2.954233,DELIVERED,19,RAIN,LOW
2980,2026-01-08 17:50:07,52.91,5,10,20,43.259104,-2.902705,DELIVERED,30,CLEAR,LOW
2981,2026-01-04 20:55:33,49.77,5,14,25,43.233349,-2.890089,DELIVERED,7,RAIN,LOW
2982,2026-01-16 13:28:06,61.44,6,30,22,43.21779,-2.967856,DELIVERED,4,CLEAR,HIGH
2983,2026-01-01 21:06:58,67.42,5,20,21,43.253509,-2.968032,DELIVERED,38,CLEAR,MEDIUM
2984,2026-01-15 02:22:04,18.09,1,18,28,43.261303,-2.904296,DELIVERED,13,WIND,HIGH
2985,2026-01-23 10:08:33,61.71,6,8,16,43.229228,-2.98277,DELIVERED,15,CLEAR,MEDIUM
2986,2026-01-10 04:19:02,13.14,1,20,16,43.28744,-2.893563,DELIVERED,35,WIND,MEDIUM
2987,2026-01-22 14:19:31,23.76,1,34,25,43.296325,-2.963544,DELIVERED,9,CLEAR,HIGH
2988,2026-01-03 12:06:27,78.39,6,19,19,43.29101,-2.886934,DELIVERED,38,CLEAR,LOW
2989,2026-01-30 21:26:35,11.17,1,29,23,43.291897,-2.902372,DELIVERED,2,CLEAR,HIGH
2990,2026-01-15 13:43:09,59.64,3,37,14,43.22148,-2.945564,CANCELLED,18,CLEAR,MEDIUM
2991,2026-01-25 23:55:52,58.49,5,21,25,43.210464,-2.899477,DELIVERED,45,RAIN,HIGH
2992,2026-01-15 21:53:44,39.48,2,32,28,43.249323,-2.934311,DELIVERED,36,WIND,HIGH
2993,2026-01-08 14:02:31,64.32,5,20,23,43.246175,-2.887517,DELIVERED,11,CLEAR,HIGH
2994,2026-01-05 01:10:54,12.09,1,12,19,43.269066,-2.984194,DELIVERED,43,RAIN,LOW
2995,2026-01-08 21:53:43,13.44,1,28,15,43.278373,-2.982546,DELIVERED,12,CLEAR,MEDIUM
2996,2026-01-15 10:08:40,72.28,4,32,25,43.227708,-2.880094,DELIVERED,23,RAIN,MEDIUM
2997,2026-01-11 03:06:11,88.38,5,21,16,43.221077,-2.959018,DELIVERED,36,CLEAR,LOW
2998,2026-01-04 13:24:03,72.25,6,20,21,43.209926,-2.987279,DELIVERED,5,CLEAR,HIGH
2999,2026-01-29 18:53:23,22.51,2,17,17,43.274669,-2.910007,DELIVERED,4,CLEAR,LOW
3000,2026-01-28 14:48:22,58.08,3,37,22,43.285027,-2.890374,CANCELLED,9,CLEAR,HIGH
3001,2026-01-18 15:47:31,56.51,4,10,11,43.292038,-2.947577,DELIVERED,27,CLEAR,LOW
3002,2026-01-31 21:45:37,52.52,4,27,24,43.265992,-2.935436,DELIVERED,46,CLEAR,HIGH
3003,2026-01-28 21:56:40,35.34,3,21,18,43.214181,-2.977833,DELIVERED,15,RAIN,MEDIUM
3004,2026-01-14 22:15:47,16.13,1,37,17,43.233435,-2.934757,DELIVERED,9,CLEAR,MEDIUM
3005,2026-01-02 14:38:25,48.14,5,20,17,43.259038,-2.983519,DELIVERED,30,CLEAR,MEDIUM
3006,2026-01-19 01:53:10,56.86,3,23,15,43.204359,-2.915458,DELIVERED,28,CLEAR,MEDIUM
3007,2026-01-05 20:04:36,59.28,6,10,27,43.274056,-2.927244,DELIVERED,49,RAIN,LOW
3008,2026-01-22 07:57:59,31.03,3,16,13,43.24704,-2.989968,DELIVERED,26,CLEAR,MEDIUM
3009,2026-01-14 22:18:54,71.25,6,24,21,43.285919,-2.930004,DELIVERED,45,CLEAR,HIGH
3010,2026-01-09 15:04:44,50.98,4,12,18,43.288504,-2.95149,DELIVERED,8,CLEAR,LOW
3011,2026-01-08 08:52:49,8.48,1,8,24,43.212814,-2.923489,DELIVERED,50,WIND,MEDIUM
3012,2026-01-09 15:46:29,48.12,5,11,12,43.229144,-2.909938,DELIVERED,15,CLEAR,MEDIUM
3013,2026-01-27 20:32:10,53.76,3,20,16,43.202784,-2.957415,DELIVERED,36,CLEAR,LOW
3014,2026-01-22 12:15:01,18.8,1,27,18,43.29586,-2.9613,DELIVERED,33,CLEAR,LOW
3015,2026-01-19 05:43:54,86.88,6,18,10,43.220573,-2.912731,DELIVERED,13,CLEAR,LOW
3016,2026-01-20 14:29:38,21.99,2,24,28,43.233403,-2.936167,DELIVERED,7,RAIN,HIGH
3017,2026-01-19 12:59:15,20.44,2,19,10,43.254296,-2.96738,DELIVERED,4,CLEAR,LOW
3018,2026-01-23 20:27:19,43.45,3,18,15,43.283888,-2.930326,DELIVERED,17,CLEAR,MEDIUM
3019,2026-01-26 01:27:06,20.58,2,13,18,43.289308,-2.939333,DELIVERED,41,CLEAR,LOW
3020,2026-01-17 21:00:19,8.89,1,22,24,43.244542,-2.972313,DELIVERED,41,CLEAR,HIGH
3021,2026-01-10 15:56:15,52.82,4,22,21,43.251614,-2.914364,DELIVERED,38,CLEAR,MEDIUM
3022,2026-01-13 20:19:09,16.94,1,17,29,43.263599,-2.915827,DELIVERED,40,WIND,HIGH
3023,2026-01-23 18:46:23,11.63,1,10,25,43.237679,-2.933949,DELIVERED,30,RAIN,LOW
3024,2026-01-13 20:19:18,64.56,5,19,19,43.292263,-2.881348,DELIVERED,24,CLEAR,LOW
3025,2026-01-02 14:46:35,52.48,5,21,22,43.23214,-2.909843,DELIVERED,41,RAIN,MEDIUM
3026,2026-01-29 01:12:56,67.51,5,19,16,43.267616,-2.914451,DELIVERED,39,CLEAR,MEDIUM
3027,2026-01-22 09:08:36,46.64,3,24,19,43.288388,-2.918596,DELIVERED,48,WIND,LOW
3028,2026-01-07 03:06:18,109.78,6,34,23,43.228266,-2.935948,DELIVERED,23,CLEAR,MEDIUM
3029,2026-01-03 14:48:07,51.65,5,22,14,43.276491,-2.931543,DELIVERED,41,CLEAR,MEDIUM
3030,2026-01-09 20:37:17,109.57,6,28,19,43.224591,-2.957647,DELIVERED,33,CLEAR,MEDIUM
3031,2026-01-24 03:29:56,40.56,3,18,12,43.204973,-2.960592,DELIVERED,38,CLEAR,MEDIUM
3032,2026-01-23 22:47:08,76.4,6,22,15,43.232861,-2.953218,DELIVERED,5,CLEAR,MEDIUM
3033,2026-01-09 22:57:50,58.24,5,27,23,43.207456,-2.942303,DELIVERED,24,CLEAR,MEDIUM
3034,2026-01-06 23:45:20,35.64,2,29,30,43.202915,-2.902263,DELIVERED,9,RAIN,HIGH
3035,2026-01-19 14:42:53,8.49,1,19,22,43.27169,-2.98341,DELIVERED,30,CLEAR,HIGH
3036,2026-01-05 15:15:17,24.62,2,13,11,43.272514,-2.985523,DELIVERED,15,CLEAR,LOW
3037,2026-01-05 21:58:20,28.81,2,31,25,43.208025,-2.962703,DELIVERED,48,RAIN,HIGH
3038,2026-01-11 15:19:18,24.8,2,16,20,43.240998,-2.934934,DELIVERED,41,CLEAR,LOW
3039,2026-01-30 15:37:32,37.51,4,12,15,43.249165,-2.916752,DELIVERED,49,CLEAR,MEDIUM
3040,2026-01-30 12:13:40,14.47,1,24,22,43.265102,-2.983185,DELIVERED,14,CLEAR,MEDIUM
3041,2026-01-24 00:35:34,63.5,6,15,20,43.255616,-2.98856,DELIVERED,20,CLEAR,LOW
3042,2026-01-22 13:58:08,17.2,1,21,23,43.205502,-2.977811,DELIVERED,40,CLEAR,MEDIUM
3043,2026-01-13 23:52:48,43.2,3,18,23,43.246992,-2.980167,DELIVERED,17,CLEAR,MEDIUM
3044,2026-01-17 02:35:42,21.49,1,25,12,43.289839,-2.932213,DELIVERED,6,CLEAR,LOW
3045,2026-01-18 07:35:14,40.8,2,21,23,43.229838,-2.903404,DELIVERED,28,CLEAR,MEDIUM
3046,2026-01-22 14:48:37,71.44,5,33,23,43.256369,-2.950948,DELIVERED,12,CLEAR,HIGH
3047,2026-01-24 21:30:49,44.81,4,17,29,43.20884,-2.988971,DELIVERED,30,RAIN,HIGH
3048,2026-01-16 05:28:12,108.19,6,33,10,43.292276,-2.942526,DELIVERED,23,CLEAR,LOW
3049,2026-01-04 22:54:40,40.01,2,37,26,43.297952,-2.926429,DELIVERED,33,CLEAR,HIGH
3050,2026-01-18 21:23:12,49.25,4,31,24,43.227122,-2.946842,DELIVERED,29,CLEAR,HIGH
3051,2026-01-09 13:04:20,22.71,2,16,26,43.211587,-2.896238,DELIVERED,31,WIND,HIGH
3052,2026-01-13 20:52:37,10.18,1,10,20,43.239413,-2.989671,DELIVERED,37,CLEAR,LOW
3053,2026-01-11 11:20:31,64.14,6,14,20,43.222075,-2.94153,DELIVERED,47,RAIN,MEDIUM
3054,2026-01-07 01:39:34,15.16,1,20,22,43.253536,-2.954144,DELIVERED,48,CLEAR,MEDIUM
3055,2026-01-29 05:29:56,12.09,1,22,12,43.295095,-2.937489,DELIVERED,32,CLEAR,LOW
3056,2026-01-11 22:57:17,50.79,5,21,16,43.278863,-2.954513,DELIVERED,21,CLEAR,HIGH
3057,2026-01-17 23:57:11,71.53,5,21,19,43.232014,-2.945364,DELIVERED,32,CLEAR,LOW
3058,2026-01-23 19:58:39,55.71,4,22,20,43.299816,-2.905105,DELIVERED,38,CLEAR,MEDIUM
3059,2026-01-23 10:58:20,23.61,2,13,19,43.288134,-2.964907,DELIVERED,15,CLEAR,MEDIUM
3060,2026-01-12 15:07:08,19.04,1,21,14,43.237796,-2.986951,DELIVERED,36,WIND,LOW
3061,2026-01-19 05:46:24,26.34,2,15,25,43.229894,-2.988094,DELIVERED,40,RAIN,MEDIUM
3062,2026-01-23 12:28:09,26.71,2,16,12,43.265999,-2.911164,DELIVERED,46,CLEAR,LOW
3063,2026-01-04 20:40:04,35.24,3,21,28,43.280496,-2.929905,DELIVERED,5,RAIN,LOW
3064,2026-01-19 18:04:53,56.05,6,14,31,43.235868,-2.939282,DELIVERED,16,CLEAR,HIGH
3065,2026-01-05 23:50:39,38.01,3,22,15,43.227248,-2.989316,DELIVERED,38,CLEAR,LOW
3066,2026-01-18 12:37:03,56.97,3,29,19,43.299809,-2.888585,DELIVERED,9,CLEAR,HIGH
3067,2026-01-11 08:48:50,17.82,1,21,21,43.220664,-2.88162,DELIVERED,28,RAIN,MEDIUM
3068,2026-01-31 02:53:24,87.93,6,25,30,43.211719,-2.978577,DELIVERED,12,WIND,HIGH
3069,2026-01-11 15:05:17,82.44,6,20,19,43.299207,-2.943496,DELIVERED,39,RAIN,LOW
3070,2026-01-25 14:04:25,12.54,1,28,15,43.236926,-2.911039,DELIVERED,35,CLEAR,MEDIUM
3071,2026-01-22 22:30:55,54.45,4,23,20,43.226127,-2.972564,DELIVERED,38,CLEAR,HIGH
3072,2026-01-28 21:46:54,58.23,6,21,32,43.288071,-2.926551,DELIVERED,41,CLEAR,HIGH
3073,2026-01-27 19:39:12,44.2,4,16,18,43.267313,-2.907017,DELIVERED,20,CLEAR,MEDIUM
3074,2026-01-04 09:58:43,28.02,3,18,19,43.238899,-2.932863,DELIVERED,31,WIND,MEDIUM
3075,2026-01-19 15:33:49,12.71,1,17,20,43.292169,-2.932688,CANCELLED,17,WIND,LOW
3076,2026-01-18 14:01:10,31.42,3,16,29,43.26789,-2.910811,DELIVERED,43,CLEAR,HIGH
3077,2026-01-01 13:50:51,95.62,5,33,22,43.261582,-2.895341,DELIVERED,33,CLEAR,HIGH
3078,2026-01-21 13:44:05,28.53,2,27,18,43.278944,-2.977878,DELIVERED,17,CLEAR,HIGH
3079,2026-01-11 21:03:35,58.11,3,32,22,43.274532,-2.897099,DELIVERED,33,CLEAR,MEDIUM
3080,2026-01-05 01:34:08,60.69,5,18,29,43.203199,-2.897705,DELIVERED,45,RAIN,MEDIUM
3081,2026-01-05 06:11:00,51.32,4,11,18,43.250933,-2.979894,DELIVERED,27,RAIN,LOW
3082,2026-01-13 10:24:39,58.64,5,17,11,43.275007,-2.925107,DELIVERED,5,CLEAR,LOW
3083,2026-01-11 15:03:54,42.87,3,20,18,43.253737,-2.968337,DELIVERED,39,CLEAR,LOW
3084,2026-01-23 15:40:22,14.34,1,11,21,43.274407,-2.924499,DELIVERED,30,CLEAR,MEDIUM
3085,2026-01-22 11:11:50,21.47,2,16,11,43.227035,-2.902256,DELIVERED,16,CLEAR,LOW
3086,2026-01-29 14:21:42,48.17,4,27,25,43.241367,-2.966177,DELIVERED,29,CLEAR,HIGH
3087,2026-01-02 14:06:16,90.71,5,36,12,43.206784,-2.989585,DELIVERED,9,CLEAR,MEDIUM
3088,2026-01-19 22:51:01,17.5,2,18,31,43.270409,-2.891043,DELIVERED,37,RAIN,HIGH
3089,2026-01-31 12:43:57,50.09,4,24,15,43.210813,-2.906715,DELIVERED,2,CLEAR,MEDIUM
3090,2026-01-25 14:48:52,93.72,5,33,26,43.228591,-2.962253,DELIVERED,6,CLEAR,HIGH
3091,2026-01-09 15:26:04,81.19,6,16,18,43.282984,-2.958326,DELIVERED,42,CLEAR,LOW
3092,2026-01-09 18:51:28,89.8,5,33,20,43.286452,-2.896413,DELIVERED,9,WIND,MEDIUM
3093,2026-01-25 22:33:31,31.35,2,23,30,43.278245,-2.902651,DELIVERED,8,WIND,HIGH
3094,2026-01-23 14:14:35,17.1,2,24,25,43.217732,-2.969772,DELIVERED,7,WIND,MEDIUM
3095,2026-01-01 19:38:24,36.22,3,15,22,43.285099,-2.954072,DELIVERED,35,CLEAR,MEDIUM
3096,2026-01-01 08:34:46,82.41,6,16,16,43.262806,-2.897215,DELIVERED,46,CLEAR,MEDIUM
3097,2026-01-24 14:05:48,69.48,5,21,15,43.296832,-2.976374,DELIVERED,8,CLEAR,MEDIUM
3098,2026-01-04 18:46:30,21.77,2,17,14,43.263755,-2.975068,DELIVERED,16,CLEAR,MEDIUM
3099,2026-01-16 09:16:02,22.47,1,27,22,43.208439,-2.899482,DELIVERED,9,RAIN,MEDIUM
3100,2026-01-05 10:59:31,51.3,4,14,20,43.279842,-2.887455,DELIVERED,40,CLEAR,LOW
3101,2026-01-06 22:19:56,40.95,4,20,21,43.265547,-2.896325,DELIVERED,37,WIND,HIGH
3102,2026-01-03 12:24:23,15.4,1,18,23,43.240643,-2.916903,DELIVERED,19,WIND,LOW
3103,2026-01-30 21:52:21,24.13,2,18,29,43.263809,-2.912675,DELIVERED,41,RAIN,MEDIUM
3104,2026-01-21 15:54:16,29.12,2,17,16,43.202174,-2.882504,DELIVERED,5,CLEAR,MEDIUM
3105,2026-01-31 14:09:02,50.45,4,30,23,43.257436,-2.886388,DELIVERED,3,CLEAR,MEDIUM
3106,2026-01-14 00:21:49,15.85,1,21,14,43.206073,-2.954881,DELIVERED,26,CLEAR,LOW
3107,2026-01-06 14:00:49,51.16,4,32,19,43.247376,-2.986085,DELIVERED,2,CLEAR,MEDIUM
3108,2026-01-11 02:47:00,22.08,2,12,13,43.298127,-2.970607,DELIVERED,41,CLEAR,LOW
3109,2026-01-08 09:58:08,46.08,4,18,18,43.253711,-2.950603,DELIVERED,24,CLEAR,MEDIUM
3110,2026-01-18 16:47:15,56.85,6,14,10,43.28756,-2.907242,DELIVERED,31,CLEAR,LOW
3111,2026-01-14 14:14:48,89.69,5,37,28,43.228489,-2.891988,DELIVERED,18,CLEAR,HIGH
3112,2026-01-25 22:27:25,77.12,6,26,21,43.290702,-2.892085,DELIVERED,40,CLEAR,HIGH
3113,2026-01-17 13:23:14,43.68,4,19,23,43.216848,-2.916264,DELIVERED,20,CLEAR,HIGH
3114,2026-01-17 21:08:46,12.82,1,21,23,43.243407,-2.891778,DELIVERED,7,RAIN,HIGH
3115,2026-01-31 12:44:30,14.56,1,14,16,43.285292,-2.985541,DELIVERED,15,CLEAR,MEDIUM
3116,2026-01-01 14:47:48,33.75,3,22,26,43.290914,-2.880271,DELIVERED,41,RAIN,HIGH
3117,2026-01-30 21:11:41,54.1,3,28,30,43.236395,-2.914378,DELIVERED,10,RAIN,HIGH
3118,2026-01-01 15:53:09,34.92,4,11,11,43.257036,-2.945033,DELIVERED,16,CLEAR,LOW
3119,2026-01-09 21:59:50,78.49,6,26,22,43.231556,-2.952087,DELIVERED,38,CLEAR,MEDIUM
3120,2026-01-31 14:59:12,85.32,6,20,19,43.294311,-2.937435,DELIVERED,32,CLEAR,HIGH
3121,2026-01-17 06:03:14,58.8,5,28,30,43.288652,-2.920955,DELIVERED,22,RAIN,MEDIUM
3122,2026-01-24 23:33:26,77.21,6,20,21,43.287647,-2.967703,DELIVERED,34,WIND,MEDIUM
3123,2026-01-21 22:11:49,75.02,4,29,22,43.294783,-2.882213,DELIVERED,10,CLEAR,HIGH
3124,2026-01-22 15:57:32,55.54,4,17,17,43.241667,-2.986918,DELIVERED,17,CLEAR,LOW
3125,2026-01-09 22:13:17,52.76,5,22,20,43.224426,-2.932869,DELIVERED,20,CLEAR,MEDIUM
3126,2026-01-06 14:59:53,35.55,4,12,24,43.219925,-2.915547,DELIVERED,49,WIND,MEDIUM
3127,2026-01-09 20:55:32,63.93,5,13,13,43.201345,-2.930321,DELIVERED,40,WIND,LOW
3128,2026-01-14 00:09:36,19.89,1,17,15,43.232788,-2.932121,DELIVERED,25,CLEAR,MEDIUM
3129,2026-01-01 15:00:09,18.52,1,30,25,43.267994,-2.932494,DELIVERED,33,CLEAR,HIGH
3130,2026-01-03 14:18:58,49.61,5,17,27,43.233833,-2.959059,DELIVERED,49,CLEAR,HIGH
3131,2026-01-30 23:34:16,54.5,4,18,23,43.207494,-2.959502,DELIVERED,48,WIND,LOW
3132,2026-01-20 12:11:31,38.13,2,21,16,43.243786,-2.925608,DELIVERED,28,CLEAR,LOW
3133,2026-01-02 22:11:42,8.27,1,22,21,43.242841,-2.922965,DELIVERED,41,RAIN,MEDIUM
3134,2026-01-09 22:35:41,32.67,3,16,21,43.212877,-2.982425,DELIVERED,16,RAIN,MEDIUM
3135,2026-01-18 23:08:09,34.95,3,21,17,43.258455,-2.983878,DELIVERED,45,RAIN,LOW
3136,2026-01-23 13:36:41,62.69,6,16,31,43.240649,-2.915982,DELIVERED,15,WIND,HIGH
3137,2026-01-21 15:58:38,12.14,1,22,26,43.268519,-2.966564,DELIVERED,25,CLEAR,HIGH
3138,2026-01-02 21:45:28,63.23,5,22,19,43.271909,-2.952224,DELIVERED,27,WIND,MEDIUM
3139,2026-01-27 22:00:50,57.76,6,21,26,43.206519,-2.955631,CANCELLED,7,CLEAR,HIGH
3140,2026-01-13 20:01:44,35.03,4,13,12,43.220877,-2.988392,DELIVERED,31,WIND,LOW
3141,2026-01-17 14:03:56,24.26,2,31,23,43.224573,-2.920295,DELIVERED,34,CLEAR,HIGH
3142,2026-01-05 17:34:07,40.21,2,32,25,43.226399,-2.9338,DELIVERED,18,RAIN,LOW
3143,2026-01-27 00:07:52,51.76,4,18,17,43.245144,-2.906108,DELIVERED,46,CLEAR,MEDIUM
3144,2026-01-02 22:23:53,45.68,5,23,30,43.251392,-2.880969,DELIVERED,16,WIND,HIGH
3145,2026-01-31 14:35:08,52.25,4,31,22,43.268519,-2.912714,DELIVERED,45,CLEAR,MEDIUM
3146,2026-01-25 23:37:58,67.47,5,14,15,43.209672,-2.934264,DELIVERED,17,CLEAR,LOW
3147,2026-01-02 22:17:31,38.81,4,23,27,43.238417,-2.909346,DELIVERED,31,RAIN,HIGH
3148,2026-01-06 17:55:03,45.23,4,22,14,43.293189,-2.986493,DELIVERED,26,CLEAR,LOW
3149,2026-01-24 22:17:00,41.41,3,22,27,43.202812,-2.888699,DELIVERED,27,RAIN,MEDIUM
3150,2026-01-05 22:00:49,17.63,1,39,23,43.291779,-2.898488,DELIVERED,23,CLEAR,HIGH
3151,2026-01-21 07:55:08,24.16,2,18,16,43.278664,-2.969818,DELIVERED,11,CLEAR,MEDIUM
3152,2026-01-05 18:01:56,56.91,3,32,23,43.207051,-2.960475,DELIVERED,9,CLEAR,HIGH
3153,2026-01-26 10:03:03,22.09,2,19,17,43.257374,-2.92774,DELIVERED,26,CLEAR,HIGH
3154,2026-01-14 00:49:01,75.35,4,28,20,43.264,-2.948783,DELIVERED,9,CLEAR,MEDIUM
3155,2026-01-27 15:09:19,42.01,3,18,12,43.238863,-2.938561,DELIVERED,1,CLEAR,LOW
3156,2026-01-20 20:54:12,15.16,1,24,19,43.267245,-2.900202,DELIVERED,34,CLEAR,LOW
3157,2026-01-10 21:20:58,58.16,4,34,22,43.296189,-2.905527,DELIVERED,12,CLEAR,HIGH
3158,2026-01-29 05:33:50,20.05,1,33,25,43.253078,-2.90734,DELIVERED,9,CLEAR,HIGH
3159,2026-01-14 21:10:45,30.03,3,19,20,43.225243,-2.965921,DELIVERED,49,CLEAR,HIGH
3160,2026-01-08 14:02:04,48.94,4,26,23,43.244038,-2.984722,DELIVERED,3,CLEAR,HIGH
3161,2026-01-20 14:04:47,16.56,1,25,35,43.235942,-2.925145,DELIVERED,45,RAIN,HIGH
3162,2026-01-21 20:12:48,28.03,2,19,11,43.247682,-2.952084,DELIVERED,39,CLEAR,LOW
3163,2026-01-01 21:41:15,88.04,6,25,35,43.28035,-2.98577,DELIVERED,32,RAIN,HIGH
3164,2026-01-03 15:00:05,64.37,6,14,13,43.264885,-2.974834,DELIVERED,30,CLEAR,LOW
3165,2026-01-29 13:03:42,45.93,4,16,24,43.271536,-2.899888,DELIVERED,15,CLEAR,HIGH
3166,2026-01-06 07:39:31,26.17,2,25,13,43.206901,-2.908595,DELIVERED,2,CLEAR,LOW
3167,2026-01-26 21:53:58,27.19,2,32,28,43.276228,-2.921935,DELIVERED,14,CLEAR,HIGH
3168,2026-01-23 22:14:18,32.41,3,25,27,43.229496,-2.977594,DELIVERED,21,RAIN,MEDIUM
3169,2026-01-06 02:30:25,11.11,1,15,21,43.268846,-2.889326,DELIVERED,31,CLEAR,MEDIUM
3170,2026-01-06 20:16:52,50.58,4,20,23,43.216219,-2.89373,DELIVERED,11,WIND,LOW
3171,2026-01-30 13:49:35,113.92,6,31,23,43.255673,-2.975672,DELIVERED,28,CLEAR,MEDIUM
3172,2026-01-04 08:40:30,48.89,5,12,18,43.260912,-2.881479,DELIVERED,47,CLEAR,MEDIUM
3173,2026-01-30 08:56:53,12.07,1,9,17,43.289101,-2.981703,DELIVERED,49,CLEAR,LOW
3174,2026-01-30 02:07:41,44.19,5,10,17,43.27461,-2.989331,DELIVERED,7,CLEAR,LOW
3175,2026-01-29 14:42:21,64.68,5,21,28,43.210504,-2.9002,DELIVERED,34,CLEAR,HIGH
3176,2026-01-10 09:18:09,37.79,3,24,16,43.209413,-2.955169,DELIVERED,29,CLEAR,LOW
3177,2026-01-09 15:16:40,54.01,4,16,15,43.272357,-2.986814,DELIVERED,42,CLEAR,MEDIUM
3178,2026-01-09 13:48:06,49.67,5,17,25,43.289013,-2.971326,DELIVERED,49,RAIN,HIGH
3179,2026-01-26 13:03:25,51.17,4,32,25,43.297909,-2.931566,DELIVERED,29,CLEAR,HIGH
3180,2026-01-16 21:21:20,13.11,1,23,15,43.252628,-2.899272,DELIVERED,4,CLEAR,MEDIUM
3181,2026-01-09 01:56:17,81.46,6,18,20,43.294975,-2.979535,DELIVERED,17,CLEAR,MEDIUM
3182,2026-01-03 11:41:09,10.69,1,10,20,43.237148,-2.976428,DELIVERED,37,CLEAR,MEDIUM
3183,2026-01-15 16:45:58,76.61,6,16,25,43.293286,-2.983403,DELIVERED,11,RAIN,LOW
3184,2026-01-12 22:56:31,65.64,5,27,21,43.236987,-2.956671,CANCELLED,29,CLEAR,MEDIUM
3185,2026-01-04 02:48:51,92.32,5,29,25,43.215919,-2.953074,CANCELLED,23,CLEAR,HIGH
3186,2026-01-15 22:41:27,72.41,5,25,31,43.227014,-2.98614,DELIVERED,1,RAIN,HIGH
3187,2026-01-27 19:51:42,37.77,3,14,17,43.236085,-2.943115,DELIVERED,35,CLEAR,LOW
3188,2026-01-19 22:18:55,36.0,3,23,22,43.252893,-2.89547,DELIVERED,3,CLEAR,HIGH
3189,2026-01-23 15:20:15,58.8,6,18,21,43.226216,-2.944821,DELIVERED,4,CLEAR,HIGH
3190,2026-01-26 08:31:46,50.23,5,13,25,43.231885,-2.952911,DELIVERED,15,RAIN,LOW
3191,2026-01-30 23:05:12,39.52,4,14,24,43.280955,-2.987434,DELIVERED,30,WIND,LOW
3192,2026-01-22 14:19:25,51.33,4,23,31,43.257426,-2.888509,DELIVERED,35,CLEAR,HIGH
3193,2026-01-28 12:39:57,46.89,3,27,29,43.25587,-2.987189,DELIVERED,12,RAIN,MEDIUM
3194,2026-01-07 15:14:55,68.26,5,22,14,43.280987,-2.968584,DELIVERED,32,CLEAR,MEDIUM
3195,2026-01-13 13:01:41,41.99,3,28,19,43.234451,-2.948383,DELIVERED,48,CLEAR,MEDIUM
3196,2026-01-02 12:08:13,64.19,5,16,14,43.203443,-2.911078,DELIVERED,17,CLEAR,MEDIUM
3197,2026-01-09 10:10:52,56.58,6,12,28,43.275642,-2.94234,DELIVERED,43,RAIN,MEDIUM
3198,2026-01-29 21:34:06,58.42,3,33,33,43.265887,-2.976861,DELIVERED,28,WIND,HIGH
3199,2026-01-24 22:56:57,41.25,2,25,25,43.248395,-2.944955,DELIVERED,6,CLEAR,HIGH
3200,2026-01-21 10:26:49,48.73,4,15,25,43.257369,-2.922963,DELIVERED,45,CLEAR,HIGH
3201,2026-01-10 13:46:46,26.46,3,19,17,43.245671,-2.978092,CANCELLED,43,CLEAR,MEDIUM
3202,2026-01-25 15:20:29,91.74,5,26,13,43.268491,-2.953817,DELIVERED,28,CLEAR,LOW
3203,2026-01-30 13:46:42,37.26,2,37,26,43.247426,-2.915095,DELIVERED,9,CLEAR,HIGH
3204,2026-01-10 13:53:24,44.56,3,26,23,43.211694,-2.988974,DELIVERED,8,RAIN,MEDIUM
3205,2026-01-13 03:29:07,82.67,6,23,32,43.294136,-2.968707,DELIVERED,12,RAIN,HIGH
3206,2026-01-04 13:50:21,111.83,6,31,28,43.235176,-2.8988,CANCELLED,6,CLEAR,HIGH
3207,2026-01-31 03:39:51,54.73,4,21,10,43.279932,-2.972419,DELIVERED,38,CLEAR,LOW
3208,2026-01-09 13:34:35,53.37,4,29,22,43.241271,-2.90735,DELIVERED,2,RAIN,MEDIUM
3209,2026-01-10 23:30:38,32.66,3,14,17,43.292811,-2.890136,DELIVERED,31,CLEAR,LOW
3210,2026-01-14 21:57:22,85.03,6,34,21,43.231028,-2.925658,DELIVERED,12,WIND,MEDIUM
3211,2026-01-09 00:29:52,26.44,2,24,15,43.218127,-2.974488,DELIVERED,29,WIND,LOW
3212,2026-01-10 14:43:42,58.81,5,24,21,43.252943,-2.886449,DELIVERED,40,CLEAR,MEDIUM
3213,2026-01-06 14:19:10,60.16,5,24,15,43.242254,-2.966379,DELIVERED,34,CLEAR,MEDIUM
3214,2026-01-04 12:58:46,53.44,4,18,14,43.203662,-2.975951,DELIVERED,45,CLEAR,MEDIUM
3215,2026-01-15 21:21:01,40.61,4,23,20,43.217052,-2.95597,DELIVERED,19,CLEAR,HIGH
3216,2026-01-18 13:57:28,76.92,6,21,26,43.283935,-2.909433,CANCELLED,38,CLEAR,HIGH
3217,2026-01-07 13:28:20,44.23,5,16,16,43.265272,-2.985019,DELIVERED,16,CLEAR,MEDIUM
3218,2026-01-07 23:03:50,77.67,6,19,17,43.295714,-2.920564,DELIVERED,35,CLEAR,LOW
3219,2026-01-11 15:29:21,23.09,2,16,20,43.213614,-2.917563,DELIVERED,16,CLEAR,LOW
3220,2026-01-11 15:06:51,112.01,6,30,22,43.291009,-2.917452,DELIVERED,33,CLEAR,MEDIUM
3221,2026-01-11 23:47:55,55.57,4,17,12,43.261959,-2.925246,CANCELLED,39,CLEAR,LOW
3222,2026-01-17 23:14:06,57.87,6,8,19,43.246327,-2.965526,DELIVERED,50,CLEAR,LOW
3223,2026-01-17 12:26:57,30.92,2,19,18,43.286002,-2.943788,DELIVERED,39,WIND,LOW
3224,2026-01-30 20:58:13,76.57,4,31,11,43.264563,-2.918255,DELIVERED,23,CLEAR,LOW
3225,2026-01-11 23:54:00,20.98,2,16,20,43.230508,-2.906306,DELIVERED,26,RAIN,MEDIUM
3226,2026-01-13 15:21:46,38.19,4,13,23,43.208302,-2.886309,DELIVERED,15,CLEAR,MEDIUM
3227,2026-01-29 21:09:21,77.57,4,34,29,43.257415,-2.884228,DELIVERED,33,CLEAR,HIGH
3228,2026-01-26 12:14:19,24.11,2,17,13,43.244327,-2.969058,DELIVERED,42,CLEAR,LOW
3229,2026-01-07 02:14:48,40.78,2,25,23,43.260053,-2.885383,DELIVERED,6,RAIN,MEDIUM
3230,2026-01-17 10:54:39,59.35,4,20,20,43.214724,-2.921599,DELIVERED,48,CLEAR,MEDIUM
3231,2026-01-01 21:53:57,13.5,1,20,14,43.26601,-2.889606,DELIVERED,1,CLEAR,MEDIUM
3232,2026-01-09 07:42:59,84.9,6,18,10,43.297259,-2.896352,DELIVERED,48,CLEAR,LOW
3233,2026-01-12 16:52:09,11.61,1,18,20,43.213446,-2.966382,DELIVERED,3,CLEAR,LOW
3234,2026-01-17 19:12:59,33.81,2,20,17,43.227325,-2.95605,DELIVERED,25,CLEAR,MEDIUM
3235,2026-01-14 21:46:38,57.19,4,34,23,43.29265,-2.967989,DELIVERED,14,CLEAR,HIGH
3236,2026-01-30 02:43:23,14.92,1,18,18,43.282365,-2.928929,DELIVERED,3,RAIN,MEDIUM
3237,2026-01-07 14:46:42,113.27,6,25,24,43.212161,-2.920051,CANCELLED,10,CLEAR,HIGH
3238,2026-01-18 15:15:00,40.1,3,23,20,43.215131,-2.881815,DELIVERED,25,RAIN,LOW
3239,2026-01-28 12:43:40,14.12,1,18,10,43.215001,-2.898644,DELIVERED,46,CLEAR,LOW
3240,2026-01-17 18:35:56,13.31,1,16,18,43.249162,-2.901838,DELIVERED,41,CLEAR,MEDIUM
3241,2026-01-02 22:45:58,52.38,4,26,31,43.280341,-2.938541,DELIVERED,11,RAIN,HIGH
3242,2026-01-22 22:49:22,16.3,1,25,18,43.274113,-2.932554,DELIVERED,11,CLEAR,MEDIUM
3243,2026-01-24 21:48:25,49.64,4,33,22,43.214502,-2.907848,DELIVERED,22,CLEAR,HIGH
3244,2026-01-10 17:54:59,54.22,4,16,12,43.284014,-2.893028,DELIVERED,32,CLEAR,LOW
3245,2026-01-15 23:50:18,50.43,5,11,12,43.255716,-2.984413,DELIVERED,37,CLEAR,LOW
3246,2026-01-27 08:56:53,59.65,4,20,20,43.296329,-2.916824,DELIVERED,25,RAIN,LOW
3247,2026-01-17 21:31:13,31.81,3,27,19,43.206464,-2.95663,DELIVERED,26,RAIN,MEDIUM
3248,2026-01-22 20:06:53,43.21,5,12,18,43.291227,-2.983839,DELIVERED,49,CLEAR,LOW
3249,2026-01-21 01:02:46,9.97,1,12,16,43.253708,-2.963387,DELIVERED,41,CLEAR,LOW
3250,2026-01-22 03:16:41,68.15,5,14,14,43.275847,-2.908662,DELIVERED,46,CLEAR,MEDIUM
3251,2026-01-30 11:59:01,51.49,4,17,20,43.217286,-2.886115,DELIVERED,42,CLEAR,MEDIUM
3252,2026-01-30 17:31:13,12.11,1,22,11,43.238069,-2.882609,DELIVERED,25,CLEAR,LOW
3253,2026-01-10 14:17:42,44.27,3,24,20,43.238624,-2.95949,DELIVERED,13,CLEAR,HIGH
3254,2026-01-20 21:48:36,45.41,5,22,29,43.258762,-2.927173,DELIVERED,21,CLEAR,HIGH
3255,2026-01-20 01:46:39,59.18,5,19,19,43.243788,-2.955671,DELIVERED,45,CLEAR,LOW
3256,2026-01-30 13:12:08,16.2,1,31,26,43.274489,-2.921744,DELIVERED,22,WIND,HIGH
3257,2026-01-22 14:21:42,58.66,6,21,18,43.241173,-2.953454,DELIVERED,20,CLEAR,HIGH
3258,2026-01-19 01:03:42,91.06,5,27,19,43.281302,-2.888667,DELIVERED,9,RAIN,LOW
3259,2026-01-26 14:39:03,93.87,5,36,22,43.274515,-2.918611,DELIVERED,18,CLEAR,MEDIUM
3260,2026-01-22 16:19:52,15.88,1,13,28,43.250336,-2.982576,DELIVERED,8,CLEAR,HIGH
3261,2026-01-11 05:08:25,58.22,6,12,11,43.216011,-2.952864,DELIVERED,15,CLEAR,LOW
3262,2026-01-17 15:06:15,65.49,5,16,19,43.287244,-2.955812,DELIVERED,11,CLEAR,HIGH
3263,2026-01-12 01:14:48,26.51,2,15,23,43.230996,-2.906684,DELIVERED,46,CLEAR,MEDIUM
3264,2026-01-04 17:21:22,55.93,5,19,22,43.22169,-2.893518,DELIVERED,19,RAIN,LOW
3265,2026-01-05 22:06:19,18.68,1,27,32,43.227167,-2.981241,DELIVERED,32,RAIN,HIGH
3266,2026-01-01 23:45:12,66.71,5,11,32,43.236679,-2.918978,DELIVERED,27,RAIN,HIGH
3267,2026-01-04 14:25:22,95.25,5,24,33,43.237041,-2.959248,DELIVERED,36,WIND,HIGH
3268,2026-01-24 22:30:08,48.54,4,28,21,43.26986,-2.920722,DELIVERED,5,CLEAR,HIGH
3269,2026-01-26 02:33:35,106.92,6,29,25,43.202492,-2.957543,DELIVERED,18,WIND,MEDIUM
3270,2026-01-07 01:14:12,52.65,4,23,19,43.293048,-2.902274,DELIVERED,24,CLEAR,LOW
3271,2026-01-30 12:51:59,48.12,4,28,13,43.2812,-2.982101,DELIVERED,22,CLEAR,LOW
3272,2026-01-11 15:11:34,14.43,1,7,19,43.26037,-2.970787,DELIVERED,50,CLEAR,LOW
3273,2026-01-21 23:56:22,10.61,1,14,10,43.286778,-2.980593,DELIVERED,44,CLEAR,LOW
3274,2026-01-19 15:42:00,88.94,6,17,16,43.277982,-2.914977,DELIVERED,13,CLEAR,LOW
3275,2026-01-17 01:54:04,73.64,6,18,16,43.252643,-2.944848,DELIVERED,35,CLEAR,MEDIUM
3276,2026-01-11 18:49:57,29.64,2,18,24,43.244448,-2.982212,DELIVERED,3,WIND,MEDIUM
3277,2026-01-28 13:10:31,39.76,3,31,26,43.228255,-2.926459,DELIVERED,29,CLEAR,HIGH
3278,2026-01-18 12:14:36,22.5,2,13,18,43.285373,-2.969284,CANCELLED,50,RAIN,LOW
3279,2026-01-22 08:39:16,41.19,3,23,17,43.266291,-2.915995,DELIVERED,48,WIND,LOW
3280,2026-01-02 23:08:57,52.78,6,13,21,43.256626,-2.899999,DELIVERED,31,CLEAR,MEDIUM
3281,2026-01-22 21:58:03,43.31,3,35,19,43.276746,-2.93904,DELIVERED,12,CLEAR,MEDIUM
3282,2026-01-19 21:31:42,12.94,1,37,25,43.258592,-2.915248,CANCELLED,14,CLEAR,HIGH
3283,2026-01-25 21:39:46,29.98,3,28,23,43.236528,-2.896311,DELIVERED,26,CLEAR,HIGH
3284,2026-01-11 21:26:04,70.46,5,21,26,43.287841,-2.882416,DELIVERED,11,CLEAR,HIGH
3285,2026-01-24 11:00:18,70.03,5,16,18,43.269639,-2.982043,DELIVERED,32,WIND,LOW
3286,2026-01-21 15:55:34,22.96,2,14,13,43.283962,-2.968664,DELIVERED,16,CLEAR,LOW
3287,2026-01-04 23:36:22,22.38,2,18,24,43.210968,-2.941641,DELIVERED,31,WIND,LOW
3288,2026-01-02 23:49:18,33.99,2,22,26,43.235432,-2.904973,DELIVERED,14,WIND,HIGH
3289,2026-01-13 13:39:11,71.58,5,29,14,43.234858,-2.88213,DELIVERED,32,CLEAR,MEDIUM
3290,2026-01-23 19:28:54,58.69,3,30,19,43.269051,-2.9321,DELIVERED,18,CLEAR,MEDIUM
3291,2026-01-29 22:17:30,82.61,6,30,31,43.226596,-2.977066,DELIVERED,14,WIND,HIGH
3292,2026-01-19 23:21:27,72.22,5,15,28,43.291154,-2.968977,DELIVERED,1,RAIN,MEDIUM
3293,2026-01-08 14:41:06,21.6,2,14,19,43.282009,-2.952567,DELIVERED,20,CLEAR,HIGH
3294,2026-01-13 23:54:22,51.98,4,15,22,43.248083,-2.911491,DELIVERED,3,CLEAR,MEDIUM
3295,2026-01-03 12:42:24,63.47,5,15,24,43.283287,-2.94991,DELIVERED,17,CLEAR,MEDIUM
3296,2026-01-11 13:19:33,72.58,4,28,16,43.271998,-2.988893,DELIVERED,10,CLEAR,MEDIUM
3297,2026-01-09 20:25:32,45.61,4,22,19,43.252533,-2.896746,DELIVERED,4,WIND,LOW
3298,2026-01-01 21:12:12,10.33,1,24,29,43.238495,-2.922851,DELIVERED,5,RAIN,HIGH
3299,2026-01-13 13:24:35,83.46,6,23,28,43.284809,-2.911256,DELIVERED,25,CLEAR,HIGH
3300,2026-01-16 16:41:44,70.4,6,16,15,43.297861,-2.9536,DELIVERED,5,WIND,LOW
3301,2026-01-08 14:44:53,57.74,3,36,19,43.252289,-2.908968,DELIVERED,9,CLEAR,MEDIUM
3302,2026-01-15 12:08:20,106.93,6,19,27,43.275058,-2.93732,DELIVERED,10,WIND,MEDIUM
3303,2026-01-24 13:51:25,37.57,3,22,26,43.260278,-2.962065,DELIVERED,17,CLEAR,HIGH
3304,2026-01-16 21:39:28,26.74,3,14,14,43.278585,-2.925888,DELIVERED,7,CLEAR,MEDIUM
3305,2026-01-31 12:38:50,11.23,1,17,20,43.256164,-2.954083,CANCELLED,19,CLEAR,LOW
3306,2026-01-04 07:57:12,70.72,6,15,12,43.287758,-2.895241,DELIVERED,5,CLEAR,LOW
3307,2026-01-31 00:21:41,29.25,3,10,21,43.273371,-2.947706,DELIVERED,44,WIND,MEDIUM
3308,2026-01-28 03:38:14,38.47,2,30,13,43.25042,-2.970725,DELIVERED,9,CLEAR,LOW
3309,2026-01-24 17:45:17,30.32,3,22,13,43.279949,-2.92161,DELIVERED,4,CLEAR,LOW
3310,2026-01-05 12:33:12,68.48,5,18,20,43.238212,-2.954332,DELIVERED,46,WIND,LOW
3311,2026-01-10 21:12:30,58.99,6,15,36,43.277859,-2.985997,DELIVERED,41,RAIN,HIGH
3312,2026-01-16 22:02:31,55.09,3,30,30,43.241605,-2.89168,DELIVERED,6,CLEAR,HIGH
3313,2026-01-29 22:58:13,34.57,3,28,23,43.27332,-2.983978,DELIVERED,4,CLEAR,HIGH
3314,2026-01-02 14:59:44,29.84,2,28,29,43.285689,-2.909501,DELIVERED,1,CLEAR,HIGH
3315,2026-01-25 15:48:58,75.25,6,17,24,43.217597,-2.905312,DELIVERED,40,WIND,LOW
3316,2026-01-31 15:45:42,44.59,3,19,11,43.205285,-2.918195,DELIVERED,13,CLEAR,LOW
3317,2026-01-14 15:13:31,41.67,3,20,15,43.262353,-2.890762,DELIVERED,32,CLEAR,LOW
3318,2026-01-10 22:51:28,78.01,6,25,23,43.235606,-2.960408,DELIVERED,38,CLEAR,HIGH
3319,2026-01-20 14:45:33,16.84,1,26,20,43.276248,-2.881452,DELIVERED,24,CLEAR,MEDIUM
3320,2026-01-08 12:44:10,9.94,1,12,13,43.249068,-2.977609,DELIVERED,50,CLEAR,LOW
3321,2026-01-04 04:53:16,20.64,1,32,25,43.241983,-2.926444,DELIVERED,9,RAIN,MEDIUM
3322,2026-01-30 22:44:24,11.92,1,32,23,43.259507,-2.978955,DELIVERED,24,CLEAR,MEDIUM
3323,2026-01-15 15:31:47,60.03,6,11,16,43.250827,-2.949973,DELIVERED,30,CLEAR,MEDIUM
3324,2026-01-08 11:50:37,11.53,1,13,14,43.227586,-2.963067,DELIVERED,40,CLEAR,LOW
3325,2026-01-17 15:10:20,25.11,2,13,17,43.262371,-2.882765,DELIVERED,17,CLEAR,LOW
3326,2026-01-31 22:50:01,29.32,3,24,25,43.205721,-2.960353,DELIVERED,19,CLEAR,MEDIUM
3327,2026-01-11 22:17:52,71.16,6,20,22,43.288661,-2.880386,DELIVERED,35,CLEAR,MEDIUM
3328,2026-01-04 00:20:17,83.8,6,17,18,43.241747,-2.925858,DELIVERED,17,WIND,MEDIUM
3329,2026-01-21 14:28:40,59.5,5,27,24,43.264561,-2.904683,DELIVERED,40,CLEAR,HIGH
3330,2026-01-22 11:04:54,48.97,5,18,19,43.203997,-2.952292,DELIVERED,19,CLEAR,MEDIUM
3331,2026-01-31 21:04:38,10.67,1,17,23,43.296906,-2.953219,DELIVERED,49,CLEAR,MEDIUM
3332,2026-01-21 17:14:15,54.85,6,8,26,43.267887,-2.91967,DELIVERED,49,RAIN,LOW
3333,2026-01-05 13:46:28,23.94,2,23,24,43.200956,-2.961866,CANCELLED,21,CLEAR,MEDIUM
3334,2026-01-07 23:14:43,51.74,5,11,12,43.260119,-2.945038,DELIVERED,20,CLEAR,LOW
3335,2026-01-07 06:41:58,77.87,6,14,15,43.248689,-2.98237,DELIVERED,40,CLEAR,LOW
3336,2026-01-14 19:10:56,61.83,5,22,14,43.259272,-2.965379,DELIVERED,24,CLEAR,LOW
3337,2026-01-20 15:00:02,87.04,6,15,17,43.240488,-2.937691,DELIVERED,1,CLEAR,LOW
3338,2026-01-10 20:23:31,80.61,6,16,31,43.208821,-2.968752,DELIVERED,8,WIND,HIGH
3339,2026-01-30 21:55:51,74.34,6,18,19,43.262444,-2.91564,DELIVERED,40,CLEAR,MEDIUM
3340,2026-01-14 20:11:50,16.62,1,19,15,43.223014,-2.88381,DELIVERED,34,CLEAR,LOW
3341,2026-01-16 13:56:24,28.36,2,34,22,43.247039,-2.932981,DELIVERED,2,CLEAR,HIGH
3342,2026-01-31 13:17:34,26.09,2,25,30,43.238458,-2.957882,DELIVERED,3,RAIN,HIGH
3343,2026-01-16 08:54:00,73.72,6,14,20,43.238981,-2.921263,DELIVERED,3,CLEAR,MEDIUM
3344,2026-01-27 14:48:04,29.11,2,21,27,43.209888,-2.940338,DELIVERED,48,CLEAR,HIGH
3345,2026-01-21 14:38:50,44.04,5,21,32,43.229379,-2.978916,DELIVERED,21,RAIN,HIGH
3346,2026-01-18 15:04:27,40.73,2,32,13,43.249876,-2.926105,DELIVERED,9,CLEAR,LOW
3347,2026-01-15 21:25:28,58.95,6,28,18,43.229749,-2.949615,CANCELLED,4,CLEAR,HIGH
3348,2026-01-08 12:53:06,11.97,1,18,18,43.264203,-2.903452,DELIVERED,47,WIND,LOW
3349,2026-01-20 13:12:54,35.02,3,20,19,43.282624,-2.914676,DELIVERED,41,CLEAR,HIGH
3350,2026-01-17 23:26:47,48.44,5,19,25,43.254584,-2.978851,DELIVERED,4,RAIN,MEDIUM
3351,2026-01-19 20:23:55,79.32,6,16,16,43.283136,-2.937447,DELIVERED,8,CLEAR,LOW
3352,2026-01-06 20:36:52,8.5,1,13,16,43.212201,-2.961013,DELIVERED,21,CLEAR,LOW
3353,2026-01-19 05:16:59,43.26,3,16,24,43.251159,-2.938195,DELIVERED,39,RAIN,LOW
3354,2026-01-06 21:52:14,42.43,3,22,27,43.299632,-2.96095,DELIVERED,46,CLEAR,HIGH
3355,2026-01-23 22:32:18,16.18,1,21,17,43.218135,-2.894794,DELIVERED,1,CLEAR,HIGH
3356,2026-01-06 17:55:48,109.77,6,30,28,43.202524,-2.95874,DELIVERED,9,CLEAR,HIGH
3357,2026-01-24 16:06:12,14.17,1,25,16,43.215259,-2.911533,DELIVERED,29,CLEAR,LOW
3358,2026-01-31 19:03:29,62.93,5,19,20,43.238795,-2.962332,DELIVERED,35,CLEAR,LOW
3359,2026-01-08 15:28:14,54.45,5,18,12,43.276714,-2.930636,DELIVERED,19,CLEAR,LOW
3360,2026-01-12 13:47:49,70.79,6,25,25,43.298804,-2.925601,DELIVERED,45,CLEAR,HIGH
3361,2026-01-30 20:01:37,40.71,4,10,22,43.253415,-2.985902,DELIVERED,7,CLEAR,MEDIUM
3362,2026-01-28 18:01:34,49.7,5,13,19,43.275701,-2.893518,DELIVERED,44,CLEAR,LOW
3363,2026-01-23 23:57:42,71.22,6,28,12,43.262822,-2.985648,DELIVERED,22,CLEAR,LOW
3364,2026-01-08 14:31:36,64.22,6,25,23,43.231347,-2.911398,DELIVERED,4,CLEAR,MEDIUM
3365,2026-01-04 20:11:49,30.84,3,8,24,43.210769,-2.912716,DELIVERED,37,WIND,HIGH
3366,2026-01-20 21:00:52,23.12,2,13,24,43.236467,-2.940114,DELIVERED,50,CLEAR,MEDIUM
3367,2026-01-25 22:44:14,17.72,1,28,22,43.266409,-2.987755,CANCELLED,11,CLEAR,HIGH
3368,2026-01-10 21:37:55,81.23,6,23,17,43.281324,-2.958538,DELIVERED,11,CLEAR,MEDIUM
3369,2026-01-01 14:39:46,11.2,1,16,23,43.258789,-2.963299,DELIVERED,31,CLEAR,MEDIUM
3370,2026-01-16 20:35:18,11.51,1,24,22,43.236388,-2.895507,CANCELLED,22,CLEAR,HIGH
3371,2026-01-26 10:55:09,38.69,2,23,23,43.250378,-2.958856,DELIVERED,36,CLEAR,MEDIUM
3372,2026-01-20 22:18:29,29.46,3,20,19,43.229304,-2.985803,DELIVERED,26,CLEAR,HIGH
3373,2026-01-31 09:30:26,106.87,6,28,27,43.227011,-2.94358,DELIVERED,18,CLEAR,HIGH
3374,2026-01-25 18:33:18,56.72,4,13,24,43.291639,-2.924867,DELIVERED,17,RAIN,LOW
3375,2026-01-14 16:54:43,7.59,1,9,18,43.261623,-2.889752,DELIVERED,37,CLEAR,LOW
3376,2026-01-15 23:26:16,44.28,5,10,20,43.274198,-2.884874,DELIVERED,49,CLEAR,HIGH
3377,2026-01-04 14:15:27,36.91,2,40,22,43.253972,-2.90542,CANCELLED,23,RAIN,MEDIUM
3378,2026-01-18 08:42:29,55.71,5,9,21,43.28531,-2.897699,DELIVERED,15,CLEAR,MEDIUM
3379,2026-01-23 17:02:39,22.67,1,21,24,43.25069,-2.986791,DELIVERED,36,CLEAR,HIGH
3380,2026-01-16 13:37:15,36.93,4,18,25,43.265162,-2.920677,DELIVERED,21,WIND,HIGH
3381,2026-01-03 22:26:47,64.76,5,23,21,43.26219,-2.977877,DELIVERED,38,CLEAR,HIGH
3382,2026-01-12 11:45:57,14.24,1,15,20,43.215647,-2.956642,DELIVERED,42,CLEAR,LOW
3383,2026-01-16 08:24:26,24.69,2,19,19,43.272221,-2.896936,DELIVERED,5,CLEAR,LOW
3384,2026-01-11 23:31:42,38.76,3,16,12,43.273875,-2.888089,DELIVERED,39,CLEAR,LOW
3385,2026-01-24 22:19:10,47.09,4,24,35,43.219193,-2.928806,DELIVERED,45,RAIN,HIGH
3386,2026-01-31 07:42:45,36.79,3,23,15,43.264464,-2.880439,CANCELLED,29,CLEAR,LOW
3387,2026-01-30 13:35:10,17.68,1,23,24,43.2671,-2.941264,DELIVERED,36,CLEAR,MEDIUM
3388,2026-01-01 12:31:21,27.64,2,18,13,43.229843,-2.975423,DELIVERED,32,CLEAR,MEDIUM
3389,2026-01-14 20:03:01,50.44,5,17,14,43.239124,-2.903186,DELIVERED,4,CLEAR,MEDIUM
3390,2026-01-24 14:27:02,35.95,2,33,19,43.220969,-2.971191,DELIVERED,33,CLEAR,MEDIUM
3391,2026-01-02 12:23:27,112.34,6,34,15,43.227414,-2.962359,DELIVERED,23,WIND,LOW
3392,2026-01-08 13:52:26,80.27,6,28,21,43.267508,-2.942279,DELIVERED,42,CLEAR,HIGH
3393,2026-01-03 23:13:16,9.3,1,8,21,43.264276,-2.952903,DELIVERED,49,CLEAR,MEDIUM
3394,2026-01-20 13:39:18,23.91,1,35,15,43.266482,-2.987876,DELIVERED,10,CLEAR,MEDIUM
3395,2026-01-26 23:32:27,92.59,5,23,16,43.232912,-2.975597,DELIVERED,6,WIND,LOW
3396,2026-01-23 21:19:29,43.57,5,21,28,43.280533,-2.9425,DELIVERED,16,CLEAR,HIGH
3397,2026-01-26 14:48:19,30.81,2,19,15,43.227155,-2.948764,DELIVERED,32,CLEAR,MEDIUM
3398,2026-01-25 03:05:30,70.18,4,33,20,43.252591,-2.967684,DELIVERED,18,CLEAR,MEDIUM
3399,2026-01-10 15:36:59,52.38,4,23,24,43.240629,-2.889872,DELIVERED,22,CLEAR,HIGH
3400,2026-01-19 22:17:51,77.07,6,20,21,43.294965,-2.9679,DELIVERED,17,CLEAR,MEDIUM
3401,2026-01-20 20:48:59,30.01,3,10,15,43.233729,-2.894752,DELIVERED,20,CLEAR,LOW
3402,2026-01-11 22:40:04,28.54,2,31,27,43.202359,-2.935947,DELIVERED,32,CLEAR,HIGH
3403,2026-01-10 18:58:27,77.21,6,13,16,43.248739,-2.942634,DELIVERED,27,CLEAR,LOW
3404,2026-01-04 21:56:34,21.71,2,26,32,43.270612,-2.927423,DELIVERED,20,RAIN,HIGH
3405,2026-01-21 18:03:39,43.95,3,20,29,43.261954,-2.889347,CANCELLED,1,WIND,HIGH
3406,2026-01-07 00:48:25,31.42,3,8,31,43.266851,-2.97631,DELIVERED,43,CLEAR,HIGH
3407,2026-01-27 15:30:45,41.87,3,15,18,43.233967,-2.909682,DELIVERED,46,CLEAR,LOW
3408,2026-01-08 14:44:47,28.11,2,23,30,43.283969,-2.940419,DELIVERED,25,RAIN,HIGH
3409,2026-01-04 05:55:11,12.84,1,19,26,43.22355,-2.88748,DELIVERED,38,CLEAR,HIGH
3410,2026-01-06 14:41:01,76.09,6,26,30,43.200321,-2.977773,DELIVERED,35,CLEAR,HIGH
3411,2026-01-05 22:09:55,58.14,4,26,15,43.243896,-2.920781,CANCELLED,25,CLEAR,MEDIUM
3412,2026-01-10 08:59:13,35.97,4,16,20,43.290375,-2.980045,DELIVERED,31,CLEAR,MEDIUM
3413,2026-01-28 14:42:23,30.91,2,26,18,43.207184,-2.989897,DELIVERED,1,CLEAR,MEDIUM
3414,2026-01-03 17:36:03,31.56,3,12,12,43.251882,-2.88173,DELIVERED,31,CLEAR,LOW
3415,2026-01-06 20:16:49,50.24,4,14,11,43.234313,-2.887479,DELIVERED,35,CLEAR,LOW
3416,2026-01-16 20:47:08,62.46,5,19,14,43.295898,-2.974568,DELIVERED,3,CLEAR,LOW
3417,2026-01-10 14:24:34,36.75,4,22,28,43.226734,-2.92309,DELIVERED,31,RAIN,HIGH
3418,2026-01-20 12:00:04,74.15,6,18,18,43.241239,-2.938425,DELIVERED,35,CLEAR,LOW
3419,2026-01-26 22:40:05,75.5,6,28,23,43.238089,-2.891413,DELIVERED,3,WIND,MEDIUM
3420,2026-01-26 07:24:59,32.05,3,22,21,43.20048,-2.973894,DELIVERED,4,WIND,MEDIUM
3421,2026-01-26 20:52:33,73.58,4,32,28,43.282656,-2.942005,DELIVERED,9,RAIN,MEDIUM
3422,2026-01-31 00:51:40,40.97,4,7,21,43.291154,-2.912669,DELIVERED,43,RAIN,MEDIUM
3423,2026-01-12 21:32:58,57.2,4,25,16,43.299134,-2.937573,DELIVERED,13,CLEAR,HIGH
3424,2026-01-09 06:13:52,18.91,2,13,18,43.267689,-2.97949,DELIVERED,47,RAIN,LOW
3425,2026-01-22 20:32:51,19.16,1,29,14,43.218519,-2.903975,DELIVERED,18,CLEAR,LOW
3426,2026-01-29 16:29:11,35.63,3,24,20,43.21744,-2.931949,DELIVERED,29,CLEAR,LOW
3427,2026-01-20 21:46:41,55.67,6,14,18,43.258873,-2.967797,DELIVERED,50,CLEAR,MEDIUM
3428,2026-01-14 13:51:20,56.26,4,23,17,43.243939,-2.951713,DELIVERED,38,CLEAR,MEDIUM
3429,2026-01-11 21:44:04,23.94,2,13,19,43.292894,-2.955646,DELIVERED,44,CLEAR,HIGH
3430,2026-01-21 13:31:19,10.56,1,21,29,43.260075,-2.901132,DELIVERED,40,CLEAR,HIGH
3431,2026-01-28 22:18:54,24.32,2,21,24,43.214474,-2.916007,DELIVERED,42,CLEAR,HIGH
3432,2026-01-19 21:46:09,47.67,4,27,31,43.299513,-2.91,DELIVERED,45,RAIN,HIGH
3433,2026-01-15 15:10:51,8.18,1,14,13,43.281186,-2.971096,DELIVERED,41,CLEAR,LOW
3434,2026-01-09 13:35:40,54.99,6,16,26,43.201652,-2.960438,CANCELLED,49,RAIN,HIGH
3435,2026-01-06 07:00:16,12.73,1,23,29,43.287195,-2.974228,DELIVERED,2,RAIN,MEDIUM
3436,2026-01-13 14:48:31,32.71,3,22,24,43.242859,-2.954141,DELIVERED,30,CLEAR,MEDIUM
3437,2026-01-27 21:18:45,80.46,6,23,22,43.249384,-2.94264,DELIVERED,17,CLEAR,HIGH
3438,2026-01-25 09:02:41,50.5,5,15,10,43.215208,-2.973609,DELIVERED,44,CLEAR,LOW
3439,2026-01-27 13:43:12,45.09,5,18,24,43.250434,-2.953793,DELIVERED,31,CLEAR,MEDIUM
3440,2026-01-26 22:01:06,70.69,6,24,25,43.261139,-2.937591,DELIVERED,35,CLEAR,HIGH
3441,2026-01-14 22:44:11,43.84,4,19,30,43.274468,-2.900171,DELIVERED,20,CLEAR,HIGH
3442,2026-01-06 21:43:21,76.96,6,27,23,43.209469,-2.914645,DELIVERED,5,CLEAR,HIGH
3443,2026-01-24 14:54:36,45.01,4,25,27,43.242483,-2.986334,DELIVERED,4,WIND,HIGH
3444,2026-01-17 20:20:59,94.25,5,28,32,43.262106,-2.981708,DELIVERED,9,RAIN,HIGH
3445,2026-01-16 14:44:36,65.72,5,22,21,43.277189,-2.965405,DELIVERED,45,CLEAR,MEDIUM
3446,2026-01-02 13:19:12,52.74,4,29,19,43.241827,-2.943448,DELIVERED,22,CLEAR,HIGH
3447,2026-01-29 15:31:08,73.99,4,29,15,43.24864,-2.924054,DELIVERED,18,CLEAR,LOW
3448,2026-01-31 13:12:17,34.63,3,23,33,43.250826,-2.978658,CANCELLED,40,WIND,HIGH
3449,2026-01-24 13:52:49,7.95,1,17,27,43.267877,-2.975765,DELIVERED,43,CLEAR,HIGH
3450,2026-01-31 00:02:20,67.88,5,14,23,43.27094,-2.924701,DELIVERED,17,CLEAR,MEDIUM
3451,2026-01-03 11:12:42,69.42,5,10,27,43.241736,-2.975785,DELIVERED,27,CLEAR,HIGH
3452,2026-01-12 22:56:36,31.27,3,27,23,43.215925,-2.902761,DELIVERED,26,CLEAR,HIGH
3453,2026-01-01 22:52:12,55.64,5,21,22,43.225236,-2.887427,DELIVERED,26,CLEAR,MEDIUM
3454,2026-01-14 12:55:44,11.74,1,24,17,43.229603,-2.89358,DELIVERED,34,CLEAR,LOW
3455,2026-01-13 20:35:15,71.11,6,16,18,43.227281,-2.913707,DELIVERED,35,CLEAR,LOW
3456,2026-01-27 12:09:37,51.42,5,14,17,43.26109,-2.920339,CANCELLED,47,CLEAR,LOW
3457,2026-01-31 20:37:49,69.15,5,23,20,43.247979,-2.897918,DELIVERED,25,CLEAR,MEDIUM
3458,2026-01-27 11:29:17,21.59,1,30,15,43.263199,-2.902826,DELIVERED,18,CLEAR,LOW
3459,2026-01-25 22:59:55,32.35,3,23,16,43.269031,-2.978494,DELIVERED,19,CLEAR,MEDIUM
3460,2026-01-22 22:37:07,71.95,6,30,24,43.244655,-2.88066,DELIVERED,34,RAIN,MEDIUM
3461,2026-01-12 11:10:04,25.26,2,13,17,43.213995,-2.94243,CANCELLED,20,CLEAR,LOW
3462,2026-01-19 05:38:26,40.89,3,20,23,43.263508,-2.915555,DELIVERED,5,RAIN,MEDIUM
3463,2026-01-25 11:07:26,14.59,1,29,20,43.266719,-2.908367,DELIVERED,12,CLEAR,LOW
3464,2026-01-08 13:54:56,27.76,2,21,20,43.201202,-2.921756,DELIVERED,40,CLEAR,MEDIUM
3465,2026-01-18 13:06:08,87.95,6,36,18,43.23272,-2.934275,CANCELLED,12,CLEAR,MEDIUM
3466,2026-01-23 22:26:58,35.49,4,20,21,43.230085,-2.944139,DELIVERED,37,CLEAR,MEDIUM
3467,2026-01-22 13:17:55,58.79,6,12,16,43.271986,-2.911438,DELIVERED,43,CLEAR,HIGH
3468,2026-01-03 14:16:22,77.24,6,20,23,43.229784,-2.94005,DELIVERED,17,CLEAR,HIGH
3469,2026-01-12 14:46:16,32.18,3,22,28,43.202616,-2.939967,DELIVERED,4,RAIN,MEDIUM
3470,2026-01-04 14:15:50,56.43,4,22,28,43.201132,-2.921104,DELIVERED,1,CLEAR,HIGH
3471,2026-01-21 21:55:23,41.03,2,34,30,43.209466,-2.963813,DELIVERED,18,RAIN,HIGH
3472,2026-01-27 19:18:44,48.92,5,14,24,43.278668,-2.963908,DELIVERED,47,RAIN,LOW
3473,2026-01-24 16:54:32,40.7,3,19,16,43.227846,-2.932914,DELIVERED,39,CLEAR,MEDIUM
3474,2026-01-04 13:09:07,45.51,4,23,23,43.242197,-2.93689,DELIVERED,20,CLEAR,HIGH
3475,2026-01-11 15:43:39,25.94,2,11,11,43.298294,-2.898281,DELIVERED,41,CLEAR,LOW
3476,2026-01-31 21:00:58,95.02,5,25,23,43.229666,-2.93437,DELIVERED,36,CLEAR,HIGH
3477,2026-01-18 22:06:43,39.98,4,29,24,43.213027,-2.95353,DELIVERED,26,RAIN,HIGH
3478,2026-01-18 21:47:18,63.36,5,29,14,43.237539,-2.950948,DELIVERED,29,CLEAR,MEDIUM
3479,2026-01-31 14:54:10,39.51,4,21,21,43.20307,-2.929251,DELIVERED,16,CLEAR,HIGH
3480,2026-01-11 12:45:43,22.64,2,18,15,43.270174,-2.930176,DELIVERED,19,CLEAR,LOW
3481,2026-01-23 13:06:54,107.62,6,41,27,43.288866,-2.933024,DELIVERED,18,RAIN,MEDIUM
3482,2026-01-16 14:48:15,14.22,1,21,21,43.297536,-2.986797,CANCELLED,27,CLEAR,HIGH
3483,2026-01-01 20:38:18,106.28,6,27,21,43.260261,-2.964263,DELIVERED,18,RAIN,LOW
3484,2026-01-06 12:53:32,52.22,5,11,19,43.23834,-2.916319,DELIVERED,44,RAIN,LOW
3485,2026-01-02 12:21:17,19.77,2,17,10,43.220773,-2.934054,CANCELLED,31,CLEAR,LOW
3486,2026-01-10 00:54:57,57.28,6,7,20,43.274963,-2.940378,DELIVERED,43,CLEAR,LOW
3487,2026-01-10 20:18:31,23.08,2,26,16,43.201467,-2.961922,DELIVERED,2,CLEAR,LOW
3488,2026-01-12 03:55:36,58.25,6,16,17,43.272116,-2.988533,DELIVERED,41,CLEAR,LOW
3489,2026-01-10 14:45:36,30.21,2,24,26,43.267886,-2.934181,DELIVERED,42,RAIN,HIGH
3490,2026-01-10 22:23:04,52.18,6,18,19,43.278677,-2.977608,DELIVERED,31,WIND,MEDIUM
3491,2026-01-22 21:26:50,41.1,4,15,22,43.278438,-2.98959,DELIVERED,16,RAIN,MEDIUM
3492,2026-01-30 22:48:56,23.04,2,31,16,43.248923,-2.981057,DELIVERED,29,CLEAR,HIGH
3493,2026-01-28 14:25:01,64.23,6,24,20,43.283928,-2.927492,DELIVERED,41,CLEAR,MEDIUM
3494,2026-01-22 10:37:19,28.28,2,16,17,43.210733,-2.93007,DELIVERED,3,CLEAR,MEDIUM
3495,2026-01-19 05:21:03,26.65,2,29,23,43.202639,-2.987369,DELIVERED,2,CLEAR,MEDIUM
3496,2026-01-21 23:39:25,24.94,2,15,23,43.223101,-2.896348,DELIVERED,46,CLEAR,MEDIUM
3497,2026-01-30 21:31:30,58.69,4,28,16,43.24579,-2.96314,DELIVERED,32,CLEAR,MEDIUM
3498,2026-01-13 13:28:55,35.17,2,25,26,43.231009,-2.902526,DELIVERED,6,WIND,MEDIUM
3499,2026-01-02 09:48:38,65.47,5,20,18,43.220213,-2.888805,DELIVERED,38,CLEAR,MEDIUM
3500,2026-01-14 16:30:46,76.86,6,18,20,43.250172,-2.969864,DELIVERED,35,CLEAR,MEDIUM
3501,2026-01-03 11:30:29,62.43,6,22,15,43.286112,-2.949532,DELIVERED,19,CLEAR,LOW
3502,2026-01-12 14:25:00,14.94,1,23,29,43.236274,-2.960843,DELIVERED,47,RAIN,HIGH
3503,2026-01-27 18:53:20,77.77,6,29,15,43.228715,-2.905232,DELIVERED,22,CLEAR,MEDIUM
3504,2026-01-06 21:43:51,89.14,6,26,20,43.228055,-2.914248,DELIVERED,32,CLEAR,HIGH
3505,2026-01-14 12:08:44,25.35,2,24,14,43.249845,-2.915099,DELIVERED,29,CLEAR,LOW
3506,2026-01-15 22:03:37,13.23,1,32,26,43.297545,-2.940776,CANCELLED,48,CLEAR,HIGH
3507,2026-01-15 14:22:33,39.63,3,20,20,43.21745,-2.97411,DELIVERED,39,CLEAR,HIGH
3508,2026-01-31 02:30:19,39.7,2,24,25,43.268756,-2.928576,DELIVERED,36,RAIN,LOW
3509,2026-01-07 23:13:22,48.76,5,10,15,43.268486,-2.928772,DELIVERED,43,CLEAR,LOW
3510,2026-01-10 15:52:17,51.56,5,16,23,43.216409,-2.947606,DELIVERED,41,RAIN,LOW
3511,2026-01-30 21:05:33,8.37,1,20,30,43.282714,-2.986823,DELIVERED,20,CLEAR,HIGH
3512,2026-01-20 20:07:36,17.14,1,29,30,43.2129,-2.915482,DELIVERED,18,CLEAR,HIGH
3513,2026-01-17 14:17:07,12.33,1,19,12,43.272691,-2.885837,DELIVERED,44,CLEAR,MEDIUM
3514,2026-01-03 21:51:07,18.0,1,26,21,43.228337,-2.933113,DELIVERED,45,CLEAR,MEDIUM
3515,2026-01-21 08:31:47,56.8,6,15,22,43.239566,-2.922547,DELIVERED,31,RAIN,LOW
3516,2026-01-09 20:15:53,53.73,4,21,14,43.210524,-2.983468,DELIVERED,5,WIND,LOW
3517,2026-01-31 03:47:51,56.72,4,19,28,43.201617,-2.941074,DELIVERED,11,RAIN,LOW
3518,2026-01-06 22:56:24,51.22,4,25,25,43.25429,-2.946154,DELIVERED,34,RAIN,MEDIUM
3519,2026-01-01 20:45:20,39.98,4,14,18,43.238617,-2.899983,DELIVERED,21,CLEAR,LOW
3520,2026-01-20 22:40:21,26.95,3,11,17,43.243679,-2.903058,DELIVERED,50,CLEAR,MEDIUM
3521,2026-01-05 08:12:05,74.7,6,14,18,43.23349,-2.989837,DELIVERED,3,CLEAR,MEDIUM
3522,2026-01-16 13:09:35,106.1,6,30,18,43.228421,-2.928625,CANCELLED,28,CLEAR,MEDIUM
3523,2026-01-14 15:08:46,91.55,5,21,20,43.22435,-2.906181,DELIVERED,36,RAIN,LOW
3524,2026-01-10 23:34:05,7.8,1,10,21,43.276043,-2.931228,DELIVERED,50,WIND,LOW
3525,2026-01-11 11:20:17,45.82,5,16,18,43.267114,-2.933389,DELIVERED,21,CLEAR,MEDIUM
3526,2026-01-11 22:34:26,11.97,1,17,22,43.238184,-2.951607,DELIVERED,7,CLEAR,MEDIUM
3527,2026-01-30 05:20:57,76.28,6,11,21,43.276183,-2.914818,DELIVERED,27,CLEAR,MEDIUM
3528,2026-01-23 13:51:47,58.23,5,33,18,43.240143,-2.894797,DELIVERED,22,CLEAR,HIGH
3529,2026-01-23 13:59:38,74.1,4,33,28,43.29162,-2.9469,DELIVERED,33,CLEAR,HIGH
3530,2026-01-01 21:17:34,65.34,5,18,27,43.288142,-2.918708,DELIVERED,5,RAIN,HIGH
3531,2026-01-01 02:50:46,12.08,1,23,25,43.219023,-2.914374,DELIVERED,14,CLEAR,HIGH
3532,2026-01-09 22:18:56,8.51,1,31,26,43.295887,-2.902087,DELIVERED,26,CLEAR,HIGH
3533,2026-01-10 14:57:39,70.94,4,42,27,43.275443,-2.919084,DELIVERED,23,CLEAR,HIGH
3534,2026-01-21 18:08:27,56.65,6,10,22,43.293062,-2.888669,DELIVERED,49,CLEAR,MEDIUM
3535,2026-01-28 21:20:50,81.72,6,23,20,43.282679,-2.955683,DELIVERED,46,CLEAR,MEDIUM
3536,2026-01-31 14:23:18,89.14,5,31,30,43.297405,-2.942124,DELIVERED,10,CLEAR,HIGH
3537,2026-01-07 14:00:23,14.77,1,20,23,43.276374,-2.958426,CANCELLED,3,RAIN,MEDIUM
3538,2026-01-01 21:19:28,60.92,5,37,24,43.222013,-2.936286,DELIVERED,22,CLEAR,HIGH
3539,2026-01-06 21:44:17,16.62,1,25,20,43.289854,-2.984718,DELIVERED,11,CLEAR,MEDIUM
3540,2026-01-05 12:22:49,34.81,3,12,12,43.254268,-2.958743,DELIVERED,20,CLEAR,LOW
3541,2026-01-11 06:45:19,17.63,1,20,19,43.27817,-2.919588,CANCELLED,11,WIND,LOW
3542,2026-01-05 15:45:39,38.49,4,15,16,43.262438,-2.910755,DELIVERED,44,CLEAR,LOW
3543,2026-01-04 10:39:40,82.51,6,16,24,43.210544,-2.901064,DELIVERED,46,WIND,MEDIUM
3544,2026-01-04 20:04:38,63.17,5,18,23,43.240039,-2.974555,DELIVERED,39,RAIN,MEDIUM
3545,2026-01-24 22:55:26,51.16,4,20,25,43.282029,-2.945035,DELIVERED,5,CLEAR,HIGH
3546,2026-01-14 14:50:08,61.47,6,23,28,43.220569,-2.896881,DELIVERED,30,RAIN,MEDIUM
3547,2026-01-01 09:54:35,108.75,6,22,19,43.208237,-2.936269,DELIVERED,10,CLEAR,LOW
3548,2026-01-05 21:56:12,47.34,3,26,18,43.231622,-2.975576,DELIVERED,25,CLEAR,HIGH
3549,2026-01-03 21:15:55,17.52,1,39,21,43.277042,-2.969573,DELIVERED,23,RAIN,HIGH
3550,2026-01-11 20:18:42,13.24,1,17,23,43.276435,-2.902623,DELIVERED,25,WIND,LOW
3551,2026-01-16 11:45:13,51.14,5,17,28,43.266551,-2.945187,DELIVERED,4,RAIN,MEDIUM
3552,2026-01-01 23:46:55,48.64,4,26,14,43.285275,-2.946065,DELIVERED,22,CLEAR,LOW
3553,2026-01-24 13:03:01,25.12,3,17,25,43.230109,-2.894964,DELIVERED,37,CLEAR,HIGH
3554,2026-01-01 15:33:12,61.32,5,17,10,43.203229,-2.969141,DELIVERED,40,CLEAR,LOW
3555,2026-01-23 13:21:33,17.56,2,22,28,43.230121,-2.904111,DELIVERED,21,CLEAR,HIGH
3556,2026-01-15 21:10:07,90.97,5,36,21,43.268078,-2.916645,DELIVERED,33,CLEAR,MEDIUM
3557,2026-01-25 06:41:26,40.01,3,19,17,43.279809,-2.988662,DELIVERED,48,CLEAR,LOW
3558,2026-01-02 15:25:41,36.62,4,14,17,43.248345,-2.914148,CANCELLED,7,CLEAR,MEDIUM
3559,2026-01-30 10:47:11,37.41,3,15,13,43.298026,-2.962817,DELIVERED,46,CLEAR,LOW
3560,2026-01-03 13:26:23,18.1,1,29,27,43.2238,-2.896799,DELIVERED,13,CLEAR,HIGH
3561,2026-01-10 04:06:23,22.09,2,9,17,43.292533,-2.989159,DELIVERED,43,CLEAR,MEDIUM
3562,2026-01-08 14:28:07,11.54,1,23,33,43.246836,-2.913256,DELIVERED,38,RAIN,HIGH
3563,2026-01-26 12:51:56,57.65,4,18,21,43.295456,-2.928291,DELIVERED,32,CLEAR,MEDIUM
3564,2026-01-04 21:26:26,87.82,6,22,26,43.221434,-2.892245,DELIVERED,32,RAIN,MEDIUM
3565,2026-01-26 15:04:03,16.31,1,14,24,43.296055,-2.922247,DELIVERED,35,CLEAR,HIGH
3566,2026-01-19 22:59:58,16.81,1,28,19,43.243138,-2.910267,CANCELLED,29,CLEAR,HIGH
3567,2026-01-11 05:53:53,69.41,5,25,11,43.258681,-2.940402,DELIVERED,12,CLEAR,LOW
3568,2026-01-06 21:15:07,48.66,5,21,26,43.298992,-2.979128,DELIVERED,44,RAIN,HIGH
3569,2026-01-05 02:18:45,47.26,4,14,26,43.29771,-2.885985,DELIVERED,35,CLEAR,HIGH
3570,2026-01-26 23:50:03,35.16,3,20,28,43.284448,-2.90972,DELIVERED,35,CLEAR,HIGH
3571,2026-01-19 22:39:13,68.52,5,24,25,43.214865,-2.912798,DELIVERED,8,CLEAR,MEDIUM
3572,2026-01-03 13:50:21,50.66,4,15,19,43.22897,-2.89153,DELIVERED,8,CLEAR,MEDIUM
3573,2026-01-25 18:41:53,16.03,1,27,22,43.248303,-2.885594,DELIVERED,9,RAIN,LOW
3574,2026-01-22 21:59:33,53.92,4,28,22,43.299109,-2.984412,DELIVERED,38,CLEAR,HIGH
3575,2026-01-07 14:39:05,32.09,3,26,30,43.298938,-2.957779,DELIVERED,4,RAIN,HIGH
3576,2026-01-09 14:48:52,57.78,4,18,26,43.209183,-2.938721,DELIVERED,27,WIND,HIGH
3577,2026-01-27 20:03:11,12.39,1,21,26,43.268818,-2.935925,DELIVERED,24,RAIN,LOW
3578,2026-01-27 22:07:48,23.46,2,22,30,43.247453,-2.889784,DELIVERED,45,CLEAR,HIGH
3579,2026-01-09 12:56:58,13.02,1,16,18,43.294361,-2.934838,DELIVERED,26,CLEAR,LOW
3580,2026-01-09 06:32:19,41.64,4,13,16,43.202453,-2.979532,DELIVERED,47,WIND,LOW
3581,2026-01-27 04:42:02,25.28,2,16,22,43.259748,-2.964086,DELIVERED,46,CLEAR,MEDIUM
3582,2026-01-15 22:51:57,39.98,3,28,19,43.210193,-2.902906,DELIVERED,29,CLEAR,MEDIUM
3583,2026-01-13 14:39:57,64.34,5,30,16,43.254698,-2.91159,DELIVERED,34,CLEAR,MEDIUM
3584,2026-01-14 02:54:52,41.18,3,22,22,43.262088,-2.974726,DELIVERED,48,RAIN,LOW
3585,2026-01-13 10:55:12,69.89,5,16,28,43.274779,-2.973626,DELIVERED,32,CLEAR,HIGH
3586,2026-01-05 12:40:22,16.65,1,22,19,43.293971,-2.95495,DELIVERED,34,CLEAR,MEDIUM
3587,2026-01-07 15:47:50,37.38,3,16,13,43.275058,-2.908067,DELIVERED,45,CLEAR,LOW
3588,2026-01-05 21:58:53,52.39,4,30,19,43.259943,-2.964017,DELIVERED,2,CLEAR,MEDIUM
3589,2026-01-11 12:18:37,38.58,2,23,18,43.258906,-2.903941,DELIVERED,28,CLEAR,MEDIUM
3590,2026-01-14 08:07:50,59.26,4,22,17,43.290288,-2.943767,DELIVERED,32,RAIN,LOW
3591,2026-01-03 21:12:22,36.16,4,23,27,43.257658,-2.962845,DELIVERED,31,CLEAR,HIGH
3592,2026-01-22 12:26:19,43.98,3,22,19,43.213308,-2.916189,DELIVERED,25,CLEAR,MEDIUM
3593,2026-01-12 13:35:21,10.14,1,25,22,43.222811,-2.924318,DELIVERED,31,CLEAR,MEDIUM
3594,2026-01-30 13:57:15,70.71,4,35,24,43.245854,-2.905008,DELIVERED,9,CLEAR,HIGH
3595,2026-01-26 03:50:34,34.41,2,31,13,43.210778,-2.932319,DELIVERED,23,CLEAR,LOW
3596,2026-01-20 04:00:01,54.61,4,20,17,43.200656,-2.979219,DELIVERED,46,CLEAR,MEDIUM
3597,2026-01-28 00:50:27,16.02,2,14,13,43.255917,-2.95489,DELIVERED,16,CLEAR,LOW
3598,2026-01-13 03:31:40,69.95,5,18,23,43.211692,-2.948816,DELIVERED,1,CLEAR,HIGH
3599,2026-01-02 18:26:11,19.5,2,14,11,43.222677,-2.899888,DELIVERED,30,CLEAR,LOW
3600,2026-01-27 17:24:12,30.3,3,16,23,43.221958,-2.900482,DELIVERED,30,CLEAR,HIGH
3601,2026-01-20 16:27:30,89.06,6,27,17,43.239642,-2.889239,DELIVERED,14,CLEAR,LOW
3602,2026-01-25 13:47:06,15.97,1,25,31,43.243537,-2.965781,DELIVERED,19,CLEAR,HIGH
3603,2026-01-29 21:03:04,47.65,4,30,13,43.296167,-2.979417,DELIVERED,22,CLEAR,MEDIUM
3604,2026-01-06 10:09:56,23.34,1,29,11,43.224998,-2.989255,DELIVERED,18,CLEAR,LOW
3605,2026-01-27 23:33:29,14.03,1,13,15,43.214709,-2.923063,DELIVERED,40,CLEAR,MEDIUM
3606,2026-01-02 00:19:27,50.63,4,16,28,43.249448,-2.900149,DELIVERED,27,RAIN,HIGH
3607,2026-01-05 04:59:19,34.67,3,12,13,43.225919,-2.964443,DELIVERED,15,CLEAR,LOW
3608,2026-01-21 20:02:00,75.96,4,31,16,43.296241,-2.941178,DELIVERED,18,CLEAR,MEDIUM
3609,2026-01-07 13:32:23,33.22,2,19,28,43.266169,-2.988987,DELIVERED,1,CLEAR,HIGH
3610,2026-01-08 14:58:03,36.66,2,36,15,43.200441,-2.982041,DELIVERED,9,CLEAR,MEDIUM
3611,2026-01-01 14:31:42,25.79,2,24,24,43.23695,-2.94329,DELIVERED,38,CLEAR,HIGH
3612,2026-01-14 03:27:12,41.26,4,18,17,43.248539,-2.926461,DELIVERED,26,RAIN,LOW
3613,2026-01-27 10:47:11,52.14,4,14,14,43.232897,-2.93165,DELIVERED,46,WIND,MEDIUM
3614,2026-01-30 13:49:31,25.55,2,25,27,43.243246,-2.93647,DELIVERED,20,WIND,MEDIUM
3615,2026-01-23 23:54:01,22.19,2,12,20,43.299336,-2.924706,DELIVERED,43,RAIN,LOW
3616,2026-01-26 17:34:26,12.47,1,25,11,43.2985,-2.936074,DELIVERED,2,CLEAR,LOW
3617,2026-01-03 12:01:48,61.83,5,23,21,43.205803,-2.912488,DELIVERED,34,RAIN,MEDIUM
3618,2026-01-22 23:02:03,29.21,2,23,16,43.228615,-2.946735,DELIVERED,12,CLEAR,MEDIUM
3619,2026-01-31 15:14:24,39.23,2,32,15,43.251687,-2.9053,DELIVERED,18,CLEAR,MEDIUM
3620,2026-01-07 23:23:18,77.49,4,29,20,43.282711,-2.928665,DELIVERED,23,CLEAR,LOW
3621,2026-01-29 14:20:06,51.54,5,22,17,43.290973,-2.901745,DELIVERED,4,CLEAR,MEDIUM
3622,2026-01-07 21:43:45,29.11,3,27,21,43.275935,-2.96293,DELIVERED,26,WIND,HIGH
3623,2026-01-30 14:57:24,53.78,3,34,23,43.233001,-2.923597,DELIVERED,23,WIND,HIGH
3624,2026-01-09 18:56:21,76.02,6,17,14,43.200224,-2.970919,DELIVERED,46,CLEAR,LOW
3625,2026-01-05 04:50:05,11.68,1,15,25,43.22111,-2.916732,DELIVERED,46,WIND,MEDIUM
3626,2026-01-11 20:43:37,88.55,6,21,20,43.213751,-2.937687,CANCELLED,32,WIND,LOW
3627,2026-01-31 21:18:50,107.74,6,33,34,43.279545,-2.925938,DELIVERED,18,WIND,HIGH
3628,2026-01-23 07:37:20,54.62,5,18,19,43.266073,-2.950173,DELIVERED,4,RAIN,LOW
3629,2026-01-04 21:17:12,76.12,6,29,34,43.212216,-2.921161,DELIVERED,11,RAIN,HIGH
3630,2026-01-29 14:21:02,23.22,2,22,31,43.252327,-2.92518,DELIVERED,44,CLEAR,HIGH
3631,2026-01-25 16:58:05,86.9,6,29,12,43.244607,-2.959239,DELIVERED,12,CLEAR,MEDIUM
3632,2026-01-27 05:17:30,40.58,2,28,16,43.27315,-2.924655,DELIVERED,33,CLEAR,LOW
3633,2026-01-30 21:21:58,71.03,4,28,16,43.204799,-2.91169,DELIVERED,36,CLEAR,MEDIUM
3634,2026-01-21 06:40:50,52.0,5,13,19,43.23787,-2.987575,DELIVERED,44,CLEAR,LOW
3635,2026-01-08 08:26:17,49.95,4,18,25,43.268612,-2.962581,DELIVERED,35,RAIN,MEDIUM
3636,2026-01-10 14:56:51,13.02,1,21,18,43.286479,-2.910431,DELIVERED,31,CLEAR,HIGH
3637,2026-01-14 08:06:13,43.13,5,12,23,43.253079,-2.960851,DELIVERED,50,RAIN,LOW
3638,2026-01-19 20:36:41,87.92,6,22,24,43.223603,-2.977624,DELIVERED,14,CLEAR,MEDIUM
3639,2026-01-12 15:33:41,80.56,6,22,18,43.281816,-2.889894,DELIVERED,39,CLEAR,MEDIUM
3640,2026-01-13 21:38:51,110.35,6,34,28,43.298992,-2.883502,DELIVERED,6,WIND,HIGH
3641,2026-01-16 08:10:47,12.73,1,15,17,43.296442,-2.902088,DELIVERED,31,RAIN,LOW
3642,2026-01-16 13:23:45,72.18,4,35,23,43.297262,-2.955345,DELIVERED,23,RAIN,MEDIUM
3643,2026-01-27 22:37:52,88.68,5,32,26,43.234431,-2.916954,DELIVERED,23,CLEAR,HIGH
3644,2026-01-27 08:22:22,28.28,3,15,20,43.273416,-2.912971,CANCELLED,20,CLEAR,MEDIUM
3645,2026-01-24 23:39:40,110.28,6,29,23,43.214902,-2.949241,DELIVERED,9,RAIN,LOW
3646,2026-01-02 01:14:56,73.49,4,30,22,43.258409,-2.98476,DELIVERED,9,CLEAR,MEDIUM
3647,2026-01-29 22:55:41,57.2,4,31,17,43.298249,-2.899682,DELIVERED,25,CLEAR,MEDIUM
3648,2026-01-28 21:14:17,51.27,4,29,18,43.245405,-2.975577,DELIVERED,35,CLEAR,MEDIUM
3649,2026-01-16 21:05:33,33.8,2,30,35,43.255389,-2.95706,DELIVERED,25,RAIN,HIGH
3650,2026-01-13 21:36:35,83.79,6,19,22,43.232291,-2.936179,DELIVERED,1,CLEAR,HIGH
3651,2026-01-09 13:29:20,30.95,2,25,21,43.234755,-2.906699,DELIVERED,46,CLEAR,HIGH
3652,2026-01-23 21:16:51,46.77,4,28,31,43.261951,-2.976911,DELIVERED,45,RAIN,HIGH
3653,2026-01-21 23:37:07,18.91,1,23,25,43.299895,-2.978336,DELIVERED,36,CLEAR,HIGH
3654,2026-01-23 20:57:10,45.23,4,17,14,43.236633,-2.987861,DELIVERED,47,CLEAR,LOW
3655,2026-01-12 22:19:12,55.51,5,20,25,43.235179,-2.969222,DELIVERED,4,WIND,MEDIUM
3656,2026-01-21 06:43:13,52.13,4,20,23,43.252211,-2.920122,DELIVERED,11,CLEAR,MEDIUM
3657,2026-01-19 14:17:23,55.1,5,21,25,43.219496,-2.907393,DELIVERED,19,CLEAR,HIGH
3658,2026-01-26 10:16:24,29.73,2,14,18,43.271479,-2.944887,DELIVERED,1,WIND,LOW
3659,2026-01-17 17:44:18,37.2,2,25,24,43.273585,-2.904011,DELIVERED,28,CLEAR,HIGH
3660,2026-01-09 23:34:18,56.62,4,17,12,43.230338,-2.889058,DELIVERED,39,CLEAR,LOW
3661,2026-01-09 23:52:06,41.07,3,11,14,43.257023,-2.988302,DELIVERED,8,CLEAR,MEDIUM
3662,2026-01-30 03:56:11,14.97,1,10,18,43.246174,-2.900769,DELIVERED,44,CLEAR,LOW
3663,2026-01-16 06:18:42,62.03,5,18,25,43.290677,-2.916277,DELIVERED,24,WIND,MEDIUM
3664,2026-01-23 20:54:30,57.83,3,20,14,43.213108,-2.959809,DELIVERED,10,CLEAR,MEDIUM
3665,2026-01-10 13:25:03,40.75,2,29,28,43.296538,-2.96284,DELIVERED,6,RAIN,MEDIUM
3666,2026-01-14 23:14:26,26.1,3,13,18,43.224718,-2.952689,DELIVERED,7,CLEAR,LOW
3667,2026-01-15 22:43:44,69.61,5,26,23,43.292496,-2.929151,CANCELLED,25,CLEAR,HIGH
3668,2026-01-23 05:13:26,72.93,6,14,20,43.205175,-2.968294,DELIVERED,35,CLEAR,MEDIUM
3669,2026-01-07 22:56:44,40.34,3,29,19,43.270956,-2.891958,DELIVERED,2,CLEAR,MEDIUM
3670,2026-01-30 16:05:02,67.33,5,16,28,43.299918,-2.922944,DELIVERED,46,RAIN,LOW
3671,2026-01-08 05:33:26,44.75,4,16,20,43.296619,-2.932208,DELIVERED,30,WIND,HIGH
3672,2026-01-03 12:44:42,18.85,1,16,19,43.265575,-2.931235,CANCELLED,27,CLEAR,LOW
3673,2026-01-13 09:09:11,45.67,4,13,10,43.213122,-2.881239,CANCELLED,30,CLEAR,LOW
3674,2026-01-17 20:46:11,38.51,3,26,19,43.29424,-2.930234,DELIVERED,29,CLEAR,LOW
3675,2026-01-04 15:20:02,67.72,5,13,15,43.211955,-2.939638,DELIVERED,17,CLEAR,LOW
3676,2026-01-14 20:34:12,29.61,3,15,15,43.212491,-2.94774,DELIVERED,30,RAIN,LOW
3677,2026-01-21 02:57:20,23.25,1,29,18,43.258987,-2.967794,CANCELLED,18,WIND,LOW
3678,2026-01-17 12:22:41,21.77,2,9,11,43.297333,-2.93489,DELIVERED,37,CLEAR,LOW
3679,2026-01-10 15:07:01,42.79,4,11,17,43.298408,-2.983456,DELIVERED,44,CLEAR,LOW
3680,2026-01-26 08:11:28,55.94,6,9,15,43.27434,-2.900536,DELIVERED,49,RAIN,LOW
3681,2026-01-09 22:20:12,12.37,1,22,23,43.231066,-2.898893,DELIVERED,47,WIND,MEDIUM
3682,2026-01-09 21:47:27,54.54,5,15,32,43.205263,-2.930534,DELIVERED,30,WIND,HIGH
3683,2026-01-12 20:54:53,12.5,1,24,13,43.221239,-2.943335,DELIVERED,48,CLEAR,LOW
3684,2026-01-15 15:26:24,40.35,3,24,10,43.248443,-2.979299,DELIVERED,29,CLEAR,LOW
3685,2026-01-01 10:06:04,47.98,3,17,20,43.294745,-2.971919,DELIVERED,13,CLEAR,LOW
3686,2026-01-19 19:13:26,10.54,1,9,15,43.271483,-2.955203,DELIVERED,50,CLEAR,MEDIUM
3687,2026-01-08 14:24:03,28.5,2,18,24,43.282543,-2.903366,DELIVERED,1,RAIN,HIGH
3688,2026-01-13 22:26:16,20.05,1,33,23,43.208384,-2.881205,DELIVERED,18,CLEAR,HIGH
3689,2026-01-11 23:56:52,56.39,6,10,14,43.212892,-2.919318,DELIVERED,7,CLEAR,LOW
3690,2026-01-15 21:36:00,13.35,1,19,20,43.264731,-2.926251,DELIVERED,47,WIND,MEDIUM
3691,2026-01-19 08:48:04,49.34,4,25,18,43.274845,-2.981973,DELIVERED,29,CLEAR,LOW
3692,2026-01-31 14:57:47,40.22,3,29,29,43.224379,-2.975044,DELIVERED,2,CLEAR,HIGH
3693,2026-01-16 11:15:47,70.92,6,17,16,43.242044,-2.903971,DELIVERED,35,WIND,LOW
3694,2026-01-28 22:38:03,63.15,6,26,23,43.23942,-2.883083,DELIVERED,47,CLEAR,HIGH
3695,2026-01-26 12:42:04,15.83,1,19,25,43.299998,-2.894083,DELIVERED,26,RAIN,MEDIUM
3696,2026-01-02 21:55:53,41.72,3,24,26,43.204224,-2.916544,DELIVERED,46,CLEAR,HIGH
3697,2026-01-27 23:48:05,38.1,3,23,22,43.205306,-2.935179,DELIVERED,34,RAIN,LOW
3698,2026-01-05 12:05:21,70.42,6,19,24,43.224302,-2.917833,DELIVERED,45,CLEAR,HIGH
3699,2026-01-13 22:46:15,77.32,6,23,31,43.252794,-2.941692,DELIVERED,17,RAIN,HIGH
3700,2026-01-15 22:07:42,62.01,6,27,28,43.2539,-2.933775,DELIVERED,47,WIND,HIGH
3701,2026-01-23 22:44:35,40.71,2,32,24,43.276514,-2.95345,DELIVERED,28,CLEAR,HIGH
3702,2026-01-25 13:01:26,38.76,2,35,21,43.264679,-2.950067,DELIVERED,18,WIND,HIGH
3703,2026-01-18 21:24:09,29.4,2,25,25,43.294494,-2.933528,DELIVERED,14,CLEAR,HIGH
3704,2026-01-16 22:18:44,88.66,6,33,31,43.28158,-2.984979,DELIVERED,25,WIND,HIGH
3705,2026-01-19 06:29:22,56.51,6,13,25,43.204257,-2.984657,DELIVERED,16,WIND,MEDIUM
3706,2026-01-21 19:56:01,58.76,4,16,21,43.252621,-2.980921,DELIVERED,1,WIND,MEDIUM
3707,2026-01-13 20:17:34,8.83,1,17,13,43.276554,-2.980383,DELIVERED,31,CLEAR,LOW
3708,2026-01-21 22:38:58,39.82,4,20,24,43.264381,-2.935021,DELIVERED,50,CLEAR,HIGH
3709,2026-01-09 04:44:30,70.07,6,14,11,43.215204,-2.886634,DELIVERED,3,CLEAR,LOW
3710,2026-01-06 21:41:32,61.06,4,22,31,43.214967,-2.945031,DELIVERED,1,RAIN,HIGH
3711,2026-01-17 22:49:06,10.27,1,33,16,43.214137,-2.988312,DELIVERED,22,CLEAR,MEDIUM
3712,2026-01-23 19:17:53,48.49,4,28,23,43.228636,-2.954184,DELIVERED,22,RAIN,LOW
3713,2026-01-04 20:20:55,59.71,6,8,17,43.237559,-2.881496,DELIVERED,49,CLEAR,LOW
3714,2026-01-23 02:24:29,65.83,6,21,13,43.258588,-2.980032,DELIVERED,19,CLEAR,LOW
3715,2026-01-30 15:36:01,13.42,1,25,19,43.271407,-2.949292,DELIVERED,29,CLEAR,LOW
3716,2026-01-12 12:07:33,37.1,3,17,23,43.228032,-2.959773,DELIVERED,40,CLEAR,MEDIUM
3717,2026-01-08 13:21:38,28.38,2,33,27,43.269664,-2.937341,DELIVERED,34,RAIN,HIGH
3718,2026-01-17 10:51:22,63.06,5,16,17,43.298422,-2.881127,DELIVERED,35,CLEAR,MEDIUM
3719,2026-01-18 20:55:54,65.71,5,18,14,43.253336,-2.895173,DELIVERED,38,CLEAR,LOW
3720,2026-01-14 04:19:44,55.55,4,13,17,43.230526,-2.966619,DELIVERED,8,CLEAR,LOW
3721,2026-01-06 22:02:31,29.65,3,20,24,43.274266,-2.966154,DELIVERED,7,CLEAR,HIGH
3722,2026-01-11 21:09:54,57.99,6,22,32,43.207394,-2.899711,DELIVERED,16,CLEAR,HIGH
3723,2026-01-26 12:46:01,58.99,6,17,14,43.207434,-2.932011,DELIVERED,4,CLEAR,LOW
3724,2026-01-01 21:39:17,24.73,2,34,17,43.217278,-2.946807,DELIVERED,2,CLEAR,MEDIUM
3725,2026-01-12 14:58:18,8.18,1,19,30,43.218364,-2.93455,DELIVERED,49,RAIN,MEDIUM
3726,2026-01-23 19:06:44,91.96,5,20,11,43.213109,-2.930455,DELIVERED,36,CLEAR,LOW
3727,2026-01-07 07:23:23,43.71,3,24,24,43.250998,-2.950031,DELIVERED,12,WIND,MEDIUM
3728,2026-01-17 01:17:32,10.82,1,20,29,43.219598,-2.898291,DELIVERED,19,RAIN,MEDIUM
3729,2026-01-28 14:05:59,73.41,6,26,25,43.292741,-2.918405,CANCELLED,45,RAIN,HIGH
3730,2026-01-11 13:37:46,17.27,1,19,23,43.271428,-2.898587,DELIVERED,42,CLEAR,HIGH
3731,2026-01-16 22:27:42,29.28,2,31,27,43.294534,-2.887828,DELIVERED,11,CLEAR,HIGH
3732,2026-01-23 00:47:00,17.4,1,20,15,43.208803,-2.929811,DELIVERED,32,CLEAR,MEDIUM
3733,2026-01-08 23:55:46,56.1,3,31,21,43.249422,-2.947501,DELIVERED,9,RAIN,LOW
3734,2026-01-22 21:54:37,60.69,5,24,24,43.294644,-2.949908,DELIVERED,5,CLEAR,MEDIUM
3735,2026-01-21 10:48:31,41.65,4,10,20,43.245607,-2.943349,DELIVERED,37,CLEAR,MEDIUM
3736,2026-01-08 21:57:23,58.72,5,28,23,43.216353,-2.932999,DELIVERED,34,CLEAR,HIGH
3737,2026-01-27 23:30:17,66.72,5,16,25,43.226562,-2.945976,DELIVERED,38,CLEAR,MEDIUM
3738,2026-01-17 17:43:16,54.02,6,10,22,43.281336,-2.88649,CANCELLED,50,RAIN,LOW
3739,2026-01-02 23:47:29,17.73,1,12,26,43.279718,-2.987101,DELIVERED,8,CLEAR,HIGH
3740,2026-01-26 03:11:34,55.93,3,22,24,43.226433,-2.980423,DELIVERED,10,CLEAR,MEDIUM
3741,2026-01-06 12:51:00,63.82,5,20,19,43.292131,-2.887769,DELIVERED,11,WIND,MEDIUM
3742,2026-01-10 06:32:48,82.84,6,17,17,43.266464,-2.92196,DELIVERED,1,CLEAR,MEDIUM
3743,2026-01-06 12:16:32,11.11,1,17,23,43.295908,-2.950452,DELIVERED,19,RAIN,LOW
3744,2026-01-16 13:44:56,23.55,1,31,28,43.210588,-2.929096,DELIVERED,28,CLEAR,HIGH
3745,2026-01-12 14:23:50,109.81,6,30,22,43.217309,-2.914846,DELIVERED,18,CLEAR,HIGH
3746,2026-01-03 17:14:28,56.37,4,26,27,43.25142,-2.932579,DELIVERED,12,RAIN,LOW
3747,2026-01-13 21:32:55,83.66,6,19,22,43.201701,-2.903408,DELIVERED,8,CLEAR,HIGH
3748,2026-01-16 22:29:18,27.4,3,20,31,43.202344,-2.977416,DELIVERED,7,RAIN,HIGH
3749,2026-01-01 21:00:08,14.94,1,32,19,43.250831,-2.975981,DELIVERED,38,CLEAR,MEDIUM
3750,2026-01-03 13:03:27,18.58,2,17,20,43.214223,-2.885385,CANCELLED,37,CLEAR,MEDIUM
3751,2026-01-16 23:03:35,21.06,2,20,10,43.211646,-2.895833,DELIVERED,26,CLEAR,LOW
3752,2026-01-04 14:06:02,11.66,1,26,21,43.23086,-2.981033,DELIVERED,29,CLEAR,HIGH
3753,2026-01-01 21:09:49,22.51,1,31,25,43.291739,-2.89601,DELIVERED,9,CLEAR,HIGH
3754,2026-01-07 06:02:32,48.51,5,17,21,43.268652,-2.909001,DELIVERED,19,RAIN,LOW
3755,2026-01-04 00:25:29,73.26,6,14,34,43.243285,-2.963602,DELIVERED,35,RAIN,HIGH
3756,2026-01-28 22:43:40,28.7,2,25,21,43.234485,-2.901674,DELIVERED,5,CLEAR,MEDIUM
3757,2026-01-11 16:59:00,30.79,2,18,21,43.286865,-2.882333,DELIVERED,38,CLEAR,MEDIUM
3758,2026-01-08 03:22:53,58.15,6,12,20,43.274163,-2.974631,DELIVERED,44,CLEAR,MEDIUM
3759,2026-01-30 20:27:29,31.73,3,15,26,43.213252,-2.98787,DELIVERED,7,RAIN,LOW
3760,2026-01-12 21:00:27,34.51,2,34,21,43.276594,-2.969865,DELIVERED,18,CLEAR,HIGH
3761,2026-01-31 17:17:58,58.84,6,16,23,43.296698,-2.906869,DELIVERED,26,RAIN,LOW
3762,2026-01-21 21:28:40,43.32,3,21,27,43.221734,-2.950602,DELIVERED,27,CLEAR,HIGH
3763,2026-01-05 23:07:53,70.3,4,33,20,43.245454,-2.898199,DELIVERED,9,RAIN,LOW
3764,2026-01-25 03:55:31,34.94,4,12,17,43.266684,-2.938628,DELIVERED,16,CLEAR,LOW
3765,2026-01-04 21:45:23,12.68,1,20,25,43.232981,-2.889163,CANCELLED,44,CLEAR,HIGH
3766,2026-01-07 09:27:39,64.01,6,13,17,43.245832,-2.916312,DELIVERED,41,CLEAR,MEDIUM
3767,2026-01-01 15:12:02,59.43,3,23,11,43.239452,-2.971608,DELIVERED,10,CLEAR,LOW
3768,2026-01-15 03:30:49,7.27,1,8,22,43.202485,-2.893034,DELIVERED,50,WIND,LOW
3769,2026-01-23 06:17:59,77.39,6,19,13,43.256478,-2.889379,DELIVERED,39,CLEAR,LOW
3770,2026-01-01 14:11:05,26.96,2,26,15,43.213047,-2.979678,DELIVERED,14,CLEAR,MEDIUM
3771,2026-01-03 02:58:47,89.26,5,30,16,43.263613,-2.883824,DELIVERED,18,CLEAR,LOW
3772,2026-01-26 12:38:06,40.42,3,21,12,43.226665,-2.922564,DELIVERED,32,CLEAR,LOW
3773,2026-01-07 22:07:55,38.81,3,18,28,43.26087,-2.947058,DELIVERED,27,WIND,HIGH
3774,2026-01-12 13:08:39,112.72,6,26,21,43.207201,-2.969833,DELIVERED,36,CLEAR,MEDIUM
3775,2026-01-27 19:13:08,41.79,4,12,18,43.277238,-2.962303,DELIVERED,43,CLEAR,MEDIUM
3776,2026-01-03 21:09:15,82.18,6,17,29,43.272415,-2.962649,DELIVERED,27,CLEAR,HIGH
3777,2026-01-30 14:21:54,12.37,1,18,23,43.276999,-2.928503,DELIVERED,46,CLEAR,HIGH
3778,2026-01-24 17:46:38,55.44,4,16,18,43.298356,-2.98355,DELIVERED,11,CLEAR,LOW
3779,2026-01-29 12:36:11,20.54,1,20,18,43.211236,-2.884536,DELIVERED,6,CLEAR,LOW
3780,2026-01-15 02:12:21,90.28,5,25,18,43.228137,-2.974655,DELIVERED,33,RAIN,LOW
3781,2026-01-29 05:04:55,32.36,3,12,18,43.219928,-2.974795,DELIVERED,43,CLEAR,HIGH
3782,2026-01-13 22:59:09,60.34,5,33,12,43.206058,-2.941444,DELIVERED,2,CLEAR,MEDIUM
3783,2026-01-12 20:36:04,20.93,1,29,22,43.284064,-2.967467,DELIVERED,18,WIND,HIGH
3784,2026-01-14 13:28:01,45.61,5,18,32,43.21495,-2.911239,DELIVERED,16,RAIN,HIGH
3785,2026-01-05 23:13:05,53.64,5,18,16,43.223394,-2.957884,DELIVERED,47,CLEAR,LOW
3786,2026-01-28 20:42:02,20.13,2,13,14,43.226805,-2.920496,DELIVERED,15,CLEAR,MEDIUM
3787,2026-01-27 21:11:57,13.13,1,34,33,43.204293,-2.887871,CANCELLED,2,RAIN,HIGH
3788,2026-01-11 14:14:08,67.84,5,26,20,43.25561,-2.983569,DELIVERED,46,CLEAR,HIGH
3789,2026-01-10 10:40:09,36.67,2,31,17,43.223475,-2.900824,DELIVERED,23,CLEAR,MEDIUM
3790,2026-01-31 14:13:43,95.13,5,26,27,43.236744,-2.969508,DELIVERED,6,WIND,HIGH
3791,2026-01-05 23:47:54,70.38,5,16,12,43.263933,-2.929973,DELIVERED,1,CLEAR,LOW
3792,2026-01-17 00:22:53,40.89,3,24,18,43.286257,-2.968585,DELIVERED,34,CLEAR,LOW
3793,2026-01-03 22:42:50,15.27,1,21,23,43.294403,-2.939843,DELIVERED,30,CLEAR,MEDIUM
3794,2026-01-23 22:13:06,21.7,1,32,31,43.263488,-2.952687,DELIVERED,36,RAIN,HIGH
3795,2026-01-13 22:12:36,34.81,3,25,22,43.268032,-2.890492,DELIVERED,45,CLEAR,HIGH
3796,2026-01-11 17:37:55,24.81,2,28,12,43.204319,-2.907092,DELIVERED,2,CLEAR,LOW
3797,2026-01-27 14:21:56,9.58,1,21,26,43.291146,-2.960815,DELIVERED,15,CLEAR,HIGH
3798,2026-01-08 07:12:37,12.18,1,17,20,43.254259,-2.925745,DELIVERED,39,CLEAR,LOW
3799,2026-01-10 12:59:55,82.17,6,18,21,43.260846,-2.912973,DELIVERED,1,RAIN,MEDIUM
3800,2026-01-05 22:26:44,11.11,1,16,28,43.289494,-2.912693,DELIVERED,8,CLEAR,HIGH
3801,2026-01-07 21:35:24,27.35,2,26,17,43.205252,-2.891517,DELIVERED,32,WIND,MEDIUM
3802,2026-01-28 19:25:38,19.28,1,25,16,43.2199,-2.909977,DELIVERED,36,CLEAR,LOW
3803,2026-01-04 21:30:40,70.19,5,31,14,43.230794,-2.936621,DELIVERED,12,CLEAR,MEDIUM
3804,2026-01-05 07:36:45,40.4,3,23,21,43.217334,-2.963444,DELIVERED,34,CLEAR,HIGH
3805,2026-01-26 20:50:53,11.14,1,20,28,43.23615,-2.923928,CANCELLED,24,RAIN,LOW
3806,2026-01-13 22:38:41,38.02,3,30,25,43.264591,-2.934741,DELIVERED,29,WIND,HIGH
3807,2026-01-30 12:16:09,25.14,2,12,12,43.281966,-2.985888,DELIVERED,27,CLEAR,LOW
3808,2026-01-04 14:23:12,20.51,1,31,20,43.226253,-2.913822,DELIVERED,28,RAIN,MEDIUM
3809,2026-01-08 14:09:24,113.48,6,29,31,43.242742,-2.924599,DELIVERED,36,RAIN,HIGH
3810,2026-01-11 23:09:54,41.11,2,30,18,43.293982,-2.902598,DELIVERED,18,RAIN,LOW
3811,2026-01-14 22:30:10,18.61,2,14,25,43.258046,-2.916896,DELIVERED,16,CLEAR,HIGH
3812,2026-01-19 21:20:06,74.66,6,22,20,43.276773,-2.932901,DELIVERED,5,CLEAR,MEDIUM
3813,2026-01-10 22:39:45,46.71,4,34,23,43.278428,-2.936699,DELIVERED,34,CLEAR,HIGH
3814,2026-01-28 19:05:54,12.52,1,20,26,43.267198,-2.939311,DELIVERED,46,CLEAR,HIGH
3815,2026-01-10 02:06:08,14.35,1,19,28,43.225853,-2.916101,DELIVERED,32,RAIN,MEDIUM
3816,2026-01-26 11:20:10,20.72,2,9,29,43.202934,-2.907919,DELIVERED,43,RAIN,HIGH
3817,2026-01-17 22:42:11,65.04,5,26,38,43.257856,-2.898922,CANCELLED,38,RAIN,HIGH
3818,2026-01-16 14:07:53,48.59,5,14,20,43.246223,-2.911863,DELIVERED,7,CLEAR,MEDIUM
3819,2026-01-29 21:03:49,50.23,5,20,22,43.281927,-2.92647,DELIVERED,41,CLEAR,HIGH
3820,2026-01-28 23:14:00,54.02,6,12,25,43.299331,-2.985738,DELIVERED,49,WIND,LOW
3821,2026-01-24 19:47:47,53.98,5,11,18,43.205919,-2.924101,DELIVERED,20,RAIN,LOW
3822,2026-01-30 13:38:34,83.41,6,17,20,43.230822,-2.913155,DELIVERED,27,CLEAR,HIGH
3823,2026-01-29 03:16:52,74.14,5,19,24,43.233558,-2.923823,CANCELLED,13,CLEAR,HIGH
3824,2026-01-01 21:30:10,73.66,6,24,23,43.270876,-2.931993,DELIVERED,3,CLEAR,HIGH
3825,2026-01-10 14:58:38,75.81,4,34,29,43.294114,-2.883288,DELIVERED,33,CLEAR,HIGH
3826,2026-01-05 15:35:21,70.8,5,16,10,43.284475,-2.926399,DELIVERED,39,CLEAR,LOW
3827,2026-01-19 00:13:41,74.04,5,22,23,43.272269,-2.985541,DELIVERED,14,CLEAR,MEDIUM
3828,2026-01-04 18:28:11,46.28,5,14,22,43.254564,-2.929437,DELIVERED,49,CLEAR,MEDIUM
3829,2026-01-25 16:28:48,9.37,1,12,13,43.263171,-2.986795,DELIVERED,31,CLEAR,MEDIUM
3830,2026-01-03 15:52:30,12.96,1,11,17,43.208277,-2.943867,DELIVERED,30,CLEAR,LOW
3831,2026-01-03 14:08:07,83.29,6,24,22,43.23714,-2.918953,DELIVERED,17,CLEAR,HIGH
3832,2026-01-01 22:04:33,63.38,5,24,20,43.202726,-2.966351,DELIVERED,29,CLEAR,HIGH
3833,2026-01-14 14:25:08,12.2,1,21,25,43.246812,-2.942564,CANCELLED,50,CLEAR,HIGH
3834,2026-01-27 09:43:28,46.1,3,16,12,43.276505,-2.885375,DELIVERED,13,CLEAR,LOW
3835,2026-01-19 18:56:00,52.86,4,19,20,43.219482,-2.932199,DELIVERED,11,CLEAR,LOW
3836,2026-01-20 21:34:52,54.48,6,25,18,43.239094,-2.885981,DELIVERED,16,CLEAR,MEDIUM
3837,2026-01-08 03:24:58,58.87,3,34,12,43.217795,-2.979384,DELIVERED,23,CLEAR,LOW
3838,2026-01-21 17:52:22,83.34,6,16,14,43.235524,-2.881916,DELIVERED,11,CLEAR,MEDIUM
3839,2026-01-25 13:30:10,34.84,2,39,22,43.269665,-2.97002,DELIVERED,9,CLEAR,MEDIUM
3840,2026-01-06 22:41:16,74.29,4,36,22,43.229819,-2.958045,CANCELLED,18,RAIN,MEDIUM
3841,2026-01-14 21:16:54,34.63,2,42,20,43.230589,-2.915468,DELIVERED,18,CLEAR,MEDIUM
3842,2026-01-18 14:10:45,26.0,3,27,27,43.298737,-2.959163,DELIVERED,21,RAIN,HIGH
3843,2026-01-22 21:01:56,34.36,3,25,24,43.230074,-2.9082,DELIVERED,47,CLEAR,HIGH
3844,2026-01-08 12:04:54,59.27,5,26,27,43.287653,-2.930405,DELIVERED,2,RAIN,LOW
3845,2026-01-16 21:43:06,21.11,1,39,16,43.215158,-2.9643,CANCELLED,18,CLEAR,MEDIUM
3846,2026-01-20 10:53:36,35.9,4,19,14,43.225454,-2.910318,DELIVERED,21,CLEAR,LOW
3847,2026-01-04 16:37:31,17.61,1,21,22,43.240983,-2.892275,DELIVERED,29,CLEAR,MEDIUM
3848,2026-01-02 14:28:19,34.08,3,25,23,43.257945,-2.974504,DELIVERED,44,CLEAR,HIGH
3849,2026-01-24 13:22:31,73.95,6,26,21,43.295747,-2.977943,DELIVERED,45,WIND,MEDIUM
3850,2026-01-08 16:49:53,68.12,5,18,15,43.248356,-2.912158,DELIVERED,13,CLEAR,MEDIUM
3851,2026-01-31 15:36:17,24.86,2,19,28,43.221489,-2.989867,DELIVERED,3,RAIN,LOW
3852,2026-01-03 23:21:47,15.54,1,22,22,43.299659,-2.983723,DELIVERED,39,CLEAR,MEDIUM
3853,2026-01-29 13:59:36,26.98,2,25,20,43.295353,-2.97261,DELIVERED,1,CLEAR,HIGH
3854,2026-01-04 10:32:55,106.5,6,34,25,43.207366,-2.934952,DELIVERED,23,CLEAR,MEDIUM
3855,2026-01-21 13:17:52,70.86,5,22,29,43.213882,-2.884248,DELIVERED,25,RAIN,MEDIUM
3856,2026-01-21 22:11:35,50.56,4,23,27,43.280578,-2.976895,DELIVERED,29,CLEAR,HIGH
3857,2026-01-21 14:02:10,40.57,3,20,29,43.223838,-2.893681,CANCELLED,3,WIND,HIGH
3858,2026-01-03 15:12:57,12.06,1,12,17,43.237702,-2.914776,DELIVERED,15,WIND,MEDIUM
3859,2026-01-14 04:07:00,52.12,4,19,19,43.246687,-2.98192,DELIVERED,24,CLEAR,MEDIUM
3860,2026-01-19 10:48:14,57.48,4,19,19,43.220928,-2.9096,DELIVERED,25,CLEAR,MEDIUM
3861,2026-01-26 13:53:55,56.69,4,23,18,43.2232,-2.94355,DELIVERED,38,CLEAR,HIGH
3862,2026-01-03 13:26:15,64.69,6,17,17,43.249942,-2.883732,DELIVERED,15,WIND,MEDIUM
3863,2026-01-16 10:47:22,112.6,6,23,11,43.209386,-2.933329,DELIVERED,28,CLEAR,LOW
3864,2026-01-02 14:42:28,49.16,5,26,30,43.219276,-2.934375,CANCELLED,20,CLEAR,HIGH
3865,2026-01-04 22:07:42,13.14,1,22,30,43.298515,-2.885452,DELIVERED,35,RAIN,HIGH
3866,2026-01-03 13:18:04,35.48,2,28,17,43.260305,-2.963631,DELIVERED,6,CLEAR,MEDIUM
3867,2026-01-05 21:44:20,90.54,5,41,28,43.203694,-2.919768,DELIVERED,9,WIND,HIGH
3868,2026-01-05 10:11:20,37.23,3,16,13,43.277213,-2.971226,DELIVERED,46,CLEAR,LOW
3869,2026-01-16 14:43:18,57.56,3,33,31,43.214391,-2.977723,DELIVERED,33,WIND,HIGH
3870,2026-01-15 18:13:17,76.5,6,15,15,43.234553,-2.917812,DELIVERED,35,CLEAR,MEDIUM
3871,2026-01-07 17:47:54,37.47,2,24,22,43.202758,-2.98039,DELIVERED,10,WIND,LOW
3872,2026-01-17 14:48:27,26.38,2,30,15,43.251067,-2.942407,DELIVERED,29,CLEAR,MEDIUM
3873,2026-01-18 21:08:58,57.93,6,19,24,43.290202,-2.889759,DELIVERED,21,CLEAR,MEDIUM
3874,2026-01-30 15:10:25,69.43,5,16,10,43.243074,-2.962775,DELIVERED,1,CLEAR,LOW
3875,2026-01-08 20:20:41,35.52,2,29,13,43.226574,-2.913872,DELIVERED,23,CLEAR,LOW
3876,2026-01-21 22:31:35,13.46,1,30,30,43.244794,-2.905528,DELIVERED,11,CLEAR,HIGH
3877,2026-01-05 06:29:28,23.68,1,30,15,43.25427,-2.93964,DELIVERED,33,CLEAR,MEDIUM
3878,2026-01-30 12:30:32,23.79,1,33,15,43.242698,-2.896333,DELIVERED,9,CLEAR,LOW
3879,2026-01-31 14:14:09,77.21,6,19,26,43.29162,-2.986086,DELIVERED,42,CLEAR,HIGH
3880,2026-01-05 14:48:21,16.62,1,34,35,43.232923,-2.98285,DELIVERED,22,RAIN,HIGH
3881,2026-01-10 12:51:31,38.24,4,12,18,43.264246,-2.988674,DELIVERED,44,CLEAR,LOW
3882,2026-01-25 06:50:40,71.58,4,22,20,43.226561,-2.888788,DELIVERED,10,CLEAR,MEDIUM
3883,2026-01-29 21:38:59,112.09,6,27,23,43.276418,-2.902637,DELIVERED,28,RAIN,HIGH
3884,2026-01-19 14:42:08,51.31,4,35,23,43.273363,-2.981254,DELIVERED,22,CLEAR,MEDIUM
3885,2026-01-20 19:32:21,21.65,2,14,15,43.280531,-2.905533,DELIVERED,49,CLEAR,LOW
3886,2026-01-16 13:12:42,76.32,6,27,24,43.233056,-2.939227,DELIVERED,38,CLEAR,HIGH
3887,2026-01-01 13:44:48,80.36,6,27,18,43.270259,-2.951323,CANCELLED,11,CLEAR,MEDIUM
3888,2026-01-02 10:49:03,54.17,5,16,10,43.201322,-2.911492,DELIVERED,47,CLEAR,LOW
3889,2026-01-07 23:51:38,14.9,1,10,23,43.244967,-2.934559,DELIVERED,37,RAIN,MEDIUM
3890,2026-01-18 23:47:48,38.91,4,14,20,43.231563,-2.889897,DELIVERED,21,CLEAR,MEDIUM
3891,2026-01-02 15:46:13,29.84,3,22,17,43.259981,-2.905829,DELIVERED,4,CLEAR,LOW
3892,2026-01-15 20:29:24,37.66,3,18,21,43.285424,-2.954575,DELIVERED,34,CLEAR,HIGH
3893,2026-01-28 22:34:38,30.54,2,23,32,43.204082,-2.959156,DELIVERED,46,RAIN,HIGH
3894,2026-01-04 22:29:38,58.41,5,24,24,43.213681,-2.899754,DELIVERED,35,WIND,HIGH
3895,2026-01-20 08:13:02,25.74,3,13,17,43.2154,-2.94043,DELIVERED,49,CLEAR,MEDIUM
3896,2026-01-02 15:40:41,28.38,2,16,19,43.227652,-2.881044,DELIVERED,5,WIND,LOW
3897,2026-01-21 22:44:33,111.2,6,32,14,43.25099,-2.887768,DELIVERED,33,CLEAR,MEDIUM
3898,2026-01-08 20:13:36,22.84,2,17,22,43.239472,-2.936118,DELIVERED,40,WIND,LOW
3899,2026-01-13 04:46:21,11.69,1,20,13,43.26693,-2.960136,CANCELLED,29,CLEAR,MEDIUM
3900,2026-01-27 21:29:25,46.94,5,20,27,43.266133,-2.888955,DELIVERED,50,CLEAR,HIGH
3901,2026-01-04 20:30:53,30.02,3,8,16,43.266669,-2.909026,DELIVERED,43,CLEAR,LOW
3902,2026-01-15 12:58:21,56.28,3,34,17,43.217777,-2.91636,DELIVERED,23,RAIN,LOW
3903,2026-01-14 12:41:41,47.45,3,17,17,43.200595,-2.900044,DELIVERED,32,WIND,LOW
3904,2026-01-08 17:32:52,56.09,4,19,16,43.28524,-2.942014,DELIVERED,48,CLEAR,LOW
3905,2026-01-15 21:27:29,39.47,3,27,24,43.268471,-2.88773,DELIVERED,34,CLEAR,HIGH
3906,2026-01-01 13:06:36,18.77,1,18,19,43.280165,-2.976487,DELIVERED,8,CLEAR,HIGH
3907,2026-01-14 09:23:21,51.41,4,24,11,43.258502,-2.887498,DELIVERED,2,CLEAR,LOW
3908,2026-01-31 02:50:14,24.18,2,23,21,43.276732,-2.97429,DELIVERED,24,RAIN,MEDIUM
3909,2026-01-23 13:53:36,22.93,2,26,24,43.290005,-2.890335,DELIVERED,5,CLEAR,MEDIUM
3910,2026-01-27 21:51:07,51.99,4,31,18,43.242711,-2.986843,DELIVERED,22,CLEAR,MEDIUM
3911,2026-01-03 14:37:16,77.18,6,22,36,43.266083,-2.96261,CANCELLED,24,WIND,HIGH
3912,2026-01-13 13:49:43,9.03,1,21,14,43.262941,-2.910024,DELIVERED,15,CLEAR,MEDIUM
3913,2026-01-24 21:17:46,49.1,4,17,23,43.217112,-2.967025,CANCELLED,35,CLEAR,MEDIUM
3914,2026-01-24 19:19:43,27.58,2,22,21,43.218607,-2.96653,DELIVERED,14,RAIN,MEDIUM
3915,2026-01-17 06:28:36,47.06,5,12,10,43.257909,-2.92862,DELIVERED,31,CLEAR,LOW
3916,2026-01-31 14:25:09,52.25,6,16,26,43.24932,-2.928031,DELIVERED,7,WIND,MEDIUM
3917,2026-01-22 20:52:25,49.99,5,14,14,43.242967,-2.948457,DELIVERED,47,CLEAR,LOW
3918,2026-01-31 22:37:18,50.14,5,16,17,43.291203,-2.925509,DELIVERED,44,WIND,MEDIUM
3919,2026-01-08 17:33:20,26.43,2,18,26,43.276885,-2.978284,DELIVERED,32,WIND,MEDIUM
3920,2026-01-24 14:57:36,19.79,1,37,17,43.296022,-2.914948,DELIVERED,23,CLEAR,MEDIUM
3921,2026-01-26 20:20:42,22.34,2,12,12,43.208162,-2.904072,DELIVERED,7,CLEAR,LOW
3922,2026-01-25 14:55:52,30.03,3,25,29,43.224208,-2.988327,DELIVERED,26,CLEAR,HIGH
3923,2026-01-01 22:52:49,64.65,5,20,19,43.237885,-2.938911,DELIVERED,27,CLEAR,MEDIUM
3924,2026-01-05 23:55:32,12.69,1,10,20,43.292097,-2.976251,DELIVERED,43,CLEAR,LOW
3925,2026-01-14 07:49:42,107.35,6,19,10,43.226601,-2.985724,DELIVERED,10,CLEAR,LOW
3926,2026-01-16 01:52:07,40.19,3,28,28,43.279068,-2.922584,DELIVERED,22,CLEAR,HIGH
3927,2026-01-21 06:50:47,43.71,4,14,12,43.284439,-2.925521,DELIVERED,20,CLEAR,LOW
3928,2026-01-01 21:46:05,45.07,4,26,19,43.206052,-2.936459,DELIVERED,41,CLEAR,HIGH
3929,2026-01-11 23:03:54,17.22,1,23,23,43.229676,-2.935236,DELIVERED,10,RAIN,LOW
3930,2026-01-18 20:15:20,30.3,3,16,12,43.218357,-2.959752,DELIVERED,7,CLEAR,LOW
3931,2026-01-26 13:41:09,35.84,2,34,14,43.264401,-2.911797,DELIVERED,9,CLEAR,MEDIUM
3932,2026-01-16 21:56:22,110.88,6,31,27,43.254678,-2.921828,DELIVERED,36,CLEAR,HIGH
3933,2026-01-18 17:39:18,48.59,5,16,14,43.258522,-2.927698,DELIVERED,30,CLEAR,LOW
3934,2026-01-12 14:14:26,60.94,4,25,29,43.284059,-2.89559,DELIVERED,1,RAIN,HIGH
3935,2026-01-14 15:21:25,72.52,5,24,33,43.244131,-2.989492,CANCELLED,14,WIND,HIGH
3936,2026-01-21 06:06:15,57.6,6,10,11,43.278737,-2.90101,DELIVERED,50,CLEAR,LOW
3937,2026-01-22 21:00:27,56.37,4,22,22,43.278672,-2.980398,DELIVERED,1,CLEAR,MEDIUM
3938,2026-01-29 15:08:15,44.55,5,14,13,43.258544,-2.939873,DELIVERED,21,CLEAR,LOW
3939,2026-01-12 12:21:01,13.46,1,13,12,43.280658,-2.919217,DELIVERED,31,CLEAR,LOW
3940,2026-01-29 22:14:27,65.69,5,19,19,43.260364,-2.885096,DELIVERED,46,CLEAR,MEDIUM
3941,2026-01-03 15:58:42,33.68,3,11,16,43.273356,-2.888247,DELIVERED,41,RAIN,MEDIUM
3942,2026-01-01 20:11:11,35.54,3,14,16,43.23824,-2.883466,DELIVERED,40,CLEAR,LOW
3943,2026-01-23 22:15:56,73.65,5,27,28,43.262222,-2.935491,DELIVERED,13,CLEAR,HIGH
3944,2026-01-16 00:55:14,88.76,5,25,10,43.223916,-2.980066,DELIVERED,10,CLEAR,LOW
3945,2026-01-18 14:21:27,18.48,1,23,22,43.255482,-2.916324,DELIVERED,27,CLEAR,HIGH
3946,2026-01-02 20:02:19,14.04,1,18,19,43.240708,-2.987428,DELIVERED,32,CLEAR,LOW
3947,2026-01-18 14:38:25,75.92,5,24,17,43.203891,-2.905339,CANCELLED,32,CLEAR,MEDIUM
3948,2026-01-11 14:52:33,27.89,3,25,22,43.262626,-2.8864,DELIVERED,7,CLEAR,HIGH
3949,2026-01-29 14:59:12,23.11,2,24,15,43.230251,-2.93077,DELIVERED,45,CLEAR,MEDIUM
3950,2026-01-25 13:56:38,21.29,2,28,29,43.233274,-2.914553,DELIVERED,19,CLEAR,HIGH
3951,2026-01-11 19:41:32,20.07,1,29,25,43.272397,-2.955832,DELIVERED,33,RAIN,MEDIUM
3952,2026-01-04 13:25:34,9.02,1,16,25,43.272266,-2.967539,DELIVERED,30,RAIN,HIGH
3953,2026-01-23 23:58:16,19.55,1,30,17,43.220153,-2.916299,DELIVERED,23,CLEAR,LOW
3954,2026-01-09 21:27:39,70.04,4,37,29,43.255743,-2.973659,DELIVERED,23,RAIN,MEDIUM
3955,2026-01-04 13:45:22,60.75,6,21,26,43.297051,-2.92167,DELIVERED,41,CLEAR,HIGH
3956,2026-01-13 13:28:54,54.13,5,21,22,43.296463,-2.89659,DELIVERED,26,CLEAR,MEDIUM
3957,2026-01-31 12:20:16,49.72,5,13,16,43.285132,-2.880316,DELIVERED,41,CLEAR,LOW
3958,2026-01-18 15:23:43,54.88,4,20,11,43.284693,-2.978122,DELIVERED,46,CLEAR,LOW
3959,2026-01-27 23:24:31,58.43,5,17,17,43.257775,-2.887076,DELIVERED,35,CLEAR,LOW
3960,2026-01-10 12:15:58,39.63,3,18,24,43.286288,-2.953575,DELIVERED,34,RAIN,LOW
3961,2026-01-11 22:22:23,61.22,4,34,30,43.245387,-2.898414,DELIVERED,14,CLEAR,HIGH
3962,2026-01-31 21:46:03,81.42,6,17,22,43.210042,-2.922918,DELIVERED,27,CLEAR,HIGH
3963,2026-01-26 21:51:26,13.42,1,22,27,43.238459,-2.913344,DELIVERED,3,CLEAR,HIGH
3964,2026-01-10 23:05:12,20.88,2,12,24,43.24089,-2.946394,DELIVERED,44,CLEAR,HIGH
3965,2026-01-10 21:31:07,16.31,1,27,20,43.276275,-2.989196,DELIVERED,38,WIND,MEDIUM
3966,2026-01-31 07:18:30,13.37,1,24,20,43.245678,-2.983991,DELIVERED,14,RAIN,LOW
3967,2026-01-23 12:53:23,58.73,5,19,19,43.232724,-2.924221,DELIVERED,45,CLEAR,LOW
3968,2026-01-09 05:10:46,11.46,1,15,19,43.246239,-2.927479,DELIVERED,27,CLEAR,MEDIUM
3969,2026-01-15 20:37:24,26.82,2,16,20,43.234921,-2.954487,DELIVERED,45,CLEAR,MEDIUM
3970,2026-01-11 23:18:41,17.83,1,20,14,43.293717,-2.907295,DELIVERED,25,CLEAR,LOW
3971,2026-01-29 20:25:18,18.94,2,14,20,43.219444,-2.986582,DELIVERED,7,CLEAR,LOW
3972,2026-01-28 07:52:05,106.88,6,22,16,43.247115,-2.936017,DELIVERED,10,CLEAR,MEDIUM
3973,2026-01-24 10:01:52,17.74,1,31,25,43.248902,-2.920974,DELIVERED,23,CLEAR,HIGH
3974,2026-01-03 08:00:09,45.4,5,10,16,43.299001,-2.882352,DELIVERED,7,CLEAR,LOW
3975,2026-01-31 17:25:43,33.46,3,14,22,43.201309,-2.967055,DELIVERED,41,RAIN,MEDIUM
3976,2026-01-26 09:08:02,14.44,1,18,30,43.262459,-2.936308,DELIVERED,25,WIND,HIGH
3977,2026-01-23 12:06:59,24.53,2,22,28,43.284915,-2.881373,DELIVERED,24,WIND,MEDIUM
3978,2026-01-16 12:47:55,48.04,5,8,16,43.295846,-2.978688,DELIVERED,49,CLEAR,LOW
3979,2026-01-12 14:07:45,38.0,2,28,29,43.215795,-2.949828,CANCELLED,6,RAIN,HIGH
3980,2026-01-02 20:59:40,47.9,5,12,13,43.277783,-2.893,DELIVERED,31,CLEAR,MEDIUM
3981,2026-01-15 18:03:05,69.09,5,17,19,43.252335,-2.950989,DELIVERED,42,CLEAR,LOW
3982,2026-01-31 09:44:13,8.9,1,13,23,43.262567,-2.95193,DELIVERED,16,CLEAR,MEDIUM
3983,2026-01-24 23:56:44,68.71,5,17,20,43.209065,-2.983184,DELIVERED,38,CLEAR,LOW
3984,2026-01-22 16:47:01,13.77,1,14,15,43.204123,-2.904837,DELIVERED,42,CLEAR,MEDIUM
3985,2026-01-10 03:09:10,44.39,3,17,11,43.203919,-2.926854,DELIVERED,32,CLEAR,LOW
3986,2026-01-14 03:11:07,55.69,4,19,22,43.217342,-2.928143,DELIVERED,13,CLEAR,HIGH
3987,2026-01-12 22:08:16,50.81,4,27,19,43.281503,-2.963334,DELIVERED,24,CLEAR,MEDIUM
3988,2026-01-04 06:34:44,13.94,1,12,20,43.259921,-2.977634,DELIVERED,15,CLEAR,LOW
3989,2026-01-07 15:57:36,28.1,3,8,15,43.282457,-2.948553,DELIVERED,43,CLEAR,LOW
3990,2026-01-28 09:22:10,39.05,2,23,14,43.207179,-2.937326,DELIVERED,6,WIND,LOW
3991,2026-01-24 23:28:32,89.58,5,23,16,43.230411,-2.930987,DELIVERED,10,CLEAR,MEDIUM
3992,2026-01-22 21:26:54,40.95,2,33,24,43.244386,-2.948225,DELIVERED,36,CLEAR,HIGH
3993,2026-01-22 22:12:49,11.15,1,26,21,43.24688,-2.915316,DELIVERED,4,CLEAR,MEDIUM
3994,2026-01-17 11:05:29,37.7,3,15,18,43.285824,-2.975687,DELIVERED,8,CLEAR,LOW
3995,2026-01-07 22:00:08,45.62,4,20,24,43.266907,-2.887245,DELIVERED,4,CLEAR,HIGH
3996,2026-01-13 12:17:51,16.96,1,28,23,43.233767,-2.902396,DELIVERED,22,CLEAR,MEDIUM
3997,2026-01-12 03:44:16,58.36,6,9,14,43.290708,-2.971573,DELIVERED,37,CLEAR,MEDIUM
3998,2026-01-03 08:45:31,82.48,6,11,27,43.299431,-2.984027,DELIVERED,27,CLEAR,HIGH
3999,2026-01-24 14:33:31,29.34,3,24,21,43.205297,-2.907619,DELIVERED,4,CLEAR,HIGH
4000,2026-01-11 23:47:56,14.28,1,13,18,43.294873,-2.928857,DELIVERED,15,CLEAR,MEDIUM
4001,2026-01-21 04:53:49,32.24,2,24,13,43.256435,-2.924803,DELIVERED,14,CLEAR,LOW
4002,2026-01-17 01:14:57,11.08,1,18,16,43.295181,-2.975901,DELIVERED,34,CLEAR,LOW
4003,2026-01-14 11:33:04,21.64,2,16,23,43.299618,-2.970094,DELIVERED,7,CLEAR,MEDIUM
4004,2026-01-26 04:51:29,40.63,3,21,17,43.207442,-2.894191,DELIVERED,34,CLEAR,LOW
4005,2026-01-08 20:23:14,76.8,6,21,11,43.237073,-2.887248,DELIVERED,29,CLEAR,LOW
4006,2026-01-30 18:26:02,70.73,6,14,13,43.242827,-2.93856,DELIVERED,35,CLEAR,LOW
4007,2026-01-10 22:01:05,91.25,5,38,36,43.252107,-2.930514,DELIVERED,23,RAIN,HIGH
4008,2026-01-09 23:40:37,31.74,3,22,12,43.218975,-2.906976,DELIVERED,19,CLEAR,LOW
4009,2026-01-06 06:56:38,57.77,4,19,23,43.290401,-2.93618,DELIVERED,46,RAIN,MEDIUM
4010,2026-01-22 22:46:29,51.28,4,22,22,43.251344,-2.946319,DELIVERED,3,CLEAR,HIGH
4011,2026-01-01 22:37:05,16.19,1,22,22,43.225712,-2.887645,DELIVERED,48,RAIN,MEDIUM
4012,2026-01-03 20:49:44,24.73,2,24,30,43.204669,-2.967887,DELIVERED,29,RAIN,MEDIUM
4013,2026-01-26 14:20:19,79.28,6,28,22,43.238507,-2.927178,CANCELLED,39,RAIN,HIGH
4014,2026-01-28 15:47:34,76.16,6,19,13,43.230986,-2.971329,DELIVERED,3,WIND,LOW
4015,2026-01-11 21:40:29,45.62,3,28,28,43.2767,-2.907035,DELIVERED,25,CLEAR,HIGH
4016,2026-01-12 21:36:06,50.73,4,34,17,43.220339,-2.973039,DELIVERED,22,CLEAR,MEDIUM
4017,2026-01-21 13:30:43,39.75,2,27,27,43.235001,-2.885905,DELIVERED,6,CLEAR,HIGH
4018,2026-01-22 21:46:22,59.3,5,21,32,43.228714,-2.984035,DELIVERED,3,RAIN,HIGH
4019,2026-01-19 14:05:27,51.04,5,22,21,43.228572,-2.962778,DELIVERED,30,CLEAR,HIGH
4020,2026-01-05 21:27:51,40.9,3,33,23,43.236795,-2.96617,DELIVERED,24,CLEAR,HIGH
4021,2026-01-15 21:08:15,109.51,6,31,26,43.264645,-2.957594,DELIVERED,9,CLEAR,HIGH
4022,2026-01-24 13:33:36,51.61,4,25,31,43.271715,-2.952977,DELIVERED,24,RAIN,HIGH
4023,2026-01-03 13:57:25,85.64,6,28,31,43.263716,-2.971692,CANCELLED,14,RAIN,HIGH
4024,2026-01-03 10:00:38,58.08,3,20,14,43.284788,-2.956087,DELIVERED,6,CLEAR,LOW
4025,2026-01-01 22:58:36,17.43,1,23,27,43.268168,-2.958626,DELIVERED,35,CLEAR,HIGH
4026,2026-01-26 20:16:59,34.03,3,20,22,43.200411,-2.985364,DELIVERED,29,WIND,LOW
4027,2026-01-25 15:00:11,65.11,5,23,20,43.28067,-2.934229,DELIVERED,24,RAIN,MEDIUM
4028,2026-01-20 13:51:55,26.3,2,28,26,43.262586,-2.932759,DELIVERED,29,RAIN,MEDIUM
4029,2026-01-28 13:51:26,89.25,6,23,25,43.246371,-2.919522,DELIVERED,32,CLEAR,HIGH
4030,2026-01-12 22:03:21,60.27,5,26,21,43.212564,-2.982047,DELIVERED,34,CLEAR,HIGH
4031,2026-01-06 22:24:49,39.98,2,30,39,43.23194,-2.927701,DELIVERED,28,RAIN,HIGH
4032,2026-01-16 13:13:50,58.95,6,16,35,43.247243,-2.953251,DELIVERED,50,WIND,HIGH
4033,2026-01-16 21:49:24,32.95,3,21,18,43.223195,-2.93047,DELIVERED,44,CLEAR,MEDIUM
4034,2026-01-16 21:52:57,59.69,3,33,24,43.279914,-2.943774,DELIVERED,10,CLEAR,MEDIUM
4035,2026-01-16 23:17:22,28.01,3,13,20,43.20047,-2.937869,DELIVERED,49,RAIN,MEDIUM
4036,2026-01-08 07:43:06,10.48,1,12,12,43.21869,-2.91398,DELIVERED,43,CLEAR,LOW
4037,2026-01-14 15:08:11,81.62,6,17,19,43.281258,-2.915612,DELIVERED,39,CLEAR,LOW
4038,2026-01-05 13:51:48,50.77,4,38,18,43.22507,-2.916136,DELIVERED,22,CLEAR,MEDIUM
4039,2026-01-18 13:26:53,7.31,1,24,15,43.29462,-2.956662,DELIVERED,21,CLEAR,MEDIUM
4040,2026-01-16 11:03:21,39.24,4,10,20,43.202608,-2.884558,DELIVERED,15,RAIN,MEDIUM
4041,2026-01-13 04:03:27,48.59,4,18,23,43.278934,-2.952495,DELIVERED,45,CLEAR,MEDIUM
4042,2026-01-21 13:46:52,71.14,4,32,31,43.219333,-2.957429,CANCELLED,28,RAIN,HIGH
4043,2026-01-01 14:09:24,63.21,5,23,14,43.219462,-2.886115,DELIVERED,42,CLEAR,MEDIUM
4044,2026-01-25 13:48:44,40.89,4,20,18,43.228161,-2.969926,DELIVERED,37,WIND,MEDIUM
4045,2026-01-24 21:25:09,40.84,4,18,19,43.251031,-2.96461,DELIVERED,37,CLEAR,HIGH
4046,2026-01-28 13:01:24,18.8,2,18,21,43.288637,-2.957067,DELIVERED,7,CLEAR,HIGH
4047,2026-01-19 21:56:49,40.28,4,18,24,43.287996,-2.949055,DELIVERED,41,CLEAR,HIGH
4048,2026-01-22 20:36:07,18.18,1,19,19,43.228973,-2.95506,DELIVERED,13,CLEAR,HIGH
4049,2026-01-19 14:04:56,16.73,1,17,20,43.296596,-2.948111,DELIVERED,42,CLEAR,HIGH
4050,2026-01-02 20:21:35,41.77,2,33,12,43.236658,-2.984048,DELIVERED,18,CLEAR,LOW
4051,2026-01-30 04:59:07,50.09,5,16,16,43.207697,-2.969889,DELIVERED,19,CLEAR,LOW
4052,2026-01-24 20:43:56,34.12,3,18,19,43.287814,-2.942165,DELIVERED,35,CLEAR,HIGH
4053,2026-01-12 12:06:48,60.79,4,20,18,43.213629,-2.967504,DELIVERED,48,CLEAR,MEDIUM
4054,2026-01-07 20:50:28,11.09,1,10,20,43.294414,-2.950522,DELIVERED,15,CLEAR,MEDIUM
4055,2026-01-31 17:27:50,52.78,5,18,12,43.284194,-2.96785,DELIVERED,47,CLEAR,LOW
4056,2026-01-19 12:48:47,54.82,6,14,14,43.292806,-2.929052,DELIVERED,31,CLEAR,MEDIUM
4057,2026-01-16 10:09:17,43.37,3,16,23,43.241766,-2.974123,DELIVERED,42,CLEAR,HIGH
4058,2026-01-14 14:57:33,70.77,5,29,30,43.273803,-2.885618,DELIVERED,25,RAIN,HIGH
4059,2026-01-03 20:50:29,35.31,3,19,19,43.283474,-2.972429,DELIVERED,5,RAIN,LOW
4060,2026-01-31 22:19:28,62.55,6,25,27,43.219019,-2.917422,DELIVERED,4,WIND,HIGH
4061,2026-01-03 21:02:41,40.36,4,22,21,43.279783,-2.922542,DELIVERED,26,CLEAR,HIGH
4062,2026-01-02 13:18:44,91.6,5,28,25,43.237108,-2.948732,CANCELLED,28,RAIN,HIGH
4063,2026-01-09 20:39:13,41.61,4,13,30,43.227168,-2.955735,DELIVERED,50,CLEAR,HIGH
4064,2026-01-21 09:16:35,68.75,5,19,28,43.292531,-2.935559,DELIVERED,11,RAIN,MEDIUM
4065,2026-01-31 13:20:26,44.12,3,26,25,43.279723,-2.888523,DELIVERED,8,CLEAR,HIGH
4066,2026-01-19 14:13:14,22.0,1,28,26,43.288151,-2.963697,DELIVERED,36,RAIN,HIGH
4067,2026-01-12 22:57:55,8.96,1,18,24,43.281661,-2.921282,DELIVERED,41,CLEAR,HIGH
4068,2026-01-23 14:39:16,31.12,2,30,17,43.275909,-2.93692,DELIVERED,39,CLEAR,HIGH
4069,2026-01-09 11:36:31,15.83,1,23,19,43.252434,-2.946605,DELIVERED,48,CLEAR,MEDIUM
4070,2026-01-10 13:38:02,52.65,5,17,29,43.289905,-2.926694,DELIVERED,30,CLEAR,HIGH
4071,2026-01-29 20:14:06,57.11,4,19,21,43.267851,-2.895765,DELIVERED,48,RAIN,LOW
4072,2026-01-22 13:29:26,56.11,3,34,25,43.28915,-2.91267,CANCELLED,23,RAIN,HIGH
4073,2026-01-23 13:02:10,82.03,6,29,22,43.254843,-2.938784,DELIVERED,39,CLEAR,MEDIUM
4074,2026-01-22 20:20:29,22.89,2,7,27,43.287656,-2.937569,DELIVERED,50,CLEAR,HIGH
4075,2026-01-03 22:27:04,50.34,4,26,25,43.245772,-2.92711,DELIVERED,35,CLEAR,HIGH
4076,2026-01-19 22:45:45,16.12,1,26,18,43.268006,-2.966519,DELIVERED,29,CLEAR,HIGH
4077,2026-01-27 00:18:01,14.25,1,16,12,43.2972,-2.911811,DELIVERED,39,CLEAR,LOW
4078,2026-01-14 22:05:14,22.14,2,16,19,43.282812,-2.978921,DELIVERED,44,RAIN,MEDIUM
4079,2026-01-31 12:43:20,9.01,1,20,18,43.210235,-2.966433,DELIVERED,19,CLEAR,LOW
4080,2026-01-30 22:55:58,42.48,3,34,27,43.233647,-2.9677,DELIVERED,12,CLEAR,HIGH
4081,2026-01-05 21:08:48,65.37,6,20,29,43.294983,-2.90401,DELIVERED,41,WIND,HIGH
4082,2026-01-28 22:58:27,33.96,3,24,22,43.210621,-2.917101,DELIVERED,15,WIND,MEDIUM
4083,2026-01-25 21:39:20,51.77,5,14,22,43.271282,-2.969212,DELIVERED,15,CLEAR,HIGH
4084,2026-01-11 23:21:13,15.99,1,16,17,43.250973,-2.918747,DELIVERED,4,CLEAR,HIGH
4085,2026-01-08 14:48:29,60.04,5,31,25,43.241265,-2.947968,DELIVERED,29,CLEAR,MEDIUM
4086,2026-01-11 15:06:43,76.54,6,17,16,43.214186,-2.967595,DELIVERED,35,CLEAR,LOW
4087,2026-01-11 21:09:21,88.66,6,30,28,43.254351,-2.941181,DELIVERED,13,CLEAR,HIGH
4088,2026-01-05 13:33:43,50.12,4,29,32,43.214823,-2.975996,DELIVERED,34,RAIN,MEDIUM
4089,2026-01-15 00:23:05,73.32,5,27,14,43.274557,-2.924383,DELIVERED,14,CLEAR,LOW
4090,2026-01-10 19:27:56,109.31,6,24,29,43.278549,-2.934734,DELIVERED,10,WIND,HIGH
4091,2026-01-01 02:30:53,82.65,6,15,19,43.297357,-2.911778,DELIVERED,46,CLEAR,LOW
4092,2026-01-21 22:16:48,68.29,5,16,16,43.258336,-2.893148,DELIVERED,17,CLEAR,HIGH
4093,2026-01-05 00:26:02,37.01,4,12,10,43.200412,-2.979531,DELIVERED,37,CLEAR,LOW
4094,2026-01-08 22:16:08,38.45,3,19,21,43.233526,-2.975385,DELIVERED,46,CLEAR,MEDIUM
4095,2026-01-07 14:48:20,39.19,3,35,27,43.220061,-2.984014,DELIVERED,22,CLEAR,HIGH
4096,2026-01-20 06:48:17,15.47,1,17,18,43.286753,-2.979573,DELIVERED,4,CLEAR,MEDIUM
4097,2026-01-03 14:56:45,35.07,3,19,28,43.272783,-2.974063,DELIVERED,45,WIND,MEDIUM
4098,2026-01-13 21:58:09,43.94,3,27,24,43.254072,-2.890398,DELIVERED,48,CLEAR,HIGH
4099,2026-01-20 15:26:11,88.01,5,32,25,43.210529,-2.906053,DELIVERED,9,RAIN,MEDIUM
4100,2026-01-26 08:47:38,65.69,5,19,21,43.275879,-2.976481,DELIVERED,11,CLEAR,MEDIUM
4101,2026-01-17 22:43:10,13.21,1,13,20,43.270295,-2.887762,DELIVERED,43,CLEAR,HIGH
4102,2026-01-04 15:16:48,31.8,3,11,12,43.223787,-2.927455,DELIVERED,49,CLEAR,LOW
4103,2026-01-31 23:04:33,42.05,4,13,16,43.217102,-2.918311,DELIVERED,41,CLEAR,LOW
4104,2026-01-29 12:12:27,59.23,5,23,16,43.296681,-2.960223,DELIVERED,34,CLEAR,LOW
4105,2026-01-12 12:32:00,39.14,3,17,20,43.247509,-2.921549,DELIVERED,45,CLEAR,LOW
4106,2026-01-19 12:28:17,56.8,4,18,18,43.288531,-2.987161,DELIVERED,42,CLEAR,LOW
4107,2026-01-26 23:45:50,26.61,2,29,12,43.25711,-2.951728,DELIVERED,12,CLEAR,MEDIUM
4108,2026-01-18 22:46:48,12.45,1,14,20,43.237179,-2.885102,DELIVERED,27,CLEAR,HIGH
4109,2026-01-20 14:35:12,48.28,5,17,23,43.297794,-2.938701,DELIVERED,43,CLEAR,HIGH
4110,2026-01-09 22:05:58,65.88,6,17,27,43.227544,-2.902478,DELIVERED,41,RAIN,MEDIUM
4111,2026-01-19 16:35:02,70.89,5,16,14,43.254604,-2.976585,DELIVERED,17,CLEAR,MEDIUM
4112,2026-01-14 15:07:32,15.2,1,15,27,43.213209,-2.974474,DELIVERED,46,RAIN,MEDIUM
4113,2026-01-25 20:37:21,28.97,3,11,21,43.266156,-2.98447,DELIVERED,49,RAIN,LOW
4114,2026-01-26 23:45:02,60.46,6,15,22,43.231605,-2.925116,DELIVERED,44,WIND,LOW
4115,2026-01-29 21:41:10,70.44,4,41,23,43.23486,-2.953222,DELIVERED,23,CLEAR,MEDIUM
4116,2026-01-01 15:14:26,72.76,6,21,11,43.249826,-2.886825,DELIVERED,34,CLEAR,LOW
4117,2026-01-07 18:30:16,93.45,5,30,24,43.208785,-2.974322,DELIVERED,9,CLEAR,MEDIUM
4118,2026-01-30 23:44:06,55.73,4,22,19,43.268256,-2.880987,DELIVERED,48,CLEAR,LOW
4119,2026-01-19 14:24:30,28.78,3,15,23,43.250694,-2.967753,DELIVERED,50,CLEAR,HIGH
4120,2026-01-27 20:26:26,87.65,6,22,23,43.227345,-2.884816,DELIVERED,25,RAIN,LOW
4121,2026-01-18 22:58:42,67.05,5,18,30,43.263326,-2.893794,DELIVERED,8,CLEAR,HIGH
4122,2026-01-11 22:29:03,54.56,3,38,18,43.240855,-2.891149,DELIVERED,9,CLEAR,HIGH
4123,2026-01-04 23:50:26,52.97,4,18,23,43.274003,-2.980234,DELIVERED,11,WIND,MEDIUM
4124,2026-01-01 23:54:36,53.7,5,17,19,43.261663,-2.923783,DELIVERED,41,WIND,MEDIUM
4125,2026-01-05 17:06:10,64.5,5,17,10,43.201351,-2.924075,DELIVERED,8,CLEAR,LOW
4126,2026-01-24 20:27:51,47.02,3,19,14,43.212543,-2.93582,DELIVERED,32,CLEAR,MEDIUM
4127,2026-01-17 13:01:20,57.24,4,25,16,43.238039,-2.9099,DELIVERED,32,CLEAR,MEDIUM
4128,2026-01-04 22:04:10,63.53,5,23,37,43.219138,-2.952911,DELIVERED,40,RAIN,HIGH
4129,2026-01-10 05:48:22,54.03,3,29,12,43.282599,-2.969103,DELIVERED,18,CLEAR,LOW
4130,2026-01-12 13:38:21,65.44,6,22,27,43.258027,-2.920907,DELIVERED,47,CLEAR,HIGH
4131,2026-01-10 21:48:19,56.64,3,37,23,43.28514,-2.923636,CANCELLED,23,CLEAR,HIGH
4132,2026-01-16 13:55:53,23.7,2,16,17,43.26029,-2.914364,DELIVERED,30,CLEAR,MEDIUM
4133,2026-01-29 12:37:38,34.79,2,33,10,43.271119,-2.883706,DELIVERED,18,CLEAR,LOW
4134,2026-01-17 21:58:06,58.7,4,37,27,43.251801,-2.92542,DELIVERED,12,WIND,MEDIUM
4135,2026-01-22 07:27:46,12.64,1,15,23,43.275399,-2.930662,DELIVERED,21,CLEAR,HIGH
4136,2026-01-29 16:56:02,31.13,2,25,22,43.20741,-2.947342,DELIVERED,14,CLEAR,HIGH
4137,2026-01-05 14:59:26,21.77,1,39,26,43.238781,-2.905129,DELIVERED,33,RAIN,HIGH
4138,2026-01-17 11:41:34,82.13,6,18,17,43.201395,-2.94551,DELIVERED,17,RAIN,LOW
4139,2026-01-27 08:52:39,17.2,1,27,24,43.258189,-2.951166,DELIVERED,28,RAIN,LOW
4140,2026-01-29 15:09:53,29.95,2,18,23,43.291951,-2.918479,DELIVERED,46,CLEAR,MEDIUM
4141,2026-01-25 12:38:15,22.39,2,14,16,43.259225,-2.963472,CANCELLED,37,RAIN,LOW
4142,2026-01-15 12:11:06,82.25,6,23,19,43.277452,-2.884807,DELIVERED,12,CLEAR,MEDIUM
4143,2026-01-31 21:56:43,51.25,4,20,20,43.21205,-2.880479,DELIVERED,3,CLEAR,MEDIUM
4144,2026-01-20 23:32:32,34.54,4,18,16,43.228172,-2.901851,DELIVERED,21,CLEAR,LOW
4145,2026-01-02 23:06:19,52.93,4,17,11,43.205765,-2.942896,DELIVERED,3,CLEAR,LOW
4146,2026-01-18 15:26:04,55.45,6,12,17,43.217575,-2.969126,DELIVERED,16,RAIN,LOW
4147,2026-01-05 07:55:41,64.98,5,29,18,43.227647,-2.970615,DELIVERED,2,RAIN,LOW
4148,2026-01-09 12:16:30,38.0,3,15,29,43.278584,-2.951457,DELIVERED,35,WIND,HIGH
4149,2026-01-15 20:21:23,77.16,6,21,13,43.237731,-2.93117,DELIVERED,5,CLEAR,LOW
4150,2026-01-10 05:46:46,41.64,2,20,25,43.241223,-2.923943,DELIVERED,10,CLEAR,MEDIUM
4151,2026-01-24 20:23:51,35.43,3,23,17,43.228674,-2.886531,DELIVERED,34,CLEAR,LOW
4152,2026-01-28 07:36:04,11.19,1,20,10,43.213681,-2.939873,DELIVERED,39,CLEAR,LOW
4153,2026-01-06 18:49:00,39.86,4,20,22,43.235782,-2.908647,DELIVERED,26,RAIN,MEDIUM
4154,2026-01-12 20:15:45,10.65,1,24,14,43.233545,-2.903578,DELIVERED,22,CLEAR,LOW
4155,2026-01-04 06:20:37,37.62,2,29,20,43.28384,-2.98582,DELIVERED,33,CLEAR,LOW
4156,2026-01-20 21:50:41,21.44,2,22,30,43.272755,-2.881028,DELIVERED,30,CLEAR,HIGH
4157,2026-01-11 13:55:18,40.06,3,26,28,43.271362,-2.884605,CANCELLED,8,RAIN,HIGH
4158,2026-01-20 23:08:20,8.5,1,12,15,43.280255,-2.913969,DELIVERED,43,CLEAR,LOW
4159,2026-01-11 21:53:20,70.64,4,37,17,43.268846,-2.881557,DELIVERED,9,CLEAR,MEDIUM
4160,2026-01-09 13:16:26,14.0,1,19,12,43.272206,-2.904678,DELIVERED,31,CLEAR,MEDIUM
4161,2026-01-19 10:39:42,25.57,2,19,18,43.200281,-2.962742,DELIVERED,42,RAIN,LOW
4162,2026-01-02 18:10:18,63.72,6,11,12,43.209279,-2.937893,DELIVERED,30,CLEAR,LOW
4163,2026-01-13 00:58:41,106.57,6,28,10,43.212438,-2.98449,DELIVERED,23,CLEAR,LOW
4164,2026-01-14 20:51:58,40.69,4,13,25,43.239552,-2.961397,DELIVERED,37,RAIN,MEDIUM
4165,2026-01-13 21:12:20,26.78,3,23,15,43.292389,-2.912679,DELIVERED,16,CLEAR,MEDIUM
4166,2026-01-27 00:45:26,26.19,2,17,22,43.226777,-2.887542,DELIVERED,17,WIND,LOW
4167,2026-01-10 14:31:08,63.09,5,29,18,43.278002,-2.940582,DELIVERED,24,CLEAR,MEDIUM
4168,2026-01-31 21:45:48,70.46,6,23,16,43.284963,-2.938424,DELIVERED,5,CLEAR,MEDIUM
4169,2026-01-14 13:14:47,95.55,5,27,20,43.215396,-2.886063,DELIVERED,6,CLEAR,MEDIUM
4170,2026-01-27 03:00:49,46.55,4,18,23,43.270846,-2.911886,DELIVERED,3,RAIN,MEDIUM
4171,2026-01-28 20:20:41,34.16,2,23,14,43.292612,-2.933665,DELIVERED,6,RAIN,LOW
4172,2026-01-14 01:15:14,63.71,5,20,17,43.245722,-2.895519,DELIVERED,46,CLEAR,LOW
4173,2026-01-13 13:03:17,11.85,1,30,17,43.253432,-2.912497,DELIVERED,5,CLEAR,MEDIUM
4174,2026-01-19 04:55:41,88.59,5,24,28,43.226496,-2.903956,DELIVERED,28,WIND,MEDIUM
4175,2026-01-13 13:58:09,66.25,5,22,23,43.217891,-2.88836,DELIVERED,17,CLEAR,HIGH
4176,2026-01-03 10:36:03,57.84,6,9,20,43.208232,-2.979,DELIVERED,50,RAIN,LOW
4177,2026-01-24 15:21:06,28.0,3,14,14,43.288668,-2.931173,DELIVERED,31,CLEAR,LOW
4178,2026-01-03 22:30:24,26.5,2,23,17,43.200041,-2.909206,DELIVERED,32,CLEAR,HIGH
4179,2026-01-15 20:56:46,14.18,1,19,12,43.243084,-2.952471,DELIVERED,45,CLEAR,LOW
4180,2026-01-02 23:33:02,39.03,4,11,23,43.282154,-2.910343,DELIVERED,44,RAIN,LOW
4181,2026-01-18 15:38:09,39.93,3,18,12,43.273746,-2.944166,DELIVERED,46,CLEAR,LOW
4182,2026-01-05 19:16:40,37.87,3,19,21,43.218303,-2.951309,DELIVERED,38,CLEAR,MEDIUM
4183,2026-01-26 21:56:03,107.54,6,28,27,43.293883,-2.926549,DELIVERED,28,CLEAR,HIGH
4184,2026-01-24 05:03:23,68.05,5,17,17,43.262255,-2.889249,DELIVERED,13,CLEAR,MEDIUM
4185,2026-01-10 13:46:00,58.7,6,24,18,43.252777,-2.983658,DELIVERED,4,CLEAR,HIGH
4186,2026-01-28 15:46:23,8.41,1,9,18,43.212497,-2.945728,DELIVERED,37,CLEAR,MEDIUM
4187,2026-01-31 14:32:18,58.86,6,26,23,43.240386,-2.927374,DELIVERED,19,CLEAR,HIGH
4188,2026-01-27 18:48:51,49.35,5,12,11,43.262529,-2.922021,DELIVERED,30,CLEAR,LOW
4189,2026-01-16 13:28:10,84.61,6,32,24,43.268034,-2.89829,DELIVERED,14,WIND,HIGH
4190,2026-01-12 21:30:28,52.17,5,26,23,43.215598,-2.960668,CANCELLED,20,CLEAR,HIGH
4191,2026-01-07 14:03:09,23.71,2,19,37,43.208743,-2.943176,DELIVERED,7,RAIN,HIGH
4192,2026-01-27 14:07:19,76.19,6,27,25,43.216094,-2.983249,DELIVERED,38,CLEAR,HIGH
4193,2026-01-05 12:46:29,68.97,5,10,25,43.299671,-2.970034,DELIVERED,27,RAIN,MEDIUM
4194,2026-01-27 20:02:07,43.52,5,18,20,43.286546,-2.941729,DELIVERED,31,CLEAR,MEDIUM
4195,2026-01-29 23:42:58,63.85,5,10,19,43.284256,-2.975097,DELIVERED,27,WIND,LOW
4196,2026-01-28 22:34:01,53.14,4,23,17,43.225681,-2.908093,DELIVERED,27,CLEAR,MEDIUM
4197,2026-01-13 14:25:59,41.74,4,21,28,43.267095,-2.880003,DELIVERED,43,RAIN,MEDIUM
4198,2026-01-14 14:59:37,59.79,6,29,24,43.228457,-2.983878,DELIVERED,19,WIND,HIGH
4199,2026-01-08 21:04:01,41.26,2,37,32,43.290372,-2.984325,DELIVERED,23,WIND,HIGH
4200,2026-01-27 20:51:47,16.4,1,22,11,43.276323,-2.966373,DELIVERED,39,CLEAR,LOW
4201,2026-01-31 09:56:34,11.93,1,17,16,43.27801,-2.926696,CANCELLED,45,RAIN,LOW
4202,2026-01-27 23:24:54,48.14,5,13,21,43.293992,-2.916944,DELIVERED,31,WIND,MEDIUM
4203,2026-01-26 23:07:06,14.02,1,22,11,43.26684,-2.960417,DELIVERED,4,CLEAR,LOW
4204,2026-01-24 20:24:04,45.45,3,18,20,43.261813,-2.935478,DELIVERED,13,CLEAR,LOW
4205,2026-01-15 14:19:42,65.56,6,19,30,43.220709,-2.880247,DELIVERED,30,RAIN,HIGH
4206,2026-01-11 15:47:28,23.31,1,28,23,43.206038,-2.901384,DELIVERED,9,RAIN,LOW
4207,2026-01-18 22:05:14,13.31,1,16,24,43.225934,-2.950309,DELIVERED,41,WIND,HIGH
4208,2026-01-26 21:40:17,71.51,6,29,21,43.219712,-2.947469,DELIVERED,22,CLEAR,MEDIUM
4209,2026-01-19 12:58:49,55.24,5,17,22,43.226581,-2.983026,CANCELLED,4,CLEAR,MEDIUM
4210,2026-01-07 22:33:37,43.37,3,27,22,43.282044,-2.902053,DELIVERED,11,CLEAR,HIGH
4211,2026-01-19 14:21:17,61.26,5,25,22,43.285263,-2.906618,DELIVERED,34,RAIN,HIGH
4212,2026-01-25 11:26:36,50.32,4,20,15,43.248881,-2.950223,DELIVERED,29,CLEAR,MEDIUM
4213,2026-01-30 22:05:03,68.01,5,23,18,43.232265,-2.96469,DELIVERED,38,CLEAR,HIGH
4214,2026-01-09 23:08:25,74.09,6,17,22,43.247708,-2.915689,DELIVERED,24,CLEAR,MEDIUM
4215,2026-01-18 16:02:30,11.69,1,19,13,43.261367,-2.922375,DELIVERED,5,CLEAR,LOW
4216,2026-01-03 12:58:19,40.25,4,8,19,43.263493,-2.963253,DELIVERED,37,CLEAR,LOW
4217,2026-01-22 23:19:47,11.15,1,13,18,43.233512,-2.906294,DELIVERED,21,CLEAR,MEDIUM
4218,2026-01-12 13:59:23,26.67,2,36,15,43.288604,-2.97252,DELIVERED,12,CLEAR,MEDIUM
4219,2026-01-30 22:59:14,15.35,1,20,18,43.252233,-2.9303,DELIVERED,47,CLEAR,HIGH
4220,2026-01-05 20:35:29,12.18,1,11,17,43.210527,-2.931811,DELIVERED,44,CLEAR,LOW
4221,2026-01-10 19:09:32,12.95,1,21,11,43.222628,-2.984834,DELIVERED,4,CLEAR,LOW
4222,2026-01-03 13:28:57,15.98,1,24,25,43.293711,-2.981797,DELIVERED,14,CLEAR,HIGH
4223,2026-01-02 21:17:46,56.43,4,22,18,43.2689,-2.910098,DELIVERED,27,CLEAR,MEDIUM
4224,2026-01-04 14:58:32,34.96,3,33,19,43.277588,-2.944001,DELIVERED,22,CLEAR,MEDIUM
4225,2026-01-24 12:40:51,15.53,1,13,23,43.274374,-2.920868,DELIVERED,27,WIND,MEDIUM
4226,2026-01-13 22:37:13,73.45,6,31,31,43.255322,-2.931556,DELIVERED,22,RAIN,HIGH
4227,2026-01-11 06:54:26,48.76,4,13,24,43.251958,-2.984807,DELIVERED,40,CLEAR,HIGH
4228,2026-01-10 12:38:46,46.72,4,23,18,43.224428,-2.966329,CANCELLED,24,CLEAR,LOW
4229,2026-01-11 21:46:04,62.28,5,27,29,43.271271,-2.947087,DELIVERED,3,RAIN,HIGH
4230,2026-01-25 21:27:37,30.88,3,29,28,43.249168,-2.933911,DELIVERED,4,RAIN,MEDIUM
4231,2026-01-18 22:43:12,11.85,1,11,27,43.204446,-2.905252,DELIVERED,43,WIND,HIGH
4232,2026-01-06 08:05:17,71.51,5,20,11,43.220163,-2.944586,CANCELLED,48,CLEAR,LOW
4233,2026-01-28 20:04:57,17.77,1,19,14,43.260518,-2.884366,DELIVERED,35,CLEAR,LOW
4234,2026-01-21 15:54:18,27.3,2,23,28,43.276137,-2.889275,DELIVERED,14,CLEAR,HIGH
4235,2026-01-22 15:25:25,23.88,2,15,15,43.234778,-2.972636,DELIVERED,35,WIND,LOW
4236,2026-01-13 18:43:53,12.15,1,15,16,43.224763,-2.982954,DELIVERED,40,CLEAR,LOW
4237,2026-01-04 10:33:17,17.22,1,25,20,43.251058,-2.918934,DELIVERED,22,CLEAR,LOW
4238,2026-01-11 13:30:42,32.5,3,17,25,43.234397,-2.92833,DELIVERED,50,CLEAR,HIGH
4239,2026-01-11 22:38:59,71.88,4,31,28,43.296951,-2.893386,DELIVERED,18,CLEAR,HIGH
4240,2026-01-11 07:35:08,71.28,5,25,20,43.291735,-2.971373,DELIVERED,14,CLEAR,LOW
4241,2026-01-12 06:17:18,28.73,3,7,19,43.230492,-2.901473,DELIVERED,43,CLEAR,LOW
4242,2026-01-16 18:01:38,63.5,6,12,23,43.28531,-2.982093,DELIVERED,44,CLEAR,MEDIUM
4243,2026-01-22 12:55:03,73.58,4,21,22,43.293213,-2.922629,DELIVERED,6,CLEAR,MEDIUM
4244,2026-01-09 02:51:14,34.91,3,17,18,43.260594,-2.959063,DELIVERED,47,WIND,MEDIUM
4245,2026-01-30 21:53:51,22.47,1,35,20,43.26755,-2.978773,DELIVERED,18,WIND,MEDIUM
4246,2026-01-14 01:04:18,42.44,3,19,19,43.247345,-2.892984,DELIVERED,38,CLEAR,MEDIUM
4247,2026-01-22 23:48:45,73.66,4,33,20,43.245775,-2.88916,DELIVERED,18,CLEAR,LOW
4248,2026-01-12 06:16:15,72.44,5,14,26,43.218964,-2.971414,DELIVERED,1,RAIN,MEDIUM
4249,2026-01-25 02:42:50,31.07,2,20,14,43.284844,-2.904703,DELIVERED,48,CLEAR,LOW
4250,2026-01-13 23:59:29,51.81,5,10,15,43.268715,-2.961427,DELIVERED,20,CLEAR,MEDIUM
4251,2026-01-23 21:24:50,44.73,3,22,29,43.273136,-2.922502,DELIVERED,48,CLEAR,HIGH
4252,2026-01-14 11:53:14,47.62,3,22,20,43.27142,-2.95408,DELIVERED,25,CLEAR,LOW
4253,2026-01-12 23:04:24,44.7,4,13,32,43.253728,-2.881176,DELIVERED,20,RAIN,HIGH
4254,2026-01-30 13:24:45,21.34,1,27,23,43.292852,-2.971771,DELIVERED,36,CLEAR,MEDIUM
4255,2026-01-17 17:07:52,48.89,5,16,20,43.206154,-2.958361,DELIVERED,21,CLEAR,MEDIUM
4256,2026-01-12 22:29:10,61.33,5,24,19,43.235738,-2.919536,DELIVERED,45,CLEAR,MEDIUM
4257,2026-01-19 22:20:05,15.52,1,22,27,43.258176,-2.901952,DELIVERED,45,RAIN,MEDIUM
4258,2026-01-30 22:03:49,80.55,6,19,26,43.200319,-2.94054,DELIVERED,8,CLEAR,HIGH
4259,2026-01-16 14:15:45,71.4,5,29,15,43.272173,-2.917523,DELIVERED,25,CLEAR,MEDIUM
4260,2026-01-24 21:52:07,55.84,4,39,26,43.277235,-2.939517,DELIVERED,12,CLEAR,HIGH
4261,2026-01-18 17:54:27,40.16,3,14,15,43.247321,-2.953829,DELIVERED,27,CLEAR,LOW
4262,2026-01-30 23:17:06,53.09,5,13,14,43.297681,-2.888482,DELIVERED,30,CLEAR,LOW
4263,2026-01-01 14:34:06,22.5,2,29,22,43.215726,-2.98047,DELIVERED,26,CLEAR,HIGH
4264,2026-01-20 13:15:40,37.44,4,15,34,43.220076,-2.917741,DELIVERED,7,RAIN,HIGH
4265,2026-01-24 21:44:51,24.4,2,22,28,43.269642,-2.948842,DELIVERED,4,CLEAR,HIGH
4266,2026-01-08 02:49:47,40.41,3,16,19,43.268179,-2.951532,DELIVERED,17,CLEAR,LOW
4267,2026-01-04 12:29:49,88.3,6,20,23,43.276926,-2.951981,DELIVERED,1,CLEAR,MEDIUM
4268,2026-01-20 20:23:57,11.27,1,20,21,43.225647,-2.959879,DELIVERED,26,CLEAR,MEDIUM
4269,2026-01-09 12:29:48,82.72,6,26,15,43.229527,-2.884434,DELIVERED,14,CLEAR,LOW
4270,2026-01-07 21:28:46,49.39,4,27,29,43.257016,-2.960868,DELIVERED,24,CLEAR,HIGH
4271,2026-01-14 05:38:22,14.58,1,13,18,43.287573,-2.945742,DELIVERED,30,CLEAR,MEDIUM
4272,2026-01-09 17:01:56,110.07,6,24,15,43.277464,-2.885663,DELIVERED,36,CLEAR,MEDIUM
4273,2026-01-22 14:22:52,60.56,4,26,22,43.226475,-2.887327,DELIVERED,25,RAIN,MEDIUM
4274,2026-01-31 12:39:57,16.84,1,20,20,43.220757,-2.935738,DELIVERED,5,CLEAR,MEDIUM
4275,2026-01-03 22:59:26,62.33,5,21,20,43.293243,-2.932161,DELIVERED,45,CLEAR,HIGH
4276,2026-01-01 17:09:03,30.56,3,14,17,43.258679,-2.927149,DELIVERED,7,CLEAR,MEDIUM
4277,2026-01-19 23:24:02,54.84,4,12,31,43.293081,-2.956059,DELIVERED,8,CLEAR,HIGH
4278,2026-01-19 22:55:43,19.03,2,20,31,43.213538,-2.915855,CANCELLED,16,CLEAR,HIGH
4279,2026-01-28 13:20:47,14.33,1,14,24,43.244255,-2.907288,DELIVERED,50,CLEAR,HIGH
4280,2026-01-09 13:40:01,76.58,4,37,26,43.227971,-2.891505,DELIVERED,23,CLEAR,HIGH
4281,2026-01-15 15:43:31,37.32,3,14,22,43.235304,-2.883022,CANCELLED,27,RAIN,LOW
4282,2026-01-31 23:35:58,43.28,3,19,31,43.262652,-2.886286,DELIVERED,11,RAIN,MEDIUM
4283,2026-01-04 16:53:56,27.54,3,10,20,43.289346,-2.971945,DELIVERED,49,CLEAR,MEDIUM
4284,2026-01-15 05:29:38,11.45,1,15,17,43.211702,-2.945947,DELIVERED,45,CLEAR,MEDIUM
4285,2026-01-09 07:23:22,26.03,3,14,29,43.264197,-2.881609,DELIVERED,7,CLEAR,HIGH
4286,2026-01-07 20:25:48,15.83,1,28,18,43.221849,-2.961534,DELIVERED,22,CLEAR,MEDIUM
4287,2026-01-15 13:11:47,40.51,2,34,16,43.258661,-2.949833,DELIVERED,28,CLEAR,MEDIUM
4288,2026-01-29 03:57:56,36.16,3,20,18,43.220784,-2.962071,DELIVERED,29,RAIN,LOW
4289,2026-01-26 06:43:24,10.85,1,26,11,43.223102,-2.900988,DELIVERED,2,CLEAR,LOW
4290,2026-01-28 18:40:43,30.24,2,14,27,43.203328,-2.886985,DELIVERED,46,RAIN,MEDIUM
4291,2026-01-05 22:48:07,54.9,6,20,23,43.215015,-2.980651,CANCELLED,31,CLEAR,HIGH
4292,2026-01-15 12:40:53,40.34,4,8,18,43.295207,-2.899445,DELIVERED,37,CLEAR,LOW
4293,2026-01-30 07:28:29,14.47,1,18,26,43.236618,-2.893162,DELIVERED,42,CLEAR,HIGH
4294,2026-01-10 13:05:30,107.23,6,31,20,43.209446,-2.963134,DELIVERED,6,CLEAR,MEDIUM
4295,2026-01-14 22:04:47,65.18,5,31,30,43.240931,-2.913512,DELIVERED,38,RAIN,MEDIUM
4296,2026-01-30 20:16:01,30.83,2,19,18,43.250953,-2.881286,DELIVERED,25,RAIN,LOW
4297,2026-01-06 13:31:52,50.52,5,19,26,43.201968,-2.927381,DELIVERED,31,WIND,HIGH
4298,2026-01-18 22:23:38,29.68,3,21,21,43.252749,-2.890184,DELIVERED,31,CLEAR,MEDIUM
4299,2026-01-30 13:41:06,23.48,2,16,21,43.274979,-2.926176,DELIVERED,43,CLEAR,HIGH
4300,2026-01-18 20:46:55,51.55,4,23,21,43.276388,-2.907221,DELIVERED,34,RAIN,LOW
4301,2026-01-01 13:58:44,66.25,5,26,29,43.206253,-2.944272,DELIVERED,17,CLEAR,HIGH
4302,2026-01-11 23:47:15,56.94,6,11,17,43.269254,-2.95701,DELIVERED,43,CLEAR,LOW
4303,2026-01-06 21:48:06,25.34,2,35,20,43.260005,-2.956438,DELIVERED,22,CLEAR,MEDIUM
4304,2026-01-25 21:43:09,18.11,2,25,21,43.215208,-2.970984,DELIVERED,19,CLEAR,HIGH
4305,2026-01-12 13:11:17,19.7,2,24,17,43.276235,-2.898117,DELIVERED,4,CLEAR,HIGH
4306,2026-01-27 23:56:02,37.32,2,30,23,43.205675,-2.969339,DELIVERED,18,CLEAR,MEDIUM
4307,2026-01-11 19:39:23,72.41,5,24,27,43.212757,-2.931255,DELIVERED,48,WIND,MEDIUM
4308,2026-01-11 15:08:52,10.28,1,7,22,43.238682,-2.90282,DELIVERED,43,WIND,MEDIUM
4309,2026-01-23 14:59:51,28.6,3,20,26,43.228585,-2.939911,DELIVERED,16,CLEAR,HIGH
4310,2026-01-11 14:27:26,28.84,3,25,26,43.204318,-2.96981,DELIVERED,21,CLEAR,HIGH
4311,2026-01-30 17:24:55,24.27,2,15,18,43.225975,-2.91872,DELIVERED,46,RAIN,LOW
4312,2026-01-19 22:33:25,77.46,4,30,32,43.285021,-2.980247,DELIVERED,28,RAIN,MEDIUM
4313,2026-01-31 20:04:13,30.03,3,11,16,43.207294,-2.922389,DELIVERED,49,WIND,LOW
4314,2026-01-30 07:58:47,48.49,4,25,12,43.203083,-2.884433,DELIVERED,29,CLEAR,MEDIUM
4315,2026-01-08 14:39:38,65.7,5,25,17,43.252765,-2.929621,DELIVERED,42,CLEAR,MEDIUM
4316,2026-01-17 12:33:49,22.63,2,17,11,43.293261,-2.940255,DELIVERED,19,CLEAR,LOW
4317,2026-01-12 11:50:05,11.98,1,15,23,43.236878,-2.896641,DELIVERED,44,CLEAR,MEDIUM
4318,2026-01-04 16:32:07,52.91,3,19,17,43.247734,-2.958611,DELIVERED,36,CLEAR,MEDIUM
4319,2026-01-15 14:28:57,18.15,2,23,30,43.245215,-2.960444,DELIVERED,19,CLEAR,HIGH
4320,2026-01-31 13:49:04,74.06,5,30,24,43.218183,-2.898952,DELIVERED,12,RAIN,HIGH
4321,2026-01-03 22:26:27,50.37,4,35,25,43.208726,-2.946676,DELIVERED,2,CLEAR,HIGH
4322,2026-01-01 23:59:00,33.18,2,25,21,43.279573,-2.882932,DELIVERED,14,CLEAR,MEDIUM
4323,2026-01-18 21:38:11,50.67,5,19,25,43.262967,-2.957824,CANCELLED,16,RAIN,HIGH
4324,2026-01-06 01:44:20,42.38,3,18,25,43.223337,-2.881745,DELIVERED,11,RAIN,MEDIUM
4325,2026-01-08 13:15:23,18.53,1,25,21,43.281934,-2.888126,DELIVERED,46,CLEAR,MEDIUM
4326,2026-01-14 15:59:53,61.56,6,9,19,43.253426,-2.984411,DELIVERED,15,CLEAR,LOW
4327,2026-01-12 20:20:05,53.48,6,12,21,43.203487,-2.923252,DELIVERED,49,CLEAR,MEDIUM
4328,2026-01-21 21:15:20,10.98,1,20,31,43.235105,-2.981474,DELIVERED,37,RAIN,MEDIUM
4329,2026-01-03 14:00:38,58.64,3,33,18,43.286382,-2.981685,DELIVERED,33,CLEAR,MEDIUM
4330,2026-01-31 14:45:18,57.38,3,32,30,43.23514,-2.904808,DELIVERED,18,CLEAR,HIGH
4331,2026-01-04 13:31:16,29.33,3,18,25,43.24377,-2.982288,DELIVERED,37,RAIN,HIGH
4332,2026-01-12 13:44:14,69.68,5,27,16,43.290878,-2.978532,DELIVERED,48,CLEAR,MEDIUM
4333,2026-01-16 08:20:09,41.76,2,23,18,43.219413,-2.887487,DELIVERED,6,RAIN,LOW
4334,2026-01-18 14:06:46,62.39,6,28,22,43.20401,-2.943109,DELIVERED,19,CLEAR,HIGH
4335,2026-01-01 22:10:11,60.36,6,26,17,43.244466,-2.908952,CANCELLED,20,CLEAR,HIGH
4336,2026-01-27 11:07:34,57.65,4,13,18,43.250975,-2.927474,DELIVERED,8,CLEAR,LOW
4337,2026-01-31 00:24:05,20.47,2,14,10,43.215733,-2.892577,DELIVERED,49,CLEAR,LOW
4338,2026-01-08 23:19:43,58.57,3,31,19,43.267088,-2.922199,DELIVERED,18,CLEAR,MEDIUM
4339,2026-01-10 12:38:57,12.49,1,22,19,43.258779,-2.931214,DELIVERED,19,CLEAR,MEDIUM
4340,2026-01-18 14:26:06,65.82,6,13,24,43.266451,-2.908104,DELIVERED,20,WIND,MEDIUM
4341,2026-01-08 22:35:51,27.82,3,19,17,43.275438,-2.949689,DELIVERED,50,CLEAR,MEDIUM
4342,2026-01-28 06:04:19,73.36,6,16,22,43.241645,-2.939322,DELIVERED,3,WIND,MEDIUM
4343,2026-01-27 15:18:46,52.98,4,18,22,43.201789,-2.972996,DELIVERED,17,WIND,MEDIUM
4344,2026-01-21 21:17:38,73.31,6,28,16,43.292341,-2.984036,DELIVERED,24,CLEAR,MEDIUM
4345,2026-01-29 13:33:16,49.72,4,27,15,43.207007,-2.922135,DELIVERED,3,CLEAR,MEDIUM
4346,2026-01-25 22:37:09,24.21,2,23,25,43.251927,-2.974296,CANCELLED,17,CLEAR,HIGH
4347,2026-01-14 12:32:47,74.96,5,27,12,43.27227,-2.915474,DELIVERED,14,CLEAR,MEDIUM
4348,2026-01-14 13:25:35,38.61,4,19,15,43.283429,-2.943679,DELIVERED,21,CLEAR,MEDIUM
4349,2026-01-17 21:33:46,31.21,3,17,33,43.208913,-2.973349,DELIVERED,15,RAIN,HIGH
4350,2026-01-05 12:12:59,19.21,1,29,15,43.216548,-2.94509,DELIVERED,12,CLEAR,LOW
4351,2026-01-28 15:11:04,17.16,1,11,14,43.206014,-2.894729,DELIVERED,8,CLEAR,LOW
4352,2026-01-21 21:44:11,61.2,6,23,18,43.266981,-2.956205,DELIVERED,4,CLEAR,MEDIUM
4353,2026-01-20 14:08:37,34.72,3,18,29,43.270721,-2.895615,DELIVERED,35,CLEAR,HIGH
4354,2026-01-11 15:30:53,43.71,3,17,14,43.212156,-2.973511,DELIVERED,42,CLEAR,LOW
4355,2026-01-29 15:43:33,78.1,6,21,12,43.258605,-2.907985,DELIVERED,38,CLEAR,LOW
4356,2026-01-18 08:15:23,40.84,2,21,15,43.26214,-2.977381,DELIVERED,36,CLEAR,LOW
4357,2026-01-20 14:05:59,36.73,2,26,31,43.240419,-2.928875,DELIVERED,10,CLEAR,HIGH
4358,2026-01-28 21:00:15,61.73,6,25,14,43.289343,-2.880869,DELIVERED,26,CLEAR,MEDIUM
4359,2026-01-13 14:55:19,92.62,5,41,36,43.214303,-2.980064,DELIVERED,9,RAIN,HIGH
4360,2026-01-18 22:54:25,76.62,6,28,31,43.289942,-2.891486,DELIVERED,35,CLEAR,HIGH
4361,2026-01-02 17:17:38,65.13,5,17,14,43.274887,-2.989004,DELIVERED,45,WIND,LOW
4362,2026-01-07 21:38:04,75.83,6,29,28,43.240565,-2.903845,DELIVERED,40,RAIN,HIGH
4363,2026-01-31 13:31:29,20.51,2,28,19,43.263194,-2.934977,DELIVERED,26,CLEAR,HIGH
4364,2026-01-06 07:23:07,57.65,4,18,24,43.232034,-2.985561,DELIVERED,46,CLEAR,HIGH
4365,2026-01-18 23:39:41,28.07,2,18,10,43.267398,-2.96963,DELIVERED,24,CLEAR,LOW
4366,2026-01-29 21:11:38,95.46,5,29,14,43.27526,-2.904298,DELIVERED,6,CLEAR,MEDIUM
4367,2026-01-13 15:28:55,60.2,4,21,18,43.254978,-2.906654,DELIVERED,32,CLEAR,MEDIUM
4368,2026-01-25 19:56:13,29.66,3,17,16,43.250846,-2.985369,DELIVERED,21,CLEAR,LOW
4369,2026-01-28 21:18:01,12.17,1,32,24,43.292793,-2.915743,DELIVERED,29,RAIN,MEDIUM
4370,2026-01-06 14:18:43,12.48,1,27,17,43.242153,-2.888979,DELIVERED,24,CLEAR,HIGH
4371,2026-01-18 22:50:49,23.49,2,36,25,43.292242,-2.988744,DELIVERED,22,WIND,HIGH
4372,2026-01-31 22:15:07,40.91,2,29,29,43.210926,-2.882664,DELIVERED,6,RAIN,HIGH
4373,2026-01-16 21:05:41,74.23,6,20,24,43.227267,-2.924542,DELIVERED,40,CLEAR,HIGH
4374,2026-01-02 04:46:35,38.88,3,15,17,43.276994,-2.918702,CANCELLED,27,CLEAR,LOW
4375,2026-01-22 22:48:38,50.68,4,28,25,43.238796,-2.905256,DELIVERED,11,CLEAR,HIGH
4376,2026-01-22 22:57:26,63.77,6,25,28,43.244603,-2.984416,DELIVERED,41,CLEAR,HIGH
4377,2026-01-07 12:12:39,55.21,3,27,19,43.295275,-2.93571,DELIVERED,28,CLEAR,LOW
4378,2026-01-05 13:45:45,13.78,1,18,22,43.20877,-2.981265,CANCELLED,27,CLEAR,HIGH
4379,2026-01-28 23:54:02,13.43,1,18,20,43.290398,-2.961065,DELIVERED,35,RAIN,MEDIUM
4380,2026-01-15 10:14:51,18.51,2,12,18,43.24109,-2.949434,DELIVERED,50,CLEAR,MEDIUM
4381,2026-01-12 14:22:43,15.31,1,23,27,43.21739,-2.955749,DELIVERED,19,RAIN,HIGH
4382,2026-01-31 22:06:39,33.31,2,31,22,43.274121,-2.939047,DELIVERED,12,CLEAR,MEDIUM
4383,2026-01-21 13:49:49,111.37,6,29,26,43.26219,-2.97627,DELIVERED,10,CLEAR,HIGH
4384,2026-01-21 22:02:51,37.67,2,29,20,43.226441,-2.977091,DELIVERED,28,CLEAR,MEDIUM
4385,2026-01-13 07:53:51,65.66,5,21,24,43.245974,-2.885078,DELIVERED,5,CLEAR,MEDIUM
4386,2026-01-10 14:17:21,43.58,4,23,30,43.252939,-2.930066,DELIVERED,47,RAIN,HIGH
4387,2026-01-23 22:44:35,38.55,4,15,28,43.217237,-2.979538,DELIVERED,49,RAIN,HIGH
4388,2026-01-01 12:02:34,40.66,3,13,11,43.285015,-2.909145,DELIVERED,17,CLEAR,LOW
4389,2026-01-12 15:32:54,25.73,2,20,32,43.23639,-2.937836,DELIVERED,38,RAIN,HIGH
4390,2026-01-19 18:04:01,48.05,4,24,20,43.281382,-2.978114,DELIVERED,29,CLEAR,HIGH
4391,2026-01-02 17:05:31,21.05,1,30,16,43.203518,-2.947567,DELIVERED,18,CLEAR,LOW
4392,2026-01-04 22:01:18,39.98,3,31,23,43.207046,-2.978357,DELIVERED,29,CLEAR,HIGH
4393,2026-01-12 05:19:53,34.35,3,18,12,43.232761,-2.951215,DELIVERED,34,CLEAR,LOW
4394,2026-01-17 04:03:49,15.76,1,14,24,43.292308,-2.957532,DELIVERED,35,CLEAR,MEDIUM
4395,2026-01-18 03:56:17,17.69,1,14,18,43.230922,-2.900422,DELIVERED,1,CLEAR,MEDIUM
4396,2026-01-31 12:23:35,20.93,2,7,11,43.289545,-2.95343,DELIVERED,50,CLEAR,LOW
4397,2026-01-17 02:58:06,35.58,3,25,15,43.246294,-2.887507,DELIVERED,2,CLEAR,LOW
4398,2026-01-09 04:51:19,42.5,4,10,18,43.228485,-2.885008,DELIVERED,44,CLEAR,LOW
4399,2026-01-13 13:31:43,19.97,1,41,28,43.224604,-2.902014,DELIVERED,23,CLEAR,HIGH
4400,2026-01-02 22:21:43,73.51,4,28,23,43.210995,-2.93272,DELIVERED,6,RAIN,MEDIUM
4401,2026-01-03 14:31:13,57.77,6,22,25,43.25789,-2.973371,DELIVERED,31,WIND,HIGH
4402,2026-01-11 14:04:29,40.73,4,15,18,43.241977,-2.930607,CANCELLED,7,CLEAR,MEDIUM
4403,2026-01-11 22:51:43,18.75,2,25,23,43.250706,-2.95188,DELIVERED,26,CLEAR,MEDIUM
4404,2026-01-27 22:22:11,9.64,1,23,16,43.276579,-2.978534,DELIVERED,4,CLEAR,HIGH
4405,2026-01-02 22:15:50,17.89,1,23,18,43.211254,-2.905435,DELIVERED,13,CLEAR,HIGH
4406,2026-01-28 13:31:58,40.96,3,23,22,43.215136,-2.976453,DELIVERED,42,CLEAR,MEDIUM
4407,2026-01-09 21:40:58,44.56,3,26,30,43.295539,-2.971924,DELIVERED,25,RAIN,HIGH
4408,2026-01-23 21:49:17,52.35,5,17,27,43.251891,-2.916001,DELIVERED,20,CLEAR,HIGH
4409,2026-01-02 22:27:24,35.03,2,29,20,43.213087,-2.929609,DELIVERED,28,CLEAR,HIGH
4410,2026-01-09 21:42:49,37.1,3,27,26,43.213575,-2.891916,DELIVERED,42,CLEAR,HIGH
4411,2026-01-27 22:14:29,80.86,6,22,19,43.273097,-2.884678,DELIVERED,38,CLEAR,MEDIUM
4412,2026-01-22 21:55:16,17.75,2,14,28,43.294266,-2.976513,DELIVERED,43,CLEAR,HIGH
4413,2026-01-14 20:28:43,16.63,1,13,24,43.203328,-2.943184,DELIVERED,8,WIND,LOW
4414,2026-01-30 13:58:02,57.38,6,18,17,43.290658,-2.97331,DELIVERED,50,CLEAR,MEDIUM
4415,2026-01-09 23:54:32,29.72,3,14,30,43.232848,-2.944048,DELIVERED,41,RAIN,MEDIUM
4416,2026-01-02 14:14:45,68.43,5,25,36,43.249739,-2.978533,DELIVERED,13,RAIN,HIGH
4417,2026-01-01 14:39:51,70.32,6,29,24,43.206818,-2.927298,DELIVERED,24,CLEAR,HIGH
4418,2026-01-22 21:43:12,36.19,3,22,27,43.205295,-2.903495,DELIVERED,40,CLEAR,HIGH
4419,2026-01-14 09:18:12,95.83,5,21,28,43.239263,-2.945351,DELIVERED,36,RAIN,MEDIUM
4420,2026-01-24 13:30:50,75.13,4,29,28,43.250988,-2.940656,DELIVERED,10,RAIN,HIGH
4421,2026-01-26 14:41:24,106.66,6,26,30,43.249284,-2.9704,DELIVERED,36,RAIN,HIGH
4422,2026-01-22 08:20:29,12.11,1,18,12,43.221701,-2.923204,DELIVERED,31,CLEAR,LOW
4423,2026-01-20 13:11:18,11.31,1,16,28,43.260431,-2.964549,DELIVERED,15,CLEAR,HIGH
4424,2026-01-31 22:50:07,77.79,6,25,31,43.2638,-2.915111,CANCELLED,5,CLEAR,HIGH
4425,2026-01-13 14:59:19,42.99,3,26,14,43.290045,-2.89367,DELIVERED,48,CLEAR,MEDIUM
4426,2026-01-22 23:05:49,39.19,3,18,16,43.270376,-2.935364,DELIVERED,17,RAIN,LOW
4427,2026-01-18 13:43:24,45.53,5,23,20,43.216459,-2.912316,CANCELLED,21,CLEAR,MEDIUM
4428,2026-01-30 17:29:03,36.19,2,22,20,43.222002,-2.982755,DELIVERED,28,WIND,LOW
4429,2026-01-22 15:13:27,76.19,6,20,20,43.295439,-2.937772,DELIVERED,39,CLEAR,LOW
4430,2026-01-23 15:19:51,25.95,2,15,29,43.215636,-2.933529,DELIVERED,30,RAIN,MEDIUM
4431,2026-01-31 18:25:12,37.44,4,13,23,43.202131,-2.91582,DELIVERED,31,RAIN,LOW
4432,2026-01-26 17:26:21,65.1,5,18,25,43.282833,-2.928447,DELIVERED,38,RAIN,MEDIUM
4433,2026-01-14 14:10:47,10.78,1,20,23,43.29137,-2.988429,DELIVERED,20,CLEAR,MEDIUM
4434,2026-01-05 23:32:09,40.67,4,20,15,43.289794,-2.977372,DELIVERED,19,CLEAR,MEDIUM
4435,2026-01-11 13:21:38,58.36,6,21,22,43.241183,-2.923666,DELIVERED,20,CLEAR,MEDIUM
4436,2026-01-30 09:28:05,51.82,4,15,12,43.281572,-2.944063,DELIVERED,40,CLEAR,LOW
4437,2026-01-03 20:28:11,22.79,2,17,17,43.207596,-2.883079,DELIVERED,26,CLEAR,LOW
4438,2026-01-03 14:43:35,41.6,3,24,34,43.289052,-2.971759,DELIVERED,48,WIND,HIGH
4439,2026-01-19 12:36:57,31.75,2,19,30,43.237162,-2.974567,DELIVERED,39,CLEAR,HIGH
4440,2026-01-02 12:40:54,22.4,2,14,16,43.287052,-2.90258,DELIVERED,40,CLEAR,LOW
4441,2026-01-28 13:52:24,25.66,2,19,36,43.26522,-2.935196,DELIVERED,27,RAIN,HIGH
4442,2026-01-01 07:10:14,12.17,1,19,17,43.285429,-2.900317,DELIVERED,48,CLEAR,MEDIUM
4443,2026-01-11 12:06:57,42.9,4,10,19,43.212327,-2.945299,DELIVERED,15,CLEAR,MEDIUM
4444,2026-01-28 13:56:43,73.83,4,32,30,43.23714,-2.960473,DELIVERED,28,CLEAR,HIGH
4445,2026-01-23 14:10:41,46.72,5,16,25,43.293709,-2.933325,DELIVERED,43,WIND,MEDIUM
4446,2026-01-12 21:53:07,65.53,5,22,22,43.256827,-2.916627,DELIVERED,46,CLEAR,MEDIUM
4447,2026-01-12 21:58:57,11.89,1,24,15,43.264843,-2.984494,CANCELLED,26,CLEAR,MEDIUM
4448,2026-01-24 22:20:19,22.42,2,21,33,43.208831,-2.943582,DELIVERED,35,RAIN,HIGH
4449,2026-01-22 22:12:50,26.64,2,18,23,43.227824,-2.888221,DELIVERED,17,CLEAR,MEDIUM
4450,2026-01-30 22:07:35,29.97,2,31,22,43.29224,-2.933144,DELIVERED,2,CLEAR,HIGH
4451,2026-01-21 15:01:33,41.58,4,14,25,43.255989,-2.989192,DELIVERED,44,WIND,HIGH
4452,2026-01-04 02:30:19,36.61,4,8,22,43.207967,-2.925885,DELIVERED,43,CLEAR,MEDIUM
4453,2026-01-18 03:22:11,56.32,3,26,20,43.284364,-2.903059,DELIVERED,28,CLEAR,MEDIUM
4454,2026-01-12 22:44:10,46.96,3,26,21,43.241034,-2.951054,DELIVERED,48,CLEAR,HIGH
4455,2026-01-26 02:22:32,64.65,6,17,17,43.211865,-2.893164,DELIVERED,19,CLEAR,MEDIUM
4456,2026-01-13 05:44:40,74.59,4,33,19,43.27878,-2.987065,DELIVERED,18,CLEAR,MEDIUM
4457,2026-01-16 12:18:33,61.63,6,20,10,43.210637,-2.956675,DELIVERED,4,CLEAR,LOW
4458,2026-01-21 18:25:32,48.75,5,12,16,43.265472,-2.968235,DELIVERED,30,CLEAR,LOW
4459,2026-01-12 07:35:00,90.7,5,25,15,43.250623,-2.883398,DELIVERED,36,CLEAR,LOW
4460,2026-01-26 13:30:50,32.9,3,18,26,43.288371,-2.98443,DELIVERED,30,CLEAR,HIGH
4461,2026-01-23 21:58:08,27.15,3,17,26,43.28118,-2.884448,DELIVERED,7,CLEAR,HIGH
4462,2026-01-29 22:15:25,65.16,6,22,21,43.222063,-2.946635,DELIVERED,26,CLEAR,HIGH
4463,2026-01-26 14:18:17,51.9,4,26,25,43.202173,-2.948183,DELIVERED,38,CLEAR,MEDIUM
4464,2026-01-30 11:19:51,30.33,3,19,14,43.276628,-2.92494,DELIVERED,19,CLEAR,LOW
4465,2026-01-17 13:58:16,39.13,4,24,13,43.29179,-2.891546,CANCELLED,30,CLEAR,MEDIUM
4466,2026-01-25 20:50:13,12.3,1,13,29,43.263734,-2.979573,DELIVERED,17,CLEAR,HIGH
4467,2026-01-31 00:20:42,10.67,1,13,22,43.237855,-2.94269,DELIVERED,30,CLEAR,MEDIUM
4468,2026-01-27 12:07:40,54.68,5,12,15,43.251063,-2.92125,DELIVERED,47,CLEAR,MEDIUM
4469,2026-01-02 07:27:23,76.26,6,14,19,43.221866,-2.972089,DELIVERED,27,CLEAR,LOW
4470,2026-01-12 14:51:13,92.16,5,26,20,43.214768,-2.93445,DELIVERED,36,CLEAR,HIGH
4471,2026-01-13 14:42:13,22.99,2,25,26,43.204929,-2.949762,DELIVERED,24,CLEAR,HIGH
4472,2026-01-21 22:48:15,41.96,3,20,19,43.222359,-2.903483,DELIVERED,1,CLEAR,HIGH
4473,2026-01-26 11:16:01,87.94,6,20,18,43.248866,-2.970144,DELIVERED,13,RAIN,MEDIUM
4474,2026-01-21 20:11:02,92.19,5,25,26,43.260324,-2.935664,CANCELLED,33,RAIN,MEDIUM
4475,2026-01-14 16:53:40,56.14,4,13,28,43.26537,-2.926342,DELIVERED,8,RAIN,LOW
4476,2026-01-28 22:52:29,37.17,3,20,20,43.28852,-2.953663,DELIVERED,17,CLEAR,MEDIUM
4477,2026-01-28 02:37:56,54.6,5,10,19,43.202747,-2.977442,CANCELLED,20,CLEAR,LOW
4478,2026-01-09 14:26:09,22.53,1,36,27,43.28909,-2.901707,DELIVERED,33,RAIN,MEDIUM
4479,2026-01-25 03:09:09,50.7,5,20,16,43.200092,-2.922975,DELIVERED,19,RAIN,LOW
4480,2026-01-10 21:23:43,26.3,2,30,27,43.293734,-2.989435,DELIVERED,39,RAIN,MEDIUM
4481,2026-01-25 19:31:37,52.6,3,28,23,43.28549,-2.934125,CANCELLED,9,RAIN,LOW
4482,2026-01-06 13:23:07,63.96,5,28,26,43.252938,-2.885631,CANCELLED,24,CLEAR,HIGH
4483,2026-01-25 23:18:57,27.71,2,22,22,43.249048,-2.969674,DELIVERED,14,RAIN,LOW
4484,2026-01-22 21:11:11,81.36,6,24,27,43.205378,-2.898268,DELIVERED,46,WIND,HIGH
4485,2026-01-05 12:05:04,39.2,3,17,19,43.257421,-2.944183,DELIVERED,45,CLEAR,LOW
4486,2026-01-14 21:20:31,16.71,2,14,14,43.220433,-2.907433,DELIVERED,7,CLEAR,MEDIUM
4487,2026-01-08 14:24:10,35.13,3,35,26,43.299103,-2.984796,DELIVERED,2,CLEAR,HIGH
4488,2026-01-21 20:04:44,14.16,1,16,20,43.269238,-2.973253,DELIVERED,26,WIND,LOW
4489,2026-01-27 23:43:31,86.6,6,22,19,43.202846,-2.92863,DELIVERED,25,CLEAR,MEDIUM
4490,2026-01-12 03:07:00,12.03,1,20,22,43.273852,-2.918724,DELIVERED,48,WIND,MEDIUM
4491,2026-01-13 14:40:01,20.14,2,14,29,43.214642,-2.938614,DELIVERED,30,CLEAR,HIGH
4492,2026-01-07 20:46:09,65.3,6,20,19,43.293429,-2.932217,DELIVERED,26,CLEAR,LOW
4493,2026-01-17 21:37:52,16.98,1,39,34,43.200211,-2.936695,CANCELLED,23,RAIN,HIGH
4494,2026-01-16 21:52:34,28.57,3,25,28,43.277168,-2.977154,CANCELLED,4,CLEAR,HIGH
4495,2026-01-12 21:14:07,73.95,4,39,20,43.225637,-2.925838,DELIVERED,9,CLEAR,MEDIUM
4496,2026-01-12 11:23:20,44.21,4,17,13,43.299405,-2.884065,DELIVERED,26,CLEAR,LOW
4497,2026-01-08 23:32:24,14.29,1,18,22,43.276088,-2.883651,DELIVERED,24,CLEAR,MEDIUM
4498,2026-01-26 21:07:59,61.38,5,32,25,43.276691,-2.943026,DELIVERED,2,CLEAR,HIGH
4499,2026-01-08 21:51:57,34.94,2,24,31,43.233916,-2.96383,DELIVERED,10,CLEAR,HIGH
4500,2026-01-02 21:24:47,24.76,2,29,29,43.272307,-2.988538,DELIVERED,39,CLEAR,HIGH
4501,2026-01-26 15:59:43,23.11,2,16,22,43.252809,-2.898601,DELIVERED,21,CLEAR,HIGH
4502,2026-01-07 21:27:48,58.72,3,29,29,43.218687,-2.981701,DELIVERED,28,CLEAR,HIGH
4503,2026-01-02 07:55:26,27.94,3,17,18,43.29352,-2.923417,DELIVERED,31,CLEAR,LOW
4504,2026-01-28 01:58:12,109.85,6,26,12,43.285298,-2.906468,DELIVERED,28,CLEAR,LOW
4505,2026-01-06 05:57:46,71.09,4,21,25,43.282438,-2.93885,DELIVERED,36,RAIN,LOW
4506,2026-01-28 20:22:55,75.94,5,19,17,43.280737,-2.914045,DELIVERED,1,CLEAR,LOW
4507,2026-01-21 20:30:35,9.99,1,18,19,43.284648,-2.968482,DELIVERED,19,CLEAR,LOW
4508,2026-01-19 17:56:33,12.66,1,23,18,43.220315,-2.933849,DELIVERED,24,CLEAR,LOW
4509,2026-01-01 20:49:21,48.25,5,14,18,43.255517,-2.92053,DELIVERED,7,RAIN,LOW
4510,2026-01-26 17:03:53,22.82,2,21,22,43.217496,-2.978867,DELIVERED,29,RAIN,MEDIUM
4511,2026-01-20 22:49:44,70.04,5,24,34,43.286095,-2.910839,DELIVERED,13,RAIN,HIGH
4512,2026-01-22 19:55:12,27.71,3,15,18,43.236508,-2.901895,DELIVERED,16,WIND,LOW
4513,2026-01-20 12:30:14,108.18,6,19,12,43.235934,-2.956396,DELIVERED,10,CLEAR,LOW
4514,2026-01-07 12:54:00,35.68,3,11,13,43.268247,-2.956298,DELIVERED,41,CLEAR,MEDIUM
4515,2026-01-04 13:27:19,50.78,4,20,17,43.228546,-2.921765,DELIVERED,17,CLEAR,HIGH
4516,2026-01-08 09:59:23,74.82,4,25,19,43.288942,-2.905013,DELIVERED,6,CLEAR,MEDIUM
4517,2026-01-01 12:36:00,59.67,5,16,10,43.271831,-2.942197,DELIVERED,45,CLEAR,LOW
4518,2026-01-03 16:55:22,45.26,3,16,11,43.289153,-2.889474,DELIVERED,13,CLEAR,LOW
4519,2026-01-20 13:05:05,71.55,4,35,24,43.276232,-2.92048,DELIVERED,23,RAIN,HIGH
4520,2026-01-02 13:31:39,18.08,1,28,33,43.231681,-2.891735,DELIVERED,28,RAIN,HIGH
4521,2026-01-25 22:02:25,58.06,5,19,26,43.240609,-2.908737,DELIVERED,5,CLEAR,HIGH
4522,2026-01-12 19:51:32,44.09,4,17,21,43.289593,-2.943632,DELIVERED,19,CLEAR,MEDIUM
4523,2026-01-28 22:33:01,41.82,4,17,20,43.290082,-2.963649,DELIVERED,49,WIND,MEDIUM
4524,2026-01-07 18:47:21,59.68,6,12,18,43.216189,-2.937638,DELIVERED,37,CLEAR,MEDIUM
4525,2026-01-26 09:48:51,31.4,3,13,18,43.281612,-2.929581,DELIVERED,37,CLEAR,LOW
4526,2026-01-30 08:04:59,112.9,6,31,21,43.283251,-2.891832,DELIVERED,9,CLEAR,MEDIUM
4527,2026-01-04 11:28:56,58.53,3,22,20,43.253267,-2.886431,DELIVERED,36,WIND,LOW
4528,2026-01-30 21:50:08,55.14,3,35,22,43.260963,-2.905764,DELIVERED,6,CLEAR,MEDIUM
4529,2026-01-05 20:14:36,28.15,2,18,22,43.283105,-2.882167,DELIVERED,3,CLEAR,MEDIUM
4530,2026-01-26 15:25:12,68.44,5,10,19,43.207053,-2.948952,DELIVERED,27,CLEAR,MEDIUM
4531,2026-01-04 18:14:18,24.08,2,26,20,43.288135,-2.916819,DELIVERED,29,CLEAR,MEDIUM
4532,2026-01-17 17:38:19,66.94,5,13,20,43.270478,-2.907375,DELIVERED,27,CLEAR,LOW
4533,2026-01-18 13:52:39,111.35,6,38,17,43.238788,-2.9751,DELIVERED,33,CLEAR,MEDIUM
4534,2026-01-30 21:58:42,20.23,2,13,25,43.240887,-2.982006,DELIVERED,37,CLEAR,HIGH
4535,2026-01-23 22:44:09,40.76,2,35,15,43.28398,-2.890724,DELIVERED,18,CLEAR,MEDIUM
4536,2026-01-20 15:28:20,49.33,4,26,19,43.299868,-2.893228,DELIVERED,29,CLEAR,LOW
4537,2026-01-11 06:51:49,39.46,2,21,23,43.295214,-2.908322,CANCELLED,6,RAIN,LOW
4538,2026-01-24 15:04:50,44.14,3,17,17,43.227422,-2.943013,DELIVERED,39,CLEAR,MEDIUM
4539,2026-01-03 20:47:33,15.27,1,27,22,43.2677,-2.988433,DELIVERED,2,RAIN,LOW
4540,2026-01-17 22:44:18,43.5,3,23,14,43.202908,-2.920744,DELIVERED,25,CLEAR,MEDIUM
4541,2026-01-15 14:22:31,48.68,5,19,36,43.214558,-2.896264,DELIVERED,15,RAIN,HIGH
4542,2026-01-11 12:45:42,43.58,4,14,28,43.272497,-2.944316,DELIVERED,44,RAIN,MEDIUM
4543,2026-01-01 06:02:17,55.35,6,15,16,43.271155,-2.92524,DELIVERED,16,CLEAR,LOW
4544,2026-01-17 13:15:35,18.48,1,37,30,43.208655,-2.90674,CANCELLED,12,CLEAR,HIGH
4545,2026-01-19 12:44:13,39.04,3,25,24,43.279144,-2.908474,DELIVERED,2,CLEAR,HIGH
4546,2026-01-25 21:56:05,41.07,3,24,17,43.247194,-2.900031,DELIVERED,5,CLEAR,HIGH
4547,2026-01-18 21:24:21,24.7,2,25,24,43.260305,-2.910082,DELIVERED,5,RAIN,MEDIUM
4548,2026-01-20 13:09:33,78.53,6,23,23,43.283282,-2.892621,DELIVERED,11,RAIN,MEDIUM
4549,2026-01-19 14:02:04,16.3,1,24,29,43.265047,-2.915996,DELIVERED,24,RAIN,MEDIUM
4550,2026-01-16 22:36:25,90.5,5,31,21,43.273803,-2.983513,DELIVERED,18,CLEAR,HIGH
4551,2026-01-20 13:33:16,44.34,3,39,27,43.293317,-2.888298,DELIVERED,12,CLEAR,HIGH
4552,2026-01-31 13:48:43,41.69,4,23,23,43.221729,-2.89539,DELIVERED,20,CLEAR,HIGH
4553,2026-01-30 14:05:47,80.71,6,25,15,43.226707,-2.940498,DELIVERED,17,WIND,MEDIUM
4554,2026-01-09 12:38:55,26.58,2,17,10,43.216502,-2.982019,DELIVERED,45,CLEAR,LOW
4555,2026-01-16 01:35:58,21.03,1,19,28,43.286323,-2.979367,DELIVERED,10,RAIN,MEDIUM
4556,2026-01-31 13:20:02,76.72,6,27,28,43.206625,-2.889573,CANCELLED,3,RAIN,HIGH
4557,2026-01-30 19:15:17,75.69,4,33,11,43.265466,-2.882514,DELIVERED,23,CLEAR,LOW
4558,2026-01-22 20:15:23,15.15,1,14,11,43.283568,-2.984582,DELIVERED,42,CLEAR,LOW
4559,2026-01-29 06:37:30,82.62,6,29,19,43.268714,-2.925547,DELIVERED,12,CLEAR,LOW
4560,2026-01-24 20:38:23,70.28,6,21,17,43.269414,-2.977084,DELIVERED,5,WIND,MEDIUM
4561,2026-01-08 23:11:43,58.59,4,22,20,43.202853,-2.915347,DELIVERED,32,CLEAR,HIGH
4562,2026-01-19 16:10:32,13.07,1,14,16,43.254105,-2.898061,DELIVERED,44,CLEAR,MEDIUM
4563,2026-01-30 22:17:36,36.78,3,22,25,43.229097,-2.93339,DELIVERED,40,WIND,HIGH
4564,2026-01-01 21:28:54,79.94,6,21,38,43.214805,-2.938611,DELIVERED,8,RAIN,HIGH
4565,2026-01-13 00:35:09,25.76,3,10,20,43.22538,-2.961917,DELIVERED,49,RAIN,LOW
4566,2026-01-14 13:09:05,27.9,2,24,19,43.243924,-2.918138,DELIVERED,3,CLEAR,HIGH
4567,2026-01-20 12:49:17,18.6,2,14,16,43.291693,-2.89836,DELIVERED,20,CLEAR,LOW
4568,2026-01-03 13:31:15,38.5,3,19,26,43.232113,-2.894744,DELIVERED,8,CLEAR,HIGH
4569,2026-01-20 15:53:16,49.46,5,16,21,43.255196,-2.954314,DELIVERED,7,CLEAR,MEDIUM
4570,2026-01-23 12:45:25,72.24,6,22,21,43.298795,-2.961701,DELIVERED,29,CLEAR,MEDIUM
4571,2026-01-24 22:29:27,86.62,6,31,31,43.282692,-2.962985,DELIVERED,12,RAIN,HIGH
4572,2026-01-12 21:41:44,95.37,5,42,21,43.263778,-2.90255,DELIVERED,23,CLEAR,HIGH
4573,2026-01-15 21:43:31,42.45,3,22,28,43.239416,-2.94428,DELIVERED,48,RAIN,HIGH
4574,2026-01-23 18:49:13,35.6,4,11,23,43.203948,-2.907548,DELIVERED,50,RAIN,LOW
4575,2026-01-14 21:28:08,72.61,6,30,21,43.215544,-2.932464,DELIVERED,5,CLEAR,HIGH
4576,2026-01-25 14:41:42,14.14,1,21,29,43.213208,-2.94656,DELIVERED,27,CLEAR,HIGH
4577,2026-01-08 20:12:15,76.31,6,20,13,43.205516,-2.907186,DELIVERED,45,CLEAR,MEDIUM
4578,2026-01-23 22:04:22,77.09,6,23,16,43.212934,-2.900346,DELIVERED,3,CLEAR,MEDIUM
4579,2026-01-11 00:05:09,34.82,2,29,15,43.234519,-2.981537,DELIVERED,9,WIND,LOW
4580,2026-01-23 16:15:06,92.76,5,21,15,43.251598,-2.976652,DELIVERED,36,WIND,LOW
4581,2026-01-24 07:39:59,110.48,6,31,23,43.284187,-2.953272,DELIVERED,23,WIND,MEDIUM
4582,2026-01-03 14:27:13,47.39,5,22,18,43.248539,-2.933422,DELIVERED,49,CLEAR,HIGH
4583,2026-01-07 14:02:06,20.48,1,33,13,43.231099,-2.920431,DELIVERED,36,CLEAR,MEDIUM
4584,2026-01-23 23:55:03,107.51,6,27,13,43.240489,-2.909875,DELIVERED,33,CLEAR,LOW
4585,2026-01-28 21:21:25,38.07,3,27,24,43.202363,-2.989245,DELIVERED,3,CLEAR,HIGH
4586,2026-01-05 20:23:17,49.93,5,13,16,43.252826,-2.954329,DELIVERED,16,CLEAR,MEDIUM
4587,2026-01-18 15:01:18,31.28,3,21,13,43.293092,-2.899782,DELIVERED,26,CLEAR,MEDIUM
4588,2026-01-03 22:18:55,39.71,3,18,27,43.236243,-2.905653,DELIVERED,17,CLEAR,HIGH
4589,2026-01-17 23:25:07,111.27,6,30,17,43.278929,-2.95355,DELIVERED,9,WIND,LOW
4590,2026-01-16 05:24:23,12.99,1,18,22,43.262566,-2.957084,DELIVERED,31,CLEAR,MEDIUM
4591,2026-01-20 11:35:36,58.22,3,34,26,43.283016,-2.982849,DELIVERED,23,RAIN,MEDIUM
4592,2026-01-17 02:58:58,77.29,6,20,20,43.231176,-2.910962,DELIVERED,35,WIND,MEDIUM
4593,2026-01-30 12:33:30,75.01,6,26,15,43.208362,-2.938199,DELIVERED,22,CLEAR,MEDIUM
4594,2026-01-10 22:11:45,56.09,4,20,21,43.224652,-2.948029,DELIVERED,46,CLEAR,HIGH
4595,2026-01-03 15:47:32,41.49,4,14,11,43.287804,-2.979559,DELIVERED,16,CLEAR,LOW
4596,2026-01-30 22:04:09,64.17,5,22,23,43.261444,-2.960596,DELIVERED,27,CLEAR,HIGH
4597,2026-01-08 14:41:02,21.02,1,32,30,43.215189,-2.931619,DELIVERED,33,CLEAR,HIGH
4598,2026-01-11 22:43:05,27.98,2,26,22,43.298867,-2.893901,DELIVERED,1,CLEAR,HIGH
4599,2026-01-26 15:30:09,30.37,3,17,10,43.287374,-2.960209,DELIVERED,31,CLEAR,LOW
4600,2026-01-23 18:28:57,22.6,1,20,10,43.289387,-2.986665,DELIVERED,36,CLEAR,LOW
4601,2026-01-09 23:51:15,61.54,4,18,19,43.221298,-2.974155,DELIVERED,1,CLEAR,LOW
4602,2026-01-10 10:30:48,55.54,6,12,15,43.254132,-2.938051,DELIVERED,7,CLEAR,LOW
4603,2026-01-12 14:20:24,59.96,3,32,29,43.25471,-2.925255,DELIVERED,36,RAIN,MEDIUM
4604,2026-01-27 23:46:51,56.67,4,16,26,43.211788,-2.901264,DELIVERED,17,RAIN,LOW
4605,2026-01-25 18:54:09,52.71,5,21,21,43.252592,-2.89366,CANCELLED,19,RAIN,MEDIUM
4606,2026-01-07 14:46:15,92.19,5,22,25,43.299541,-2.936174,DELIVERED,36,RAIN,MEDIUM
4607,2026-01-02 22:50:48,14.11,1,27,14,43.290826,-2.886821,DELIVERED,26,CLEAR,MEDIUM
4608,2026-01-06 20:57:51,81.92,6,15,11,43.206267,-2.90558,DELIVERED,11,CLEAR,LOW
4609,2026-01-18 16:54:30,74.79,6,15,13,43.225704,-2.964965,DELIVERED,45,CLEAR,LOW
4610,2026-01-14 20:56:59,31.18,2,12,19,43.244631,-2.886058,DELIVERED,8,CLEAR,LOW
4611,2026-01-15 18:53:38,51.31,5,13,22,43.220524,-2.901989,DELIVERED,41,WIND,LOW
4612,2026-01-06 12:33:49,70.61,6,15,15,43.274788,-2.981195,DELIVERED,5,CLEAR,LOW
4613,2026-01-31 21:38:40,44.86,3,22,23,43.233718,-2.940449,DELIVERED,25,RAIN,HIGH
4614,2026-01-30 14:53:09,77.44,6,35,21,43.206705,-2.923065,DELIVERED,29,CLEAR,MEDIUM
4615,2026-01-29 22:17:24,109.63,6,36,23,43.26622,-2.982529,DELIVERED,23,CLEAR,MEDIUM
4616,2026-01-28 05:35:31,19.81,1,20,16,43.242672,-2.895791,DELIVERED,10,CLEAR,LOW
4617,2026-01-15 11:00:54,53.43,5,17,13,43.212608,-2.985932,DELIVERED,26,CLEAR,LOW
4618,2026-01-15 20:35:34,32.17,2,20,16,43.248842,-2.980739,DELIVERED,32,CLEAR,LOW
4619,2026-01-26 08:55:01,16.47,1,20,18,43.203507,-2.936836,DELIVERED,32,RAIN,LOW
4620,2026-01-10 23:16:55,23.75,2,22,23,43.201105,-2.914234,DELIVERED,19,RAIN,MEDIUM
4621,2026-01-19 13:54:18,32.41,2,29,13,43.272232,-2.943593,CANCELLED,48,CLEAR,MEDIUM
4622,2026-01-31 19:34:29,56.41,4,16,16,43.270602,-2.913896,DELIVERED,46,CLEAR,MEDIUM
4623,2026-01-15 04:50:33,55.2,3,22,22,43.21626,-2.900115,DELIVERED,36,RAIN,MEDIUM
4624,2026-01-16 12:52:14,59.94,4,26,20,43.293375,-2.919347,DELIVERED,12,CLEAR,MEDIUM
4625,2026-01-02 23:57:04,19.01,1,20,13,43.220674,-2.968845,DELIVERED,25,CLEAR,LOW
4626,2026-01-12 03:13:33,49.32,5,18,18,43.211555,-2.953076,DELIVERED,47,CLEAR,MEDIUM
4627,2026-01-04 22:50:31,54.14,5,21,12,43.20086,-2.942909,DELIVERED,47,CLEAR,MEDIUM
4628,2026-01-27 15:19:40,26.91,3,11,17,43.220363,-2.919194,DELIVERED,50,CLEAR,LOW
4629,2026-01-20 22:41:14,47.47,3,27,22,43.289549,-2.933934,DELIVERED,25,CLEAR,MEDIUM
4630,2026-01-13 18:29:36,26.38,2,22,24,43.236065,-2.888881,DELIVERED,32,CLEAR,HIGH
4631,2026-01-07 20:33:11,39.23,2,28,18,43.259793,-2.896615,DELIVERED,33,WIND,MEDIUM
4632,2026-01-16 14:21:21,31.68,3,22,27,43.266563,-2.969827,DELIVERED,15,CLEAR,HIGH
4633,2026-01-23 08:53:19,24.34,2,17,17,43.206728,-2.942346,DELIVERED,41,CLEAR,LOW
4634,2026-01-12 18:35:19,17.13,1,12,15,43.267075,-2.942017,DELIVERED,17,CLEAR,MEDIUM
4635,2026-01-29 06:33:35,50.36,4,22,13,43.275588,-2.953776,DELIVERED,34,CLEAR,LOW
4636,2026-01-07 14:13:36,72.52,6,22,24,43.219823,-2.910301,DELIVERED,5,CLEAR,HIGH
4637,2026-01-21 23:14:04,38.64,3,15,16,43.259451,-2.959432,DELIVERED,3,CLEAR,LOW
4638,2026-01-17 22:40:18,38.14,4,22,15,43.249202,-2.979881,DELIVERED,26,CLEAR,MEDIUM
4639,2026-01-13 22:12:50,29.4,2,23,26,43.266423,-2.933131,DELIVERED,39,CLEAR,HIGH
4640,2026-01-27 04:15:56,27.36,2,19,15,43.292758,-2.970094,DELIVERED,1,RAIN,LOW
4641,2026-01-19 22:12:59,30.4,2,22,32,43.270114,-2.944818,DELIVERED,32,WIND,HIGH
4642,2026-01-19 13:25:47,57.16,3,31,24,43.245657,-2.962327,CANCELLED,23,CLEAR,HIGH
4643,2026-01-26 14:00:47,39.97,4,22,24,43.238248,-2.885381,DELIVERED,47,CLEAR,HIGH
4644,2026-01-15 14:59:51,30.81,3,20,23,43.296091,-2.90189,CANCELLED,16,WIND,HIGH
4645,2026-01-22 14:53:07,29.73,3,20,31,43.280988,-2.974363,DELIVERED,41,CLEAR,HIGH
4646,2026-01-25 10:32:16,29.77,3,9,28,43.233924,-2.923747,DELIVERED,49,CLEAR,HIGH
4647,2026-01-10 22:35:24,50.73,5,19,27,43.261896,-2.903096,DELIVERED,49,RAIN,HIGH
4648,2026-01-15 04:29:21,14.53,1,10,29,43.268467,-2.943873,DELIVERED,50,RAIN,MEDIUM
4649,2026-01-31 12:07:12,52.09,6,17,11,43.252067,-2.986864,DELIVERED,31,CLEAR,LOW
4650,2026-01-22 13:01:56,106.25,6,30,29,43.255965,-2.934138,DELIVERED,6,CLEAR,HIGH
4651,2026-01-30 15:35:18,21.85,1,31,23,43.260479,-2.912974,DELIVERED,33,RAIN,LOW
4652,2026-01-08 17:04:48,65.36,5,17,32,43.249379,-2.958777,DELIVERED,8,RAIN,MEDIUM
4653,2026-01-16 12:01:21,16.33,1,19,19,43.242135,-2.913419,DELIVERED,35,CLEAR,LOW
4654,2026-01-09 23:24:29,30.89,3,18,10,43.299335,-2.898842,DELIVERED,4,CLEAR,LOW
4655,2026-01-29 21:58:06,61.57,4,26,23,43.220597,-2.932862,DELIVERED,13,CLEAR,MEDIUM
4656,2026-01-15 14:49:29,109.54,6,30,26,43.285095,-2.908727,DELIVERED,36,RAIN,HIGH
4657,2026-01-13 14:34:49,10.89,1,18,25,43.262419,-2.894939,DELIVERED,44,RAIN,MEDIUM
4658,2026-01-19 22:26:44,11.3,1,27,38,43.234736,-2.956738,CANCELLED,39,RAIN,HIGH
4659,2026-01-07 02:27:45,52.68,4,14,20,43.229119,-2.9426,DELIVERED,42,RAIN,LOW
4660,2026-01-16 14:57:48,26.95,3,21,26,43.250388,-2.880496,DELIVERED,16,RAIN,HIGH
4661,2026-01-22 00:48:49,28.59,2,21,22,43.288976,-2.888674,DELIVERED,32,CLEAR,MEDIUM
4662,2026-01-18 23:37:12,9.63,1,18,18,43.21129,-2.92078,CANCELLED,47,CLEAR,MEDIUM
4663,2026-01-22 21:42:42,63.22,5,20,38,43.232588,-2.933026,DELIVERED,8,RAIN,HIGH
4664,2026-01-27 22:24:49,72.2,6,23,26,43.284828,-2.975101,DELIVERED,40,RAIN,HIGH
4665,2026-01-10 07:33:24,108.59,6,30,18,43.226245,-2.897308,DELIVERED,18,CLEAR,LOW
4666,2026-01-08 20:13:33,44.87,3,12,17,43.238469,-2.924753,DELIVERED,8,CLEAR,LOW
4667,2026-01-04 21:05:46,20.82,2,21,22,43.233439,-2.915988,DELIVERED,7,CLEAR,HIGH
4668,2026-01-20 14:28:54,16.83,1,28,19,43.217664,-2.969136,DELIVERED,46,CLEAR,MEDIUM
4669,2026-01-11 19:23:16,52.46,4,25,21,43.261031,-2.967953,DELIVERED,22,CLEAR,HIGH
4670,2026-01-22 21:18:36,90.71,5,26,16,43.222304,-2.960113,DELIVERED,28,CLEAR,MEDIUM
4671,2026-01-20 12:11:00,22.46,2,8,18,43.25439,-2.982254,DELIVERED,37,RAIN,LOW
4672,2026-01-05 05:48:24,25.2,2,12,15,43.287204,-2.922774,DELIVERED,47,RAIN,LOW
4673,2026-01-04 13:33:34,46.15,4,17,21,43.26386,-2.902765,DELIVERED,3,RAIN,MEDIUM
4674,2026-01-27 21:07:02,27.38,2,35,30,43.263039,-2.980693,DELIVERED,12,CLEAR,HIGH
4675,2026-01-24 17:36:38,112.67,6,26,16,43.228759,-2.970942,DELIVERED,28,CLEAR,LOW
4676,2026-01-04 23:32:02,75.0,5,22,14,43.294198,-2.899009,DELIVERED,48,CLEAR,LOW
4677,2026-01-18 22:12:56,42.38,3,23,18,43.235475,-2.956205,DELIVERED,32,CLEAR,HIGH
4678,2026-01-03 21:17:57,83.94,6,27,18,43.235069,-2.901378,DELIVERED,1,CLEAR,MEDIUM
4679,2026-01-30 14:33:18,19.73,1,37,29,43.233227,-2.95736,DELIVERED,12,CLEAR,HIGH
4680,2026-01-22 12:05:24,91.01,5,27,25,43.249114,-2.907867,DELIVERED,18,CLEAR,MEDIUM
4681,2026-01-18 12:24:49,25.43,2,19,14,43.278857,-2.981571,DELIVERED,40,CLEAR,LOW
4682,2026-01-14 05:56:21,36.24,4,12,13,43.241028,-2.985503,DELIVERED,31,CLEAR,LOW
4683,2026-01-02 03:13:01,113.65,6,20,27,43.272735,-2.88521,DELIVERED,10,WIND,MEDIUM
4684,2026-01-20 15:06:16,12.66,1,13,12,43.206857,-2.886259,DELIVERED,41,CLEAR,MEDIUM
4685,2026-01-08 08:19:10,15.04,1,19,14,43.259928,-2.90598,DELIVERED,4,CLEAR,MEDIUM
4686,2026-01-24 01:12:31,51.04,4,17,25,43.289448,-2.981371,DELIVERED,46,CLEAR,HIGH
4687,2026-01-16 22:13:39,11.34,1,29,25,43.244886,-2.935274,DELIVERED,26,WIND,HIGH
4688,2026-01-06 22:54:22,49.89,4,20,21,43.267043,-2.917402,DELIVERED,40,CLEAR,MEDIUM
4689,2026-01-20 20:22:43,61.65,5,24,21,43.247448,-2.903398,DELIVERED,2,RAIN,MEDIUM
4690,2026-01-26 00:43:41,91.5,5,26,10,43.246529,-2.901087,DELIVERED,33,CLEAR,LOW
4691,2026-01-14 13:26:36,52.62,4,20,18,43.233448,-2.982865,CANCELLED,35,RAIN,MEDIUM
4692,2026-01-10 12:24:38,11.51,1,17,20,43.200598,-2.943817,DELIVERED,19,CLEAR,LOW
4693,2026-01-28 22:12:15,44.49,5,15,18,43.260529,-2.960296,CANCELLED,50,CLEAR,HIGH
4694,2026-01-25 19:09:25,52.25,3,25,25,43.293245,-2.946996,DELIVERED,36,CLEAR,HIGH
4695,2026-01-07 20:42:03,54.82,5,11,20,43.246408,-2.948226,DELIVERED,15,CLEAR,LOW
4696,2026-01-14 14:12:36,69.43,5,19,22,43.229767,-2.977112,DELIVERED,1,CLEAR,MEDIUM
4697,2026-01-07 21:11:31,31.86,2,23,36,43.272981,-2.934023,DELIVERED,46,RAIN,HIGH
4698,2026-01-18 21:18:19,29.11,2,23,16,43.281927,-2.951874,DELIVERED,3,CLEAR,MEDIUM
4699,2026-01-13 13:38:45,57.72,4,31,26,43.251151,-2.951087,DELIVERED,38,WIND,HIGH
4700,2026-01-08 22:09:38,73.16,6,24,26,43.295504,-2.965398,DELIVERED,5,CLEAR,HIGH
4701,2026-01-27 02:25:57,37.32,3,17,24,43.273138,-2.979492,DELIVERED,5,CLEAR,MEDIUM
4702,2026-01-14 05:28:33,57.92,6,9,26,43.278776,-2.887351,DELIVERED,50,CLEAR,HIGH
4703,2026-01-12 14:46:05,21.89,2,22,21,43.26524,-2.888351,DELIVERED,49,WIND,MEDIUM
4704,2026-01-07 13:10:36,8.64,1,19,28,43.205051,-2.928915,DELIVERED,41,WIND,HIGH
4705,2026-01-10 14:11:26,19.35,1,31,24,43.262309,-2.961602,DELIVERED,28,CLEAR,HIGH
4706,2026-01-02 13:09:09,45.15,4,19,21,43.235667,-2.906449,CANCELLED,41,WIND,MEDIUM
4707,2026-01-11 05:57:33,61.72,6,16,22,43.217903,-2.956028,DELIVERED,44,RAIN,MEDIUM
4708,2026-01-06 12:31:25,35.1,4,9,20,43.238597,-2.89932,DELIVERED,49,CLEAR,LOW
4709,2026-01-21 15:38:38,59.36,6,13,29,43.24429,-2.985579,DELIVERED,20,RAIN,MEDIUM
4710,2026-01-26 21:29:26,73.44,5,28,21,43.250762,-2.922437,DELIVERED,13,CLEAR,HIGH
4711,2026-01-31 12:44:10,57.04,3,30,13,43.246574,-2.9889,DELIVERED,18,CLEAR,LOW
4712,2026-01-10 23:56:15,64.54,5,20,16,43.272295,-2.922267,DELIVERED,3,CLEAR,LOW
4713,2026-01-10 13:10:36,111.44,6,37,28,43.217173,-2.940887,DELIVERED,18,WIND,HIGH
4714,2026-01-17 12:37:39,36.36,2,32,25,43.218787,-2.939522,DELIVERED,18,CLEAR,HIGH
4715,2026-01-01 01:21:19,70.33,5,25,19,43.228247,-2.969345,DELIVERED,12,RAIN,LOW
4716,2026-01-16 05:43:18,39.63,2,23,12,43.215733,-2.959415,DELIVERED,36,CLEAR,MEDIUM
4717,2026-01-11 08:30:52,25.05,2,16,28,43.276793,-2.959758,DELIVERED,26,RAIN,MEDIUM
4718,2026-01-25 14:22:12,54.71,5,17,23,43.290018,-2.931788,DELIVERED,47,CLEAR,HIGH
4719,2026-01-14 20:15:35,54.79,5,14,15,43.216868,-2.903208,DELIVERED,30,CLEAR,MEDIUM
4720,2026-01-29 21:18:59,19.44,1,41,28,43.280034,-2.944674,DELIVERED,23,RAIN,HIGH
4721,2026-01-04 14:15:45,41.32,3,35,17,43.254995,-2.94886,DELIVERED,2,CLEAR,MEDIUM
4722,2026-01-20 23:59:32,52.94,4,11,17,43.287965,-2.922527,DELIVERED,8,CLEAR,MEDIUM
4723,2026-01-31 21:05:30,75.95,6,32,23,43.244956,-2.886473,DELIVERED,2,CLEAR,HIGH
4724,2026-01-10 23:16:30,38.73,4,12,19,43.223503,-2.960564,DELIVERED,41,WIND,LOW
4725,2026-01-07 14:18:50,63.14,5,24,32,43.248192,-2.971463,DELIVERED,38,RAIN,HIGH
4726,2026-01-02 21:46:27,38.23,2,35,15,43.239781,-2.962544,DELIVERED,10,CLEAR,MEDIUM
4727,2026-01-23 19:02:36,90.15,5,29,20,43.256937,-2.955666,DELIVERED,9,CLEAR,MEDIUM
4728,2026-01-20 13:11:53,113.9,6,26,23,43.268162,-2.937756,DELIVERED,10,CLEAR,MEDIUM
4729,2026-01-17 20:47:06,45.49,3,15,19,43.217228,-2.987508,DELIVERED,1,CLEAR,LOW
4730,2026-01-07 03:24:15,51.47,5,14,21,43.255488,-2.958576,DELIVERED,15,CLEAR,HIGH
4731,2026-01-23 23:22:06,24.27,2,18,19,43.265598,-2.926374,DELIVERED,45,CLEAR,LOW
4732,2026-01-11 20:28:46,27.48,2,21,10,43.27088,-2.945026,DELIVERED,24,CLEAR,LOW
4733,2026-01-16 09:35:14,11.89,1,14,16,43.20522,-2.948154,DELIVERED,20,RAIN,LOW
4734,2026-01-27 22:42:21,62.36,5,35,22,43.296555,-2.888861,DELIVERED,22,CLEAR,HIGH
4735,2026-01-24 13:06:42,23.25,2,26,22,43.257757,-2.914589,DELIVERED,34,CLEAR,HIGH
4736,2026-01-03 15:01:46,62.89,6,18,22,43.294849,-2.961754,DELIVERED,47,RAIN,MEDIUM
4737,2026-01-25 14:30:59,39.57,4,25,25,43.267346,-2.921184,DELIVERED,47,CLEAR,HIGH
4738,2026-01-07 21:16:33,44.66,5,19,27,43.256817,-2.96171,DELIVERED,49,RAIN,MEDIUM
4739,2026-01-02 13:26:34,53.48,5,14,18,43.216023,-2.957823,DELIVERED,20,CLEAR,MEDIUM
4740,2026-01-05 15:21:28,50.29,5,17,13,43.26912,-2.918497,CANCELLED,47,CLEAR,LOW
4741,2026-01-14 08:19:59,68.99,5,19,20,43.216417,-2.950838,DELIVERED,39,CLEAR,HIGH
4742,2026-01-06 21:00:20,45.92,4,15,24,43.286104,-2.905115,DELIVERED,41,CLEAR,HIGH
4743,2026-01-31 22:22:35,29.34,2,31,14,43.265756,-2.884888,DELIVERED,48,CLEAR,MEDIUM
4744,2026-01-08 21:04:02,15.19,1,19,23,43.25524,-2.89672,DELIVERED,30,WIND,MEDIUM
4745,2026-01-30 21:01:24,45.5,3,22,27,43.229641,-2.988035,DELIVERED,1,WIND,HIGH
4746,2026-01-20 21:01:56,15.27,1,27,21,43.252649,-2.988988,DELIVERED,25,CLEAR,HIGH
4747,2026-01-12 15:58:09,54.57,6,18,13,43.293643,-2.945887,DELIVERED,21,CLEAR,LOW
4748,2026-01-30 18:09:15,28.22,3,12,17,43.286422,-2.944207,DELIVERED,31,CLEAR,HIGH
4749,2026-01-04 14:04:18,106.41,6,31,22,43.203355,-2.961986,DELIVERED,36,CLEAR,MEDIUM
4750,2026-01-03 23:47:44,64.0,5,21,14,43.296174,-2.934704,DELIVERED,39,CLEAR,MEDIUM
4751,2026-01-02 14:05:10,44.09,4,19,31,43.2848,-2.901302,DELIVERED,30,WIND,HIGH
4752,2026-01-14 21:45:23,22.18,2,20,18,43.272162,-2.962903,DELIVERED,45,RAIN,MEDIUM
4753,2026-01-24 22:20:09,30.96,2,24,23,43.279068,-2.910825,DELIVERED,17,WIND,HIGH
4754,2026-01-14 05:10:32,89.82,6,20,21,43.23303,-2.945184,DELIVERED,48,RAIN,LOW
4755,2026-01-30 22:44:49,60.88,5,27,30,43.241216,-2.907132,CANCELLED,3,CLEAR,HIGH
4756,2026-01-20 21:13:13,16.08,2,20,22,43.286031,-2.940649,DELIVERED,16,CLEAR,HIGH
4757,2026-01-04 11:02:39,27.36,2,19,20,43.260213,-2.945648,DELIVERED,35,RAIN,LOW
4758,2026-01-01 06:20:22,18.32,1,23,32,43.257178,-2.924562,DELIVERED,14,RAIN,MEDIUM
4759,2026-01-01 23:56:01,40.21,4,11,20,43.250422,-2.946078,DELIVERED,37,CLEAR,MEDIUM
4760,2026-01-06 21:00:53,38.0,2,30,20,43.283234,-2.982545,DELIVERED,6,CLEAR,HIGH
4761,2026-01-21 14:05:35,16.44,1,18,35,43.201381,-2.946652,DELIVERED,27,RAIN,HIGH
4762,2026-01-11 17:16:59,40.03,2,23,12,43.298761,-2.909426,DELIVERED,6,CLEAR,LOW
4763,2026-01-27 14:14:09,70.76,6,31,27,43.261099,-2.944032,DELIVERED,2,CLEAR,HIGH
4764,2026-01-04 23:28:52,20.14,2,10,19,43.258219,-2.884876,DELIVERED,7,WIND,MEDIUM
4765,2026-01-15 14:36:04,16.61,1,26,28,43.263134,-2.96683,DELIVERED,29,WIND,MEDIUM
4766,2026-01-16 20:06:06,9.22,1,8,19,43.222729,-2.95926,DELIVERED,49,RAIN,LOW
4767,2026-01-20 18:43:33,65.7,5,19,31,43.273484,-2.958455,DELIVERED,39,CLEAR,HIGH
4768,2026-01-29 12:54:01,32.2,2,19,24,43.25836,-2.969614,DELIVERED,25,CLEAR,HIGH
4769,2026-01-12 12:58:45,35.86,4,17,16,43.208989,-2.944841,DELIVERED,31,CLEAR,LOW
4770,2026-01-03 01:57:55,50.93,5,11,24,43.290976,-2.9792,DELIVERED,43,CLEAR,MEDIUM
4771,2026-01-14 09:21:56,30.3,3,16,23,43.244065,-2.940298,DELIVERED,31,CLEAR,HIGH
4772,2026-01-04 15:37:58,32.73,2,26,22,43.2424,-2.94516,CANCELLED,14,RAIN,MEDIUM
4773,2026-01-08 21:12:40,77.49,6,24,24,43.250369,-2.942694,DELIVERED,40,CLEAR,HIGH
4774,2026-01-11 02:38:16,35.61,3,25,13,43.249438,-2.98884,DELIVERED,22,CLEAR,MEDIUM
4775,2026-01-24 20:51:10,14.32,1,13,18,43.240276,-2.880999,CANCELLED,43,RAIN,LOW
4776,2026-01-19 11:16:00,9.25,1,16,14,43.262543,-2.914048,DELIVERED,30,CLEAR,LOW
4777,2026-01-04 09:15:36,113.18,6,23,11,43.281543,-2.9434,DELIVERED,28,CLEAR,LOW
4778,2026-01-14 14:16:37,24.6,2,18,17,43.236465,-2.899445,DELIVERED,47,CLEAR,HIGH
4779,2026-01-06 06:43:41,59.11,5,26,20,43.218398,-2.93329,DELIVERED,22,CLEAR,LOW
4780,2026-01-08 22:52:50,52.05,5,22,23,43.229444,-2.909348,DELIVERED,19,CLEAR,HIGH
4781,2026-01-29 21:07:05,85.09,6,24,25,43.201712,-2.960666,DELIVERED,13,RAIN,HIGH
4782,2026-01-28 02:06:35,68.92,5,24,24,43.238353,-2.939887,DELIVERED,14,RAIN,LOW
4783,2026-01-28 13:07:19,95.39,5,29,20,43.22431,-2.938054,DELIVERED,6,RAIN,MEDIUM
4784,2026-01-06 14:11:39,23.21,2,24,28,43.23953,-2.947579,DELIVERED,21,RAIN,HIGH
4785,2026-01-05 20:58:07,58.27,3,23,32,43.266847,-2.882933,DELIVERED,6,RAIN,HIGH
4786,2026-01-19 21:27:15,26.15,3,19,34,43.232101,-2.914899,CANCELLED,7,RAIN,HIGH
4787,2026-01-19 14:15:31,34.42,3,32,19,43.228334,-2.937403,DELIVERED,24,CLEAR,HIGH
4788,2026-01-28 09:08:11,77.13,4,24,12,43.210641,-2.919434,DELIVERED,28,CLEAR,LOW
4789,2026-01-17 14:15:03,44.02,3,23,23,43.234737,-2.910594,DELIVERED,39,CLEAR,HIGH
4790,2026-01-09 14:34:04,28.94,2,21,15,43.271584,-2.937813,DELIVERED,38,CLEAR,MEDIUM
4791,2026-01-15 13:01:17,54.5,6,21,27,43.225086,-2.939141,DELIVERED,16,CLEAR,HIGH
4792,2026-01-11 14:11:55,54.2,6,20,19,43.287161,-2.931369,DELIVERED,21,CLEAR,HIGH
4793,2026-01-18 13:51:44,85.83,6,25,19,43.281747,-2.927195,DELIVERED,13,CLEAR,HIGH
4794,2026-01-13 13:15:45,35.07,2,28,27,43.240248,-2.945418,DELIVERED,6,RAIN,HIGH
4795,2026-01-28 05:19:10,21.06,2,18,22,43.23131,-2.88917,DELIVERED,21,CLEAR,MEDIUM
4796,2026-01-18 00:51:05,25.35,2,13,10,43.253692,-2.951853,DELIVERED,44,CLEAR,LOW
4797,2026-01-14 15:43:03,13.02,1,16,25,43.208317,-2.911086,DELIVERED,17,WIND,HIGH
4798,2026-01-17 12:46:19,15.41,1,11,16,43.234728,-2.946048,DELIVERED,8,CLEAR,LOW
4799,2026-01-03 17:40:57,24.27,2,28,22,43.282012,-2.891761,DELIVERED,22,CLEAR,HIGH
4800,2026-01-28 09:26:45,41.18,4,16,21,43.244773,-2.95211,DELIVERED,7,CLEAR,MEDIUM
4801,2026-01-28 14:17:39,17.44,1,24,28,43.237382,-2.913391,DELIVERED,46,CLEAR,HIGH
4802,2026-01-06 23:46:30,31.51,3,8,10,43.272698,-2.986567,DELIVERED,50,CLEAR,LOW
4803,2026-01-27 23:21:22,22.7,2,13,18,43.26941,-2.895228,DELIVERED,20,CLEAR,HIGH
4804,2026-01-30 22:54:46,17.95,1,27,25,43.221381,-2.979851,DELIVERED,29,CLEAR,HIGH
4805,2026-01-29 07:20:48,25.56,3,15,12,43.268938,-2.902176,DELIVERED,21,CLEAR,MEDIUM
4806,2026-01-02 13:04:49,65.06,6,24,26,43.269045,-2.890706,CANCELLED,19,CLEAR,HIGH
4807,2026-01-05 02:45:03,62.16,6,14,22,43.290005,-2.982912,DELIVERED,47,CLEAR,MEDIUM
4808,2026-01-07 15:34:37,26.25,2,21,17,43.21311,-2.916683,DELIVERED,29,CLEAR,MEDIUM
4809,2026-01-05 23:40:24,24.12,2,16,22,43.238205,-2.95559,DELIVERED,8,RAIN,LOW
4810,2026-01-24 10:19:48,38.48,3,15,18,43.250282,-2.932877,DELIVERED,35,CLEAR,LOW
4811,2026-01-08 23:58:28,37.35,3,18,20,43.227121,-2.898552,DELIVERED,34,CLEAR,MEDIUM
4812,2026-01-15 21:15:07,45.01,5,20,20,43.298796,-2.945903,DELIVERED,7,CLEAR,HIGH
4813,2026-01-01 10:08:12,107.56,6,27,25,43.206968,-2.899709,DELIVERED,18,CLEAR,HIGH
4814,2026-01-19 11:52:41,58.84,6,18,22,43.294944,-2.984128,DELIVERED,26,RAIN,LOW
4815,2026-01-25 22:25:26,60.62,4,29,25,43.229399,-2.899663,DELIVERED,12,RAIN,HIGH
4816,2026-01-23 21:28:25,12.19,1,26,22,43.295781,-2.892977,DELIVERED,14,CLEAR,HIGH
4817,2026-01-02 22:54:09,35.78,2,33,27,43.235688,-2.962224,DELIVERED,33,RAIN,HIGH
4818,2026-01-16 23:24:38,58.31,6,16,13,43.232169,-2.929153,DELIVERED,20,CLEAR,LOW
4819,2026-01-09 11:02:30,77.82,6,19,16,43.22189,-2.95897,DELIVERED,38,CLEAR,MEDIUM
4820,2026-01-06 21:45:21,13.55,1,15,17,43.270935,-2.932868,DELIVERED,17,CLEAR,MEDIUM
4821,2026-01-07 13:12:07,11.79,1,21,17,43.275561,-2.978624,DELIVERED,31,CLEAR,HIGH
4822,2026-01-23 21:09:11,37.12,2,30,29,43.257983,-2.914722,DELIVERED,6,RAIN,HIGH
4823,2026-01-29 23:30:12,39.95,3,21,26,43.261411,-2.956363,DELIVERED,29,RAIN,MEDIUM
4824,2026-01-29 06:27:30,19.67,2,15,15,43.238372,-2.9666,DELIVERED,44,CLEAR,MEDIUM
4825,2026-01-09 22:20:20,109.69,6,31,30,43.239514,-2.920293,CANCELLED,28,CLEAR,HIGH
4826,2026-01-24 22:48:47,83.64,6,24,14,43.279472,-2.97079,DELIVERED,25,CLEAR,MEDIUM
4827,2026-01-03 21:20:57,40.5,3,18,24,43.252723,-2.985721,DELIVERED,8,WIND,HIGH
4828,2026-01-19 23:56:54,57.85,4,20,11,43.208887,-2.982711,DELIVERED,11,CLEAR,LOW
4829,2026-01-18 14:58:36,18.17,2,15,30,43.235574,-2.921295,CANCELLED,30,CLEAR,HIGH
4830,2026-01-09 20:23:49,48.39,5,14,14,43.255061,-2.9247,DELIVERED,21,CLEAR,LOW
4831,2026-01-20 06:53:00,11.96,1,12,15,43.261535,-2.930047,DELIVERED,50,CLEAR,LOW
4832,2026-01-23 21:32:01,74.55,4,42,24,43.287993,-2.902256,DELIVERED,23,RAIN,MEDIUM
4833,2026-01-02 20:44:22,45.18,3,20,18,43.240838,-2.931252,DELIVERED,13,CLEAR,LOW
4834,2026-01-18 05:58:34,22.95,2,19,28,43.213911,-2.931297,DELIVERED,4,RAIN,MEDIUM
4835,2026-01-21 22:51:35,90.72,5,32,29,43.280758,-2.989585,CANCELLED,10,WIND,HIGH
4836,2026-01-26 21:50:07,18.74,1,30,18,43.293178,-2.952363,DELIVERED,39,CLEAR,MEDIUM
4837,2026-01-13 14:28:02,54.22,3,28,22,43.250972,-2.974332,DELIVERED,10,CLEAR,MEDIUM
4838,2026-01-03 12:03:35,16.19,1,21,13,43.278918,-2.947586,DELIVERED,48,CLEAR,MEDIUM
4839,2026-01-19 02:32:20,38.07,3,16,20,43.284978,-2.985923,DELIVERED,42,RAIN,LOW
4840,2026-01-04 21:02:40,62.49,6,21,20,43.223046,-2.921286,CANCELLED,20,CLEAR,MEDIUM
4841,2026-01-10 23:42:54,12.52,1,20,21,43.270406,-2.882354,DELIVERED,29,RAIN,LOW
4842,2026-01-13 14:41:59,38.15,4,22,19,43.278758,-2.900468,DELIVERED,7,CLEAR,MEDIUM
4843,2026-01-06 20:04:25,29.59,3,14,12,43.296408,-2.901622,DELIVERED,16,CLEAR,LOW
4844,2026-01-10 19:43:24,36.49,3,18,19,43.239571,-2.957385,DELIVERED,35,CLEAR,LOW
4845,2026-01-21 19:23:11,37.8,4,9,22,43.290173,-2.896704,DELIVERED,50,CLEAR,HIGH
4846,2026-01-26 14:47:07,39.97,4,22,21,43.243497,-2.92287,DELIVERED,31,CLEAR,MEDIUM
4847,2026-01-21 21:35:11,44.92,3,23,21,43.268807,-2.971027,DELIVERED,42,CLEAR,HIGH
4848,2026-01-07 21:01:53,35.41,3,28,21,43.239685,-2.935096,CANCELLED,19,CLEAR,HIGH
4849,2026-01-20 21:36:06,74.83,6,29,25,43.260687,-2.974017,DELIVERED,35,WIND,HIGH
4850,2026-01-22 15:11:25,50.81,4,16,12,43.217388,-2.981623,DELIVERED,17,CLEAR,MEDIUM
4851,2026-01-07 22:52:30,19.22,1,34,26,43.239368,-2.89188,DELIVERED,23,WIND,MEDIUM
4852,2026-01-03 14:31:06,56.81,4,36,20,43.206115,-2.947169,DELIVERED,12,CLEAR,HIGH
4853,2026-01-18 04:56:42,20.54,1,25,20,43.251363,-2.964867,DELIVERED,28,CLEAR,LOW
4854,2026-01-19 04:10:43,55.85,6,13,22,43.206525,-2.940878,DELIVERED,31,WIND,LOW
4855,2026-01-16 01:05:31,111.77,6,31,10,43.287366,-2.926938,DELIVERED,18,CLEAR,LOW
4856,2026-01-13 15:26:14,23.57,1,20,19,43.221838,-2.938249,DELIVERED,36,RAIN,LOW
4857,2026-01-24 14:18:48,52.48,4,36,24,43.203155,-2.983765,DELIVERED,2,CLEAR,MEDIUM
4858,2026-01-22 11:23:04,77.78,4,28,15,43.251731,-2.900174,DELIVERED,9,CLEAR,LOW
4859,2026-01-05 14:13:17,53.14,3,40,26,43.280274,-2.882587,DELIVERED,9,RAIN,MEDIUM
4860,2026-01-07 21:57:04,39.54,2,29,26,43.204944,-2.88551,DELIVERED,36,CLEAR,HIGH
4861,2026-01-28 20:26:01,48.94,5,16,17,43.283863,-2.958166,DELIVERED,21,CLEAR,MEDIUM
4862,2026-01-08 20:05:38,13.41,1,23,18,43.204571,-2.904515,CANCELLED,25,CLEAR,LOW
4863,2026-01-31 00:41:44,86.51,6,24,20,43.255331,-2.885609,DELIVERED,14,CLEAR,MEDIUM
4864,2026-01-07 08:51:21,38.8,3,20,28,43.29734,-2.932016,DELIVERED,11,CLEAR,HIGH
4865,2026-01-30 20:15:18,81.91,6,13,27,43.218471,-2.931646,DELIVERED,8,RAIN,MEDIUM
4866,2026-01-01 00:39:54,68.21,5,18,26,43.216911,-2.955612,DELIVERED,13,WIND,MEDIUM
4867,2026-01-20 21:52:31,58.87,4,24,32,43.268982,-2.921418,CANCELLED,48,RAIN,HIGH
4868,2026-01-30 19:46:43,43.25,3,29,18,43.292945,-2.937978,DELIVERED,12,CLEAR,LOW
4869,2026-01-11 21:00:22,48.38,5,21,18,43.281723,-2.932427,DELIVERED,31,CLEAR,MEDIUM
4870,2026-01-26 20:05:32,49.22,5,15,20,43.232962,-2.882231,DELIVERED,20,CLEAR,LOW
4871,2026-01-31 12:48:00,25.62,3,16,13,43.243612,-2.929151,DELIVERED,16,CLEAR,LOW
4872,2026-01-21 09:57:57,9.4,1,11,10,43.256196,-2.908336,DELIVERED,16,CLEAR,LOW
4873,2026-01-13 20:30:31,62.64,5,18,19,43.200167,-2.966605,DELIVERED,45,CLEAR,LOW
4874,2026-01-23 07:27:23,47.51,5,8,24,43.275393,-2.928297,DELIVERED,49,RAIN,LOW
4875,2026-01-12 10:50:23,94.71,5,33,14,43.237316,-2.890142,DELIVERED,23,RAIN,LOW
4876,2026-01-24 13:20:22,35.07,3,21,32,43.272396,-2.989092,DELIVERED,44,RAIN,HIGH
4877,2026-01-27 19:43:54,37.95,3,17,15,43.283223,-2.921692,DELIVERED,46,CLEAR,MEDIUM
4878,2026-01-14 21:03:18,72.37,4,37,27,43.286895,-2.880058,DELIVERED,23,CLEAR,HIGH
4879,2026-01-31 23:49:49,33.51,2,25,25,43.201994,-2.979149,DELIVERED,14,CLEAR,HIGH
4880,2026-01-07 02:15:27,65.39,6,20,18,43.200701,-2.902821,DELIVERED,26,CLEAR,MEDIUM
4881,2026-01-17 18:09:56,40.89,3,18,23,43.205152,-2.970819,DELIVERED,17,CLEAR,MEDIUM
4882,2026-01-18 21:54:28,31.15,3,22,27,43.260096,-2.92491,DELIVERED,19,RAIN,HIGH
4883,2026-01-26 01:31:20,28.75,2,18,14,43.285874,-2.9723,DELIVERED,42,CLEAR,MEDIUM
4884,2026-01-04 21:16:52,39.21,4,26,20,43.280183,-2.95068,CANCELLED,26,CLEAR,HIGH
4885,2026-01-21 15:05:51,28.11,2,19,15,43.205373,-2.914524,CANCELLED,46,CLEAR,LOW
4886,2026-01-07 21:21:12,48.84,5,20,19,43.218425,-2.958219,DELIVERED,50,CLEAR,MEDIUM
4887,2026-01-08 13:49:54,43.94,4,17,24,43.245836,-2.917563,DELIVERED,47,CLEAR,HIGH
4888,2026-01-19 13:41:35,50.58,4,26,20,43.276669,-2.927704,DELIVERED,38,CLEAR,HIGH
4889,2026-01-16 14:46:51,74.93,4,30,35,43.219796,-2.981053,CANCELLED,33,RAIN,HIGH
4890,2026-01-03 03:15:41,53.11,6,18,27,43.24784,-2.891504,DELIVERED,31,RAIN,MEDIUM
4891,2026-01-16 22:01:55,56.77,6,18,25,43.24834,-2.950989,DELIVERED,43,WIND,HIGH
4892,2026-01-04 19:28:25,70.84,4,24,16,43.287046,-2.890894,DELIVERED,28,CLEAR,MEDIUM
4893,2026-01-28 21:33:49,29.63,2,21,29,43.281393,-2.916785,DELIVERED,5,CLEAR,HIGH
4894,2026-01-05 21:42:08,58.85,3,32,32,43.219621,-2.960641,CANCELLED,9,RAIN,HIGH
4895,2026-01-22 15:37:04,38.89,4,10,12,43.203214,-2.976642,DELIVERED,44,CLEAR,LOW
4896,2026-01-06 08:04:29,80.81,6,11,16,43.290389,-2.984651,DELIVERED,8,RAIN,LOW
4897,2026-01-22 23:19:58,49.73,4,14,18,43.260407,-2.948393,DELIVERED,40,CLEAR,LOW
4898,2026-01-22 21:28:13,41.13,3,28,18,43.271017,-2.979055,DELIVERED,13,WIND,HIGH
4899,2026-01-18 23:37:58,41.9,3,21,24,43.241433,-2.924672,DELIVERED,13,WIND,MEDIUM
4900,2026-01-24 23:44:39,55.14,3,20,13,43.259863,-2.901548,DELIVERED,36,CLEAR,LOW
4901,2026-01-23 20:49:04,91.82,5,23,11,43.207516,-2.956668,DELIVERED,6,CLEAR,LOW
4902,2026-01-11 06:46:39,67.22,5,11,20,43.276643,-2.984641,DELIVERED,8,CLEAR,LOW
4903,2026-01-29 13:13:32,61.53,6,17,29,43.2936,-2.91469,DELIVERED,44,CLEAR,HIGH
4904,2026-01-20 15:17:34,72.28,6,18,15,43.203612,-2.927406,DELIVERED,40,CLEAR,MEDIUM
4905,2026-01-28 15:18:40,41.63,4,8,22,43.258217,-2.900149,CANCELLED,37,CLEAR,HIGH
4906,2026-01-02 15:11:23,111.22,6,25,20,43.276235,-2.898687,DELIVERED,28,CLEAR,MEDIUM
4907,2026-01-26 21:08:26,9.64,1,18,21,43.293467,-2.951211,DELIVERED,37,CLEAR,MEDIUM
4908,2026-01-01 10:47:03,25.62,2,22,25,43.256541,-2.885265,DELIVERED,38,CLEAR,MEDIUM
4909,2026-01-24 05:47:41,109.02,6,30,22,43.286594,-2.947521,DELIVERED,9,RAIN,LOW
4910,2026-01-25 21:08:27,111.84,6,35,22,43.291018,-2.905358,CANCELLED,33,CLEAR,MEDIUM
4911,2026-01-06 14:28:24,55.12,4,25,22,43.269703,-2.896915,DELIVERED,11,CLEAR,HIGH
4912,2026-01-19 11:05:16,58.55,3,30,17,43.299331,-2.896856,DELIVERED,33,RAIN,LOW
4913,2026-01-24 12:43:23,51.3,5,11,22,43.215509,-2.988841,DELIVERED,44,CLEAR,MEDIUM
4914,2026-01-12 21:05:58,16.25,1,29,20,43.236977,-2.958041,DELIVERED,6,CLEAR,HIGH
4915,2026-01-17 08:03:31,82.68,6,24,22,43.2143,-2.882189,DELIVERED,14,RAIN,MEDIUM
4916,2026-01-19 21:12:46,38.83,2,30,29,43.205605,-2.965205,CANCELLED,10,WIND,HIGH
4917,2026-01-22 22:48:13,59.31,6,20,17,43.217571,-2.925202,DELIVERED,49,CLEAR,MEDIUM
4918,2026-01-11 23:43:46,92.18,5,22,17,43.213398,-2.985891,DELIVERED,28,CLEAR,LOW
4919,2026-01-23 05:14:48,50.71,5,9,11,43.236005,-2.978274,DELIVERED,15,CLEAR,LOW
4920,2026-01-31 23:35:45,74.89,6,16,12,43.20704,-2.949701,DELIVERED,45,CLEAR,LOW
4921,2026-01-17 22:10:15,13.79,1,23,20,43.243111,-2.94841,DELIVERED,37,CLEAR,HIGH
4922,2026-01-17 13:43:44,70.23,5,30,20,43.26306,-2.892315,DELIVERED,38,CLEAR,MEDIUM
4923,2026-01-26 12:03:04,83.27,6,23,17,43.279397,-2.980016,DELIVERED,14,CLEAR,LOW
4924,2026-01-12 13:10:44,65.25,5,22,28,43.27683,-2.976367,DELIVERED,27,CLEAR,HIGH
4925,2026-01-27 08:56:03,75.64,4,20,19,43.258958,-2.97809,DELIVERED,6,WIND,MEDIUM
4926,2026-01-16 13:39:19,33.33,3,22,24,43.28527,-2.92214,DELIVERED,47,CLEAR,HIGH
4927,2026-01-20 23:56:58,40.61,3,21,21,43.252122,-2.919715,DELIVERED,38,RAIN,LOW
4928,2026-01-04 07:45:13,66.31,5,16,15,43.278303,-2.884445,CANCELLED,11,WIND,LOW
4929,2026-01-01 14:10:37,13.22,1,22,18,43.296114,-2.912487,DELIVERED,50,CLEAR,HIGH
4930,2026-01-14 15:12:49,65.24,6,14,11,43.25159,-2.939375,DELIVERED,41,CLEAR,LOW
4931,2026-01-12 14:50:31,71.77,6,23,22,43.243956,-2.976611,DELIVERED,45,CLEAR,MEDIUM
4932,2026-01-21 22:17:52,7.38,1,22,23,43.202761,-2.880247,DELIVERED,31,CLEAR,HIGH
4933,2026-01-08 22:23:07,31.91,3,17,17,43.27336,-2.894978,DELIVERED,49,CLEAR,HIGH
4934,2026-01-09 14:59:53,29.21,3,15,23,43.22292,-2.884918,DELIVERED,49,CLEAR,HIGH
4935,2026-01-02 15:09:28,21.29,2,9,10,43.280827,-2.954111,DELIVERED,50,CLEAR,LOW
4936,2026-01-10 00:13:47,39.35,3,18,22,43.239959,-2.930043,DELIVERED,17,CLEAR,MEDIUM
4937,2026-01-18 09:14:07,47.37,5,14,11,43.281596,-2.933401,DELIVERED,49,CLEAR,LOW
4938,2026-01-10 17:50:34,30.52,3,13,18,43.258053,-2.960572,DELIVERED,7,CLEAR,LOW
4939,2026-01-08 22:51:47,17.52,1,41,20,43.240923,-2.973839,DELIVERED,9,CLEAR,MEDIUM
4940,2026-01-19 21:08:56,66.61,5,26,24,43.212746,-2.97557,DELIVERED,17,CLEAR,MEDIUM
4941,2026-01-05 15:37:51,60.2,5,20,29,43.269902,-2.881596,DELIVERED,5,WIND,MEDIUM
4942,2026-01-01 21:11:31,52.84,3,31,22,43.250969,-2.951464,DELIVERED,6,CLEAR,MEDIUM
4943,2026-01-31 09:29:00,16.96,2,13,21,43.255006,-2.941377,DELIVERED,21,WIND,LOW
4944,2026-01-14 22:08:38,14.71,1,17,21,43.268774,-2.959139,DELIVERED,31,CLEAR,HIGH
4945,2026-01-08 22:08:18,59.73,5,29,28,43.25443,-2.928654,DELIVERED,34,RAIN,MEDIUM
4946,2026-01-04 23:03:15,53.4,3,31,17,43.277495,-2.972764,DELIVERED,33,CLEAR,LOW
4947,2026-01-17 14:35:01,41.6,4,19,22,43.216464,-2.915236,DELIVERED,50,CLEAR,HIGH
4948,2026-01-28 14:00:49,26.13,2,24,28,43.291354,-2.936564,DELIVERED,1,CLEAR,HIGH
4949,2026-01-09 11:50:11,41.72,4,21,16,43.253092,-2.917936,DELIVERED,4,CLEAR,MEDIUM
4950,2026-01-09 19:58:50,44.92,3,26,15,43.2909,-2.989308,DELIVERED,12,CLEAR,LOW
4951,2026-01-21 05:01:42,16.68,1,27,17,43.256334,-2.959836,DELIVERED,18,CLEAR,MEDIUM
4952,2026-01-31 22:25:43,82.63,6,19,26,43.262413,-2.967681,DELIVERED,1,CLEAR,HIGH
4953,2026-01-15 12:23:38,42.18,3,14,21,43.262004,-2.88685,DELIVERED,8,CLEAR,MEDIUM
4954,2026-01-27 22:04:14,43.09,5,20,20,43.26009,-2.979376,DELIVERED,31,WIND,MEDIUM
4955,2026-01-09 22:37:32,95.15,5,22,31,43.239525,-2.890818,CANCELLED,10,CLEAR,HIGH
4956,2026-01-30 14:43:53,89.19,6,32,14,43.212943,-2.883392,DELIVERED,12,WIND,MEDIUM
4957,2026-01-29 13:32:26,41.07,3,21,17,43.294503,-2.978633,DELIVERED,45,CLEAR,HIGH
4958,2026-01-02 14:41:12,9.02,1,23,22,43.204856,-2.92006,DELIVERED,7,CLEAR,HIGH
4959,2026-01-28 13:06:33,26.7,2,26,24,43.266164,-2.8933,DELIVERED,24,CLEAR,HIGH
4960,2026-01-29 18:56:26,90.15,5,32,11,43.249131,-2.981898,DELIVERED,9,CLEAR,LOW
4961,2026-01-18 06:08:58,16.83,2,8,31,43.259133,-2.925892,DELIVERED,37,RAIN,HIGH
4962,2026-01-11 12:54:41,26.61,3,14,27,43.269593,-2.969551,DELIVERED,31,CLEAR,HIGH
4963,2026-01-19 12:38:56,58.05,6,17,16,43.218372,-2.883062,DELIVERED,16,CLEAR,LOW
4964,2026-01-16 23:42:33,90.23,5,31,29,43.224335,-2.899714,DELIVERED,9,RAIN,HIGH
4965,2026-01-29 20:39:49,51.41,4,17,20,43.268345,-2.928417,CANCELLED,3,CLEAR,MEDIUM
4966,2026-01-28 14:49:32,8.51,1,27,30,43.278334,-2.938237,CANCELLED,47,RAIN,HIGH
4967,2026-01-06 14:10:54,74.42,4,37,23,43.286168,-2.950937,DELIVERED,9,CLEAR,MEDIUM
4968,2026-01-27 06:33:28,54.34,4,21,19,43.255947,-2.934694,DELIVERED,11,RAIN,MEDIUM
4969,2026-01-07 09:01:32,53.41,5,11,11,43.250495,-2.953025,DELIVERED,44,CLEAR,LOW
4970,2026-01-01 12:47:13,28.31,2,23,39,43.225525,-2.892267,DELIVERED,14,RAIN,HIGH
4971,2026-01-19 04:06:58,89.6,5,30,26,43.286353,-2.965686,DELIVERED,18,RAIN,LOW
4972,2026-01-04 14:34:15,59.5,6,16,27,43.285153,-2.902646,DELIVERED,50,CLEAR,HIGH
4973,2026-01-15 12:31:25,77.88,6,17,17,43.224962,-2.892788,DELIVERED,3,CLEAR,MEDIUM
4974,2026-01-02 12:27:25,75.71,4,29,16,43.272074,-2.961407,DELIVERED,18,CLEAR,MEDIUM
4975,2026-01-21 21:58:20,50.51,5,24,32,43.206917,-2.976103,DELIVERED,4,WIND,HIGH
4976,2026-01-27 11:20:45,88.49,6,20,18,43.251045,-2.975923,DELIVERED,1,CLEAR,MEDIUM
4977,2026-01-03 22:28:57,94.43,5,37,20,43.285162,-2.981912,CANCELLED,33,CLEAR,HIGH
4978,2026-01-17 20:30:26,54.11,5,16,15,43.246369,-2.927462,DELIVERED,30,CLEAR,LOW
4979,2026-01-25 15:35:03,37.39,2,25,17,43.204506,-2.916225,DELIVERED,28,WIND,LOW
4980,2026-01-10 02:29:04,77.94,6,20,13,43.263276,-2.944976,DELIVERED,38,CLEAR,LOW
4981,2026-01-11 15:34:50,109.51,6,30,13,43.218084,-2.961826,DELIVERED,18,CLEAR,LOW
4982,2026-01-19 22:23:49,17.73,1,36,13,43.221013,-2.972435,DELIVERED,33,CLEAR,MEDIUM
4983,2026-01-19 00:49:07,48.73,5,14,24,43.278343,-2.941537,DELIVERED,20,CLEAR,HIGH
4984,2026-01-24 22:42:02,35.29,3,17,17,43.223246,-2.916421,DELIVERED,47,CLEAR,MEDIUM
4985,2026-01-26 15:15:59,89.04,5,19,19,43.235286,-2.946563,CANCELLED,10,CLEAR,MEDIUM
4986,2026-01-13 21:24:08,14.48,1,19,20,43.25625,-2.948218,DELIVERED,27,CLEAR,MEDIUM
4987,2026-01-01 19:50:10,14.02,1,13,18,43.22761,-2.965774,DELIVERED,30,RAIN,LOW
4988,2026-01-01 21:14:46,73.06,6,26,21,43.223936,-2.88961,DELIVERED,3,WIND,HIGH
4989,2026-01-28 04:23:23,41.93,3,21,15,43.253616,-2.934824,DELIVERED,5,WIND,LOW
4990,2026-01-14 14:32:32,50.58,5,22,28,43.237659,-2.976417,CANCELLED,50,CLEAR,HIGH
4991,2026-01-08 05:57:16,45.65,3,24,18,43.231733,-2.880465,DELIVERED,12,CLEAR,MEDIUM
4992,2026-01-23 12:28:22,23.75,1,28,27,43.259427,-2.894137,DELIVERED,18,RAIN,MEDIUM
4993,2026-01-16 11:50:41,31.99,2,18,12,43.272731,-2.918126,DELIVERED,11,CLEAR,LOW
4994,2026-01-22 15:41:34,51.42,4,15,20,43.25379,-2.942937,DELIVERED,42,CLEAR,LOW
4995,2026-01-08 13:17:52,70.16,4,37,20,43.284565,-2.889739,DELIVERED,23,CLEAR,MEDIUM
4996,2026-01-02 23:47:20,33.46,2,24,19,43.202883,-2.975114,DELIVERED,14,CLEAR,LOW
4997,2026-01-26 21:08:59,28.47,2,21,18,43.223274,-2.901694,DELIVERED,46,CLEAR,HIGH
4998,2026-01-20 08:42:31,35.98,3,16,18,43.28894,-2.902154,DELIVERED,45,CLEAR,LOW
4999,2026-01-26 14:43:47,54.23,6,19,21,43.286311,-2.904503,DELIVERED,50,CLEAR,HIGH
5000,2026-01-02 21:23:38,111.57,6,42,25,43.281596,-2.904802,DELIVERED,23,CLEAR,HIGH
5001,2026-01-03 09:32:27,89.59,5,28,19,43.284226,-2.940828,DELIVERED,23,CLEAR,LOW
5002,2026-01-14 21:29:00,68.87,5,28,25,43.205722,-2.883615,DELIVERED,38,CLEAR,HIGH
5003,2026-01-22 02:59:14,107.86,6,31,16,43.210368,-2.970744,DELIVERED,23,CLEAR,LOW
5004,2026-01-28 19:12:47,35.08,3,18,25,43.268189,-2.948897,DELIVERED,34,RAIN,LOW
5005,2026-01-09 22:24:15,29.32,3,19,22,43.247587,-2.969239,DELIVERED,44,WIND,HIGH
5006,2026-01-23 08:58:14,25.3,3,13,18,43.214136,-2.981805,DELIVERED,31,CLEAR,MEDIUM
5007,2026-01-19 22:25:56,41.66,3,26,22,43.248261,-2.937851,DELIVERED,25,CLEAR,HIGH
5008,2026-01-02 21:48:09,11.37,1,38,28,43.250944,-2.904785,DELIVERED,22,CLEAR,HIGH
5009,2026-01-21 20:55:23,77.15,6,16,22,43.203303,-2.954142,DELIVERED,35,CLEAR,MEDIUM
5010,2026-01-20 23:41:30,22.19,2,25,17,43.230603,-2.924776,DELIVERED,29,CLEAR,LOW
5011,2026-01-28 13:43:40,22.03,2,29,31,43.262017,-2.974395,DELIVERED,26,RAIN,HIGH
5012,2026-01-17 01:26:07,10.88,1,8,14,43.26184,-2.954062,DELIVERED,49,CLEAR,LOW
5013,2026-01-10 14:45:34,71.04,4,31,25,43.287793,-2.937201,DELIVERED,28,CLEAR,HIGH
5014,2026-01-15 06:49:35,29.35,2,21,19,43.283752,-2.942355,DELIVERED,48,CLEAR,MEDIUM
5015,2026-01-12 20:04:16,31.82,2,19,19,43.221325,-2.95887,DELIVERED,42,CLEAR,MEDIUM
5016,2026-01-26 22:21:18,95.11,5,29,20,43.205563,-2.898137,DELIVERED,10,CLEAR,HIGH
5017,2026-01-29 22:04:14,63.8,5,18,23,43.287312,-2.984988,DELIVERED,35,RAIN,MEDIUM
5018,2026-01-06 13:33:24,83.08,6,18,25,43.268898,-2.916948,DELIVERED,27,CLEAR,HIGH
5019,2026-01-04 14:09:08,18.92,2,15,26,43.200098,-2.965111,DELIVERED,44,CLEAR,HIGH
5020,2026-01-09 21:12:54,83.98,6,19,19,43.289762,-2.920455,DELIVERED,32,CLEAR,HIGH
5021,2026-01-21 12:40:17,85.21,6,20,24,43.275481,-2.952554,DELIVERED,48,CLEAR,MEDIUM
5022,2026-01-26 21:53:57,67.64,5,21,19,43.233895,-2.88498,CANCELLED,8,CLEAR,MEDIUM
5023,2026-01-21 14:21:40,31.4,2,29,26,43.240864,-2.900648,DELIVERED,14,CLEAR,HIGH
5024,2026-01-05 21:32:39,10.72,1,24,19,43.268836,-2.919345,DELIVERED,19,CLEAR,HIGH
5025,2026-01-28 15:33:59,47.38,4,21,17,43.282943,-2.895103,DELIVERED,29,CLEAR,LOW
5026,2026-01-25 13:19:31,59.48,6,21,28,43.20919,-2.898445,CANCELLED,44,CLEAR,HIGH
5027,2026-01-03 14:01:21,54.26,4,25,21,43.281628,-2.886088,DELIVERED,13,CLEAR,MEDIUM
5028,2026-01-19 18:07:09,56.84,6,14,10,43.247232,-2.958131,DELIVERED,21,CLEAR,LOW
5029,2026-01-19 22:55:58,76.08,6,26,25,43.289852,-2.963431,DELIVERED,5,CLEAR,HIGH
5030,2026-01-18 21:58:30,34.61,3,30,18,43.223504,-2.950505,DELIVERED,45,CLEAR,MEDIUM
5031,2026-01-10 20:36:12,12.47,1,22,20,43.214523,-2.950265,DELIVERED,19,CLEAR,LOW
5032,2026-01-06 10:06:40,60.16,4,21,21,43.284132,-2.9151,DELIVERED,14,CLEAR,MEDIUM
5033,2026-01-03 14:20:35,109.63,6,31,31,43.220167,-2.881995,DELIVERED,36,RAIN,MEDIUM
5034,2026-01-21 15:42:23,20.18,2,8,23,43.201395,-2.943734,DELIVERED,15,RAIN,MEDIUM
5035,2026-01-01 23:18:32,41.79,4,11,19,43.263258,-2.979781,DELIVERED,16,RAIN,LOW
5036,2026-01-04 22:17:16,51.25,5,19,32,43.239329,-2.97751,DELIVERED,41,RAIN,HIGH
5037,2026-01-06 13:56:26,19.11,2,27,24,43.264381,-2.987917,DELIVERED,4,WIND,HIGH
5038,2026-01-11 21:25:03,69.15,5,20,21,43.268195,-2.913195,DELIVERED,17,CLEAR,HIGH
5039,2026-01-13 23:52:03,48.89,4,25,14,43.200051,-2.913279,DELIVERED,2,CLEAR,MEDIUM
5040,2026-01-27 13:00:52,28.12,3,28,22,43.209446,-2.91282,DELIVERED,4,CLEAR,MEDIUM
5041,2026-01-18 14:58:42,21.24,2,22,17,43.264807,-2.967326,DELIVERED,21,CLEAR,HIGH
5042,2026-01-07 00:45:36,25.94,2,23,16,43.261066,-2.975606,DELIVERED,29,RAIN,LOW
5043,2026-01-01 14:38:28,19.94,1,28,23,43.269042,-2.926371,DELIVERED,36,CLEAR,HIGH
5044,2026-01-08 13:05:36,11.79,1,22,16,43.266133,-2.93769,DELIVERED,35,CLEAR,MEDIUM
5045,2026-01-04 08:15:41,64.81,5,16,23,43.299994,-2.91619,DELIVERED,35,RAIN,LOW
5046,2026-01-05 22:40:14,17.0,1,28,38,43.264663,-2.975213,DELIVERED,32,RAIN,HIGH
5047,2026-01-22 21:48:50,44.97,4,30,30,43.228842,-2.898138,CANCELLED,26,RAIN,MEDIUM
5048,2026-01-18 20:51:07,89.64,5,25,16,43.254838,-2.921857,DELIVERED,33,WIND,LOW
5049,2026-01-03 23:10:05,30.41,3,22,16,43.227112,-2.943185,DELIVERED,4,WIND,MEDIUM
5050,2026-01-30 13:34:31,25.24,2,20,31,43.267878,-2.909056,DELIVERED,20,RAIN,HIGH
5051,2026-01-11 23:42:35,19.99,2,10,20,43.27361,-2.948068,DELIVERED,44,CLEAR,LOW
5052,2026-01-03 22:07:57,16.4,1,26,33,43.22592,-2.922213,DELIVERED,48,WIND,HIGH
5053,2026-01-19 13:39:18,72.25,6,28,26,43.244156,-2.97266,DELIVERED,29,CLEAR,HIGH
5054,2026-01-07 13:05:08,63.1,5,29,12,43.262859,-2.986477,DELIVERED,40,CLEAR,MEDIUM
5055,2026-01-09 22:30:44,71.18,4,30,24,43.217922,-2.934785,DELIVERED,28,CLEAR,MEDIUM
5056,2026-01-14 18:17:46,20.79,2,21,17,43.261468,-2.920416,DELIVERED,19,CLEAR,LOW
5057,2026-01-23 21:06:50,56.14,4,24,19,43.278439,-2.975514,DELIVERED,11,CLEAR,HIGH
5058,2026-01-31 11:22:47,73.26,6,18,26,43.281984,-2.968489,DELIVERED,34,RAIN,MEDIUM
5059,2026-01-16 21:19:16,82.03,6,30,22,43.208126,-2.901368,DELIVERED,38,RAIN,MEDIUM
5060,2026-01-07 22:36:25,28.71,2,18,25,43.271574,-2.987372,DELIVERED,42,CLEAR,MEDIUM
5061,2026-01-05 14:56:50,28.92,2,19,23,43.288687,-2.905228,DELIVERED,1,CLEAR,HIGH
5062,2026-01-30 23:56:18,50.52,5,12,20,43.250308,-2.904527,DELIVERED,16,CLEAR,MEDIUM
5063,2026-01-01 22:01:13,34.44,2,32,23,43.259145,-2.944342,DELIVERED,6,CLEAR,HIGH
5064,2026-01-12 13:54:39,32.37,3,22,21,43.227421,-2.924526,DELIVERED,50,CLEAR,HIGH
5065,2026-01-22 09:41:57,23.4,2,11,18,43.274542,-2.952652,DELIVERED,15,CLEAR,MEDIUM
5066,2026-01-06 19:09:55,12.62,1,8,16,43.230514,-2.951449,DELIVERED,49,CLEAR,LOW
5067,2026-01-27 21:35:32,35.26,3,21,24,43.208906,-2.899281,CANCELLED,35,CLEAR,HIGH
5068,2026-01-27 06:06:31,57.15,6,14,22,43.263814,-2.987021,DELIVERED,21,WIND,LOW
5069,2026-01-14 14:43:54,63.85,5,23,19,43.298479,-2.904764,DELIVERED,46,CLEAR,MEDIUM
5070,2026-01-03 22:03:52,52.64,6,15,27,43.253838,-2.970703,DELIVERED,50,RAIN,MEDIUM
5071,2026-01-06 22:22:07,60.81,5,30,20,43.262503,-2.943716,DELIVERED,22,CLEAR,HIGH
5072,2026-01-30 13:38:59,53.83,6,17,37,43.2437,-2.923562,DELIVERED,37,RAIN,HIGH
5073,2026-01-14 06:58:49,52.61,6,14,17,43.200743,-2.941044,DELIVERED,37,CLEAR,LOW
5074,2026-01-07 11:39:38,70.71,5,17,14,43.270557,-2.919882,DELIVERED,11,RAIN,LOW
5075,2026-01-29 20:20:24,52.18,4,13,18,43.20624,-2.947431,DELIVERED,40,CLEAR,MEDIUM
5076,2026-01-27 18:15:39,29.08,3,15,18,43.29844,-2.934603,DELIVERED,44,CLEAR,MEDIUM
5077,2026-01-18 14:51:59,39.74,3,27,26,43.221071,-2.901209,DELIVERED,11,CLEAR,HIGH
5078,2026-01-04 13:57:08,38.41,4,20,25,43.22743,-2.97378,DELIVERED,20,CLEAR,HIGH
5079,2026-01-24 20:14:30,8.52,1,11,15,43.227275,-2.901585,DELIVERED,44,CLEAR,MEDIUM
5080,2026-01-16 21:47:51,18.8,1,31,15,43.253583,-2.925743,DELIVERED,14,CLEAR,MEDIUM
5081,2026-01-25 10:51:27,16.15,2,10,19,43.289874,-2.936818,DELIVERED,50,CLEAR,LOW
5082,2026-01-17 23:00:40,28.8,3,9,12,43.226764,-2.886996,CANCELLED,43,CLEAR,LOW
5083,2026-01-30 21:25:42,51.1,4,20,24,43.249192,-2.894691,CANCELLED,8,CLEAR,HIGH
5084,2026-01-14 11:52:43,76.96,4,31,19,43.270196,-2.947949,DELIVERED,9,CLEAR,LOW
5085,2026-01-19 22:45:33,41.98,3,23,31,43.242733,-2.977719,DELIVERED,27,CLEAR,HIGH
5086,2026-01-01 23:53:45,72.41,4,28,16,43.276462,-2.889993,DELIVERED,18,RAIN,LOW
5087,2026-01-28 11:44:40,14.83,1,16,16,43.254688,-2.973702,DELIVERED,13,CLEAR,MEDIUM
5088,2026-01-30 21:50:31,41.28,4,24,17,43.277337,-2.957187,DELIVERED,41,CLEAR,MEDIUM
5089,2026-01-11 15:23:12,29.18,3,10,13,43.21378,-2.934122,DELIVERED,50,CLEAR,LOW
5090,2026-01-20 12:49:06,77.04,4,31,23,43.294269,-2.984013,DELIVERED,18,CLEAR,MEDIUM
5091,2026-01-30 11:07:43,13.39,1,10,27,43.273622,-2.966642,DELIVERED,27,RAIN,HIGH
5092,2026-01-14 05:14:17,11.59,1,11,21,43.236226,-2.956333,DELIVERED,49,CLEAR,MEDIUM
5093,2026-01-12 21:48:34,77.93,6,25,26,43.271325,-2.882632,DELIVERED,45,WIND,HIGH
5094,2026-01-21 21:53:00,56.91,4,18,25,43.214862,-2.951305,DELIVERED,8,CLEAR,MEDIUM
5095,2026-01-20 14:51:15,45.36,5,13,27,43.217731,-2.944809,DELIVERED,43,CLEAR,HIGH
5096,2026-01-28 11:02:34,54.73,5,15,19,43.21451,-2.934031,DELIVERED,47,WIND,LOW
5097,2026-01-11 14:17:04,16.28,1,23,20,43.214112,-2.947233,DELIVERED,17,CLEAR,HIGH
5098,2026-01-11 04:40:56,90.69,5,26,23,43.285619,-2.966533,DELIVERED,28,CLEAR,MEDIUM
5099,2026-01-18 23:26:31,27.54,2,13,10,43.297214,-2.965218,DELIVERED,8,CLEAR,LOW
5100,2026-01-08 21:30:59,109.59,6,37,31,43.251773,-2.952316,DELIVERED,18,RAIN,HIGH
5101,2026-01-18 13:44:51,19.34,2,22,27,43.285677,-2.955076,DELIVERED,26,WIND,HIGH
5102,2026-01-12 13:13:19,49.0,5,23,34,43.211969,-2.967844,DELIVERED,47,RAIN,HIGH
5103,2026-01-03 14:34:37,11.18,1,25,22,43.271329,-2.918823,DELIVERED,17,CLEAR,MEDIUM
5104,2026-01-19 02:02:49,74.34,5,28,26,43.277455,-2.91464,DELIVERED,12,WIND,MEDIUM
5105,2026-01-20 13:43:03,41.87,3,19,24,43.299252,-2.881323,DELIVERED,27,CLEAR,HIGH
5106,2026-01-24 14:03:42,15.77,1,23,19,43.234236,-2.93106,DELIVERED,19,RAIN,MEDIUM
5107,2026-01-19 14:53:13,41.27,3,19,16,43.232402,-2.92421,DELIVERED,42,CLEAR,MEDIUM
5108,2026-01-20 22:30:59,55.6,6,21,13,43.232856,-2.986764,DELIVERED,50,CLEAR,MEDIUM
5109,2026-01-10 15:05:27,26.88,3,13,18,43.270603,-2.972107,DELIVERED,50,CLEAR,MEDIUM
5110,2026-01-10 22:26:15,37.43,2,36,22,43.225322,-2.951554,DELIVERED,18,CLEAR,MEDIUM
5111,2026-01-18 01:57:51,53.21,3,22,20,43.200808,-2.965839,DELIVERED,28,CLEAR,LOW
5112,2026-01-08 14:42:15,43.45,5,24,16,43.245911,-2.883024,DELIVERED,49,CLEAR,MEDIUM
5113,2026-01-31 23:38:54,17.27,1,19,21,43.213017,-2.958175,DELIVERED,24,RAIN,LOW
5114,2026-01-17 13:46:04,43.66,3,32,18,43.205545,-2.918732,DELIVERED,12,CLEAR,MEDIUM
5115,2026-01-21 15:40:15,71.53,5,18,13,43.211867,-2.957109,DELIVERED,1,CLEAR,LOW
5116,2026-01-27 08:30:43,24.06,2,25,21,43.294779,-2.943129,DELIVERED,2,CLEAR,HIGH
5117,2026-01-24 12:52:45,52.77,4,16,22,43.23162,-2.966222,DELIVERED,3,CLEAR,MEDIUM
5118,2026-01-23 11:20:43,68.26,5,17,29,43.242649,-2.901235,DELIVERED,17,CLEAR,HIGH
5119,2026-01-23 15:59:11,39.33,3,16,15,43.287049,-2.91686,DELIVERED,40,CLEAR,LOW
5120,2026-01-09 20:20:25,83.94,6,15,16,43.204297,-2.937256,DELIVERED,11,WIND,LOW
5121,2026-01-13 10:57:55,38.43,4,9,20,43.280794,-2.974378,DELIVERED,15,CLEAR,LOW
5122,2026-01-31 13:59:31,53.58,4,29,23,43.209812,-2.886722,DELIVERED,38,RAIN,HIGH
5123,2026-01-25 15:01:13,52.96,5,12,15,43.290029,-2.902215,DELIVERED,30,CLEAR,LOW
5124,2026-01-14 14:03:37,74.2,4,27,34,43.209739,-2.982767,DELIVERED,36,RAIN,HIGH
5125,2026-01-03 13:47:01,44.04,3,34,31,43.243431,-2.895957,DELIVERED,14,RAIN,MEDIUM
5126,2026-01-16 14:40:46,16.79,1,28,18,43.241743,-2.944057,DELIVERED,32,WIND,MEDIUM
5127,2026-01-20 13:43:32,111.12,6,30,34,43.244659,-2.915611,DELIVERED,36,WIND,HIGH
5128,2026-01-24 15:08:51,38.05,3,15,21,43.207906,-2.914196,DELIVERED,17,CLEAR,HIGH
5129,2026-01-24 12:08:23,89.04,6,23,16,43.296176,-2.964029,DELIVERED,48,CLEAR,MEDIUM
5130,2026-01-28 13:18:53,40.11,3,29,23,43.25117,-2.944908,DELIVERED,24,CLEAR,MEDIUM
5131,2026-01-23 13:16:18,39.47,3,24,32,43.253019,-2.940014,DELIVERED,5,CLEAR,HIGH
5132,2026-01-24 21:31:39,60.99,6,23,27,43.278378,-2.889421,CANCELLED,44,RAIN,MEDIUM
5133,2026-01-07 13:09:22,57.47,3,33,23,43.263424,-2.88676,DELIVERED,6,CLEAR,HIGH
5134,2026-01-31 23:22:57,92.29,5,23,27,43.231111,-2.952104,DELIVERED,10,RAIN,LOW
5135,2026-01-24 08:35:54,11.37,1,21,18,43.244843,-2.888716,DELIVERED,26,RAIN,LOW
5136,2026-01-19 21:09:29,94.03,5,27,12,43.271855,-2.935588,DELIVERED,28,CLEAR,MEDIUM
5137,2026-01-25 22:21:15,110.34,6,40,28,43.256154,-2.922345,DELIVERED,18,CLEAR,HIGH
5138,2026-01-18 23:54:40,40.61,3,20,24,43.275686,-2.934805,DELIVERED,11,WIND,LOW
5139,2026-01-23 14:30:00,56.66,4,26,25,43.208625,-2.90214,DELIVERED,1,CLEAR,HIGH
5140,2026-01-11 21:01:07,43.71,3,24,31,43.291545,-2.893799,DELIVERED,32,RAIN,HIGH
5141,2026-01-27 23:19:37,70.64,5,29,30,43.249505,-2.956697,CANCELLED,12,CLEAR,HIGH
5142,2026-01-10 21:34:35,14.27,1,17,16,43.211363,-2.965921,DELIVERED,50,CLEAR,HIGH
5143,2026-01-23 21:28:37,31.29,2,21,27,43.257221,-2.892528,CANCELLED,46,CLEAR,HIGH
5144,2026-01-20 22:10:24,29.56,2,30,17,43.223673,-2.918331,DELIVERED,24,CLEAR,MEDIUM
5145,2026-01-21 12:08:22,24.29,2,15,13,43.203767,-2.973318,DELIVERED,44,CLEAR,MEDIUM
5146,2026-01-17 13:18:40,88.02,5,34,20,43.220823,-2.967442,DELIVERED,33,CLEAR,HIGH
5147,2026-01-27 14:28:03,41.19,2,29,23,43.207213,-2.929455,CANCELLED,6,CLEAR,MEDIUM
5148,2026-01-02 14:25:14,37.62,3,20,20,43.280816,-2.922239,DELIVERED,39,CLEAR,HIGH
5149,2026-01-05 13:52:47,82.9,6,27,25,43.257849,-2.936155,CANCELLED,48,CLEAR,MEDIUM
5150,2026-01-15 20:41:13,18.62,1,22,32,43.269165,-2.919121,DELIVERED,32,WIND,HIGH
5151,2026-01-21 21:44:51,41.26,4,25,25,43.210532,-2.950704,DELIVERED,44,CLEAR,HIGH
5152,2026-01-23 07:14:17,22.4,1,20,17,43.248988,-2.9569,DELIVERED,10,CLEAR,LOW
5153,2026-01-12 22:34:10,75.53,4,27,24,43.238338,-2.943684,DELIVERED,28,WIND,MEDIUM
5154,2026-01-30 23:57:07,25.83,2,14,21,43.24216,-2.94814,DELIVERED,40,RAIN,LOW
5155,2026-01-13 21:34:43,25.63,2,25,22,43.285645,-2.94652,DELIVERED,45,CLEAR,HIGH
5156,2026-01-11 10:12:29,57.75,4,14,18,43.288923,-2.927581,DELIVERED,1,RAIN,MEDIUM
5157,2026-01-20 11:24:50,91.4,5,20,18,43.27497,-2.980623,DELIVERED,6,CLEAR,MEDIUM
5158,2026-01-27 21:18:16,49.23,4,28,36,43.227089,-2.923192,DELIVERED,34,RAIN,HIGH
5159,2026-01-20 12:23:36,66.08,5,19,20,43.234178,-2.918758,DELIVERED,46,RAIN,MEDIUM
5160,2026-01-30 15:14:22,29.04,3,18,19,43.275122,-2.962639,DELIVERED,31,CLEAR,LOW
5161,2026-01-21 14:57:46,56.72,4,21,20,43.208239,-2.885196,DELIVERED,39,WIND,MEDIUM
5162,2026-01-31 13:59:57,18.46,1,29,16,43.23683,-2.914548,DELIVERED,14,CLEAR,MEDIUM
5163,2026-01-07 23:16:50,50.0,5,13,32,43.226885,-2.984341,DELIVERED,50,CLEAR,HIGH
5164,2026-01-08 03:45:35,41.99,2,31,24,43.272812,-2.887707,DELIVERED,18,RAIN,LOW
5165,2026-01-22 14:25:55,51.89,4,23,30,43.287463,-2.922286,DELIVERED,38,RAIN,HIGH
5166,2026-01-23 02:15:27,44.64,3,13,19,43.272445,-2.930636,DELIVERED,8,CLEAR,LOW
5167,2026-01-08 22:10:40,39.96,3,29,25,43.236614,-2.96126,DELIVERED,34,CLEAR,HIGH
5168,2026-01-04 21:49:22,55.23,5,20,28,43.266726,-2.905485,DELIVERED,41,WIND,HIGH
5169,2026-01-23 20:45:48,9.86,1,18,17,43.241258,-2.9671,DELIVERED,4,CLEAR,LOW
5170,2026-01-12 22:14:49,10.1,1,23,22,43.254191,-2.92615,DELIVERED,24,CLEAR,MEDIUM
5171,2026-01-29 15:19:42,15.07,1,14,23,43.204001,-2.971347,DELIVERED,41,CLEAR,MEDIUM
5172,2026-01-11 20:50:05,52.09,4,26,11,43.276364,-2.962213,DELIVERED,2,CLEAR,LOW
5173,2026-01-25 15:05:31,43.89,3,22,21,43.253985,-2.962244,DELIVERED,48,WIND,HIGH
5174,2026-01-19 14:29:53,19.61,1,29,28,43.218258,-2.970594,DELIVERED,48,CLEAR,HIGH
5175,2026-01-13 09:12:47,13.36,1,21,14,43.244335,-2.945941,DELIVERED,39,CLEAR,LOW
5176,2026-01-06 23:31:24,29.44,2,23,33,43.271132,-2.978532,DELIVERED,29,RAIN,HIGH
5177,2026-01-25 14:32:52,60.31,5,27,16,43.230632,-2.989438,DELIVERED,45,CLEAR,HIGH
5178,2026-01-22 21:28:00,10.21,1,32,30,43.29023,-2.889096,DELIVERED,22,RAIN,MEDIUM
5179,2026-01-30 15:25:09,112.16,6,22,11,43.271778,-2.924743,CANCELLED,6,CLEAR,LOW
5180,2026-01-03 15:38:41,12.19,1,12,17,43.251411,-2.967139,DELIVERED,47,CLEAR,LOW
5181,2026-01-11 15:31:37,37.47,3,14,20,43.286335,-2.912004,CANCELLED,42,CLEAR,LOW
5182,2026-01-20 22:44:11,11.17,1,20,28,43.251973,-2.886212,DELIVERED,17,RAIN,MEDIUM
5183,2026-01-27 15:16:01,32.96,3,19,24,43.24445,-2.896666,DELIVERED,19,CLEAR,MEDIUM
5184,2026-01-08 02:57:00,75.97,5,23,18,43.205841,-2.896268,DELIVERED,12,WIND,LOW
5185,2026-01-10 05:02:11,23.75,2,24,18,43.259174,-2.886842,DELIVERED,34,CLEAR,LOW
5186,2026-01-24 14:24:17,61.06,5,32,18,43.208951,-2.95284,DELIVERED,29,CLEAR,HIGH
5187,2026-01-17 12:24:56,19.38,1,18,28,43.218027,-2.91447,DELIVERED,25,RAIN,MEDIUM
5188,2026-01-21 21:08:17,10.45,1,20,15,43.218958,-2.986275,DELIVERED,44,CLEAR,MEDIUM
5189,2026-01-29 22:15:45,41.05,2,30,27,43.220219,-2.921718,DELIVERED,28,CLEAR,HIGH
5190,2026-01-15 23:58:54,34.94,3,12,10,43.247606,-2.920062,DELIVERED,47,CLEAR,LOW
5191,2026-01-25 14:40:44,15.24,1,25,22,43.215007,-2.941477,DELIVERED,5,RAIN,MEDIUM
5192,2026-01-01 12:10:53,88.4,6,25,25,43.232213,-2.932365,DELIVERED,14,RAIN,LOW
5193,2026-01-11 21:24:30,63.77,6,16,28,43.299199,-2.943432,DELIVERED,30,RAIN,MEDIUM
5194,2026-01-20 14:21:01,17.17,1,32,23,43.261478,-2.987346,DELIVERED,6,CLEAR,MEDIUM
5195,2026-01-02 12:53:13,71.76,4,29,20,43.283159,-2.98634,DELIVERED,18,WIND,LOW
5196,2026-01-06 12:57:32,55.67,5,19,19,43.287938,-2.924019,DELIVERED,4,RAIN,LOW
5197,2026-01-26 12:42:26,47.0,4,16,24,43.278544,-2.989048,DELIVERED,35,CLEAR,MEDIUM
5198,2026-01-22 03:08:10,81.73,6,13,24,43.205606,-2.91629,DELIVERED,17,RAIN,LOW
5199,2026-01-10 19:17:27,43.16,3,10,20,43.252433,-2.979449,DELIVERED,27,CLEAR,HIGH
5200,2026-01-06 22:26:47,17.63,1,28,24,43.223574,-2.886559,DELIVERED,28,RAIN,HIGH
5201,2026-01-22 13:34:05,19.62,2,23,16,43.222931,-2.975835,DELIVERED,7,CLEAR,MEDIUM
5202,2026-01-28 21:22:37,29.57,2,14,28,43.289662,-2.899174,DELIVERED,27,CLEAR,HIGH
5203,2026-01-03 14:19:38,19.81,2,20,30,43.211145,-2.929077,DELIVERED,7,RAIN,HIGH
5204,2026-01-03 15:12:37,52.41,4,18,15,43.295336,-2.917405,DELIVERED,17,CLEAR,LOW
5205,2026-01-18 18:52:33,50.54,5,11,16,43.246359,-2.913443,DELIVERED,15,RAIN,MEDIUM
5206,2026-01-17 20:19:53,11.29,1,13,19,43.211352,-2.915298,DELIVERED,37,CLEAR,LOW
5207,2026-01-02 07:20:09,71.65,5,25,14,43.221359,-2.897158,DELIVERED,12,CLEAR,LOW
5208,2026-01-17 14:07:53,85.73,6,30,17,43.232632,-2.936261,DELIVERED,12,CLEAR,MEDIUM
5209,2026-01-06 23:16:33,64.82,5,16,13,43.213773,-2.987253,DELIVERED,3,CLEAR,MEDIUM
5210,2026-01-03 13:41:22,35.48,3,26,23,43.201146,-2.887223,DELIVERED,47,CLEAR,HIGH
5211,2026-01-09 12:17:00,33.85,2,21,26,43.268609,-2.983182,DELIVERED,25,CLEAR,HIGH
5212,2026-01-06 14:56:43,16.95,2,15,27,43.253953,-2.935011,DELIVERED,43,CLEAR,HIGH
5213,2026-01-07 08:35:42,66.06,5,18,20,43.2463,-2.961368,DELIVERED,42,CLEAR,MEDIUM
5214,2026-01-28 14:26:15,30.79,3,22,25,43.222622,-2.940386,DELIVERED,21,CLEAR,HIGH
5215,2026-01-17 02:48:15,23.5,2,21,22,43.26319,-2.967054,CANCELLED,34,RAIN,LOW
5216,2026-01-23 21:33:29,54.26,6,19,28,43.257604,-2.925615,DELIVERED,49,RAIN,MEDIUM
5217,2026-01-22 21:31:25,61.77,4,26,25,43.206379,-2.91985,DELIVERED,1,CLEAR,HIGH
5218,2026-01-07 23:20:05,11.54,1,11,26,43.298194,-2.932361,DELIVERED,44,RAIN,MEDIUM
5219,2026-01-15 23:54:41,16.18,1,15,21,43.2965,-2.922515,DELIVERED,11,CLEAR,MEDIUM
5220,2026-01-11 13:31:22,41.34,3,22,30,43.225247,-2.90327,DELIVERED,13,CLEAR,HIGH
5221,2026-01-09 21:00:44,22.0,2,17,31,43.289424,-2.969952,DELIVERED,47,CLEAR,HIGH
5222,2026-01-30 12:52:37,49.54,5,19,20,43.212981,-2.983346,DELIVERED,19,CLEAR,HIGH
5223,2026-01-30 18:07:53,59.88,6,22,11,43.239759,-2.903317,DELIVERED,4,CLEAR,LOW
5224,2026-01-13 13:29:25,8.64,1,16,19,43.212491,-2.925846,DELIVERED,50,CLEAR,HIGH
5225,2026-01-12 00:44:40,14.14,1,26,13,43.283242,-2.963107,DELIVERED,14,CLEAR,LOW
5226,2026-01-07 21:09:49,46.13,4,26,18,43.221285,-2.946196,DELIVERED,40,WIND,MEDIUM
5227,2026-01-01 22:23:55,48.27,4,36,20,43.2612,-2.916542,DELIVERED,22,CLEAR,HIGH
5228,2026-01-21 22:12:08,64.87,6,21,17,43.260067,-2.908631,DELIVERED,30,CLEAR,MEDIUM
5229,2026-01-26 22:42:52,27.94,2,17,28,43.212265,-2.926026,DELIVERED,17,CLEAR,HIGH
5230,2026-01-10 22:39:38,54.07,6,16,29,43.206603,-2.961172,DELIVERED,50,CLEAR,HIGH
5231,2026-01-16 00:14:29,14.78,1,21,18,43.212024,-2.975258,DELIVERED,19,RAIN,LOW
5232,2026-01-01 03:39:52,79.39,6,15,15,43.237911,-2.931872,DELIVERED,8,CLEAR,LOW
5233,2026-01-06 21:20:50,37.82,4,20,29,43.298708,-2.95242,DELIVERED,31,CLEAR,HIGH
5234,2026-01-19 21:13:03,41.78,4,19,28,43.229576,-2.973852,DELIVERED,20,RAIN,MEDIUM
5235,2026-01-05 23:24:24,60.44,5,14,19,43.213676,-2.981412,DELIVERED,3,CLEAR,LOW
5236,2026-01-02 19:24:23,55.74,4,19,18,43.203797,-2.941465,DELIVERED,46,CLEAR,LOW
5237,2026-01-01 14:25:18,19.1,1,32,25,43.27467,-2.929054,DELIVERED,10,CLEAR,HIGH
5238,2026-01-03 23:00:06,88.49,6,16,23,43.236451,-2.927839,DELIVERED,32,RAIN,LOW
5239,2026-01-05 12:25:30,56.94,4,24,14,43.240939,-2.939297,DELIVERED,14,CLEAR,MEDIUM
5240,2026-01-30 14:02:21,108.43,6,31,33,43.257656,-2.968736,DELIVERED,10,RAIN,HIGH
5241,2026-01-14 22:34:32,39.0,3,24,27,43.286444,-2.944149,DELIVERED,24,CLEAR,HIGH
5242,2026-01-05 13:58:44,90.78,5,27,26,43.203721,-2.886345,DELIVERED,36,CLEAR,HIGH
5243,2026-01-18 21:07:28,17.78,1,22,31,43.246002,-2.982342,DELIVERED,17,RAIN,HIGH
5244,2026-01-09 22:55:41,88.95,6,30,18,43.266676,-2.887566,DELIVERED,32,CLEAR,MEDIUM
5245,2026-01-06 04:59:43,32.59,3,14,18,43.21527,-2.917759,DELIVERED,41,RAIN,LOW
5246,2026-01-06 21:18:06,64.19,5,24,22,43.23656,-2.90581,DELIVERED,3,CLEAR,HIGH
5247,2026-01-05 22:44:08,29.43,2,24,24,43.295377,-2.975786,DELIVERED,8,CLEAR,HIGH
5248,2026-01-22 23:51:25,76.16,6,24,20,43.220784,-2.886127,DELIVERED,22,CLEAR,HIGH
5249,2026-01-27 05:43:15,43.44,4,10,23,43.26142,-2.926145,DELIVERED,44,RAIN,LOW
5250,2026-01-06 22:29:03,34.48,3,21,22,43.285694,-2.888957,DELIVERED,47,CLEAR,HIGH
5251,2026-01-22 22:33:19,72.58,5,30,27,43.294679,-2.882287,CANCELLED,25,CLEAR,HIGH
5252,2026-01-19 05:53:17,70.46,6,20,17,43.232486,-2.934996,CANCELLED,24,CLEAR,LOW
5253,2026-01-21 15:35:50,37.02,3,23,17,43.233833,-2.903384,DELIVERED,34,CLEAR,MEDIUM
5254,2026-01-30 13:31:08,31.01,2,23,21,43.279722,-2.931831,DELIVERED,8,CLEAR,HIGH
5255,2026-01-08 13:47:11,70.63,4,34,21,43.256846,-2.914861,DELIVERED,9,CLEAR,MEDIUM
5256,2026-01-09 14:04:32,73.23,4,40,19,43.241953,-2.967397,DELIVERED,18,CLEAR,MEDIUM
5257,2026-01-20 16:16:24,32.13,3,14,11,43.277472,-2.979581,DELIVERED,47,CLEAR,LOW
5258,2026-01-18 15:40:42,14.86,1,22,31,43.297678,-2.968373,CANCELLED,29,RAIN,MEDIUM
5259,2026-01-24 13:20:48,19.77,2,17,24,43.242008,-2.915315,DELIVERED,20,CLEAR,HIGH
5260,2026-01-02 09:40:56,76.91,6,25,11,43.234397,-2.976847,DELIVERED,22,CLEAR,LOW
5261,2026-01-21 18:59:01,15.75,1,23,17,43.222462,-2.918001,DELIVERED,22,CLEAR,LOW
5262,2026-01-02 14:18:05,13.17,1,17,20,43.262381,-2.964637,DELIVERED,46,CLEAR,MEDIUM
5263,2026-01-03 14:09:00,48.29,5,22,25,43.261744,-2.920563,DELIVERED,49,CLEAR,HIGH
5264,2026-01-17 16:15:40,31.04,3,19,22,43.274108,-2.975092,DELIVERED,19,WIND,MEDIUM
5265,2026-01-18 09:33:26,73.27,6,26,17,43.227336,-2.895639,DELIVERED,2,CLEAR,LOW
5266,2026-01-24 06:00:32,35.09,3,27,17,43.231886,-2.954121,DELIVERED,2,RAIN,LOW
5267,2026-01-18 01:18:30,53.52,4,19,21,43.202629,-2.969911,DELIVERED,3,RAIN,LOW
5268,2026-01-20 13:41:42,113.23,6,27,18,43.207675,-2.890506,DELIVERED,6,CLEAR,HIGH
5269,2026-01-29 21:13:09,33.31,2,29,25,43.289754,-2.973172,DELIVERED,13,CLEAR,HIGH
5270,2026-01-18 21:07:56,45.36,4,16,19,43.215745,-2.96565,CANCELLED,30,CLEAR,HIGH
5271,2026-01-04 07:03:41,51.92,5,12,18,43.250726,-2.923503,DELIVERED,30,CLEAR,LOW
5272,2026-01-01 23:14:33,13.04,1,20,23,43.245487,-2.926186,DELIVERED,11,CLEAR,HIGH
5273,2026-01-04 14:34:55,56.58,3,38,27,43.230801,-2.884598,DELIVERED,33,CLEAR,HIGH
5274,2026-01-24 22:01:55,106.8,6,26,26,43.241658,-2.898718,DELIVERED,6,CLEAR,HIGH
5275,2026-01-14 21:12:11,62.91,5,27,35,43.292038,-2.917485,DELIVERED,29,RAIN,HIGH
5276,2026-01-13 00:53:20,41.52,2,33,21,43.215356,-2.988749,DELIVERED,23,CLEAR,MEDIUM
5277,2026-01-25 22:50:28,70.28,6,25,25,43.268644,-2.940104,CANCELLED,5,CLEAR,HIGH
5278,2026-01-20 22:19:52,28.5,2,19,15,43.240621,-2.896886,DELIVERED,46,CLEAR,MEDIUM
5279,2026-01-29 19:26:53,73.99,5,24,24,43.281627,-2.927256,DELIVERED,14,RAIN,MEDIUM
5280,2026-01-11 00:30:21,92.67,5,31,21,43.201232,-2.96122,DELIVERED,33,CLEAR,MEDIUM
5281,2026-01-24 21:25:12,82.82,6,28,29,43.22742,-2.891155,DELIVERED,13,CLEAR,HIGH
5282,2026-01-24 12:02:09,33.6,2,15,16,43.203729,-2.938331,DELIVERED,1,CLEAR,LOW
5283,2026-01-17 21:12:40,9.39,1,16,25,43.235434,-2.904111,DELIVERED,44,CLEAR,HIGH
5284,2026-01-08 21:33:09,9.23,1,16,23,43.282974,-2.921536,DELIVERED,30,CLEAR,MEDIUM
5285,2026-01-19 16:51:20,36.91,2,34,25,43.205621,-2.96924,DELIVERED,23,CLEAR,MEDIUM
5286,2026-01-04 10:46:13,63.49,5,29,29,43.289622,-2.893863,DELIVERED,22,WIND,HIGH
5287,2026-01-18 09:19:02,89.42,6,19,17,43.236759,-2.938871,DELIVERED,1,CLEAR,LOW
5288,2026-01-09 04:47:54,40.0,4,14,24,43.217568,-2.895291,DELIVERED,41,CLEAR,HIGH
5289,2026-01-29 20:57:28,50.92,4,15,33,43.232397,-2.907944,DELIVERED,11,RAIN,MEDIUM
5290,2026-01-14 14:17:12,111.22,6,39,22,43.29878,-2.946958,DELIVERED,18,CLEAR,MEDIUM
5291,2026-01-25 01:31:05,22.42,1,31,18,43.274941,-2.961107,DELIVERED,23,CLEAR,MEDIUM
5292,2026-01-11 02:31:45,29.7,2,11,25,43.294935,-2.881058,DELIVERED,8,RAIN,MEDIUM
5293,2026-01-23 14:25:22,41.98,3,22,25,43.238625,-2.974288,DELIVERED,17,CLEAR,HIGH
5294,2026-01-11 00:30:31,23.63,2,21,20,43.247832,-2.887144,DELIVERED,34,CLEAR,HIGH
5295,2026-01-22 21:37:25,22.62,2,22,23,43.236009,-2.981664,DELIVERED,16,CLEAR,HIGH
5296,2026-01-05 07:56:18,29.29,3,13,18,43.27847,-2.974463,DELIVERED,50,CLEAR,LOW
5297,2026-01-28 15:02:17,15.25,1,19,11,43.250528,-2.96116,DELIVERED,1,CLEAR,LOW
5298,2026-01-18 05:21:52,74.8,6,22,21,43.223773,-2.98844,DELIVERED,24,RAIN,LOW
5299,2026-01-12 15:28:08,38.67,2,28,19,43.211642,-2.917519,DELIVERED,18,CLEAR,LOW
5300,2026-01-23 13:57:08,74.28,6,21,22,43.279439,-2.927611,DELIVERED,3,CLEAR,HIGH
5301,2026-01-05 23:42:52,25.36,2,22,20,43.288546,-2.944997,DELIVERED,34,CLEAR,LOW
5302,2026-01-07 20:59:28,61.14,5,27,18,43.200942,-2.886984,DELIVERED,22,CLEAR,MEDIUM
5303,2026-01-09 12:52:49,38.75,4,17,18,43.289188,-2.933184,DELIVERED,21,RAIN,LOW
5304,2026-01-13 06:06:51,65.94,5,17,23,43.224318,-2.974773,DELIVERED,38,RAIN,MEDIUM
5305,2026-01-04 13:07:17,41.55,4,25,21,43.222273,-2.955379,DELIVERED,21,CLEAR,MEDIUM
5306,2026-01-25 12:06:47,22.56,2,18,11,43.236836,-2.975369,CANCELLED,19,CLEAR,LOW
5307,2026-01-16 21:25:26,84.07,6,30,27,43.245504,-2.900565,DELIVERED,14,CLEAR,HIGH
5308,2026-01-20 22:54:22,40.75,4,27,29,43.208076,-2.9378,DELIVERED,26,CLEAR,HIGH
5309,2026-01-06 20:15:14,13.3,1,15,27,43.237096,-2.980222,DELIVERED,11,CLEAR,HIGH
5310,2026-01-16 18:18:25,30.34,3,16,16,43.290341,-2.881118,DELIVERED,21,CLEAR,LOW
5311,2026-01-23 22:38:15,62.93,5,25,14,43.291317,-2.912183,DELIVERED,5,CLEAR,MEDIUM
5312,2026-01-15 22:25:41,16.57,1,24,23,43.285051,-2.96951,DELIVERED,27,CLEAR,HIGH
5313,2026-01-21 13:13:21,53.21,5,21,25,43.294091,-2.972771,DELIVERED,41,RAIN,HIGH
5314,2026-01-20 22:40:41,9.28,1,16,23,43.277693,-2.988857,DELIVERED,43,CLEAR,HIGH
5315,2026-01-24 14:41:08,12.41,1,22,26,43.254228,-2.906677,DELIVERED,21,CLEAR,HIGH
5316,2026-01-18 20:22:27,70.49,6,20,27,43.20411,-2.881113,DELIVERED,29,RAIN,LOW
5317,2026-01-17 20:10:40,63.99,5,21,15,43.220172,-2.924215,DELIVERED,24,CLEAR,MEDIUM
5318,2026-01-05 03:58:08,41.44,2,20,14,43.201014,-2.965338,DELIVERED,36,CLEAR,LOW
5319,2026-01-07 20:05:45,16.65,1,30,12,43.252353,-2.889186,DELIVERED,18,CLEAR,LOW
5320,2026-01-25 21:31:28,16.13,1,29,25,43.243632,-2.937718,DELIVERED,45,CLEAR,HIGH
5321,2026-01-12 15:14:34,70.95,6,18,22,43.285285,-2.890073,DELIVERED,3,CLEAR,HIGH
5322,2026-01-30 14:09:01,45.02,3,24,25,43.259983,-2.980077,DELIVERED,1,CLEAR,HIGH
5323,2026-01-24 15:14:51,16.82,1,19,14,43.267909,-2.919478,DELIVERED,10,CLEAR,LOW
5324,2026-01-20 18:59:18,15.6,1,22,20,43.283076,-2.95433,DELIVERED,38,RAIN,LOW
5325,2026-01-23 16:48:22,85.85,6,27,27,43.259099,-2.922096,DELIVERED,14,CLEAR,HIGH
5326,2026-01-24 21:31:27,18.98,1,39,22,43.245826,-2.898033,DELIVERED,33,WIND,MEDIUM
5327,2026-01-26 05:41:38,43.08,4,17,14,43.289248,-2.892351,DELIVERED,47,CLEAR,MEDIUM
5328,2026-01-23 21:07:45,53.41,4,26,35,43.218927,-2.900648,DELIVERED,3,RAIN,HIGH
5329,2026-01-28 05:33:10,81.35,6,13,19,43.204548,-2.941314,CANCELLED,27,CLEAR,LOW
5330,2026-01-16 13:40:27,71.98,4,32,26,43.287089,-2.911167,DELIVERED,28,CLEAR,HIGH
5331,2026-01-04 16:14:15,17.81,1,31,12,43.215983,-2.953716,DELIVERED,18,CLEAR,LOW
5332,2026-01-11 09:10:24,29.43,3,13,23,43.243235,-2.904073,DELIVERED,49,RAIN,LOW
5333,2026-01-24 20:15:54,19.63,2,16,16,43.282623,-2.901502,DELIVERED,31,CLEAR,LOW
5334,2026-01-15 23:36:30,78.41,6,22,16,43.237298,-2.989899,DELIVERED,39,CLEAR,LOW
5335,2026-01-19 22:09:16,19.27,1,34,22,43.242354,-2.969634,DELIVERED,10,CLEAR,HIGH
5336,2026-01-02 13:48:11,41.63,3,32,22,43.212376,-2.95573,DELIVERED,2,CLEAR,HIGH
5337,2026-01-11 05:50:01,94.15,5,23,20,43.202013,-2.915663,DELIVERED,36,CLEAR,LOW
5338,2026-01-28 21:06:14,84.87,6,21,27,43.229966,-2.914979,DELIVERED,1,CLEAR,HIGH
5339,2026-01-21 21:09:58,22.91,2,24,19,43.234957,-2.880924,DELIVERED,19,CLEAR,MEDIUM
5340,2026-01-14 22:50:59,24.69,2,28,15,43.234178,-2.989926,DELIVERED,38,CLEAR,MEDIUM
5341,2026-01-18 14:45:32,32.91,2,33,28,43.228526,-2.985394,DELIVERED,25,RAIN,HIGH
5342,2026-01-23 22:10:38,44.78,4,26,30,43.218649,-2.931939,DELIVERED,4,CLEAR,HIGH
5343,2026-01-23 15:22:51,89.38,5,29,28,43.292465,-2.944072,DELIVERED,33,CLEAR,HIGH
5344,2026-01-28 06:48:53,23.7,2,16,13,43.210793,-2.985568,DELIVERED,26,CLEAR,LOW
5345,2026-01-26 22:38:08,70.5,6,32,19,43.299231,-2.936341,DELIVERED,22,CLEAR,HIGH
5346,2026-01-05 01:09:14,31.33,3,9,21,43.24435,-2.96504,DELIVERED,37,RAIN,LOW
5347,2026-01-05 13:33:13,43.03,4,26,23,43.275588,-2.979401,DELIVERED,4,CLEAR,HIGH
5348,2026-01-03 12:22:05,91.67,5,31,20,43.280971,-2.915134,DELIVERED,18,CLEAR,MEDIUM
5349,2026-01-18 20:28:03,75.03,4,31,19,43.244982,-2.982066,DELIVERED,9,CLEAR,LOW
5350,2026-01-20 13:21:55,48.59,4,30,23,43.229746,-2.951559,DELIVERED,35,RAIN,MEDIUM
5351,2026-01-11 23:37:14,111.49,6,22,11,43.282004,-2.946401,DELIVERED,10,CLEAR,LOW
5352,2026-01-30 14:20:51,41.67,3,22,22,43.29095,-2.941232,CANCELLED,17,CLEAR,MEDIUM
5353,2026-01-15 11:15:57,53.55,5,14,25,43.201415,-2.946744,DELIVERED,15,RAIN,MEDIUM
5354,2026-01-15 22:59:16,15.82,1,24,21,43.255753,-2.916778,DELIVERED,42,RAIN,MEDIUM
5355,2026-01-10 02:19:20,37.56,4,15,22,43.266216,-2.94042,DELIVERED,21,CLEAR,MEDIUM
5356,2026-01-21 15:45:16,39.58,3,15,12,43.214606,-2.969202,DELIVERED,35,CLEAR,LOW
5357,2026-01-18 18:01:43,12.18,1,16,16,43.279415,-2.970258,DELIVERED,46,RAIN,LOW
5358,2026-01-24 13:19:22,12.93,1,24,16,43.288633,-2.898435,DELIVERED,31,CLEAR,MEDIUM
5359,2026-01-18 04:46:59,64.91,5,19,17,43.275111,-2.942788,DELIVERED,5,CLEAR,LOW
5360,2026-01-06 21:09:54,24.79,2,31,24,43.204871,-2.918753,DELIVERED,45,RAIN,HIGH
5361,2026-01-08 12:14:24,13.45,1,20,26,43.254737,-2.984797,DELIVERED,24,RAIN,MEDIUM
5362,2026-01-19 15:26:20,56.2,6,10,13,43.224284,-2.881246,DELIVERED,49,CLEAR,LOW
5363,2026-01-20 13:08:19,44.0,3,31,24,43.290854,-2.918421,DELIVERED,14,CLEAR,HIGH
5364,2026-01-10 06:11:38,64.51,5,20,25,43.250865,-2.922557,DELIVERED,5,CLEAR,MEDIUM
5365,2026-01-22 22:40:05,21.0,2,17,29,43.206755,-2.964662,DELIVERED,44,CLEAR,HIGH
5366,2026-01-11 13:15:11,64.33,6,20,22,43.225067,-2.90054,DELIVERED,41,CLEAR,HIGH
5367,2026-01-01 13:11:27,12.88,1,19,19,43.290275,-2.891505,DELIVERED,11,CLEAR,MEDIUM
5368,2026-01-11 23:52:35,18.13,2,19,20,43.282653,-2.973236,DELIVERED,4,CLEAR,LOW
5369,2026-01-31 15:46:01,64.05,5,19,24,43.254917,-2.946738,DELIVERED,42,RAIN,MEDIUM
5370,2026-01-14 07:09:40,38.66,4,21,11,43.277791,-2.905995,DELIVERED,4,CLEAR,LOW
5371,2026-01-24 09:39:21,19.61,2,8,24,43.240137,-2.973791,DELIVERED,15,RAIN,MEDIUM
5372,2026-01-16 04:56:15,11.11,1,12,16,43.230559,-2.942112,DELIVERED,50,CLEAR,LOW
5373,2026-01-11 14:20:02,86.52,6,29,20,43.283076,-2.934306,DELIVERED,14,WIND,MEDIUM
5374,2026-01-09 21:57:15,16.1,1,30,23,43.203954,-2.910332,DELIVERED,29,CLEAR,HIGH
5375,2026-01-28 17:19:45,48.59,4,25,24,43.205951,-2.980343,DELIVERED,2,WIND,MEDIUM
5376,2026-01-31 23:52:09,53.59,3,23,18,43.261426,-2.956871,DELIVERED,36,WIND,MEDIUM
5377,2026-01-22 22:52:32,29.63,3,23,13,43.248231,-2.937284,DELIVERED,31,CLEAR,MEDIUM
5378,2026-01-15 13:37:16,33.85,2,26,13,43.203591,-2.890346,DELIVERED,32,CLEAR,MEDIUM
5379,2026-01-02 15:29:12,38.08,3,17,18,43.237697,-2.894542,DELIVERED,45,WIND,MEDIUM
5380,2026-01-30 23:52:08,25.86,3,11,23,43.26073,-2.88569,DELIVERED,16,RAIN,LOW
5381,2026-01-08 22:35:02,66.68,5,19,26,43.208381,-2.973392,DELIVERED,8,RAIN,MEDIUM
5382,2026-01-04 14:22:51,16.66,1,27,31,43.204355,-2.928682,DELIVERED,42,CLEAR,HIGH
5383,2026-01-04 14:48:24,15.05,1,22,28,43.222999,-2.946615,DELIVERED,46,CLEAR,HIGH
5384,2026-01-08 15:00:03,24.39,2,13,21,43.292374,-2.978696,DELIVERED,40,CLEAR,MEDIUM
5385,2026-01-19 20:35:16,88.85,5,24,26,43.244118,-2.9336,DELIVERED,10,RAIN,LOW
5386,2026-01-28 13:32:46,27.68,2,21,22,43.269215,-2.898286,DELIVERED,8,CLEAR,MEDIUM
5387,2026-01-01 13:25:00,82.04,6,27,12,43.261901,-2.920273,DELIVERED,46,CLEAR,MEDIUM
5388,2026-01-09 17:53:23,38.13,4,16,30,43.258322,-2.987526,DELIVERED,30,WIND,HIGH
5389,2026-01-09 05:05:45,73.71,4,25,22,43.247343,-2.983737,DELIVERED,10,RAIN,MEDIUM
5390,2026-01-23 21:14:44,59.49,3,24,16,43.22261,-2.968239,DELIVERED,28,CLEAR,MEDIUM
5391,2026-01-22 03:06:19,20.32,1,27,20,43.21363,-2.956906,DELIVERED,18,WIND,MEDIUM
5392,2026-01-22 15:57:26,42.52,3,29,24,43.276792,-2.955321,DELIVERED,12,CLEAR,MEDIUM
5393,2026-01-01 01:25:34,39.35,3,15,10,43.27921,-2.940064,DELIVERED,40,CLEAR,LOW
5394,2026-01-16 15:35:31,26.72,2,19,12,43.250443,-2.918971,DELIVERED,3,CLEAR,LOW
5395,2026-01-21 12:34:34,83.68,6,19,11,43.298456,-2.909304,DELIVERED,48,CLEAR,LOW
5396,2026-01-26 21:27:21,28.23,3,14,32,43.287457,-2.93439,DELIVERED,37,RAIN,HIGH
5397,2026-01-24 21:36:29,47.36,4,22,20,43.270801,-2.908451,DELIVERED,45,CLEAR,HIGH
5398,2026-01-11 19:21:17,29.14,2,18,19,43.234654,-2.925254,DELIVERED,3,CLEAR,LOW
5399,2026-01-02 22:39:30,15.2,1,26,30,43.247745,-2.892037,DELIVERED,12,CLEAR,HIGH
5400,2026-01-27 22:16:09,52.02,5,24,17,43.286691,-2.941135,DELIVERED,41,CLEAR,HIGH
5401,2026-01-06 20:28:54,76.45,6,15,22,43.291115,-2.939352,DELIVERED,27,RAIN,MEDIUM
5402,2026-01-29 15:07:43,41.64,3,18,23,43.275019,-2.892778,DELIVERED,3,RAIN,MEDIUM
5403,2026-01-29 10:24:52,26.92,2,23,17,43.255739,-2.889104,DELIVERED,29,RAIN,LOW
5404,2026-01-04 21:34:48,64.9,6,23,28,43.205661,-2.979541,DELIVERED,19,WIND,HIGH
5405,2026-01-16 20:18:54,43.72,5,11,18,43.228642,-2.89029,DELIVERED,49,WIND,LOW
5406,2026-01-10 21:09:00,68.72,5,24,14,43.233883,-2.927326,DELIVERED,46,CLEAR,MEDIUM
5407,2026-01-22 13:24:09,14.56,1,22,14,43.261458,-2.886632,DELIVERED,45,CLEAR,MEDIUM
5408,2026-01-29 20:24:24,20.24,1,28,15,43.209597,-2.966849,DELIVERED,23,CLEAR,LOW
5409,2026-01-23 23:16:28,40.53,3,22,22,43.206288,-2.981532,DELIVERED,29,RAIN,LOW
5410,2026-01-28 18:02:05,53.71,4,29,11,43.249116,-2.953876,DELIVERED,22,CLEAR,LOW
5411,2026-01-22 23:45:24,73.06,5,26,12,43.273633,-2.941222,DELIVERED,12,CLEAR,LOW
5412,2026-01-01 23:22:55,35.03,3,22,17,43.260206,-2.988819,DELIVERED,24,CLEAR,LOW
5413,2026-01-29 03:18:32,19.17,2,7,21,43.287198,-2.890109,DELIVERED,43,WIND,MEDIUM
5414,2026-01-21 13:31:13,43.04,3,18,31,43.203459,-2.882612,CANCELLED,8,WIND,HIGH
5415,2026-01-12 12:21:47,77.19,4,32,23,43.260736,-2.922284,DELIVERED,23,CLEAR,MEDIUM
5416,2026-01-16 11:31:08,75.23,4,21,20,43.256958,-2.891939,DELIVERED,6,RAIN,MEDIUM
5417,2026-01-25 22:55:07,28.02,2,23,23,43.234085,-2.950188,DELIVERED,1,WIND,HIGH
5418,2026-01-29 23:12:20,110.24,6,29,19,43.22274,-2.981819,DELIVERED,9,CLEAR,MEDIUM
5419,2026-01-20 14:01:12,20.93,1,27,34,43.292669,-2.882038,DELIVERED,10,RAIN,HIGH
5420,2026-01-02 15:08:59,63.86,5,16,20,43.239553,-2.902842,DELIVERED,27,CLEAR,MEDIUM
5421,2026-01-23 13:22:14,12.87,1,27,32,43.26524,-2.97942,CANCELLED,13,CLEAR,HIGH
5422,2026-01-08 14:39:24,52.69,4,37,26,43.256447,-2.899179,DELIVERED,2,CLEAR,HIGH
5423,2026-01-05 22:35:19,72.23,5,35,35,43.280552,-2.960306,DELIVERED,12,RAIN,HIGH
5424,2026-01-27 13:02:48,28.98,3,19,18,43.27261,-2.97426,DELIVERED,47,CLEAR,MEDIUM
5425,2026-01-04 23:22:02,58.32,3,23,17,43.266378,-2.88484,DELIVERED,36,CLEAR,MEDIUM
5426,2026-01-05 22:14:13,38.6,3,25,31,43.268256,-2.905915,CANCELLED,3,RAIN,HIGH
5427,2026-01-15 23:48:10,70.8,4,22,21,43.267459,-2.909143,DELIVERED,36,WIND,LOW
5428,2026-01-29 21:45:21,25.7,2,21,23,43.244926,-2.927615,DELIVERED,40,CLEAR,HIGH
5429,2026-01-06 20:55:22,16.94,2,14,12,43.256241,-2.985393,CANCELLED,21,CLEAR,LOW
5430,2026-01-27 07:48:48,34.81,4,17,19,43.242415,-2.931926,DELIVERED,16,CLEAR,LOW
5431,2026-01-27 14:40:06,11.69,1,29,28,43.203103,-2.967146,DELIVERED,39,WIND,HIGH
5432,2026-01-02 01:06:26,24.13,2,27,22,43.259194,-2.906545,DELIVERED,2,CLEAR,HIGH
5433,2026-01-16 15:54:01,26.83,3,8,11,43.270839,-2.948986,DELIVERED,37,CLEAR,LOW
5434,2026-01-29 15:37:42,21.86,2,12,16,43.214419,-2.937321,CANCELLED,43,RAIN,LOW
5435,2026-01-06 11:54:26,71.94,5,24,28,43.292555,-2.912355,DELIVERED,12,RAIN,MEDIUM
5436,2026-01-11 15:13:46,79.99,6,16,14,43.264891,-2.891379,DELIVERED,39,CLEAR,LOW
5437,2026-01-28 14:28:42,23.45,1,36,25,43.205231,-2.888883,DELIVERED,9,CLEAR,HIGH
5438,2026-01-04 05:47:47,29.03,2,19,13,43.249222,-2.943111,DELIVERED,5,CLEAR,LOW
5439,2026-01-12 22:53:24,26.31,3,21,21,43.255024,-2.987995,DELIVERED,21,CLEAR,HIGH
5440,2026-01-02 22:03:51,13.14,1,36,21,43.27998,-2.934896,DELIVERED,14,CLEAR,HIGH
5441,2026-01-02 13:25:02,14.02,1,26,30,43.290756,-2.898696,DELIVERED,30,CLEAR,HIGH
5442,2026-01-18 13:15:03,80.23,6,16,31,43.288169,-2.921921,DELIVERED,17,RAIN,HIGH
5443,2026-01-06 18:36:04,20.67,2,11,18,43.26942,-2.964649,DELIVERED,20,CLEAR,MEDIUM
5444,2026-01-15 20:22:37,72.86,6,27,25,43.246598,-2.902506,DELIVERED,22,CLEAR,MEDIUM
5445,2026-01-17 17:08:31,80.36,6,12,18,43.218678,-2.974441,DELIVERED,17,CLEAR,LOW
5446,2026-01-17 13:32:37,12.33,1,23,34,43.235857,-2.916771,DELIVERED,24,RAIN,HIGH
5447,2026-01-17 19:24:52,75.18,6,18,14,43.292523,-2.965552,DELIVERED,3,CLEAR,MEDIUM
5448,2026-01-17 23:27:15,55.42,4,17,17,43.214312,-2.953415,DELIVERED,32,CLEAR,LOW
5449,2026-01-10 10:08:58,12.67,1,22,10,43.274508,-2.94494,DELIVERED,32,CLEAR,LOW
5450,2026-01-07 23:08:08,18.38,1,22,14,43.284484,-2.889997,DELIVERED,28,CLEAR,MEDIUM
5451,2026-01-22 12:07:14,15.71,1,13,13,43.299698,-2.971888,DELIVERED,8,WIND,LOW
5452,2026-01-31 13:42:25,59.15,6,19,16,43.266096,-2.895333,DELIVERED,21,CLEAR,HIGH
5453,2026-01-06 04:48:23,36.82,2,26,23,43.25798,-2.937654,DELIVERED,33,RAIN,LOW
5454,2026-01-17 12:49:18,31.56,2,19,16,43.293084,-2.923872,DELIVERED,39,WIND,LOW
5455,2026-01-13 15:07:30,50.26,5,12,23,43.246347,-2.952973,DELIVERED,15,CLEAR,HIGH
5456,2026-01-20 17:20:14,91.73,5,22,10,43.276356,-2.984161,DELIVERED,6,CLEAR,LOW
5457,2026-01-09 15:17:16,30.81,3,11,18,43.230981,-2.922963,DELIVERED,16,RAIN,MEDIUM
5458,2026-01-19 13:23:22,74.82,5,24,27,43.228127,-2.934872,DELIVERED,32,RAIN,HIGH
5459,2026-01-30 13:43:39,77.02,6,32,26,43.266796,-2.940144,CANCELLED,22,WIND,HIGH
5460,2026-01-29 03:00:31,88.85,5,25,17,43.212856,-2.947656,DELIVERED,36,CLEAR,LOW
5461,2026-01-01 11:13:22,12.63,1,10,24,43.27335,-2.94455,DELIVERED,44,RAIN,LOW
5462,2026-01-29 20:12:33,58.4,6,10,27,43.259434,-2.958895,DELIVERED,37,CLEAR,HIGH
5463,2026-01-20 21:38:46,29.79,3,31,13,43.247981,-2.976435,DELIVERED,19,CLEAR,MEDIUM
5464,2026-01-11 22:50:34,62.62,6,17,25,43.259093,-2.969413,DELIVERED,20,CLEAR,MEDIUM
5465,2026-01-11 22:33:08,34.45,3,22,25,43.241372,-2.906026,DELIVERED,35,CLEAR,HIGH
5466,2026-01-09 04:17:35,28.94,2,22,19,43.238648,-2.886174,DELIVERED,38,CLEAR,LOW
5467,2026-01-30 10:58:47,28.73,3,15,22,43.266564,-2.909151,DELIVERED,41,CLEAR,MEDIUM
5468,2026-01-29 14:24:20,109.3,6,35,30,43.262014,-2.892118,DELIVERED,18,RAIN,MEDIUM
5469,2026-01-03 20:01:27,16.38,1,21,23,43.250557,-2.909129,DELIVERED,10,RAIN,LOW
5470,2026-01-25 15:44:14,24.17,2,22,23,43.284254,-2.979745,DELIVERED,34,CLEAR,MEDIUM
5471,2026-01-29 13:43:09,57.91,6,25,35,43.215982,-2.88244,CANCELLED,31,RAIN,HIGH
5472,2026-01-28 15:14:53,74.71,5,27,14,43.260889,-2.97771,DELIVERED,14,CLEAR,MEDIUM
5473,2026-01-02 15:04:33,11.8,1,15,17,43.203132,-2.91644,DELIVERED,41,CLEAR,MEDIUM
5474,2026-01-20 23:58:03,46.49,4,24,22,43.28161,-2.956622,DELIVERED,34,RAIN,MEDIUM
5475,2026-01-16 15:45:58,45.13,5,15,19,43.263771,-2.928768,CANCELLED,21,CLEAR,LOW
5476,2026-01-13 06:29:56,59.09,5,25,17,43.229717,-2.983885,DELIVERED,2,CLEAR,HIGH
5477,2026-01-20 14:28:43,18.55,2,22,32,43.239135,-2.883761,DELIVERED,31,CLEAR,HIGH
5478,2026-01-07 13:06:49,12.08,1,21,16,43.232133,-2.981202,DELIVERED,16,CLEAR,MEDIUM
5479,2026-01-21 14:58:02,42.4,4,22,27,43.215284,-2.980995,DELIVERED,47,CLEAR,HIGH
5480,2026-01-21 14:48:19,112.72,6,35,30,43.245945,-2.95396,DELIVERED,23,CLEAR,HIGH
5481,2026-01-15 12:38:31,80.7,6,15,10,43.281743,-2.921925,DELIVERED,11,CLEAR,LOW
5482,2026-01-27 14:42:20,74.78,5,25,30,43.236969,-2.98216,DELIVERED,48,RAIN,HIGH
5483,2026-01-26 15:23:55,18.43,2,14,19,43.297357,-2.985984,DELIVERED,47,CLEAR,MEDIUM
5484,2026-01-31 13:47:10,71.22,5,32,19,43.235429,-2.970056,DELIVERED,14,CLEAR,MEDIUM
5485,2026-01-31 13:06:45,60.53,4,23,21,43.296679,-2.923229,CANCELLED,13,CLEAR,MEDIUM
5486,2026-01-29 14:07:57,23.91,2,24,29,43.213665,-2.947816,DELIVERED,20,RAIN,MEDIUM
5487,2026-01-31 22:29:25,94.29,5,29,21,43.24568,-2.918515,DELIVERED,6,WIND,MEDIUM
5488,2026-01-26 23:21:51,19.04,2,11,21,43.249701,-2.901451,DELIVERED,37,RAIN,LOW
5489,2026-01-08 21:02:43,47.38,5,18,33,43.268854,-2.912615,DELIVERED,31,WIND,HIGH
5490,2026-01-05 12:54:16,15.73,1,20,20,43.289564,-2.907092,CANCELLED,5,CLEAR,LOW
5491,2026-01-07 08:38:08,57.29,3,25,15,43.267556,-2.959966,DELIVERED,6,CLEAR,LOW
5492,2026-01-15 23:55:44,22.91,1,30,17,43.230544,-2.975607,DELIVERED,23,CLEAR,LOW
5493,2026-01-09 13:07:34,54.55,6,15,23,43.270065,-2.937015,DELIVERED,37,CLEAR,HIGH
5494,2026-01-02 09:20:01,35.07,3,19,23,43.212403,-2.945976,DELIVERED,34,RAIN,MEDIUM
5495,2026-01-12 13:14:33,13.76,1,27,28,43.220985,-2.974734,DELIVERED,31,RAIN,HIGH
5496,2026-01-13 14:59:03,43.72,3,29,18,43.294589,-2.943754,CANCELLED,46,CLEAR,MEDIUM
5497,2026-01-03 20:16:55,66.71,5,15,19,43.247233,-2.883372,DELIVERED,46,CLEAR,LOW
5498,2026-01-14 05:42:46,27.95,2,13,19,43.24084,-2.893309,DELIVERED,40,CLEAR,LOW
5499,2026-01-05 14:09:47,15.58,1,18,21,43.262457,-2.880623,DELIVERED,8,CLEAR,MEDIUM
5500,2026-01-29 22:12:33,65.1,5,18,28,43.292345,-2.940748,DELIVERED,27,CLEAR,HIGH
5501,2026-01-30 23:51:02,27.97,2,23,19,43.251257,-2.986214,DELIVERED,29,CLEAR,MEDIUM
5502,2026-01-21 06:01:10,88.96,5,33,18,43.217486,-2.953105,DELIVERED,18,CLEAR,LOW
5503,2026-01-04 23:28:37,46.29,3,16,21,43.205454,-2.929962,CANCELLED,1,RAIN,LOW
5504,2026-01-31 03:21:04,31.48,3,15,15,43.250908,-2.917523,DELIVERED,21,CLEAR,LOW
5505,2026-01-25 21:21:01,42.07,3,22,28,43.229506,-2.924162,CANCELLED,32,CLEAR,HIGH
5506,2026-01-13 01:45:08,39.59,4,13,18,43.248664,-2.891229,DELIVERED,21,CLEAR,MEDIUM
5507,2026-01-26 14:52:21,106.07,6,28,18,43.273338,-2.980326,DELIVERED,33,RAIN,MEDIUM
5508,2026-01-30 00:36:23,76.59,4,32,21,43.291898,-2.933892,DELIVERED,18,CLEAR,MEDIUM
5509,2026-01-21 22:41:39,57.25,3,33,17,43.263376,-2.981618,DELIVERED,6,CLEAR,HIGH
5510,2026-01-14 15:10:42,34.78,3,29,18,43.214055,-2.971805,DELIVERED,22,RAIN,LOW
5511,2026-01-22 22:07:43,41.0,4,28,19,43.284073,-2.953322,DELIVERED,19,CLEAR,MEDIUM
5512,2026-01-01 16:53:40,31.28,2,21,19,43.293251,-2.884139,DELIVERED,25,WIND,LOW
5513,2026-01-03 23:47:21,19.29,1,31,25,43.277361,-2.92174,DELIVERED,9,RAIN,MEDIUM
5514,2026-01-24 15:32:36,16.23,2,11,30,43.29089,-2.919006,DELIVERED,50,CLEAR,HIGH
5515,2026-01-26 14:05:13,27.68,2,30,23,43.250135,-2.97099,DELIVERED,11,RAIN,HIGH
5516,2026-01-24 13:01:21,21.34,2,14,23,43.256009,-2.961091,DELIVERED,30,CLEAR,MEDIUM
5517,2026-01-06 13:09:11,39.3,3,24,28,43.202119,-2.981746,DELIVERED,46,CLEAR,HIGH
5518,2026-01-11 14:28:13,43.84,3,29,25,43.297451,-2.966183,DELIVERED,13,RAIN,MEDIUM
5519,2026-01-20 23:00:19,61.5,6,15,15,43.296541,-2.973403,DELIVERED,20,WIND,LOW
5520,2026-01-18 19:58:16,61.03,4,22,14,43.242817,-2.900162,DELIVERED,25,CLEAR,MEDIUM
5521,2026-01-08 21:55:04,13.77,1,24,24,43.253447,-2.94393,DELIVERED,26,CLEAR,HIGH
5522,2026-01-10 13:35:51,28.21,2,26,25,43.283253,-2.973057,DELIVERED,1,RAIN,MEDIUM
5523,2026-01-13 08:05:06,11.86,1,16,16,43.25257,-2.988847,DELIVERED,46,CLEAR,LOW
5524,2026-01-27 14:02:13,12.28,1,16,28,43.263338,-2.961028,DELIVERED,27,CLEAR,HIGH
5525,2026-01-01 14:26:18,29.85,2,26,20,43.206599,-2.947556,DELIVERED,11,CLEAR,HIGH
5526,2026-01-30 21:47:13,52.79,3,34,33,43.267003,-2.924734,DELIVERED,36,WIND,HIGH
5527,2026-01-09 23:17:35,63.8,5,25,23,43.294186,-2.9198,DELIVERED,29,CLEAR,MEDIUM
5528,2026-01-09 12:30:12,52.88,4,25,15,43.231557,-2.968342,DELIVERED,22,CLEAR,MEDIUM
5529,2026-01-05 14:39:07,49.04,5,20,24,43.256871,-2.955416,DELIVERED,44,RAIN,HIGH
5530,2026-01-08 02:37:21,88.73,6,25,22,43.258901,-2.913053,DELIVERED,12,WIND,HIGH
5531,2026-01-21 20:46:10,42.24,3,21,16,43.261804,-2.932148,DELIVERED,25,CLEAR,MEDIUM
5532,2026-01-25 23:14:17,57.45,4,12,18,43.221823,-2.988129,DELIVERED,17,RAIN,LOW
5533,2026-01-15 21:35:56,48.31,4,21,18,43.281217,-2.93727,DELIVERED,40,CLEAR,MEDIUM
5534,2026-01-03 14:09:34,81.8,6,27,24,43.246276,-2.977514,DELIVERED,8,WIND,HIGH
5535,2026-01-31 02:02:47,76.59,6,14,24,43.227638,-2.880377,DELIVERED,3,RAIN,MEDIUM
5536,2026-01-01 21:56:24,74.18,6,28,24,43.265801,-2.910653,DELIVERED,34,RAIN,HIGH
5537,2026-01-12 14:20:32,35.6,3,24,29,43.239725,-2.945263,DELIVERED,3,RAIN,HIGH
5538,2026-01-07 21:45:05,35.08,4,19,14,43.291181,-2.979918,CANCELLED,49,CLEAR,MEDIUM
5539,2026-01-10 20:29:57,45.4,5,9,13,43.266837,-2.902981,DELIVERED,49,CLEAR,LOW
5540,2026-01-26 23:53:51,45.06,5,11,24,43.21728,-2.885378,DELIVERED,43,CLEAR,MEDIUM
5541,2026-01-08 12:54:09,63.03,5,19,26,43.220355,-2.984235,DELIVERED,46,RAIN,LOW
5542,2026-01-14 13:25:30,51.07,5,22,21,43.210788,-2.895065,DELIVERED,26,CLEAR,MEDIUM
5543,2026-01-06 14:35:00,38.12,4,17,18,43.259083,-2.889892,CANCELLED,15,RAIN,MEDIUM
5544,2026-01-26 21:23:24,47.01,5,18,30,43.23101,-2.973427,DELIVERED,21,RAIN,HIGH
5545,2026-01-20 23:23:20,33.13,2,21,24,43.22268,-2.975583,DELIVERED,32,CLEAR,MEDIUM
5546,2026-01-05 07:24:17,50.97,5,13,17,43.25087,-2.907178,DELIVERED,30,CLEAR,LOW
5547,2026-01-03 04:34:27,53.48,4,16,24,43.209493,-2.972987,DELIVERED,38,CLEAR,MEDIUM
5548,2026-01-02 22:15:08,16.12,1,27,16,43.220754,-2.916417,DELIVERED,13,CLEAR,MEDIUM
5549,2026-01-22 14:52:03,17.15,2,18,25,43.233724,-2.918482,DELIVERED,16,RAIN,MEDIUM
5550,2026-01-16 13:11:44,60.01,6,22,25,43.224407,-2.88746,DELIVERED,26,WIND,HIGH
5551,2026-01-19 19:10:46,13.1,1,16,19,43.296539,-2.987319,DELIVERED,7,CLEAR,MEDIUM
5552,2026-01-05 20:13:37,49.27,5,14,12,43.276765,-2.976449,DELIVERED,37,CLEAR,LOW
5553,2026-01-02 23:03:49,17.94,1,19,29,43.241709,-2.91168,DELIVERED,42,WIND,MEDIUM
5554,2026-01-13 12:30:55,34.39,3,19,19,43.292564,-2.897664,DELIVERED,26,WIND,MEDIUM
5555,2026-01-15 21:43:22,75.15,6,26,13,43.209934,-2.912192,DELIVERED,24,CLEAR,MEDIUM
5556,2026-01-22 14:13:37,45.85,5,16,31,43.265344,-2.926107,DELIVERED,43,RAIN,HIGH
5557,2026-01-06 10:11:22,57.07,4,20,16,43.284933,-2.967422,DELIVERED,39,CLEAR,LOW
5558,2026-01-08 01:13:46,34.93,2,23,14,43.272826,-2.888543,DELIVERED,6,CLEAR,LOW
5559,2026-01-20 20:54:25,49.37,5,8,30,43.241348,-2.983318,DELIVERED,15,RAIN,HIGH
5560,2026-01-04 07:02:10,28.42,3,13,20,43.270459,-2.976278,DELIVERED,15,RAIN,LOW
5561,2026-01-21 21:45:39,21.23,2,22,33,43.23538,-2.989316,DELIVERED,49,RAIN,HIGH
5562,2026-01-11 18:07:24,82.38,6,14,10,43.219427,-2.935107,DELIVERED,1,CLEAR,LOW
5563,2026-01-13 08:04:50,57.19,4,28,14,43.287865,-2.9455,DELIVERED,12,CLEAR,LOW
5564,2026-01-31 21:06:40,52.4,4,26,26,43.226402,-2.985502,DELIVERED,29,CLEAR,HIGH
5565,2026-01-09 02:22:10,40.3,3,17,18,43.299099,-2.927068,DELIVERED,8,CLEAR,MEDIUM
5566,2026-01-24 20:42:54,71.5,5,16,11,43.27458,-2.968109,DELIVERED,13,CLEAR,LOW
5567,2026-01-11 12:03:37,69.72,5,25,31,43.215091,-2.968951,DELIVERED,14,RAIN,HIGH
5568,2026-01-23 07:24:45,51.01,5,13,24,43.269232,-2.945371,DELIVERED,47,RAIN,LOW
5569,2026-01-03 06:32:28,36.44,3,21,24,43.275413,-2.894998,DELIVERED,24,RAIN,LOW
5570,2026-01-04 15:29:21,12.67,1,11,21,43.235765,-2.882628,DELIVERED,30,CLEAR,MEDIUM
5571,2026-01-10 03:00:27,11.1,1,17,12,43.2177,-2.930943,DELIVERED,8,CLEAR,LOW
5572,2026-01-11 23:28:43,34.73,4,13,21,43.239462,-2.968439,DELIVERED,49,RAIN,LOW
5573,2026-01-27 14:51:25,29.69,2,27,23,43.237084,-2.937416,DELIVERED,25,RAIN,HIGH
5574,2026-01-05 16:30:54,63.63,6,20,24,43.248499,-2.880231,DELIVERED,4,RAIN,LOW
5575,2026-01-26 02:27:39,75.93,6,18,22,43.297679,-2.920232,DELIVERED,34,CLEAR,MEDIUM
5576,2026-01-13 14:26:29,54.34,6,24,27,43.236751,-2.975597,DELIVERED,37,RAIN,HIGH
5577,2026-01-07 05:51:26,11.04,1,16,18,43.270859,-2.985161,DELIVERED,38,CLEAR,LOW
5578,2026-01-07 18:40:58,50.86,5,12,12,43.212207,-2.928581,DELIVERED,44,CLEAR,LOW
5579,2026-01-29 20:04:40,60.17,6,18,13,43.231397,-2.965621,DELIVERED,26,WIND,LOW
5580,2026-01-21 12:38:55,12.78,1,16,13,43.229004,-2.961571,DELIVERED,16,CLEAR,LOW
5581,2026-01-26 22:35:43,19.43,1,32,34,43.260821,-2.935918,DELIVERED,18,RAIN,HIGH
5582,2026-01-08 21:42:33,14.04,1,28,20,43.278651,-2.946163,DELIVERED,38,CLEAR,HIGH
5583,2026-01-17 13:03:02,59.01,6,17,20,43.260888,-2.914825,DELIVERED,7,CLEAR,HIGH
5584,2026-01-10 18:02:22,90.8,5,29,12,43.221589,-2.886443,DELIVERED,23,CLEAR,LOW
5585,2026-01-13 21:36:28,42.81,4,20,19,43.282068,-2.919343,DELIVERED,47,CLEAR,HIGH
5586,2026-01-11 13:40:08,59.83,4,27,34,43.270057,-2.960319,DELIVERED,25,WIND,HIGH
5587,2026-01-17 15:22:06,17.42,1,23,19,43.249436,-2.925759,DELIVERED,6,CLEAR,MEDIUM
5588,2026-01-21 16:36:16,35.21,3,18,31,43.256636,-2.918199,DELIVERED,4,RAIN,HIGH
5589,2026-01-29 12:26:00,30.68,2,29,15,43.255433,-2.93064,DELIVERED,12,CLEAR,LOW
5590,2026-01-04 14:21:30,51.88,4,30,18,43.29348,-2.978304,DELIVERED,2,CLEAR,MEDIUM
5591,2026-01-29 15:38:12,54.59,6,16,14,43.241324,-2.882914,DELIVERED,16,CLEAR,MEDIUM
5592,2026-01-07 15:53:52,46.42,4,14,12,43.226122,-2.973153,DELIVERED,40,CLEAR,LOW
5593,2026-01-20 13:40:46,54.85,6,17,26,43.287441,-2.982839,DELIVERED,7,CLEAR,HIGH
5594,2026-01-27 22:22:41,71.42,5,21,23,43.297362,-2.892422,DELIVERED,1,WIND,MEDIUM
5595,2026-01-11 01:19:08,31.31,2,21,30,43.227324,-2.915085,DELIVERED,48,CLEAR,HIGH
5596,2026-01-12 23:27:39,38.63,2,22,17,43.246837,-2.967713,DELIVERED,6,CLEAR,MEDIUM
5597,2026-01-06 02:39:32,40.15,2,23,16,43.234197,-2.907831,CANCELLED,10,CLEAR,LOW
5598,2026-01-29 13:13:37,41.81,3,27,32,43.284314,-2.945252,DELIVERED,34,WIND,HIGH
5599,2026-01-20 22:36:44,21.64,2,25,31,43.289357,-2.900258,DELIVERED,41,CLEAR,HIGH
5600,2026-01-23 15:15:08,30.64,2,23,25,43.221812,-2.94023,DELIVERED,25,WIND,MEDIUM
5601,2026-01-04 18:10:37,24.66,2,12,14,43.213644,-2.932121,DELIVERED,41,WIND,LOW
5602,2026-01-03 12:45:21,61.34,6,13,10,43.263961,-2.885873,DELIVERED,30,CLEAR,LOW
5603,2026-01-05 10:26:46,11.11,1,14,16,43.297653,-2.981252,DELIVERED,15,CLEAR,MEDIUM
5604,2026-01-29 16:15:16,65.86,5,14,20,43.286091,-2.935702,DELIVERED,42,RAIN,MEDIUM
5605,2026-01-01 01:24:33,71.76,4,21,20,43.200005,-2.908908,DELIVERED,36,CLEAR,LOW
5606,2026-01-15 17:38:58,38.93,2,31,19,43.260351,-2.917666,DELIVERED,23,CLEAR,LOW
5607,2026-01-10 06:30:54,32.93,2,19,15,43.258288,-2.954721,DELIVERED,1,CLEAR,MEDIUM
5608,2026-01-12 15:20:15,32.76,3,7,20,43.211501,-2.897312,CANCELLED,43,CLEAR,MEDIUM
5609,2026-01-19 18:14:59,52.71,5,10,17,43.204358,-2.941881,DELIVERED,20,CLEAR,LOW
5610,2026-01-13 12:41:52,10.23,1,12,15,43.281351,-2.988646,DELIVERED,37,CLEAR,MEDIUM
5611,2026-01-05 13:31:12,21.09,2,25,27,43.265305,-2.91429,DELIVERED,21,RAIN,MEDIUM
5612,2026-01-31 01:16:51,26.25,3,15,16,43.295427,-2.956889,DELIVERED,31,CLEAR,LOW
5613,2026-01-26 13:55:41,34.63,4,15,31,43.217187,-2.893331,DELIVERED,49,WIND,HIGH
5614,2026-01-07 14:26:17,75.18,4,33,32,43.296847,-2.93997,DELIVERED,6,RAIN,HIGH
5615,2026-01-21 01:06:49,26.19,3,18,19,43.247593,-2.883288,DELIVERED,31,CLEAR,LOW
5616,2026-01-23 18:48:05,29.86,3,16,23,43.248889,-2.912772,DELIVERED,19,CLEAR,MEDIUM
5617,2026-01-04 13:22:39,20.92,1,30,16,43.271272,-2.895801,DELIVERED,10,CLEAR,MEDIUM
5618,2026-01-31 10:15:21,89.66,6,14,27,43.2222,-2.934088,DELIVERED,1,CLEAR,HIGH
5619,2026-01-04 22:03:41,43.5,3,21,18,43.298477,-2.950828,DELIVERED,38,CLEAR,MEDIUM
5620,2026-01-12 14:20:56,25.97,2,30,30,43.261832,-2.912346,DELIVERED,29,WIND,HIGH
5621,2026-01-13 12:02:25,41.68,3,29,15,43.202519,-2.914303,DELIVERED,22,CLEAR,MEDIUM
5622,2026-01-08 13:54:47,17.22,2,19,29,43.286853,-2.981868,DELIVERED,31,CLEAR,HIGH
5623,2026-01-27 12:16:52,65.97,5,16,18,43.261159,-2.892946,DELIVERED,39,CLEAR,LOW
5624,2026-01-01 12:14:06,31.61,2,20,19,43.260486,-2.976319,DELIVERED,32,CLEAR,LOW
5625,2026-01-06 21:37:04,37.89,4,15,21,43.251032,-2.898551,DELIVERED,16,WIND,HIGH
5626,2026-01-20 12:07:10,27.68,2,15,15,43.242513,-2.917554,DELIVERED,42,WIND,MEDIUM
5627,2026-01-13 22:23:55,55.39,3,28,28,43.216994,-2.973667,CANCELLED,28,CLEAR,HIGH
5628,2026-01-13 14:22:43,44.85,5,15,26,43.229407,-2.955711,DELIVERED,37,CLEAR,HIGH
5629,2026-01-31 14:31:12,72.13,4,26,23,43.245711,-2.906645,DELIVERED,6,CLEAR,HIGH
5630,2026-01-26 15:10:39,22.28,2,13,15,43.246127,-2.980139,DELIVERED,21,WIND,LOW
5631,2026-01-14 20:56:37,30.86,3,12,22,43.263046,-2.97455,DELIVERED,41,WIND,MEDIUM
5632,2026-01-12 20:03:17,43.67,3,16,20,43.209108,-2.918033,DELIVERED,32,CLEAR,LOW
5633,2026-01-24 13:22:59,12.97,1,19,28,43.250477,-2.91719,DELIVERED,31,CLEAR,HIGH
5634,2026-01-07 07:32:39,33.06,3,13,20,43.220578,-2.976757,DELIVERED,44,CLEAR,LOW
5635,2026-01-24 21:26:08,49.99,5,17,26,43.232832,-2.926532,DELIVERED,43,RAIN,MEDIUM
5636,2026-01-18 14:36:17,17.21,1,25,24,43.218363,-2.936936,DELIVERED,45,RAIN,MEDIUM
5637,2026-01-16 13:42:27,53.4,3,28,29,43.299314,-2.940724,DELIVERED,10,CLEAR,HIGH
5638,2026-01-05 02:09:52,40.42,3,24,18,43.28884,-2.939859,DELIVERED,22,CLEAR,MEDIUM
5639,2026-01-10 08:55:00,36.42,2,19,13,43.265656,-2.955205,DELIVERED,10,CLEAR,LOW
5640,2026-01-23 06:54:44,21.66,2,10,16,43.211721,-2.916262,DELIVERED,30,CLEAR,LOW
5641,2026-01-23 18:08:32,89.41,5,19,15,43.274097,-2.959498,DELIVERED,10,CLEAR,LOW
5642,2026-01-22 23:06:21,29.48,2,16,27,43.259611,-2.960057,DELIVERED,5,CLEAR,HIGH
5643,2026-01-12 13:54:17,68.68,5,17,24,43.219712,-2.97749,DELIVERED,17,CLEAR,HIGH
5644,2026-01-09 14:37:48,50.07,5,20,28,43.206821,-2.89178,DELIVERED,44,WIND,HIGH
5645,2026-01-24 13:13:24,29.0,2,31,31,43.213667,-2.970711,DELIVERED,48,RAIN,HIGH
5646,2026-01-11 08:34:03,79.01,6,16,14,43.207105,-2.924553,DELIVERED,42,CLEAR,MEDIUM
5647,2026-01-05 19:30:56,63.73,5,25,15,43.261797,-2.943252,DELIVERED,29,CLEAR,LOW
5648,2026-01-31 07:31:39,16.73,2,12,17,43.206544,-2.894011,DELIVERED,37,CLEAR,MEDIUM
5649,2026-01-12 06:15:48,36.23,3,15,17,43.265128,-2.940269,DELIVERED,5,WIND,MEDIUM
5650,2026-01-23 23:26:14,88.8,6,17,25,43.298975,-2.880558,DELIVERED,1,RAIN,LOW
5651,2026-01-31 10:32:34,109.6,6,25,22,43.289069,-2.934467,DELIVERED,28,RAIN,LOW
5652,2026-01-09 13:56:28,29.55,2,25,17,43.28638,-2.932322,DELIVERED,39,CLEAR,HIGH
5653,2026-01-12 11:13:25,53.82,6,11,20,43.279148,-2.885303,DELIVERED,43,CLEAR,LOW
5654,2026-01-29 12:58:49,48.06,5,8,29,43.219698,-2.926828,CANCELLED,37,RAIN,HIGH
5655,2026-01-05 00:55:59,49.26,4,20,18,43.20524,-2.918392,DELIVERED,5,CLEAR,LOW
5656,2026-01-02 07:33:03,40.33,4,14,16,43.258947,-2.940604,DELIVERED,30,CLEAR,LOW
5657,2026-01-24 20:32:08,74.03,4,28,25,43.26648,-2.987702,DELIVERED,33,RAIN,MEDIUM
5658,2026-01-28 13:35:19,52.81,4,39,33,43.241383,-2.979919,DELIVERED,22,RAIN,HIGH
5659,2026-01-25 21:49:02,17.62,2,20,23,43.223857,-2.914548,DELIVERED,31,CLEAR,HIGH
5660,2026-01-05 15:32:48,20.02,2,21,17,43.228247,-2.969999,DELIVERED,26,CLEAR,LOW
5661,2026-01-10 04:18:16,14.1,1,16,19,43.283688,-2.943292,DELIVERED,35,CLEAR,LOW
5662,2026-01-26 22:45:58,59.04,5,26,29,43.267259,-2.926257,DELIVERED,29,CLEAR,HIGH
5663,2026-01-18 12:50:56,49.49,5,14,20,43.273528,-2.964277,DELIVERED,41,CLEAR,MEDIUM
5664,2026-01-16 18:19:32,14.57,1,14,11,43.223829,-2.937632,DELIVERED,40,CLEAR,LOW
5665,2026-01-28 06:47:58,12.85,1,9,19,43.284152,-2.915213,CANCELLED,43,CLEAR,LOW
5666,2026-01-08 19:25:39,54.04,4,18,12,43.262893,-2.887223,DELIVERED,13,CLEAR,LOW
5667,2026-01-24 18:50:26,37.38,3,18,28,43.264546,-2.989264,DELIVERED,11,CLEAR,HIGH
5668,2026-01-07 09:10:56,71.2,4,28,27,43.205799,-2.986399,DELIVERED,33,RAIN,LOW
5669,2026-01-03 14:37:20,27.32,3,18,27,43.246317,-2.949796,DELIVERED,49,CLEAR,HIGH
5670,2026-01-31 06:27:22,19.93,1,25,22,43.265644,-2.959054,DELIVERED,12,CLEAR,MEDIUM
5671,2026-01-14 13:34:50,88.16,6,30,30,43.221323,-2.97505,DELIVERED,32,RAIN,HIGH
5672,2026-01-09 15:42:46,48.77,4,24,23,43.262119,-2.912385,DELIVERED,29,CLEAR,HIGH
5673,2026-01-03 22:13:17,56.49,4,31,22,43.245694,-2.9162,DELIVERED,14,CLEAR,HIGH
5674,2026-01-10 12:07:18,17.22,1,16,17,43.232997,-2.942967,DELIVERED,45,CLEAR,MEDIUM
5675,2026-01-30 15:17:01,51.18,4,28,12,43.296222,-2.897094,DELIVERED,2,CLEAR,LOW
5676,2026-01-02 11:19:50,34.46,3,13,15,43.2128,-2.93237,DELIVERED,40,CLEAR,MEDIUM
5677,2026-01-23 12:55:05,62.54,6,12,23,43.204233,-2.888626,DELIVERED,44,CLEAR,MEDIUM
5678,2026-01-19 20:01:47,47.63,4,15,17,43.205854,-2.911028,DELIVERED,40,CLEAR,MEDIUM
5679,2026-01-01 22:41:42,28.36,2,30,30,43.215777,-2.936218,DELIVERED,25,RAIN,HIGH
5680,2026-01-28 22:23:38,55.31,5,23,33,43.204202,-2.911227,DELIVERED,26,RAIN,HIGH
5681,2026-01-25 14:13:14,44.0,5,18,34,43.25483,-2.98088,DELIVERED,50,WIND,HIGH
5682,2026-01-25 03:51:30,57.28,6,12,11,43.200658,-2.983467,DELIVERED,49,CLEAR,LOW
5683,2026-01-29 09:28:44,82.46,6,19,16,43.218151,-2.911257,DELIVERED,46,CLEAR,LOW
5684,2026-01-17 21:02:58,88.51,5,25,21,43.209508,-2.931364,CANCELLED,10,CLEAR,HIGH
5685,2026-01-20 21:20:04,60.01,6,30,29,43.288933,-2.956415,DELIVERED,4,CLEAR,HIGH
5686,2026-01-19 12:44:23,26.04,3,15,13,43.230758,-2.94457,DELIVERED,31,CLEAR,LOW
5687,2026-01-07 22:51:33,72.76,4,26,22,43.265274,-2.970029,DELIVERED,36,CLEAR,HIGH
5688,2026-01-21 23:58:07,74.26,5,20,22,43.261225,-2.980092,DELIVERED,1,CLEAR,MEDIUM
5689,2026-01-07 10:15:34,58.9,3,24,12,43.222052,-2.914768,DELIVERED,28,CLEAR,LOW
5690,2026-01-06 14:37:33,11.95,1,23,27,43.214971,-2.941575,DELIVERED,20,CLEAR,HIGH
5691,2026-01-22 15:36:25,43.86,5,8,25,43.205217,-2.888577,DELIVERED,43,RAIN,LOW
5692,2026-01-06 00:40:47,40.69,4,16,20,43.209043,-2.966531,DELIVERED,20,CLEAR,MEDIUM
5693,2026-01-07 12:36:54,29.05,2,17,20,43.226112,-2.906582,DELIVERED,17,RAIN,MEDIUM
5694,2026-01-31 21:58:05,51.37,4,15,30,43.25097,-2.921834,DELIVERED,8,RAIN,MEDIUM
5695,2026-01-29 17:15:28,26.73,2,21,27,43.299212,-2.903781,DELIVERED,25,RAIN,LOW
5696,2026-01-29 20:14:34,20.61,1,24,18,43.228119,-2.961798,DELIVERED,6,CLEAR,LOW
5697,2026-01-30 23:32:08,41.45,4,14,15,43.249619,-2.918376,DELIVERED,49,CLEAR,LOW
5698,2026-01-27 03:05:27,52.18,6,11,22,43.281928,-2.972744,DELIVERED,7,CLEAR,MEDIUM
5699,2026-01-26 14:31:54,53.54,4,25,34,43.234334,-2.895479,DELIVERED,35,RAIN,HIGH
5700,2026-01-09 20:22:54,77.82,6,19,11,43.262704,-2.957809,DELIVERED,40,CLEAR,LOW
5701,2026-01-16 23:31:10,70.77,5,17,30,43.216269,-2.964219,DELIVERED,32,RAIN,HIGH
5702,2026-01-05 08:34:11,19.69,2,17,19,43.248072,-2.927718,DELIVERED,47,CLEAR,LOW
5703,2026-01-15 21:34:46,112.13,6,34,15,43.254781,-2.979304,DELIVERED,33,CLEAR,MEDIUM
5704,2026-01-10 22:16:33,34.97,4,15,28,43.289706,-2.963039,DELIVERED,50,CLEAR,HIGH
5705,2026-01-13 21:20:53,46.27,4,29,25,43.266281,-2.895481,DELIVERED,34,CLEAR,HIGH
5706,2026-01-19 09:58:32,48.47,4,22,19,43.272594,-2.90451,DELIVERED,34,CLEAR,LOW
5707,2026-01-10 13:44:05,65.89,5,29,21,43.267923,-2.959141,DELIVERED,5,CLEAR,MEDIUM
5708,2026-01-28 14:54:55,22.21,2,12,32,43.278723,-2.948023,DELIVERED,50,CLEAR,HIGH
5709,2026-01-24 20:26:05,54.65,5,20,19,43.217702,-2.894544,DELIVERED,26,CLEAR,LOW
5710,2026-01-13 23:24:03,11.6,1,23,20,43.241948,-2.986247,DELIVERED,24,CLEAR,LOW
5711,2026-01-03 02:05:06,22.52,2,15,20,43.264408,-2.966715,DELIVERED,20,RAIN,LOW
5712,2026-01-14 10:58:28,42.2,3,16,14,43.230551,-2.893534,DELIVERED,13,CLEAR,LOW
5713,2026-01-27 21:13:48,42.22,3,20,17,43.296924,-2.889881,DELIVERED,8,CLEAR,MEDIUM
5714,2026-01-14 06:41:30,84.16,6,23,27,43.20208,-2.969245,DELIVERED,48,RAIN,LOW
5715,2026-01-15 11:43:40,15.77,1,19,14,43.248258,-2.915236,DELIVERED,5,CLEAR,MEDIUM
5716,2026-01-19 22:35:31,87.21,6,24,20,43.292563,-2.882635,DELIVERED,25,RAIN,MEDIUM
5717,2026-01-08 15:02:46,58.91,5,17,31,43.248042,-2.880872,DELIVERED,5,RAIN,MEDIUM
5718,2026-01-05 00:40:20,9.59,1,13,23,43.20363,-2.957968,DELIVERED,37,WIND,HIGH
5719,2026-01-11 14:13:44,52.65,6,18,29,43.220188,-2.9215,DELIVERED,21,RAIN,HIGH
5720,2026-01-05 22:41:44,48.54,4,25,15,43.297448,-2.908893,DELIVERED,34,CLEAR,MEDIUM
5721,2026-01-01 13:17:02,112.33,6,35,25,43.266607,-2.908092,DELIVERED,9,RAIN,HIGH
5722,2026-01-14 03:48:31,37.85,3,13,17,43.29041,-2.974992,DELIVERED,27,CLEAR,LOW
5723,2026-01-31 19:18:06,22.55,2,9,20,43.26829,-2.912287,DELIVERED,15,CLEAR,LOW
5724,2026-01-20 22:05:59,8.39,1,22,20,43.203107,-2.922774,DELIVERED,21,CLEAR,MEDIUM
5725,2026-01-14 22:43:43,66.3,5,25,23,43.247806,-2.919615,DELIVERED,11,CLEAR,HIGH
5726,2026-01-06 12:47:54,33.41,3,17,13,43.247073,-2.916163,DELIVERED,26,CLEAR,LOW
5727,2026-01-14 20:13:07,17.22,1,15,19,43.200009,-2.892915,DELIVERED,5,CLEAR,MEDIUM
5728,2026-01-27 04:01:51,66.55,5,13,14,43.214171,-2.918584,DELIVERED,42,CLEAR,LOW
5729,2026-01-28 02:49:01,93.53,5,22,18,43.28189,-2.897703,DELIVERED,36,WIND,LOW
5730,2026-01-13 08:18:53,84.84,6,21,24,43.202254,-2.883608,DELIVERED,13,RAIN,LOW
5731,2026-01-06 22:11:51,13.76,1,24,19,43.273822,-2.925093,DELIVERED,40,CLEAR,HIGH
5732,2026-01-10 12:49:38,108.95,6,32,22,43.243082,-2.937011,DELIVERED,9,CLEAR,MEDIUM
5733,2026-01-04 23:46:17,44.08,3,19,11,43.228125,-2.921921,DELIVERED,13,CLEAR,LOW
5734,2026-01-10 12:20:47,55.62,5,19,18,43.212389,-2.953832,DELIVERED,4,CLEAR,MEDIUM
5735,2026-01-13 23:18:49,75.86,4,31,18,43.245355,-2.926152,DELIVERED,18,CLEAR,LOW
5736,2026-01-09 15:11:01,48.46,5,15,17,43.231955,-2.985608,DELIVERED,30,CLEAR,MEDIUM
5737,2026-01-26 14:18:27,41.73,4,20,19,43.224898,-2.936216,DELIVERED,16,CLEAR,MEDIUM
5738,2026-01-29 15:30:02,52.73,5,14,25,43.20051,-2.935165,DELIVERED,30,RAIN,LOW
5739,2026-01-07 13:13:09,69.98,5,17,26,43.299581,-2.942254,DELIVERED,42,CLEAR,HIGH
5740,2026-01-14 22:53:55,64.8,5,20,28,43.237953,-2.936904,DELIVERED,38,RAIN,HIGH
5741,2026-01-05 14:59:36,54.75,6,20,14,43.242387,-2.892271,DELIVERED,16,CLEAR,MEDIUM
5742,2026-01-24 13:13:36,16.22,1,31,32,43.290631,-2.911254,DELIVERED,32,CLEAR,HIGH
5743,2026-01-22 12:14:22,69.47,5,19,16,43.283324,-2.897863,DELIVERED,11,CLEAR,MEDIUM
5744,2026-01-20 12:35:51,75.97,4,28,18,43.240463,-2.971295,DELIVERED,33,CLEAR,LOW
5745,2026-01-03 21:13:21,74.21,5,26,26,43.224026,-2.926793,DELIVERED,13,CLEAR,HIGH
5746,2026-01-09 15:53:28,31.23,2,21,19,43.220832,-2.989607,CANCELLED,14,CLEAR,LOW
5747,2026-01-30 14:55:19,39.78,4,22,23,43.289502,-2.981562,DELIVERED,7,CLEAR,HIGH
5748,2026-01-11 00:16:09,55.01,4,24,12,43.213196,-2.969181,DELIVERED,48,CLEAR,LOW
5749,2026-01-22 16:11:24,16.11,1,23,15,43.269993,-2.923576,DELIVERED,12,CLEAR,LOW
5750,2026-01-25 22:03:29,70.24,4,27,19,43.236809,-2.952528,DELIVERED,36,CLEAR,HIGH
5751,2026-01-28 13:24:48,82.89,6,21,19,43.229328,-2.887257,DELIVERED,25,CLEAR,HIGH
5752,2026-01-09 14:36:02,86.32,6,28,33,43.227889,-2.986333,DELIVERED,14,RAIN,HIGH
5753,2026-01-03 22:28:09,47.84,3,32,22,43.226736,-2.893115,CANCELLED,12,CLEAR,HIGH
5754,2026-01-26 12:47:35,68.21,5,17,18,43.225879,-2.909352,DELIVERED,8,CLEAR,MEDIUM
5755,2026-01-29 13:52:22,40.13,3,27,20,43.224796,-2.891144,DELIVERED,24,CLEAR,MEDIUM
5756,2026-01-23 15:00:32,58.36,3,24,28,43.273072,-2.974422,DELIVERED,10,RAIN,LOW
5757,2026-01-08 21:51:02,39.87,2,30,25,43.243586,-2.982615,DELIVERED,6,CLEAR,HIGH
5758,2026-01-11 21:12:57,92.0,5,29,21,43.230957,-2.955858,DELIVERED,33,RAIN,MEDIUM
5759,2026-01-30 06:25:24,18.55,2,12,17,43.214247,-2.974993,DELIVERED,30,CLEAR,LOW
5760,2026-01-28 22:19:36,44.4,3,18,25,43.259244,-2.917804,DELIVERED,1,WIND,HIGH
5761,2026-01-02 08:12:16,7.79,1,17,12,43.222047,-2.880104,DELIVERED,16,CLEAR,MEDIUM
5762,2026-01-14 20:53:09,19.42,1,14,20,43.26484,-2.968936,DELIVERED,1,CLEAR,MEDIUM
5763,2026-01-11 13:06:11,28.18,3,19,23,43.222163,-2.927028,DELIVERED,49,WIND,MEDIUM
5764,2026-01-05 14:52:39,29.32,3,23,25,43.226021,-2.956976,DELIVERED,30,CLEAR,HIGH
5765,2026-01-30 15:25:18,106.44,6,24,21,43.289157,-2.886188,CANCELLED,28,CLEAR,MEDIUM
5766,2026-01-21 23:30:51,65.77,5,13,21,43.269025,-2.938259,DELIVERED,40,CLEAR,MEDIUM
5767,2026-01-08 05:35:19,56.45,4,18,21,43.27296,-2.905872,DELIVERED,17,CLEAR,MEDIUM
5768,2026-01-20 15:08:51,70.55,5,16,16,43.202858,-2.925283,DELIVERED,46,WIND,LOW
5769,2026-01-12 22:35:49,21.62,2,25,27,43.21962,-2.893197,DELIVERED,21,RAIN,HIGH
5770,2026-01-21 20:32:31,75.14,6,18,25,43.23659,-2.966405,DELIVERED,5,RAIN,LOW
5771,2026-01-13 22:19:25,45.72,5,17,24,43.244877,-2.880714,DELIVERED,7,CLEAR,HIGH
5772,2026-01-15 20:11:10,44.5,4,12,17,43.247998,-2.904813,DELIVERED,47,CLEAR,LOW
5773,2026-01-05 02:03:19,76.38,6,15,13,43.253871,-2.901754,DELIVERED,11,CLEAR,LOW
5774,2026-01-09 08:24:40,49.06,5,14,16,43.296284,-2.889056,DELIVERED,41,CLEAR,LOW
5775,2026-01-02 03:52:26,62.69,6,15,28,43.263723,-2.885017,DELIVERED,44,RAIN,LOW
5776,2026-01-27 16:19:03,18.24,2,22,14,43.270139,-2.905669,DELIVERED,4,CLEAR,LOW
5777,2026-01-13 13:25:35,25.18,2,23,35,43.232812,-2.946346,DELIVERED,11,RAIN,HIGH
5778,2026-01-30 22:22:18,48.58,5,28,26,43.29953,-2.932072,CANCELLED,47,WIND,HIGH
5779,2026-01-22 10:04:18,88.37,5,23,22,43.233938,-2.988918,DELIVERED,28,CLEAR,HIGH
5780,2026-01-25 14:31:43,72.13,6,28,15,43.279439,-2.960598,CANCELLED,3,CLEAR,MEDIUM
5781,2026-01-10 14:35:38,15.84,1,27,28,43.226632,-2.97231,DELIVERED,12,WIND,HIGH
5782,2026-01-19 13:55:57,22.55,1,43,26,43.220905,-2.95691,DELIVERED,9,WIND,HIGH
5783,2026-01-13 21:11:07,111.87,6,35,22,43.274749,-2.979568,DELIVERED,23,CLEAR,MEDIUM
5784,2026-01-15 14:18:22,82.52,6,23,25,43.259172,-2.908537,CANCELLED,25,CLEAR,HIGH
5785,2026-01-02 22:59:46,44.73,3,20,14,43.257901,-2.888784,DELIVERED,11,CLEAR,MEDIUM
5786,2026-01-05 13:23:53,15.0,1,27,12,43.226934,-2.913789,DELIVERED,48,CLEAR,MEDIUM
5787,2026-01-02 23:45:34,47.78,5,13,20,43.24806,-2.953099,DELIVERED,21,CLEAR,MEDIUM
5788,2026-01-27 12:37:14,50.59,4,18,30,43.272046,-2.988985,DELIVERED,45,RAIN,MEDIUM
5789,2026-01-17 06:39:43,86.02,6,20,22,43.228737,-2.929367,DELIVERED,25,RAIN,LOW
5790,2026-01-29 22:22:04,18.66,2,23,38,43.25025,-2.935942,DELIVERED,20,RAIN,HIGH
5791,2026-01-01 13:58:46,13.01,1,30,23,43.208922,-2.969614,DELIVERED,26,CLEAR,MEDIUM
5792,2026-01-15 21:45:38,42.24,3,30,22,43.267293,-2.928761,DELIVERED,39,CLEAR,HIGH
5793,2026-01-19 23:22:51,76.63,6,17,18,43.239913,-2.915504,DELIVERED,42,RAIN,LOW
5794,2026-01-09 13:45:29,71.77,6,30,28,43.222349,-2.975581,DELIVERED,34,CLEAR,HIGH
5795,2026-01-11 15:13:49,40.67,3,20,24,43.200158,-2.939021,DELIVERED,11,RAIN,LOW
5796,2026-01-28 10:19:17,46.18,4,18,19,43.241364,-2.941066,DELIVERED,34,CLEAR,LOW
5797,2026-01-27 20:15:55,44.87,4,20,19,43.266577,-2.962121,DELIVERED,26,WIND,MEDIUM
5798,2026-01-13 20:50:02,11.35,1,14,28,43.205087,-2.960628,DELIVERED,31,RAIN,LOW
5799,2026-01-18 08:44:14,34.69,3,22,15,43.262228,-2.956689,DELIVERED,34,CLEAR,LOW
5800,2026-01-17 13:01:39,73.12,4,32,17,43.218664,-2.964835,DELIVERED,28,CLEAR,MEDIUM
5801,2026-01-07 23:25:40,59.95,6,16,18,43.234795,-2.932168,DELIVERED,26,CLEAR,HIGH
5802,2026-01-30 13:04:43,78.28,6,24,29,43.246639,-2.938715,CANCELLED,11,RAIN,HIGH
5803,2026-01-11 21:55:27,39.18,3,27,14,43.27679,-2.931239,DELIVERED,17,CLEAR,MEDIUM
5804,2026-01-31 10:17:04,26.41,2,20,26,43.235149,-2.883765,DELIVERED,48,WIND,MEDIUM
5805,2026-01-23 23:28:10,19.15,1,30,20,43.224534,-2.964861,DELIVERED,33,CLEAR,MEDIUM
5806,2026-01-09 23:14:42,39.16,3,18,24,43.276231,-2.984006,DELIVERED,5,RAIN,MEDIUM
5807,2026-01-11 13:16:59,41.47,3,38,28,43.251735,-2.950182,DELIVERED,22,CLEAR,HIGH
5808,2026-01-06 21:11:16,31.1,3,14,24,43.279016,-2.954337,CANCELLED,37,CLEAR,HIGH
5809,2026-01-13 00:51:56,71.24,5,18,25,43.202019,-2.902089,DELIVERED,1,CLEAR,MEDIUM
5810,2026-01-06 12:20:18,15.86,1,14,24,43.28456,-2.904427,DELIVERED,41,CLEAR,MEDIUM
5811,2026-01-09 22:58:53,27.95,3,20,26,43.285543,-2.890921,DELIVERED,16,RAIN,MEDIUM
5812,2026-01-19 20:23:35,76.34,6,16,25,43.203828,-2.883573,DELIVERED,35,CLEAR,MEDIUM
5813,2026-01-21 21:47:52,54.23,5,21,40,43.287865,-2.954537,DELIVERED,47,RAIN,HIGH
5814,2026-01-31 21:50:03,46.21,4,33,27,43.209759,-2.907273,DELIVERED,2,CLEAR,HIGH
5815,2026-01-23 09:59:34,16.08,1,24,11,43.297323,-2.908575,DELIVERED,6,CLEAR,LOW
5816,2026-01-11 08:31:39,17.87,1,20,17,43.28565,-2.917249,DELIVERED,38,CLEAR,MEDIUM
5817,2026-01-20 00:32:41,111.43,6,22,10,43.261832,-2.939006,DELIVERED,36,CLEAR,LOW
5818,2026-01-07 21:13:05,16.09,1,21,20,43.24126,-2.953247,DELIVERED,1,WIND,HIGH
5819,2026-01-29 18:57:39,58.36,5,27,15,43.255294,-2.982772,DELIVERED,22,CLEAR,LOW
5820,2026-01-02 14:57:13,11.16,1,28,17,43.272149,-2.90394,DELIVERED,11,CLEAR,MEDIUM
5821,2026-01-24 18:10:36,43.63,5,10,24,43.209029,-2.97294,DELIVERED,7,RAIN,LOW
5822,2026-01-22 13:08:35,72.09,4,28,30,43.283446,-2.915086,DELIVERED,36,RAIN,HIGH
5823,2026-01-29 22:23:58,15.47,1,26,20,43.201072,-2.942622,DELIVERED,41,CLEAR,MEDIUM
5824,2026-01-25 03:22:09,77.62,6,11,20,43.22864,-2.932545,DELIVERED,8,CLEAR,LOW
5825,2026-01-16 11:44:54,50.57,5,11,22,43.229293,-2.9789,DELIVERED,30,CLEAR,MEDIUM
5826,2026-01-09 18:44:41,11.3,1,14,24,43.276309,-2.95631,DELIVERED,35,CLEAR,MEDIUM
5827,2026-01-09 12:24:57,110.27,6,22,16,43.237929,-2.952516,DELIVERED,6,WIND,LOW
5828,2026-01-17 03:37:45,16.2,1,13,18,43.27932,-2.927877,DELIVERED,42,RAIN,MEDIUM
5829,2026-01-30 22:54:00,18.3,2,17,21,43.244865,-2.961032,DELIVERED,44,RAIN,MEDIUM
5830,2026-01-21 22:23:32,12.68,1,22,23,43.270231,-2.897697,DELIVERED,15,CLEAR,MEDIUM
5831,2026-01-10 06:00:19,47.89,4,19,14,43.228961,-2.971665,DELIVERED,5,CLEAR,LOW
5832,2026-01-01 23:50:16,34.49,2,24,10,43.274166,-2.912744,DELIVERED,36,CLEAR,LOW
5833,2026-01-06 22:10:07,85.66,6,27,25,43.272995,-2.903019,DELIVERED,13,CLEAR,HIGH
5834,2026-01-07 13:44:02,106.49,6,26,35,43.267623,-2.894016,DELIVERED,36,RAIN,HIGH
5835,2026-01-14 07:59:51,15.6,1,18,15,43.230679,-2.885092,DELIVERED,5,CLEAR,LOW
5836,2026-01-13 22:18:59,21.51,2,14,21,43.27953,-2.896148,DELIVERED,44,CLEAR,HIGH
5837,2026-01-25 13:48:33,43.5,4,14,29,43.258075,-2.970942,DELIVERED,30,WIND,HIGH
5838,2026-01-18 15:14:17,58.2,4,22,18,43.20532,-2.895771,DELIVERED,14,CLEAR,LOW
5839,2026-01-28 13:12:18,59.95,3,28,29,43.271812,-2.888346,DELIVERED,28,RAIN,HIGH
5840,2026-01-13 23:21:57,50.01,4,24,24,43.203983,-2.893797,DELIVERED,34,CLEAR,MEDIUM
5841,2026-01-19 16:27:25,108.35,6,22,14,43.208446,-2.95419,DELIVERED,10,CLEAR,LOW
5842,2026-01-21 14:56:38,12.74,1,25,22,43.277102,-2.989606,DELIVERED,31,RAIN,MEDIUM
5843,2026-01-27 22:38:38,70.6,5,31,17,43.218946,-2.909516,DELIVERED,14,CLEAR,MEDIUM
5844,2026-01-15 07:39:07,27.08,2,23,11,43.208585,-2.936938,DELIVERED,2,CLEAR,LOW
5845,2026-01-03 16:59:03,52.74,3,20,24,43.288737,-2.977183,DELIVERED,10,RAIN,MEDIUM
5846,2026-01-31 22:25:41,25.85,2,27,17,43.227526,-2.969991,DELIVERED,34,WIND,MEDIUM
5847,2026-01-01 13:10:23,11.08,1,20,28,43.242525,-2.903786,DELIVERED,40,CLEAR,HIGH
5848,2026-01-28 23:00:27,11.31,1,20,20,43.279161,-2.93336,DELIVERED,5,RAIN,MEDIUM
5849,2026-01-18 23:13:43,70.15,5,18,12,43.246887,-2.955565,DELIVERED,38,CLEAR,LOW
5850,2026-01-06 08:55:56,13.82,1,22,23,43.284079,-2.903519,DELIVERED,48,CLEAR,MEDIUM
5851,2026-01-19 12:53:50,70.4,5,22,21,43.265012,-2.937016,DELIVERED,14,CLEAR,HIGH
5852,2026-01-04 13:03:25,50.79,5,16,22,43.294244,-2.903739,DELIVERED,41,CLEAR,HIGH
5853,2026-01-21 01:03:06,52.41,4,15,15,43.244615,-2.983406,DELIVERED,3,CLEAR,LOW
5854,2026-01-28 22:39:52,64.41,5,25,30,43.265992,-2.971353,DELIVERED,27,CLEAR,HIGH
5855,2026-01-12 20:28:47,30.62,2,13,16,43.280015,-2.962797,DELIVERED,42,CLEAR,LOW
5856,2026-01-18 11:31:50,46.12,4,22,36,43.297731,-2.899053,DELIVERED,24,WIND,HIGH
5857,2026-01-23 05:09:25,27.57,2,19,18,43.224759,-2.927621,DELIVERED,25,CLEAR,MEDIUM
5858,2026-01-25 21:16:51,35.43,2,27,23,43.272718,-2.919883,DELIVERED,10,CLEAR,MEDIUM
5859,2026-01-18 02:18:37,82.38,6,16,15,43.219062,-2.970544,DELIVERED,8,CLEAR,LOW
5860,2026-01-16 20:10:49,86.93,6,21,22,43.254067,-2.975066,DELIVERED,14,WIND,LOW
5861,2026-01-21 14:42:04,49.83,4,23,25,43.250152,-2.97779,DELIVERED,3,RAIN,HIGH
5862,2026-01-29 22:27:05,18.57,1,19,17,43.227212,-2.948094,DELIVERED,1,CLEAR,HIGH
5863,2026-01-27 14:05:50,44.85,5,26,21,43.236395,-2.925084,CANCELLED,21,CLEAR,HIGH
5864,2026-01-10 22:32:19,39.88,4,15,18,43.209716,-2.971903,DELIVERED,49,CLEAR,MEDIUM
5865,2026-01-11 15:12:27,50.95,4,20,22,43.231531,-2.963159,DELIVERED,3,CLEAR,MEDIUM
5866,2026-01-09 23:11:39,15.68,1,18,15,43.271211,-2.948672,DELIVERED,38,CLEAR,MEDIUM
5867,2026-01-19 23:08:56,48.62,5,11,17,43.27528,-2.977426,DELIVERED,16,CLEAR,LOW
5868,2026-01-20 15:39:25,44.31,3,21,19,43.286168,-2.941578,DELIVERED,14,WIND,MEDIUM
5869,2026-01-20 06:59:01,53.63,5,16,22,43.287645,-2.896429,CANCELLED,41,WIND,HIGH
5870,2026-01-20 22:49:28,80.81,6,26,20,43.280655,-2.984729,DELIVERED,46,WIND,HIGH
5871,2026-01-12 15:57:22,44.86,5,8,22,43.263706,-2.896404,DELIVERED,43,CLEAR,MEDIUM
5872,2026-01-11 21:01:50,56.6,4,27,25,43.220665,-2.931415,DELIVERED,32,RAIN,MEDIUM
5873,2026-01-21 14:05:16,24.21,2,27,15,43.250468,-2.93481,DELIVERED,45,CLEAR,MEDIUM
5874,2026-01-22 14:55:18,32.88,2,33,27,43.26967,-2.985761,DELIVERED,12,RAIN,HIGH
5875,2026-01-08 14:28:58,86.46,6,30,37,43.253041,-2.899246,DELIVERED,12,RAIN,HIGH
5876,2026-01-30 21:21:58,33.49,2,34,26,43.26054,-2.905792,DELIVERED,14,WIND,MEDIUM
5877,2026-01-07 03:46:54,21.85,2,16,15,43.280001,-2.965642,CANCELLED,30,WIND,LOW
5878,2026-01-14 23:12:37,17.66,1,17,24,43.286674,-2.892592,DELIVERED,8,RAIN,LOW
5879,2026-01-25 15:53:19,45.0,4,15,22,43.226194,-2.966255,DELIVERED,30,CLEAR,HIGH
5880,2026-01-24 05:36:48,50.27,5,12,19,43.235765,-2.961155,DELIVERED,50,WIND,LOW
5881,2026-01-05 22:20:14,51.68,4,21,25,43.275827,-2.951982,DELIVERED,38,CLEAR,HIGH
5882,2026-01-11 07:25:59,95.74,5,23,13,43.298407,-2.959744,CANCELLED,10,CLEAR,LOW
5883,2026-01-12 22:03:11,14.39,1,32,22,43.2469,-2.894406,DELIVERED,2,CLEAR,HIGH
5884,2026-01-29 22:20:09,59.74,5,26,25,43.281205,-2.908031,DELIVERED,45,WIND,MEDIUM
5885,2026-01-07 14:06:09,40.23,4,21,18,43.297935,-2.880844,DELIVERED,31,CLEAR,MEDIUM
5886,2026-01-18 12:14:02,56.91,4,22,18,43.271429,-2.924643,DELIVERED,13,CLEAR,MEDIUM
5887,2026-01-03 13:29:44,31.0,2,26,13,43.245741,-2.989089,DELIVERED,11,CLEAR,MEDIUM
5888,2026-01-18 22:19:02,52.6,4,23,31,43.278906,-2.886248,DELIVERED,45,CLEAR,HIGH
5889,2026-01-27 05:30:11,31.68,3,17,14,43.273768,-2.979413,DELIVERED,26,CLEAR,LOW
5890,2026-01-13 13:43:03,23.48,2,23,23,43.218777,-2.889685,DELIVERED,31,CLEAR,MEDIUM
5891,2026-01-09 22:38:01,43.86,4,18,21,43.213639,-2.897621,DELIVERED,47,CLEAR,HIGH
5892,2026-01-21 00:00:35,39.66,3,18,16,43.272209,-2.946028,DELIVERED,45,CLEAR,MEDIUM
5893,2026-01-27 14:40:53,55.45,5,17,17,43.290898,-2.984578,DELIVERED,15,CLEAR,MEDIUM
5894,2026-01-26 23:03:20,76.77,6,13,20,43.29763,-2.884869,DELIVERED,8,CLEAR,LOW
5895,2026-01-27 08:18:19,16.19,1,23,32,43.264063,-2.940547,DELIVERED,10,CLEAR,HIGH
5896,2026-01-24 20:57:59,39.49,4,17,13,43.23694,-2.888148,DELIVERED,16,CLEAR,MEDIUM
5897,2026-01-01 12:19:23,56.02,6,7,25,43.262782,-2.897845,DELIVERED,43,CLEAR,HIGH
5898,2026-01-07 23:01:18,65.65,5,19,18,43.237409,-2.89115,DELIVERED,40,CLEAR,MEDIUM
5899,2026-01-22 14:25:48,16.02,1,28,35,43.206771,-2.965511,DELIVERED,38,WIND,HIGH
5900,2026-01-11 01:08:50,35.2,4,18,24,43.271624,-2.880763,DELIVERED,31,WIND,MEDIUM
5901,2026-01-31 13:28:58,49.28,5,25,21,43.245962,-2.958388,DELIVERED,7,CLEAR,MEDIUM
5902,2026-01-10 21:24:24,23.67,1,27,15,43.211571,-2.962502,DELIVERED,36,CLEAR,MEDIUM
5903,2026-01-29 13:19:43,55.55,6,23,29,43.211139,-2.917871,DELIVERED,49,RAIN,HIGH
5904,2026-01-10 13:06:49,88.02,6,33,26,43.276384,-2.971678,DELIVERED,25,CLEAR,HIGH
5905,2026-01-05 14:32:23,30.57,3,20,30,43.202458,-2.924721,DELIVERED,37,RAIN,HIGH
5906,2026-01-04 23:00:10,39.93,2,25,22,43.278438,-2.92935,DELIVERED,33,RAIN,LOW
5907,2026-01-26 20:54:44,89.02,5,29,17,43.278752,-2.898818,DELIVERED,9,WIND,MEDIUM
5908,2026-01-13 13:50:58,77.67,6,36,26,43.296947,-2.889997,DELIVERED,22,CLEAR,HIGH
5909,2026-01-28 18:08:43,14.75,1,19,11,43.251177,-2.948077,DELIVERED,32,CLEAR,LOW
5910,2026-01-15 22:07:00,80.68,6,27,30,43.236022,-2.964062,DELIVERED,39,CLEAR,HIGH
5911,2026-01-03 14:46:50,112.13,6,38,19,43.217969,-2.985306,DELIVERED,18,CLEAR,HIGH
5912,2026-01-18 12:22:43,57.83,4,13,18,43.214609,-2.962861,DELIVERED,42,CLEAR,LOW
5913,2026-01-08 12:33:36,62.46,5,19,17,43.221788,-2.902237,DELIVERED,24,CLEAR,MEDIUM
5914,2026-01-14 22:40:16,72.61,5,26,35,43.2858,-2.988987,CANCELLED,14,RAIN,HIGH
5915,2026-01-01 20:32:33,30.01,3,11,20,43.257806,-2.973378,DELIVERED,44,CLEAR,MEDIUM
5916,2026-01-25 15:24:26,19.28,2,14,25,43.292313,-2.914759,DELIVERED,31,CLEAR,MEDIUM
5917,2026-01-01 14:38:25,23.66,2,27,17,43.221031,-2.969497,DELIVERED,4,CLEAR,MEDIUM
5918,2026-01-03 14:09:57,93.67,5,33,24,43.229369,-2.921453,DELIVERED,23,CLEAR,HIGH
5919,2026-01-28 23:14:51,43.6,3,22,19,43.262946,-2.970706,DELIVERED,13,CLEAR,LOW
5920,2026-01-19 05:47:44,39.67,3,20,25,43.292536,-2.895313,DELIVERED,24,WIND,MEDIUM
5921,2026-01-11 15:22:56,26.05,3,11,19,43.252548,-2.964034,DELIVERED,49,CLEAR,LOW
5922,2026-01-13 14:10:58,10.45,1,19,14,43.239795,-2.97982,DELIVERED,15,CLEAR,MEDIUM
5923,2026-01-23 16:36:24,25.17,2,10,15,43.207485,-2.981867,DELIVERED,44,CLEAR,MEDIUM
5924,2026-01-23 09:30:01,27.92,2,14,25,43.228009,-2.915286,DELIVERED,35,WIND,LOW
5925,2026-01-24 09:18:39,14.09,1,12,18,43.239871,-2.963784,DELIVERED,50,CLEAR,LOW
5926,2026-01-18 06:16:43,23.31,1,34,17,43.231601,-2.902472,DELIVERED,23,CLEAR,MEDIUM
5927,2026-01-27 14:02:28,17.49,1,28,21,43.212542,-2.9739,DELIVERED,38,CLEAR,MEDIUM
5928,2026-01-12 05:05:41,49.34,5,11,22,43.230204,-2.975419,DELIVERED,20,RAIN,LOW
5929,2026-01-11 22:26:05,77.69,4,38,31,43.282433,-2.901731,DELIVERED,18,WIND,HIGH
5930,2026-01-26 05:02:07,16.37,1,15,20,43.240487,-2.895887,DELIVERED,1,CLEAR,LOW
5931,2026-01-11 15:43:40,8.43,1,14,20,43.285089,-2.917564,DELIVERED,20,CLEAR,MEDIUM
5932,2026-01-26 09:12:05,54.9,4,20,17,43.251536,-2.889013,DELIVERED,38,CLEAR,MEDIUM
5933,2026-01-06 03:19:09,106.29,6,21,23,43.233184,-2.936269,DELIVERED,10,RAIN,LOW
5934,2026-01-06 13:38:45,62.28,6,16,16,43.261766,-2.983994,DELIVERED,44,CLEAR,MEDIUM
5935,2026-01-02 04:31:21,18.0,1,24,33,43.203941,-2.884625,DELIVERED,34,WIND,HIGH
5936,2026-01-02 14:52:06,56.18,3,29,19,43.223461,-2.882554,DELIVERED,10,CLEAR,MEDIUM
5937,2026-01-18 13:49:00,40.08,3,26,25,43.288409,-2.985872,DELIVERED,22,RAIN,MEDIUM
5938,2026-01-04 18:23:32,17.8,1,23,12,43.278773,-2.909101,DELIVERED,48,CLEAR,LOW
5939,2026-01-28 13:51:05,63.82,5,22,21,43.208866,-2.981598,DELIVERED,46,CLEAR,HIGH
5940,2026-01-30 07:30:09,34.5,4,7,15,43.20289,-2.916616,DELIVERED,50,WIND,LOW
5941,2026-01-19 21:45:18,87.48,6,26,24,43.282575,-2.944521,DELIVERED,13,CLEAR,HIGH
5942,2026-01-20 12:26:17,7.27,1,13,29,43.257318,-2.905654,DELIVERED,43,RAIN,MEDIUM
5943,2026-01-09 20:16:52,18.87,1,14,18,43.292613,-2.988352,DELIVERED,1,CLEAR,LOW
5944,2026-01-03 00:32:21,8.94,1,18,17,43.258927,-2.893987,DELIVERED,26,CLEAR,LOW
5945,2026-01-24 22:31:18,88.09,5,25,27,43.284043,-2.94934,CANCELLED,10,CLEAR,HIGH
5946,2026-01-07 07:08:01,28.87,2,12,27,43.263372,-2.884769,DELIVERED,27,RAIN,LOW
5947,2026-01-29 09:44:22,27.97,3,7,15,43.269118,-2.881503,DELIVERED,43,CLEAR,LOW
5948,2026-01-24 09:53:09,55.66,6,14,22,43.225534,-2.986014,DELIVERED,49,WIND,LOW
5949,2026-01-03 11:05:37,27.01,2,16,25,43.278056,-2.957576,DELIVERED,45,RAIN,LOW
5950,2026-01-17 21:29:29,53.29,4,23,25,43.252214,-2.923292,DELIVERED,46,CLEAR,HIGH
5951,2026-01-21 14:11:16,11.83,1,24,15,43.228386,-2.900574,DELIVERED,19,CLEAR,MEDIUM
5952,2026-01-28 10:54:10,59.52,6,13,23,43.263896,-2.969917,CANCELLED,49,CLEAR,MEDIUM
5953,2026-01-26 22:32:39,73.83,4,29,23,43.213724,-2.973566,CANCELLED,6,WIND,HIGH
5954,2026-01-17 13:41:42,14.57,1,19,27,43.291306,-2.980912,DELIVERED,35,CLEAR,HIGH
5955,2026-01-18 12:24:43,106.89,6,34,25,43.216003,-2.954715,DELIVERED,23,CLEAR,MEDIUM
5956,2026-01-13 06:28:18,56.35,3,25,21,43.214306,-2.905595,DELIVERED,36,CLEAR,MEDIUM
5957,2026-01-06 23:40:18,84.76,6,26,14,43.283887,-2.910949,DELIVERED,14,CLEAR,LOW
5958,2026-01-30 11:24:36,112.0,6,25,13,43.203381,-2.959534,DELIVERED,6,CLEAR,MEDIUM
5959,2026-01-30 20:19:00,19.13,2,14,12,43.20003,-2.932468,DELIVERED,30,CLEAR,LOW
5960,2026-01-18 13:25:39,82.4,6,35,35,43.268802,-2.916826,DELIVERED,12,WIND,HIGH
5961,2026-01-26 13:23:39,20.64,1,31,12,43.200257,-2.898597,DELIVERED,9,CLEAR,MEDIUM
5962,2026-01-23 03:01:15,47.12,3,24,18,43.268287,-2.924221,DELIVERED,14,CLEAR,LOW
5963,2026-01-10 13:10:36,84.3,6,24,19,43.240238,-2.946172,DELIVERED,48,CLEAR,HIGH
5964,2026-01-07 20:20:56,86.23,6,27,22,43.273169,-2.914623,DELIVERED,12,WIND,MEDIUM
5965,2026-01-23 13:02:10,41.98,4,25,31,43.215706,-2.962381,DELIVERED,4,RAIN,HIGH
5966,2026-01-14 14:48:28,39.75,4,21,26,43.282717,-2.898694,DELIVERED,15,CLEAR,HIGH
5967,2026-01-15 17:00:44,21.77,1,22,19,43.20728,-2.950906,DELIVERED,36,CLEAR,LOW
5968,2026-01-22 21:28:09,35.53,4,27,31,43.268237,-2.981384,DELIVERED,31,CLEAR,HIGH
5969,2026-01-29 00:45:43,9.31,1,9,24,43.249673,-2.886422,DELIVERED,37,WIND,MEDIUM
5970,2026-01-24 04:42:14,34.68,3,19,18,43.279181,-2.88366,DELIVERED,19,CLEAR,MEDIUM
5971,2026-01-10 21:43:14,71.3,6,20,17,43.202155,-2.886776,DELIVERED,35,CLEAR,HIGH
5972,2026-01-08 20:16:37,26.12,2,18,13,43.266982,-2.981123,DELIVERED,48,CLEAR,MEDIUM
5973,2026-01-15 11:29:33,71.48,6,29,22,43.245498,-2.987669,DELIVERED,2,CLEAR,MEDIUM
5974,2026-01-15 21:18:48,87.12,6,28,36,43.233448,-2.949548,DELIVERED,48,RAIN,HIGH
5975,2026-01-23 22:23:12,37.58,3,21,21,43.245232,-2.985524,DELIVERED,8,CLEAR,HIGH
5976,2026-01-28 18:36:12,51.76,4,21,18,43.23228,-2.962713,DELIVERED,5,CLEAR,LOW
5977,2026-01-27 12:34:47,11.78,1,18,19,43.268941,-2.909703,DELIVERED,31,RAIN,LOW
5978,2026-01-02 12:15:56,55.98,3,29,19,43.290802,-2.895471,DELIVERED,33,CLEAR,LOW
5979,2026-01-09 22:21:53,42.18,3,29,19,43.225051,-2.975961,DELIVERED,48,CLEAR,MEDIUM
5980,2026-01-07 11:07:25,108.03,6,21,21,43.242603,-2.969977,DELIVERED,10,CLEAR,HIGH
5981,2026-01-30 21:31:43,19.19,2,19,14,43.250642,-2.90401,DELIVERED,31,CLEAR,MEDIUM
5982,2026-01-30 19:40:52,43.29,3,19,33,43.287128,-2.947737,DELIVERED,46,RAIN,HIGH
5983,2026-01-11 21:10:50,55.15,4,22,24,43.202948,-2.939653,DELIVERED,1,CLEAR,HIGH
5984,2026-01-21 12:47:33,53.64,6,13,12,43.259042,-2.895314,CANCELLED,31,CLEAR,MEDIUM
5985,2026-01-04 23:28:37,16.77,2,10,16,43.232146,-2.958314,DELIVERED,50,CLEAR,LOW
5986,2026-01-31 22:28:26,13.58,1,27,27,43.282856,-2.977392,DELIVERED,14,CLEAR,HIGH
5987,2026-01-31 06:13:04,37.8,4,9,14,43.219175,-2.941718,DELIVERED,50,CLEAR,LOW
5988,2026-01-04 18:59:46,89.23,5,19,19,43.284379,-2.95536,DELIVERED,36,CLEAR,LOW
5989,2026-01-02 22:17:50,25.02,2,29,20,43.244988,-2.935881,DELIVERED,34,CLEAR,HIGH
5990,2026-01-27 10:45:18,16.3,1,22,16,43.20063,-2.898821,DELIVERED,24,CLEAR,LOW
5991,2026-01-04 23:52:37,75.43,6,28,16,43.218775,-2.884952,DELIVERED,22,CLEAR,MEDIUM
5992,2026-01-25 06:52:18,35.87,2,21,17,43.236912,-2.936106,DELIVERED,28,WIND,LOW
5993,2026-01-24 15:08:37,31.94,3,22,14,43.296718,-2.923762,CANCELLED,19,CLEAR,MEDIUM
5994,2026-01-06 15:48:45,7.9,1,8,16,43.283823,-2.968234,DELIVERED,37,CLEAR,LOW
5995,2026-01-02 13:18:45,8.04,1,15,29,43.238576,-2.919125,CANCELLED,30,RAIN,HIGH
5996,2026-01-04 17:04:46,29.72,2,15,26,43.25393,-2.950179,DELIVERED,42,RAIN,LOW
5997,2026-01-07 19:20:50,26.11,3,8,10,43.277644,-2.974419,DELIVERED,50,CLEAR,LOW
5998,2026-01-15 14:04:40,58.99,4,30,23,43.233173,-2.910784,DELIVERED,13,CLEAR,HIGH
5999,2026-01-15 17:08:42,57.8,6,12,13,43.270795,-2.987115,DELIVERED,31,CLEAR,LOW
6000,2026-01-17 21:58:29,77.61,6,25,15,43.273275,-2.986426,DELIVERED,35,CLEAR,MEDIUM
6001,2026-01-25 03:55:16,11.48,1,21,17,43.240069,-2.885488,DELIVERED,5,CLEAR,LOW
6002,2026-01-26 22:42:54,59.88,3,32,24,43.289018,-2.947602,DELIVERED,33,CLEAR,HIGH
6003,2026-01-31 09:47:40,56.84,3,24,19,43.291547,-2.887203,DELIVERED,36,CLEAR,LOW
6004,2026-01-12 15:49:26,34.98,3,14,20,43.242295,-2.897441,DELIVERED,20,CLEAR,MEDIUM
6005,2026-01-23 04:12:41,57.82,3,25,22,43.240522,-2.890134,DELIVERED,33,CLEAR,HIGH
6006,2026-01-14 21:35:29,60.59,4,29,28,43.224608,-2.896351,DELIVERED,14,RAIN,HIGH
6007,2026-01-10 14:46:35,14.1,1,18,29,43.278154,-2.927256,DELIVERED,35,CLEAR,HIGH
6008,2026-01-08 21:19:54,23.62,2,22,24,43.2482,-2.911073,DELIVERED,50,CLEAR,HIGH
6009,2026-01-25 04:16:20,75.72,6,25,14,43.243721,-2.910749,DELIVERED,29,CLEAR,LOW
6010,2026-01-01 02:33:46,23.77,2,9,16,43.294977,-2.942734,CANCELLED,43,CLEAR,MEDIUM
6011,2026-01-04 05:18:03,42.7,4,12,34,43.273689,-2.937869,DELIVERED,30,RAIN,HIGH
6012,2026-01-18 20:23:16,17.86,1,25,22,43.218557,-2.935762,CANCELLED,10,RAIN,MEDIUM
6013,2026-01-12 12:25:21,24.51,2,19,17,43.274459,-2.958895,DELIVERED,34,WIND,LOW
6014,2026-01-30 22:48:19,10.45,1,13,24,43.200198,-2.985389,DELIVERED,43,RAIN,HIGH
6015,2026-01-14 21:43:29,23.76,1,35,22,43.239561,-2.906267,DELIVERED,36,CLEAR,HIGH
6016,2026-01-03 13:20:35,11.77,1,23,29,43.200717,-2.960557,CANCELLED,31,CLEAR,HIGH
6017,2026-01-03 13:54:06,49.19,4,26,28,43.273677,-2.889736,DELIVERED,45,RAIN,HIGH
6018,2026-01-18 20:12:03,43.13,3,20,17,43.266223,-2.910796,DELIVERED,48,CLEAR,LOW
6019,2026-01-28 14:47:56,38.07,4,21,19,43.230281,-2.965138,DELIVERED,30,CLEAR,MEDIUM
6020,2026-01-23 23:30:21,37.28,4,16,24,43.258434,-2.923719,CANCELLED,31,RAIN,MEDIUM
6021,2026-01-15 18:02:42,106.83,6,29,26,43.225672,-2.888869,DELIVERED,18,CLEAR,HIGH
6022,2026-01-13 01:01:28,21.6,1,22,15,43.275262,-2.948352,DELIVERED,10,CLEAR,LOW
6023,2026-01-02 13:11:31,10.46,1,29,25,43.242008,-2.932278,DELIVERED,22,CLEAR,HIGH
6024,2026-01-06 17:01:48,55.98,5,12,20,43.216876,-2.910633,DELIVERED,44,WIND,LOW
6025,2026-01-14 12:54:47,35.8,4,12,18,43.215072,-2.900392,DELIVERED,43,RAIN,MEDIUM
6026,2026-01-02 21:26:53,83.79,6,24,21,43.256565,-2.939665,DELIVERED,11,CLEAR,HIGH
6027,2026-01-28 12:20:18,29.98,2,16,11,43.285402,-2.925691,DELIVERED,3,CLEAR,LOW
6028,2026-01-10 13:34:24,41.17,3,19,25,43.286609,-2.927946,DELIVERED,13,CLEAR,HIGH
6029,2026-01-14 20:56:58,40.46,4,8,16,43.207824,-2.95699,DELIVERED,37,CLEAR,LOW
6030,2026-01-02 20:09:34,25.63,2,13,10,43.283508,-2.929992,DELIVERED,40,CLEAR,LOW
6031,2026-01-21 10:51:28,111.41,6,23,14,43.201449,-2.905979,DELIVERED,6,CLEAR,LOW
6032,2026-01-19 06:55:20,56.22,6,12,17,43.203871,-2.958244,DELIVERED,7,CLEAR,MEDIUM
6033,2026-01-07 20:06:12,38.06,2,29,19,43.297529,-2.912318,DELIVERED,33,CLEAR,LOW
6034,2026-01-08 23:53:55,64.51,5,20,23,43.223345,-2.93913,DELIVERED,34,CLEAR,MEDIUM
6035,2026-01-18 15:22:59,18.02,1,21,12,43.210864,-2.906121,DELIVERED,13,CLEAR,LOW
6036,2026-01-14 20:09:06,55.13,6,14,20,43.226029,-2.885892,DELIVERED,16,CLEAR,MEDIUM
6037,2026-01-17 14:20:18,18.18,1,38,20,43.261667,-2.975155,DELIVERED,9,CLEAR,HIGH
6038,2026-01-05 04:47:10,50.75,4,26,10,43.292412,-2.925687,DELIVERED,29,CLEAR,LOW
6039,2026-01-28 15:13:18,30.35,2,21,30,43.231266,-2.954955,DELIVERED,13,CLEAR,HIGH
6040,2026-01-28 22:33:39,11.62,1,20,29,43.224214,-2.913758,DELIVERED,43,CLEAR,HIGH
6041,2026-01-16 14:45:50,27.59,3,18,23,43.224634,-2.929319,DELIVERED,7,RAIN,MEDIUM
6042,2026-01-31 11:39:58,19.18,2,13,17,43.254435,-2.954428,DELIVERED,44,CLEAR,MEDIUM
6043,2026-01-11 17:01:47,12.98,1,20,20,43.226947,-2.978134,DELIVERED,46,CLEAR,LOW
6044,2026-01-21 23:13:35,59.62,5,19,20,43.214229,-2.9003,DELIVERED,24,RAIN,LOW
6045,2026-01-10 18:08:11,54.4,3,22,19,43.226914,-2.955977,DELIVERED,6,CLEAR,MEDIUM
6046,2026-01-20 21:13:08,94.58,5,28,31,43.274898,-2.940585,DELIVERED,28,RAIN,MEDIUM
6047,2026-01-10 13:58:42,56.34,6,17,31,43.259228,-2.981281,DELIVERED,37,RAIN,HIGH
6048,2026-01-31 22:50:03,47.82,3,26,19,43.221645,-2.90356,DELIVERED,48,CLEAR,MEDIUM
6049,2026-01-23 21:02:13,39.79,2,29,20,43.263435,-2.893379,DELIVERED,36,CLEAR,HIGH
6050,2026-01-15 13:00:04,40.73,4,17,26,43.276299,-2.909357,DELIVERED,50,CLEAR,HIGH
6051,2026-01-05 10:23:45,38.74,2,34,13,43.294869,-2.904702,DELIVERED,23,CLEAR,LOW
6052,2026-01-16 07:17:49,31.2,2,29,24,43.227452,-2.982248,DELIVERED,12,CLEAR,HIGH
6053,2026-01-17 02:03:19,29.75,3,12,23,43.230071,-2.903827,DELIVERED,20,RAIN,MEDIUM
6054,2026-01-04 22:04:42,43.79,3,29,19,43.238609,-2.927654,CANCELLED,39,CLEAR,HIGH
6055,2026-01-21 13:29:24,25.21,2,26,24,43.275075,-2.933705,DELIVERED,24,CLEAR,HIGH
6056,2026-01-24 05:02:51,57.81,4,27,16,43.282008,-2.95341,DELIVERED,12,WIND,LOW
6057,2026-01-21 21:30:52,62.81,5,20,27,43.247014,-2.98948,CANCELLED,3,CLEAR,HIGH
6058,2026-01-30 21:03:50,75.47,4,24,20,43.263538,-2.952399,DELIVERED,28,WIND,HIGH
6059,2026-01-09 21:02:25,52.3,5,22,32,43.243784,-2.932576,DELIVERED,15,CLEAR,HIGH
6060,2026-01-06 22:54:47,68.05,5,21,21,43.248457,-2.957322,DELIVERED,8,WIND,HIGH
6061,2026-01-25 07:17:29,9.75,1,14,13,43.206821,-2.946219,DELIVERED,47,WIND,LOW
6062,2026-01-01 15:48:06,86.13,6,18,15,43.225815,-2.926557,DELIVERED,48,CLEAR,MEDIUM
6063,2026-01-03 23:01:36,37.06,2,33,18,43.296703,-2.979363,DELIVERED,9,CLEAR,LOW
6064,2026-01-27 15:22:46,47.69,3,18,16,43.252218,-2.973719,DELIVERED,1,RAIN,LOW
6065,2026-01-24 15:50:05,37.37,2,21,14,43.227359,-2.912622,DELIVERED,10,CLEAR,LOW
6066,2026-01-13 04:21:18,28.57,2,22,23,43.271238,-2.909693,DELIVERED,48,RAIN,LOW
6067,2026-01-31 13:41:25,12.26,1,30,27,43.229618,-2.977139,DELIVERED,19,RAIN,MEDIUM
6068,2026-01-08 20:38:44,42.3,3,16,19,43.240993,-2.973808,DELIVERED,38,CLEAR,HIGH
6069,2026-01-18 21:40:32,83.78,6,23,24,43.264841,-2.895479,DELIVERED,13,CLEAR,HIGH
6070,2026-01-14 22:01:56,52.37,6,18,29,43.250817,-2.937482,DELIVERED,7,RAIN,HIGH
6071,2026-01-16 09:20:10,41.32,2,29,26,43.271989,-2.947062,DELIVERED,9,RAIN,LOW
6072,2026-01-30 13:11:23,11.73,1,25,15,43.240082,-2.907913,DELIVERED,38,CLEAR,MEDIUM
6073,2026-01-19 14:54:21,75.5,5,34,25,43.291587,-2.966425,DELIVERED,12,CLEAR,HIGH
6074,2026-01-26 20:19:46,18.97,1,23,15,43.208811,-2.91095,DELIVERED,48,CLEAR,LOW
6075,2026-01-07 09:54:21,54.62,3,23,24,43.213715,-2.894347,DELIVERED,6,WIND,MEDIUM
6076,2026-01-29 20:00:54,75.94,6,18,30,43.23742,-2.936543,CANCELLED,45,CLEAR,HIGH
6077,2026-01-13 00:51:53,15.65,1,16,26,43.211675,-2.959395,DELIVERED,41,RAIN,MEDIUM
6078,2026-01-24 21:53:00,61.79,5,26,15,43.202081,-2.897723,DELIVERED,5,CLEAR,MEDIUM
6079,2026-01-06 15:35:17,38.73,4,8,16,43.297892,-2.900975,DELIVERED,50,WIND,LOW
6080,2026-01-03 15:25:43,48.82,4,14,23,43.209481,-2.966959,DELIVERED,3,CLEAR,HIGH
6081,2026-01-27 22:19:42,74.5,4,31,18,43.244565,-2.910138,DELIVERED,10,CLEAR,MEDIUM
6082,2026-01-13 13:51:27,17.97,1,18,23,43.273848,-2.963812,DELIVERED,27,CLEAR,HIGH
6083,2026-01-30 23:44:42,52.77,6,13,17,43.231957,-2.97208,DELIVERED,49,RAIN,LOW
6084,2026-01-16 22:17:02,69.25,5,26,24,43.20695,-2.889406,CANCELLED,13,CLEAR,HIGH
6085,2026-01-22 08:47:17,75.41,5,18,27,43.224969,-2.930835,DELIVERED,48,RAIN,HIGH
6086,2026-01-30 15:23:41,74.01,6,22,16,43.295952,-2.895,DELIVERED,24,RAIN,LOW
6087,2026-01-03 23:48:39,7.31,1,12,19,43.233779,-2.936169,DELIVERED,37,RAIN,LOW
6088,2026-01-15 21:31:14,31.93,3,25,22,43.298767,-2.974451,CANCELLED,41,CLEAR,HIGH
6089,2026-01-15 14:21:47,72.58,4,28,17,43.271346,-2.932239,DELIVERED,6,CLEAR,HIGH
6090,2026-01-01 12:23:03,34.39,3,13,26,43.211152,-2.961242,DELIVERED,15,RAIN,MEDIUM
6091,2026-01-02 21:23:15,38.68,3,33,30,43.291296,-2.938605,DELIVERED,22,RAIN,HIGH
6092,2026-01-11 06:42:12,59.99,6,16,27,43.225422,-2.969194,CANCELLED,21,RAIN,LOW
6093,2026-01-29 12:35:50,35.14,3,18,19,43.279294,-2.920543,DELIVERED,45,CLEAR,LOW
6094,2026-01-22 21:38:39,43.42,4,29,22,43.26545,-2.959196,DELIVERED,26,WIND,MEDIUM
6095,2026-01-27 19:52:33,65.58,5,18,15,43.294922,-2.960771,DELIVERED,38,CLEAR,LOW
6096,2026-01-10 21:15:24,63.35,6,20,14,43.293467,-2.94449,DELIVERED,44,CLEAR,MEDIUM
6097,2026-01-31 13:41:58,32.38,3,15,21,43.283618,-2.964947,DELIVERED,43,CLEAR,MEDIUM
6098,2026-01-26 15:19:14,23.02,2,17,11,43.200943,-2.972765,DELIVERED,26,CLEAR,LOW
6099,2026-01-24 19:59:58,21.56,2,12,26,43.206948,-2.966947,DELIVERED,20,RAIN,LOW
6100,2026-01-25 13:00:51,16.76,1,36,21,43.285017,-2.961931,DELIVERED,18,CLEAR,MEDIUM
6101,2026-01-28 09:32:25,52.48,5,22,20,43.25276,-2.882158,DELIVERED,19,CLEAR,LOW
6102,2026-01-21 15:27:02,33.97,2,17,20,43.225706,-2.890151,DELIVERED,13,CLEAR,LOW
6103,2026-01-23 21:37:27,90.83,5,27,21,43.294469,-2.951121,DELIVERED,10,CLEAR,MEDIUM
6104,2026-01-01 14:07:46,60.63,4,27,15,43.233546,-2.894507,DELIVERED,13,CLEAR,MEDIUM
6105,2026-01-07 22:29:48,12.33,1,33,33,43.266993,-2.927666,DELIVERED,25,RAIN,HIGH
6106,2026-01-09 19:01:28,58.78,4,19,22,43.206102,-2.970843,DELIVERED,13,CLEAR,MEDIUM
6107,2026-01-14 21:12:48,92.98,5,33,20,43.25804,-2.927094,DELIVERED,9,CLEAR,HIGH
6108,2026-01-17 15:05:32,51.49,5,10,10,43.250134,-2.986794,DELIVERED,44,CLEAR,LOW
6109,2026-01-29 10:17:58,32.25,2,19,19,43.265711,-2.957154,DELIVERED,32,WIND,MEDIUM
6110,2026-01-30 15:19:07,14.32,1,24,14,43.249661,-2.902161,DELIVERED,22,CLEAR,LOW
6111,2026-01-27 22:24:44,9.25,1,24,29,43.243613,-2.914041,CANCELLED,20,CLEAR,HIGH
6112,2026-01-02 13:40:03,59.68,3,41,25,43.210897,-2.893143,DELIVERED,23,RAIN,MEDIUM
6113,2026-01-24 14:31:01,46.22,3,25,17,43.279333,-2.947657,DELIVERED,1,CLEAR,MEDIUM
6114,2026-01-07 10:53:16,57.42,6,11,11,43.270026,-2.922697,DELIVERED,43,CLEAR,LOW
6115,2026-01-02 13:15:42,113.41,6,35,22,43.249509,-2.936048,DELIVERED,18,CLEAR,MEDIUM
6116,2026-01-23 12:49:58,44.8,5,11,19,43.28331,-2.917386,DELIVERED,37,CLEAR,HIGH
6117,2026-01-31 01:15:25,53.01,3,29,15,43.215329,-2.911556,DELIVERED,9,CLEAR,LOW
6118,2026-01-22 20:02:21,38.93,3,23,25,43.224062,-2.900863,CANCELLED,29,CLEAR,MEDIUM
6119,2026-01-07 22:05:49,54.06,3,42,30,43.253758,-2.968057,DELIVERED,18,CLEAR,HIGH
6120,2026-01-17 14:39:29,76.62,6,27,25,43.246061,-2.924594,DELIVERED,2,RAIN,HIGH
6121,2026-01-19 04:14:56,15.06,1,12,11,43.219484,-2.883828,CANCELLED,20,CLEAR,LOW
6122,2026-01-03 23:37:26,59.35,6,17,26,43.249374,-2.880372,DELIVERED,26,RAIN,MEDIUM
6123,2026-01-08 08:24:30,35.55,3,29,19,43.286228,-2.903866,DELIVERED,2,CLEAR,LOW
6124,2026-01-27 00:47:03,50.02,5,13,20,43.246301,-2.964558,DELIVERED,41,CLEAR,LOW
6125,2026-01-31 01:20:58,39.73,4,20,13,43.26877,-2.922048,DELIVERED,4,CLEAR,LOW
6126,2026-01-20 23:19:51,21.55,2,21,21,43.2622,-2.926107,DELIVERED,4,CLEAR,MEDIUM
6127,2026-01-18 09:40:00,41.4,3,22,16,43.273566,-2.888437,DELIVERED,34,CLEAR,LOW
6128,2026-01-22 20:56:31,15.47,1,23,20,43.261557,-2.943992,DELIVERED,12,RAIN,LOW
6129,2026-01-21 13:10:45,49.49,4,29,20,43.296079,-2.918934,DELIVERED,34,CLEAR,MEDIUM
6130,2026-01-13 20:29:42,40.86,4,16,16,43.217213,-2.921674,DELIVERED,31,CLEAR,LOW
6131,2026-01-19 15:31:04,14.44,1,20,15,43.234871,-2.951196,DELIVERED,48,CLEAR,LOW
6132,2026-01-22 20:08:39,90.02,5,20,15,43.282305,-2.971021,DELIVERED,36,CLEAR,LOW
6133,2026-01-11 13:26:03,89.14,5,29,24,43.297336,-2.909313,DELIVERED,6,CLEAR,HIGH
6134,2026-01-07 01:51:35,70.93,6,14,19,43.221466,-2.929793,DELIVERED,35,RAIN,MEDIUM
6135,2026-01-23 10:56:36,38.53,3,20,17,43.215978,-2.989882,DELIVERED,45,CLEAR,MEDIUM
6136,2026-01-17 03:18:51,32.24,2,23,17,43.266225,-2.915107,DELIVERED,14,CLEAR,LOW
6137,2026-01-07 12:20:51,47.14,5,7,14,43.287564,-2.900762,DELIVERED,43,CLEAR,LOW
6138,2026-01-11 13:12:02,109.15,6,27,25,43.28499,-2.905208,DELIVERED,10,CLEAR,HIGH
6139,2026-01-19 09:14:55,15.88,1,19,27,43.217584,-2.892527,DELIVERED,19,RAIN,MEDIUM
6140,2026-01-31 13:08:09,65.84,6,16,20,43.289698,-2.915106,DELIVERED,44,CLEAR,HIGH
6141,2026-01-31 20:10:56,75.58,6,26,18,43.24091,-2.985668,DELIVERED,2,CLEAR,LOW
6142,2026-01-28 15:24:25,44.47,3,22,11,43.270966,-2.915337,DELIVERED,39,CLEAR,LOW
6143,2026-01-09 19:15:51,63.6,5,18,27,43.212497,-2.952188,DELIVERED,45,RAIN,LOW
6144,2026-01-13 17:30:03,40.11,3,25,17,43.264015,-2.898019,DELIVERED,29,RAIN,LOW
6145,2026-01-14 11:28:19,12.33,1,13,23,43.202233,-2.978925,DELIVERED,49,RAIN,LOW
6146,2026-01-17 20:03:10,40.14,4,14,19,43.255439,-2.913162,DELIVERED,7,CLEAR,HIGH
6147,2026-01-13 07:51:20,91.31,5,27,16,43.237964,-2.952338,DELIVERED,28,CLEAR,MEDIUM
6148,2026-01-01 14:00:09,24.72,2,21,25,43.281565,-2.986075,DELIVERED,11,CLEAR,HIGH
6149,2026-01-16 22:48:34,37.88,2,30,27,43.290989,-2.887034,DELIVERED,33,CLEAR,HIGH
6150,2026-01-29 20:59:23,51.06,5,11,15,43.291469,-2.940735,DELIVERED,20,RAIN,LOW
6151,2026-01-24 13:19:27,13.61,1,16,25,43.251064,-2.931197,DELIVERED,15,RAIN,MEDIUM
6152,2026-01-04 04:48:35,70.99,6,19,16,43.296747,-2.937153,DELIVERED,34,CLEAR,LOW
6153,2026-01-05 13:10:04,25.19,2,22,23,43.261207,-2.902984,DELIVERED,40,CLEAR,HIGH
6154,2026-01-11 00:52:33,72.76,6,21,19,43.284075,-2.988239,DELIVERED,29,WIND,LOW
6155,2026-01-07 20:28:25,76.52,6,19,22,43.264251,-2.982683,DELIVERED,40,RAIN,LOW
6156,2026-01-04 02:16:29,11.97,1,17,16,43.286434,-2.976434,CANCELLED,38,CLEAR,HIGH
6157,2026-01-16 23:17:31,75.7,6,23,14,43.25313,-2.929639,CANCELLED,34,CLEAR,MEDIUM
6158,2026-01-18 09:07:49,70.37,6,17,25,43.222021,-2.925019,DELIVERED,24,CLEAR,MEDIUM
6159,2026-01-20 15:57:15,53.77,4,23,26,43.202904,-2.89564,DELIVERED,34,WIND,MEDIUM
6160,2026-01-31 20:49:41,32.22,2,18,22,43.207146,-2.941362,DELIVERED,48,CLEAR,MEDIUM
6161,2026-01-12 14:22:23,29.9,2,28,12,43.243846,-2.888553,DELIVERED,11,CLEAR,MEDIUM
6162,2026-01-29 15:13:34,44.52,4,9,21,43.26754,-2.928334,DELIVERED,15,RAIN,LOW
6163,2026-01-02 21:42:35,70.87,5,31,24,43.212552,-2.911518,DELIVERED,12,WIND,HIGH
6164,2026-01-26 13:34:49,113.35,6,27,18,43.275066,-2.956968,DELIVERED,36,CLEAR,HIGH
6165,2026-01-28 15:28:51,31.59,3,14,23,43.205451,-2.883675,DELIVERED,31,WIND,MEDIUM
6166,2026-01-20 20:32:22,75.16,6,14,23,43.244002,-2.894776,DELIVERED,40,RAIN,MEDIUM
6167,2026-01-09 14:02:26,23.05,1,42,25,43.271143,-2.986792,CANCELLED,9,CLEAR,HIGH
6168,2026-01-04 09:08:16,66.77,5,18,27,43.201298,-2.903107,DELIVERED,42,CLEAR,HIGH
6169,2026-01-23 20:57:56,59.21,5,23,12,43.200713,-2.961132,DELIVERED,34,CLEAR,LOW
6170,2026-01-31 01:03:42,109.58,6,26,13,43.273641,-2.943125,DELIVERED,33,CLEAR,LOW
6171,2026-01-26 04:40:13,10.18,1,16,15,43.236225,-2.916,CANCELLED,26,CLEAR,MEDIUM
6172,2026-01-23 20:25:11,16.85,2,12,20,43.21023,-2.900153,DELIVERED,50,RAIN,MEDIUM
6173,2026-01-11 20:07:14,18.79,1,19,19,43.214377,-2.944715,DELIVERED,25,CLEAR,LOW
6174,2026-01-07 22:28:23,34.3,4,21,33,43.210245,-2.911727,CANCELLED,16,RAIN,HIGH
6175,2026-01-24 22:56:52,34.4,3,20,14,43.289792,-2.883824,DELIVERED,30,CLEAR,MEDIUM
6176,2026-01-01 15:08:33,15.09,1,23,13,43.293965,-2.911466,DELIVERED,25,CLEAR,MEDIUM
6177,2026-01-10 13:00:58,59.56,6,23,26,43.26269,-2.988221,DELIVERED,47,RAIN,MEDIUM
6178,2026-01-09 16:19:21,17.46,1,22,21,43.277997,-2.914564,DELIVERED,28,CLEAR,MEDIUM
6179,2026-01-16 02:41:54,70.26,4,25,16,43.20759,-2.978807,DELIVERED,6,CLEAR,LOW
6180,2026-01-20 23:44:11,44.96,5,14,16,43.281148,-2.949209,DELIVERED,21,CLEAR,MEDIUM
6181,2026-01-15 20:29:07,16.25,2,15,15,43.27614,-2.911754,DELIVERED,31,CLEAR,MEDIUM
6182,2026-01-01 16:53:46,45.97,4,12,19,43.260904,-2.925095,DELIVERED,41,CLEAR,MEDIUM
6183,2026-01-03 14:31:58,27.73,2,24,21,43.211632,-2.905501,DELIVERED,27,CLEAR,HIGH
6184,2026-01-29 13:46:20,63.11,6,29,28,43.219392,-2.962922,DELIVERED,26,RAIN,MEDIUM
6185,2026-01-18 14:14:02,15.01,1,24,19,43.229397,-2.957751,DELIVERED,20,RAIN,MEDIUM
6186,2026-01-15 00:08:45,23.8,2,12,25,43.281068,-2.918127,DELIVERED,47,WIND,MEDIUM
6187,2026-01-06 14:16:12,46.87,4,28,22,43.294802,-2.961452,DELIVERED,2,CLEAR,HIGH
6188,2026-01-08 12:40:26,47.81,4,29,23,43.275928,-2.950708,CANCELLED,22,RAIN,LOW
6189,2026-01-10 13:33:09,51.56,4,27,27,43.240278,-2.916246,DELIVERED,29,RAIN,MEDIUM
6190,2026-01-15 21:11:06,46.63,5,18,23,43.288866,-2.980133,DELIVERED,49,CLEAR,HIGH
6191,2026-01-18 14:57:27,49.96,4,26,28,43.294099,-2.92927,DELIVERED,3,CLEAR,HIGH
6192,2026-01-23 16:32:04,53.53,5,13,12,43.293357,-2.907831,DELIVERED,15,CLEAR,LOW
6193,2026-01-18 14:50:23,40.39,4,18,21,43.254211,-2.940854,DELIVERED,41,CLEAR,HIGH
6194,2026-01-08 21:54:03,49.74,5,24,33,43.229428,-2.965426,DELIVERED,21,RAIN,HIGH
6195,2026-01-02 21:48:01,39.7,3,28,25,43.202402,-2.922636,DELIVERED,29,RAIN,HIGH
6196,2026-01-24 14:03:01,19.23,1,30,20,43.229437,-2.985355,DELIVERED,33,CLEAR,HIGH
6197,2026-01-23 01:55:17,13.2,1,19,17,43.260492,-2.924622,DELIVERED,1,CLEAR,LOW
6198,2026-01-08 12:48:01,30.46,3,14,18,43.251072,-2.947549,DELIVERED,49,CLEAR,LOW
6199,2026-01-05 21:20:01,45.27,4,20,21,43.216104,-2.96741,DELIVERED,20,CLEAR,HIGH
6200,2026-01-15 15:43:26,47.79,5,15,30,43.21973,-2.958155,DELIVERED,16,RAIN,MEDIUM
6201,2026-01-22 13:23:52,59.84,5,27,30,43.297149,-2.891701,DELIVERED,24,RAIN,MEDIUM
6202,2026-01-16 16:43:52,30.71,3,21,10,43.284955,-2.936535,DELIVERED,19,CLEAR,LOW
6203,2026-01-08 14:46:31,52.53,5,22,30,43.226555,-2.890061,DELIVERED,4,RAIN,HIGH
6204,2026-01-29 14:54:00,60.56,4,32,30,43.22725,-2.897534,CANCELLED,14,RAIN,HIGH
6205,2026-01-23 14:57:56,53.76,4,27,21,43.289944,-2.935284,DELIVERED,11,CLEAR,HIGH
6206,2026-01-15 22:27:08,83.78,6,28,19,43.272717,-2.964409,DELIVERED,14,CLEAR,MEDIUM
6207,2026-01-17 19:00:43,17.07,1,20,24,43.243187,-2.921695,DELIVERED,29,CLEAR,MEDIUM
6208,2026-01-17 22:24:45,18.29,1,32,22,43.221518,-2.962199,DELIVERED,12,CLEAR,MEDIUM
6209,2026-01-19 14:21:26,43.11,3,27,22,43.213875,-2.921849,DELIVERED,25,CLEAR,HIGH
6210,2026-01-11 22:40:57,51.82,5,22,23,43.230817,-2.880873,DELIVERED,41,CLEAR,MEDIUM
6211,2026-01-28 22:42:12,29.05,2,35,19,43.217215,-2.933019,DELIVERED,2,RAIN,MEDIUM
6212,2026-01-01 15:20:47,23.81,2,10,27,43.237736,-2.937915,DELIVERED,37,WIND,HIGH
6213,2026-01-17 22:39:45,43.69,5,17,27,43.292584,-2.881135,DELIVERED,50,WIND,HIGH
6214,2026-01-30 22:53:29,35.22,2,23,27,43.254586,-2.977382,DELIVERED,6,CLEAR,HIGH
6215,2026-01-25 13:42:03,27.73,2,26,21,43.288648,-2.945084,DELIVERED,14,CLEAR,HIGH
6216,2026-01-22 03:14:45,30.55,3,21,19,43.264912,-2.941387,DELIVERED,19,CLEAR,LOW
6217,2026-01-07 22:00:24,23.33,2,24,17,43.204023,-2.943157,DELIVERED,5,CLEAR,MEDIUM
6218,2026-01-27 12:10:33,40.29,3,20,17,43.235747,-2.922611,DELIVERED,25,CLEAR,MEDIUM
6219,2026-01-22 15:49:41,60.73,4,29,11,43.271733,-2.902568,DELIVERED,12,CLEAR,LOW
6220,2026-01-13 23:24:49,15.5,1,21,20,43.202338,-2.956115,DELIVERED,25,CLEAR,LOW
6221,2026-01-20 14:49:25,12.29,1,30,32,43.282033,-2.901174,CANCELLED,12,RAIN,HIGH
6222,2026-01-10 20:47:00,62.6,6,22,23,43.261912,-2.910433,DELIVERED,19,RAIN,LOW
6223,2026-01-19 12:10:14,64.81,6,13,39,43.289738,-2.894204,DELIVERED,44,RAIN,HIGH
6224,2026-01-06 23:19:49,25.41,3,8,14,43.277839,-2.98213,CANCELLED,37,CLEAR,LOW
6225,2026-01-09 00:20:04,23.36,2,17,23,43.236274,-2.936785,DELIVERED,4,RAIN,MEDIUM
6226,2026-01-11 02:49:10,65.53,6,13,16,43.261253,-2.966135,DELIVERED,30,CLEAR,LOW
6227,2026-01-13 06:10:46,64.64,5,16,16,43.207874,-2.882133,DELIVERED,27,CLEAR,MEDIUM
6228,2026-01-27 21:35:46,16.24,1,29,34,43.217093,-2.981592,DELIVERED,10,RAIN,HIGH
6229,2026-01-15 16:53:23,58.17,5,18,18,43.228228,-2.960769,DELIVERED,45,CLEAR,MEDIUM
6230,2026-01-20 08:17:24,38.17,4,15,21,43.253261,-2.955658,DELIVERED,47,CLEAR,MEDIUM
6231,2026-01-01 12:42:04,47.34,4,19,21,43.206969,-2.97963,DELIVERED,40,RAIN,LOW
6232,2026-01-07 22:48:00,49.61,4,20,26,43.24901,-2.955511,DELIVERED,40,RAIN,MEDIUM
6233,2026-01-09 20:30:53,64.55,5,20,19,43.229389,-2.881628,DELIVERED,38,CLEAR,MEDIUM
6234,2026-01-08 22:55:17,13.6,1,22,24,43.220248,-2.9581,DELIVERED,11,RAIN,MEDIUM
6235,2026-01-12 11:02:50,36.51,2,23,15,43.283381,-2.977159,DELIVERED,10,CLEAR,MEDIUM
6236,2026-01-06 13:10:30,18.97,1,26,17,43.278947,-2.902569,DELIVERED,48,CLEAR,HIGH
6237,2026-01-12 17:53:03,25.65,2,13,20,43.23151,-2.896175,DELIVERED,44,CLEAR,LOW
6238,2026-01-01 20:59:36,11.43,1,14,25,43.250628,-2.940871,DELIVERED,47,RAIN,MEDIUM
6239,2026-01-19 23:20:02,18.1,2,16,12,43.242903,-2.895187,CANCELLED,4,CLEAR,MEDIUM
6240,2026-01-17 14:39:05,28.85,2,26,22,43.233228,-2.880947,CANCELLED,13,CLEAR,HIGH
6241,2026-01-09 16:03:20,38.21,4,13,17,43.261478,-2.902457,DELIVERED,15,CLEAR,MEDIUM
6242,2026-01-17 19:33:31,76.07,6,22,23,43.271046,-2.966072,DELIVERED,38,CLEAR,HIGH
6243,2026-01-19 23:22:27,88.99,5,22,17,43.209927,-2.898704,DELIVERED,10,CLEAR,MEDIUM
6244,2026-01-11 05:47:45,14.65,1,22,30,43.291545,-2.945999,DELIVERED,38,RAIN,HIGH
6245,2026-01-09 17:00:12,78.84,6,18,23,43.243976,-2.962819,DELIVERED,38,WIND,LOW
6246,2026-01-24 19:20:07,65.97,5,21,23,43.266235,-2.975225,DELIVERED,11,WIND,MEDIUM
6247,2026-01-27 18:44:28,12.11,1,15,23,43.238829,-2.97102,DELIVERED,44,CLEAR,MEDIUM
6248,2026-01-23 13:25:35,11.55,1,24,16,43.282049,-2.901181,DELIVERED,40,CLEAR,MEDIUM
6249,2026-01-12 08:12:55,38.68,3,19,15,43.214835,-2.977775,DELIVERED,3,CLEAR,LOW
6250,2026-01-18 12:05:51,77.47,6,10,21,43.201586,-2.986168,DELIVERED,27,RAIN,MEDIUM
6251,2026-01-07 17:50:22,41.07,2,21,14,43.224939,-2.881332,DELIVERED,6,CLEAR,MEDIUM
6252,2026-01-26 19:11:34,40.41,2,23,15,43.239081,-2.965372,DELIVERED,10,CLEAR,LOW
6253,2026-01-12 12:58:24,61.11,5,21,19,43.287079,-2.913255,DELIVERED,34,CLEAR,HIGH
6254,2026-01-13 05:44:23,14.08,1,26,19,43.247158,-2.968688,DELIVERED,29,CLEAR,HIGH
6255,2026-01-24 12:15:50,43.24,3,14,10,43.272985,-2.943995,DELIVERED,1,CLEAR,LOW
6256,2026-01-24 00:38:20,109.24,6,29,26,43.24804,-2.953274,DELIVERED,23,RAIN,MEDIUM
6257,2026-01-28 22:58:20,55.28,3,30,27,43.242598,-2.966983,DELIVERED,6,CLEAR,HIGH
6258,2026-01-14 20:07:56,89.76,6,22,15,43.250799,-2.986033,DELIVERED,25,CLEAR,LOW
6259,2026-01-24 18:58:23,12.39,1,21,13,43.237166,-2.898426,DELIVERED,26,CLEAR,LOW
6260,2026-01-02 20:34:37,92.77,5,23,18,43.206167,-2.972304,DELIVERED,6,CLEAR,LOW
6261,2026-01-15 01:17:35,26.96,3,12,18,43.269526,-2.885512,DELIVERED,31,CLEAR,LOW
6262,2026-01-04 15:24:39,33.11,2,19,16,43.265096,-2.880137,DELIVERED,32,CLEAR,MEDIUM
6263,2026-01-28 12:32:32,88.02,6,19,19,43.290493,-2.938672,DELIVERED,32,CLEAR,MEDIUM
6264,2026-01-23 22:07:49,80.27,6,24,25,43.26112,-2.916299,DELIVERED,27,RAIN,MEDIUM
6265,2026-01-11 05:16:33,12.13,1,19,20,43.272146,-2.973689,DELIVERED,3,RAIN,LOW
6266,2026-01-02 15:35:47,15.05,1,12,18,43.213211,-2.884471,DELIVERED,27,CLEAR,MEDIUM
6267,2026-01-15 21:01:30,58.79,6,23,21,43.263708,-2.922739,DELIVERED,15,CLEAR,MEDIUM
6268,2026-01-04 08:02:49,53.15,4,14,18,43.29032,-2.903964,DELIVERED,27,CLEAR,LOW
6269,2026-01-10 13:31:55,21.65,1,26,14,43.258394,-2.891636,DELIVERED,36,CLEAR,MEDIUM
6270,2026-01-24 23:25:10,47.82,4,15,12,43.214747,-2.973063,DELIVERED,45,CLEAR,LOW
6271,2026-01-30 15:08:11,23.73,2,23,11,43.299495,-2.942771,DELIVERED,29,CLEAR,LOW
6272,2026-01-17 13:29:12,44.22,3,25,31,43.20164,-2.91444,DELIVERED,11,RAIN,HIGH
6273,2026-01-26 16:52:11,50.89,5,17,23,43.235596,-2.904839,DELIVERED,4,CLEAR,MEDIUM
6274,2026-01-26 13:38:10,113.92,6,28,39,43.280183,-2.924109,DELIVERED,6,RAIN,HIGH
6275,2026-01-22 12:28:36,10.44,1,22,14,43.211601,-2.88171,DELIVERED,26,RAIN,LOW
6276,2026-01-20 21:32:57,27.7,2,27,25,43.240552,-2.892692,CANCELLED,38,CLEAR,HIGH
6277,2026-01-15 20:47:49,34.88,3,24,18,43.235559,-2.977973,DELIVERED,34,RAIN,MEDIUM
6278,2026-01-24 21:48:00,44.1,3,20,28,43.274704,-2.906841,DELIVERED,38,CLEAR,HIGH
6279,2026-01-22 14:06:57,19.26,2,23,29,43.294815,-2.914735,CANCELLED,19,RAIN,MEDIUM
6280,2026-01-10 18:14:41,94.25,5,28,16,43.291436,-2.951867,DELIVERED,23,CLEAR,LOW
6281,2026-01-23 21:48:33,30.29,3,21,15,43.261256,-2.944552,DELIVERED,44,CLEAR,MEDIUM
6282,2026-01-28 09:13:27,50.78,4,18,17,43.258783,-2.944566,DELIVERED,24,CLEAR,MEDIUM
6283,2026-01-18 08:17:51,20.18,2,14,12,43.293535,-2.966012,DELIVERED,21,CLEAR,LOW
6284,2026-01-16 15:56:01,73.21,4,29,14,43.265642,-2.979912,DELIVERED,33,CLEAR,LOW
6285,2026-01-03 21:39:51,73.92,4,29,23,43.256046,-2.930943,DELIVERED,10,WIND,HIGH
6286,2026-01-03 11:17:43,35.87,4,16,12,43.232862,-2.917465,DELIVERED,16,CLEAR,LOW
6287,2026-01-19 05:07:20,36.83,3,18,17,43.247087,-2.96882,DELIVERED,40,CLEAR,LOW
6288,2026-01-14 18:38:24,18.64,2,16,13,43.29756,-2.95316,DELIVERED,20,CLEAR,LOW
6289,2026-01-29 12:29:18,95.31,5,29,19,43.209472,-2.940485,DELIVERED,33,RAIN,MEDIUM
6290,2026-01-06 12:28:23,87.27,6,23,15,43.245,-2.949207,DELIVERED,12,CLEAR,MEDIUM
6291,2026-01-16 13:50:18,54.33,5,21,20,43.295833,-2.969443,DELIVERED,41,CLEAR,MEDIUM
6292,2026-01-12 08:21:39,65.91,6,22,16,43.292148,-2.969577,DELIVERED,19,CLEAR,LOW
6293,2026-01-08 03:11:58,33.94,2,22,18,43.212138,-2.891325,DELIVERED,32,CLEAR,MEDIUM
6294,2026-01-10 20:02:53,14.55,1,16,10,43.287116,-2.913935,DELIVERED,21,CLEAR,LOW
6295,2026-01-05 05:05:39,49.66,5,13,19,43.231196,-2.971506,DELIVERED,41,CLEAR,MEDIUM
6296,2026-01-28 14:24:10,34.86,3,22,22,43.20897,-2.953592,DELIVERED,47,CLEAR,MEDIUM
6297,2026-01-29 10:15:16,34.0,2,17,15,43.280932,-2.937123,DELIVERED,25,CLEAR,LOW
6298,2026-01-28 13:22:34,23.46,2,25,20,43.26141,-2.95107,DELIVERED,40,CLEAR,MEDIUM
6299,2026-01-24 21:22:52,42.38,3,22,28,43.282829,-2.969615,DELIVERED,8,RAIN,MEDIUM
6300,2026-01-21 03:05:25,43.73,5,13,22,43.269127,-2.969373,DELIVERED,37,RAIN,MEDIUM
6301,2026-01-01 21:45:39,13.89,1,27,16,43.264407,-2.911043,DELIVERED,39,CLEAR,MEDIUM
6302,2026-01-02 14:45:02,12.59,1,25,36,43.237918,-2.905724,DELIVERED,19,RAIN,HIGH
6303,2026-01-23 22:32:31,13.42,1,20,24,43.200163,-2.953543,CANCELLED,21,CLEAR,HIGH
6304,2026-01-23 22:34:49,38.48,3,30,34,43.299435,-2.910471,DELIVERED,29,WIND,HIGH
6305,2026-01-08 08:17:39,72.81,5,26,14,43.209984,-2.887334,DELIVERED,14,WIND,LOW
6306,2026-01-06 23:57:02,11.94,1,18,26,43.294626,-2.909583,CANCELLED,4,RAIN,LOW
6307,2026-01-24 20:01:38,108.95,6,30,19,43.285597,-2.963712,DELIVERED,33,CLEAR,LOW
6308,2026-01-29 11:13:12,15.02,1,23,21,43.272171,-2.890538,DELIVERED,22,RAIN,LOW
6309,2026-01-29 10:03:28,39.07,3,17,22,43.28176,-2.981759,DELIVERED,24,CLEAR,MEDIUM
6310,2026-01-30 14:07:17,35.59,3,16,14,43.235209,-2.971555,DELIVERED,41,CLEAR,MEDIUM
6311,2026-01-04 07:30:54,53.04,3,26,23,43.268631,-2.960415,DELIVERED,28,WIND,MEDIUM
6312,2026-01-24 13:16:58,44.88,5,21,22,43.23647,-2.982772,DELIVERED,21,CLEAR,HIGH
6313,2026-01-28 12:15:38,40.74,4,17,17,43.261194,-2.944228,DELIVERED,21,CLEAR,LOW
6314,2026-01-25 03:50:30,33.82,3,12,20,43.248098,-2.976175,DELIVERED,20,RAIN,MEDIUM
6315,2026-01-15 04:56:07,41.22,4,13,25,43.217286,-2.886103,DELIVERED,7,CLEAR,MEDIUM
6316,2026-01-16 22:08:32,85.26,6,29,27,43.222503,-2.959095,DELIVERED,32,CLEAR,HIGH
6317,2026-01-16 15:11:50,58.54,5,25,13,43.261343,-2.97151,DELIVERED,22,CLEAR,LOW
6318,2026-01-10 14:15:04,45.26,4,21,18,43.25324,-2.89733,DELIVERED,15,CLEAR,MEDIUM
6319,2026-01-10 13:39:38,59.4,3,32,14,43.240064,-2.951213,DELIVERED,23,CLEAR,MEDIUM
6320,2026-01-07 13:21:48,10.19,1,14,21,43.232301,-2.985753,DELIVERED,7,CLEAR,MEDIUM
6321,2026-01-28 09:07:56,16.07,1,19,14,43.250994,-2.95347,DELIVERED,40,CLEAR,MEDIUM
6322,2026-01-25 04:08:09,25.78,2,23,17,43.280089,-2.94976,DELIVERED,22,CLEAR,MEDIUM
6323,2026-01-30 14:41:33,52.01,4,27,23,43.201415,-2.958638,DELIVERED,5,WIND,HIGH
6324,2026-01-17 21:39:04,71.26,5,25,17,43.296305,-2.940352,DELIVERED,1,CLEAR,MEDIUM
6325,2026-01-01 05:45:25,79.32,6,20,18,43.220717,-2.92284,DELIVERED,11,CLEAR,MEDIUM
6326,2026-01-21 16:51:15,74.28,5,21,27,43.227992,-2.883221,DELIVERED,13,RAIN,MEDIUM
6327,2026-01-28 21:29:50,57.8,4,26,20,43.299739,-2.898992,DELIVERED,38,CLEAR,HIGH
6328,2026-01-03 15:22:27,34.64,3,14,19,43.223454,-2.903729,DELIVERED,20,CLEAR,HIGH
6329,2026-01-19 15:15:49,39.44,3,18,23,43.293578,-2.965678,DELIVERED,38,WIND,MEDIUM
6330,2026-01-20 19:01:49,12.61,1,19,21,43.284864,-2.988479,DELIVERED,24,WIND,LOW
6331,2026-01-29 08:51:19,18.53,2,21,15,43.201436,-2.972566,DELIVERED,26,CLEAR,LOW
6332,2026-01-23 13:39:38,26.81,2,26,26,43.200972,-2.897081,DELIVERED,48,CLEAR,HIGH
6333,2026-01-04 20:31:29,69.31,5,17,14,43.205122,-2.927985,CANCELLED,38,WIND,LOW
6334,2026-01-09 15:17:13,13.37,1,15,10,43.259489,-2.888717,DELIVERED,42,CLEAR,LOW
6335,2026-01-23 16:03:26,29.78,2,19,26,43.248556,-2.905915,DELIVERED,39,CLEAR,HIGH
6336,2026-01-09 13:00:17,57.55,6,22,29,43.269135,-2.939962,DELIVERED,21,CLEAR,HIGH
6337,2026-01-22 21:29:18,92.95,5,35,29,43.238746,-2.885122,DELIVERED,28,CLEAR,HIGH
6338,2026-01-10 09:43:43,38.64,4,19,18,43.286097,-2.89169,DELIVERED,21,CLEAR,MEDIUM
6339,2026-01-05 14:15:49,79.06,6,31,32,43.248462,-2.887281,DELIVERED,39,WIND,HIGH
6340,2026-01-31 00:22:09,21.96,2,16,32,43.217944,-2.941377,DELIVERED,31,RAIN,MEDIUM
6341,2026-01-15 17:23:35,53.38,4,21,19,43.270766,-2.891799,CANCELLED,11,CLEAR,LOW
6342,2026-01-14 22:30:47,59.92,6,15,27,43.247214,-2.900966,DELIVERED,30,RAIN,HIGH
6343,2026-01-27 13:57:03,16.89,1,36,29,43.253355,-2.922553,DELIVERED,18,RAIN,HIGH
6344,2026-01-11 15:29:50,53.36,6,12,20,43.248528,-2.982522,DELIVERED,16,CLEAR,LOW
6345,2026-01-22 21:22:24,75.31,4,27,21,43.296722,-2.912208,DELIVERED,36,CLEAR,HIGH
6346,2026-01-04 15:17:34,21.79,2,16,13,43.202994,-2.880047,DELIVERED,21,CLEAR,MEDIUM
6347,2026-01-25 22:15:21,22.63,2,11,13,43.26536,-2.97686,DELIVERED,50,CLEAR,MEDIUM
6348,2026-01-01 15:44:05,60.97,5,20,20,43.273551,-2.884415,DELIVERED,24,CLEAR,LOW
6349,2026-01-03 18:33:49,21.88,2,11,14,43.255441,-2.980073,DELIVERED,37,CLEAR,LOW
6350,2026-01-24 21:15:22,37.04,2,36,28,43.258298,-2.955709,DELIVERED,23,CLEAR,HIGH
6351,2026-01-08 20:26:20,25.74,3,10,20,43.209524,-2.984854,DELIVERED,49,CLEAR,LOW
6352,2026-01-03 21:03:50,69.07,5,25,30,43.245991,-2.906607,DELIVERED,11,CLEAR,HIGH
6353,2026-01-11 15:20:18,64.08,5,20,19,43.270177,-2.928496,DELIVERED,35,RAIN,LOW
6354,2026-01-20 22:57:08,52.38,5,24,22,43.239053,-2.975036,DELIVERED,47,WIND,HIGH
6355,2026-01-21 22:13:05,33.32,3,17,13,43.253076,-2.893698,DELIVERED,41,CLEAR,MEDIUM
6356,2026-01-02 19:15:06,65.13,6,14,11,43.243088,-2.886363,DELIVERED,47,CLEAR,LOW
6357,2026-01-23 05:43:19,56.91,3,33,24,43.208409,-2.943475,DELIVERED,18,CLEAR,MEDIUM
6358,2026-01-01 04:36:55,84.84,6,19,10,43.221151,-2.893655,DELIVERED,25,CLEAR,LOW
6359,2026-01-07 15:11:03,20.94,2,18,14,43.221116,-2.937705,DELIVERED,19,CLEAR,LOW
6360,2026-01-28 09:00:17,106.86,6,33,23,43.217755,-2.932186,DELIVERED,9,RAIN,LOW
6361,2026-01-07 09:59:38,89.29,6,20,18,43.231354,-2.961664,DELIVERED,25,CLEAR,MEDIUM
6362,2026-01-13 20:42:23,10.56,1,10,17,43.217961,-2.90134,DELIVERED,49,WIND,LOW
6363,2026-01-26 22:35:41,22.18,2,23,19,43.250342,-2.922231,CANCELLED,43,RAIN,MEDIUM
6364,2026-01-07 15:40:12,73.75,6,23,13,43.276298,-2.922722,CANCELLED,22,CLEAR,LOW
6365,2026-01-22 10:30:53,41.81,3,26,15,43.208979,-2.932859,CANCELLED,29,CLEAR,MEDIUM
6366,2026-01-12 22:14:31,59.09,3,27,23,43.214725,-2.900385,DELIVERED,36,CLEAR,HIGH
6367,2026-01-25 21:02:41,39.52,3,22,16,43.269507,-2.975847,DELIVERED,17,CLEAR,MEDIUM
6368,2026-01-27 01:16:40,32.72,3,10,30,43.272134,-2.93785,DELIVERED,50,CLEAR,HIGH
6369,2026-01-10 05:48:44,69.73,5,11,25,43.269034,-2.941822,DELIVERED,8,RAIN,MEDIUM
6370,2026-01-06 21:08:14,60.42,5,21,30,43.254065,-2.962403,CANCELLED,45,CLEAR,HIGH
6371,2026-01-13 14:27:03,13.23,1,31,14,43.218381,-2.902509,DELIVERED,48,CLEAR,MEDIUM
6372,2026-01-11 12:48:18,44.66,4,10,15,43.270644,-2.938462,DELIVERED,30,CLEAR,MEDIUM
6373,2026-01-22 14:07:18,77.46,6,31,29,43.288484,-2.892522,DELIVERED,38,CLEAR,HIGH
6374,2026-01-24 23:44:40,107.28,6,21,18,43.208857,-2.921523,DELIVERED,36,WIND,LOW
6375,2026-01-14 23:52:00,15.24,1,20,14,43.224465,-2.926665,DELIVERED,35,CLEAR,LOW
6376,2026-01-06 20:00:08,51.81,4,19,29,43.222312,-2.951869,DELIVERED,3,RAIN,MEDIUM
6377,2026-01-09 05:59:30,35.54,2,28,18,43.279583,-2.973653,DELIVERED,33,CLEAR,LOW
6378,2026-01-29 15:27:20,83.04,6,15,21,43.288186,-2.963257,DELIVERED,46,RAIN,LOW
6379,2026-01-04 03:42:46,64.29,5,16,24,43.261235,-2.92059,DELIVERED,39,CLEAR,MEDIUM
6380,2026-01-22 23:40:00,64.22,6,8,19,43.287666,-2.969591,CANCELLED,15,CLEAR,MEDIUM
6381,2026-01-06 22:45:21,29.89,2,25,18,43.283184,-2.965048,DELIVERED,40,CLEAR,MEDIUM
6382,2026-01-27 22:03:21,8.79,1,17,28,43.238634,-2.917319,DELIVERED,16,CLEAR,HIGH
6383,2026-01-04 13:22:44,39.84,4,29,29,43.276284,-2.903429,DELIVERED,21,CLEAR,HIGH
6384,2026-01-29 08:59:58,70.38,6,17,22,43.264687,-2.887209,DELIVERED,24,RAIN,LOW
6385,2026-01-21 14:33:54,63.11,6,24,25,43.243888,-2.98272,DELIVERED,26,CLEAR,HIGH
6386,2026-01-02 22:27:32,90.79,5,38,22,43.256716,-2.952499,DELIVERED,23,CLEAR,HIGH
6387,2026-01-29 22:22:32,54.84,5,19,20,43.277338,-2.92879,DELIVERED,30,WIND,MEDIUM
6388,2026-01-22 10:56:14,12.97,1,10,20,43.271731,-2.901875,DELIVERED,7,CLEAR,MEDIUM
6389,2026-01-17 23:26:42,61.87,5,18,25,43.215927,-2.947874,DELIVERED,45,RAIN,LOW
6390,2026-01-20 14:21:57,34.99,3,19,24,43.248576,-2.912199,DELIVERED,40,CLEAR,MEDIUM
6391,2026-01-29 14:56:10,79.93,6,25,26,43.211349,-2.941657,DELIVERED,46,RAIN,MEDIUM
6392,2026-01-27 00:22:15,35.39,2,20,24,43.215103,-2.898708,DELIVERED,6,WIND,LOW
6393,2026-01-22 22:45:08,25.7,2,30,13,43.238087,-2.989596,DELIVERED,34,CLEAR,MEDIUM
6394,2026-01-06 22:48:34,35.73,4,21,23,43.222019,-2.918757,DELIVERED,49,CLEAR,HIGH
6395,2026-01-30 00:29:23,50.37,4,11,26,43.237239,-2.96763,DELIVERED,27,CLEAR,HIGH
6396,2026-01-10 07:15:01,40.73,4,11,19,43.292884,-2.942571,CANCELLED,16,CLEAR,LOW
6397,2026-01-16 23:45:02,23.54,1,27,18,43.290588,-2.913494,DELIVERED,9,CLEAR,LOW
6398,2026-01-13 22:00:04,65.91,6,21,22,43.293882,-2.909609,DELIVERED,41,CLEAR,MEDIUM
6399,2026-01-17 13:26:58,19.33,1,28,23,43.285525,-2.934765,CANCELLED,25,CLEAR,MEDIUM
6400,2026-01-08 11:02:43,64.83,6,9,17,43.236798,-2.931889,DELIVERED,15,CLEAR,LOW
6401,2026-01-18 22:51:19,54.39,4,25,18,43.259441,-2.952125,DELIVERED,32,CLEAR,HIGH
6402,2026-01-22 15:04:31,29.8,3,14,29,43.243858,-2.956841,DELIVERED,47,RAIN,MEDIUM
6403,2026-01-26 14:02:48,14.79,1,18,25,43.242948,-2.956353,DELIVERED,44,RAIN,MEDIUM
6404,2026-01-25 15:23:07,13.11,1,18,19,43.214194,-2.969074,DELIVERED,31,CLEAR,LOW
6405,2026-01-08 12:09:48,17.08,1,27,12,43.221787,-2.880682,DELIVERED,12,CLEAR,LOW
6406,2026-01-03 21:29:45,32.25,3,19,22,43.231081,-2.945551,DELIVERED,41,CLEAR,MEDIUM
6407,2026-01-17 07:57:09,14.63,1,20,26,43.270249,-2.882162,CANCELLED,5,CLEAR,HIGH
6408,2026-01-23 18:12:45,17.19,1,20,12,43.270027,-2.98576,DELIVERED,36,CLEAR,MEDIUM
6409,2026-01-05 23:57:27,38.21,3,27,19,43.235212,-2.9251,DELIVERED,22,WIND,MEDIUM
6410,2026-01-14 12:43:41,33.43,3,17,20,43.281997,-2.896886,DELIVERED,19,CLEAR,LOW
6411,2026-01-24 15:05:09,88.1,5,29,10,43.220753,-2.909655,DELIVERED,9,CLEAR,LOW
6412,2026-01-16 15:19:28,11.0,1,8,20,43.257981,-2.896965,DELIVERED,43,CLEAR,HIGH
6413,2026-01-14 21:04:03,110.1,6,32,30,43.268541,-2.906532,DELIVERED,9,RAIN,HIGH
6414,2026-01-09 21:11:59,60.14,5,27,31,43.218771,-2.985851,DELIVERED,35,RAIN,HIGH
6415,2026-01-02 19:15:23,57.81,6,13,28,43.281722,-2.902806,DELIVERED,49,CLEAR,HIGH
6416,2026-01-24 13:00:44,39.21,3,21,19,43.228836,-2.887286,DELIVERED,5,CLEAR,MEDIUM
6417,2026-01-04 21:38:33,43.15,3,23,22,43.213818,-2.96438,DELIVERED,25,CLEAR,HIGH
6418,2026-01-07 23:18:23,54.93,3,33,14,43.289094,-2.903007,DELIVERED,9,CLEAR,LOW
6419,2026-01-23 12:26:50,16.0,1,15,19,43.232562,-2.900491,DELIVERED,41,CLEAR,LOW
6420,2026-01-03 18:13:27,30.88,2,28,33,43.261393,-2.985652,DELIVERED,12,RAIN,MEDIUM
6421,2026-01-12 13:25:13,18.34,2,17,16,43.292511,-2.899186,CANCELLED,16,CLEAR,MEDIUM
6422,2026-01-20 14:32:08,44.22,3,25,26,43.293035,-2.923948,DELIVERED,13,CLEAR,HIGH
6423,2026-01-17 13:08:32,12.41,1,26,29,43.211809,-2.963845,DELIVERED,19,CLEAR,HIGH
6424,2026-01-05 13:35:51,113.91,6,24,24,43.262393,-2.886083,DELIVERED,10,CLEAR,HIGH
6425,2026-01-24 06:24:46,85.52,6,18,19,43.240194,-2.880494,DELIVERED,13,CLEAR,MEDIUM
6426,2026-01-29 10:49:59,60.49,6,14,25,43.282985,-2.965807,DELIVERED,20,WIND,MEDIUM
6427,2026-01-03 12:02:26,55.97,6,11,16,43.298794,-2.910658,DELIVERED,49,CLEAR,LOW
6428,2026-01-16 12:12:43,12.56,1,21,19,43.223616,-2.927098,DELIVERED,13,CLEAR,MEDIUM
6429,2026-01-14 23:14:36,28.85,3,21,12,43.202022,-2.899526,DELIVERED,4,CLEAR,LOW
6430,2026-01-10 21:46:12,30.81,3,19,24,43.214655,-2.979287,DELIVERED,20,CLEAR,HIGH
6431,2026-01-22 14:53:10,26.77,2,15,25,43.225882,-2.929139,DELIVERED,27,CLEAR,HIGH
6432,2026-01-27 23:19:52,60.06,4,22,26,43.28414,-2.901336,DELIVERED,32,RAIN,LOW
6433,2026-01-20 03:41:32,19.58,2,20,13,43.271473,-2.95949,DELIVERED,4,CLEAR,LOW
6434,2026-01-09 15:33:57,50.18,4,18,14,43.201121,-2.883025,DELIVERED,11,CLEAR,LOW
6435,2026-01-17 14:59:04,80.42,6,22,25,43.22464,-2.967781,DELIVERED,17,CLEAR,HIGH
6436,2026-01-09 20:06:33,39.01,3,23,12,43.274483,-2.94506,DELIVERED,34,CLEAR,MEDIUM
6437,2026-01-11 22:37:46,46.82,5,21,21,43.221773,-2.988189,DELIVERED,31,CLEAR,HIGH
6438,2026-01-14 20:13:07,37.37,3,15,22,43.264949,-2.985089,DELIVERED,35,WIND,LOW
6439,2026-01-13 22:43:20,52.69,4,21,25,43.252451,-2.926458,DELIVERED,3,CLEAR,MEDIUM
6440,2026-01-20 13:59:28,47.76,4,34,20,43.261004,-2.916905,CANCELLED,22,CLEAR,HIGH
6441,2026-01-08 21:23:50,39.07,2,37,27,43.235891,-2.911616,DELIVERED,33,RAIN,HIGH
6442,2026-01-21 13:38:59,15.78,1,19,19,43.245185,-2.959142,DELIVERED,20,CLEAR,MEDIUM
6443,2026-01-10 21:42:30,37.49,3,21,16,43.266129,-2.920398,DELIVERED,35,CLEAR,MEDIUM
6444,2026-01-31 14:11:08,64.16,5,20,18,43.271726,-2.98264,DELIVERED,27,CLEAR,HIGH
6445,2026-01-27 13:37:31,40.5,3,20,30,43.267227,-2.921293,DELIVERED,11,RAIN,HIGH
6446,2026-01-21 23:12:30,16.34,1,17,23,43.296476,-2.883419,DELIVERED,38,RAIN,LOW
6447,2026-01-03 22:15:01,13.35,1,39,25,43.298206,-2.919039,DELIVERED,12,RAIN,HIGH
6448,2026-01-16 15:11:08,12.34,1,16,17,43.24358,-2.959508,DELIVERED,38,CLEAR,LOW
6449,2026-01-01 15:47:03,58.43,5,15,16,43.238041,-2.967644,DELIVERED,35,CLEAR,LOW
6450,2026-01-07 17:22:21,113.83,6,20,17,43.273807,-2.982791,DELIVERED,36,CLEAR,HIGH
6451,2026-01-09 12:29:58,73.27,5,21,23,43.291029,-2.908943,DELIVERED,13,RAIN,MEDIUM
6452,2026-01-09 15:54:01,7.07,1,11,28,43.254959,-2.906052,DELIVERED,49,CLEAR,HIGH
6453,2026-01-17 21:01:55,12.8,1,15,22,43.231478,-2.937167,CANCELLED,27,CLEAR,MEDIUM
6454,2026-01-23 22:48:06,77.77,6,27,36,43.234136,-2.954384,DELIVERED,2,RAIN,HIGH
6455,2026-01-25 07:18:34,59.17,3,25,15,43.263444,-2.889451,DELIVERED,28,RAIN,LOW
6456,2026-01-27 14:18:07,16.49,1,29,16,43.2277,-2.908021,DELIVERED,10,CLEAR,MEDIUM
6457,2026-01-22 21:55:26,23.67,2,17,26,43.246816,-2.976998,DELIVERED,7,CLEAR,HIGH
6458,2026-01-05 21:44:53,49.9,5,21,31,43.248379,-2.933926,DELIVERED,44,RAIN,HIGH
6459,2026-01-10 21:21:14,17.09,1,25,27,43.241946,-2.95883,DELIVERED,45,CLEAR,HIGH
6460,2026-01-27 23:32:32,10.23,1,17,22,43.265819,-2.961651,DELIVERED,45,CLEAR,MEDIUM
6461,2026-01-19 15:06:30,72.68,5,16,21,43.251806,-2.935971,DELIVERED,1,WIND,LOW
6462,2026-01-30 21:08:23,7.47,1,22,19,43.208415,-2.912029,DELIVERED,49,CLEAR,MEDIUM
6463,2026-01-13 21:34:46,45.44,5,28,27,43.283275,-2.959524,DELIVERED,21,CLEAR,HIGH
6464,2026-01-14 09:41:01,59.77,6,12,21,43.229671,-2.945002,DELIVERED,37,CLEAR,MEDIUM
6465,2026-01-24 20:02:05,50.45,4,15,16,43.261254,-2.930339,DELIVERED,35,CLEAR,LOW
6466,2026-01-24 15:04:23,70.89,6,26,20,43.272265,-2.935333,DELIVERED,29,WIND,MEDIUM
6467,2026-01-02 12:44:32,34.07,3,10,12,43.261193,-2.944436,DELIVERED,44,CLEAR,MEDIUM
6468,2026-01-30 00:54:10,46.27,4,20,28,43.265872,-2.927961,DELIVERED,24,CLEAR,HIGH
6469,2026-01-07 22:37:14,57.55,6,25,35,43.20842,-2.925609,DELIVERED,7,RAIN,HIGH
6470,2026-01-09 22:20:46,58.91,5,21,21,43.285169,-2.887469,DELIVERED,40,CLEAR,HIGH
6471,2026-01-16 12:33:53,17.58,1,24,16,43.230391,-2.889556,DELIVERED,28,WIND,LOW
6472,2026-01-21 14:16:36,45.08,3,22,27,43.282329,-2.890555,DELIVERED,13,CLEAR,HIGH
6473,2026-01-05 23:30:15,35.78,4,10,18,43.279424,-2.924261,DELIVERED,43,RAIN,MEDIUM
6474,2026-01-17 17:59:41,21.73,2,8,17,43.270087,-2.973074,DELIVERED,49,CLEAR,LOW
6475,2026-01-11 15:56:14,52.48,3,20,20,43.267199,-2.935245,DELIVERED,10,WIND,LOW
6476,2026-01-10 22:55:46,107.24,6,36,25,43.260695,-2.941867,DELIVERED,33,CLEAR,HIGH
6477,2026-01-27 20:13:36,15.3,1,21,26,43.20616,-2.902092,DELIVERED,19,RAIN,MEDIUM
6478,2026-01-04 12:06:53,18.01,1,18,12,43.207071,-2.936186,DELIVERED,38,CLEAR,LOW
6479,2026-01-04 21:49:37,41.63,4,25,24,43.266288,-2.967595,DELIVERED,47,CLEAR,MEDIUM
6480,2026-01-17 15:01:20,65.42,5,15,20,43.265575,-2.944791,DELIVERED,46,CLEAR,LOW
6481,2026-01-20 23:38:45,72.65,6,28,28,43.259579,-2.884362,DELIVERED,22,RAIN,HIGH
6482,2026-01-18 20:14:48,48.08,4,20,18,43.279125,-2.952532,DELIVERED,45,CLEAR,LOW
6483,2026-01-18 23:33:05,11.31,1,11,23,43.209809,-2.917479,DELIVERED,49,CLEAR,MEDIUM
6484,2026-01-14 18:58:15,113.52,6,31,28,43.208097,-2.957091,DELIVERED,33,WIND,MEDIUM
6485,2026-01-19 17:01:07,27.62,2,18,18,43.262865,-2.968569,DELIVERED,17,CLEAR,LOW
6486,2026-01-03 13:43:47,48.5,5,23,20,43.258346,-2.970789,DELIVERED,16,CLEAR,HIGH
6487,2026-01-19 10:37:34,59.96,4,19,12,43.203038,-2.880862,DELIVERED,1,CLEAR,LOW
6488,2026-01-06 13:24:56,15.48,1,15,17,43.204509,-2.937121,DELIVERED,20,CLEAR,MEDIUM
6489,2026-01-11 21:38:49,41.67,3,27,25,43.217424,-2.958319,DELIVERED,24,CLEAR,HIGH
6490,2026-01-09 22:18:56,34.41,3,28,29,43.264246,-2.93879,DELIVERED,2,CLEAR,HIGH
6491,2026-01-06 00:21:49,17.0,1,17,18,43.216574,-2.941678,DELIVERED,45,RAIN,LOW
6492,2026-01-20 16:16:40,33.54,2,24,16,43.206701,-2.937337,DELIVERED,14,CLEAR,LOW
6493,2026-01-13 20:07:16,57.29,4,15,23,43.201465,-2.933594,DELIVERED,17,CLEAR,HIGH
6494,2026-01-23 13:35:38,14.82,1,35,17,43.211609,-2.892854,CANCELLED,12,CLEAR,MEDIUM
6495,2026-01-18 13:48:13,31.92,2,24,17,43.20855,-2.891396,DELIVERED,46,CLEAR,MEDIUM
6496,2026-01-18 13:38:20,76.4,4,35,16,43.25994,-2.942309,DELIVERED,33,CLEAR,MEDIUM
6497,2026-01-04 12:26:21,75.34,5,20,15,43.283566,-2.894857,DELIVERED,1,RAIN,LOW
6498,2026-01-14 21:57:35,73.07,5,26,27,43.214536,-2.908506,DELIVERED,32,RAIN,MEDIUM
6499,2026-01-12 14:21:53,12.43,1,26,22,43.296454,-2.898698,DELIVERED,26,CLEAR,MEDIUM
6500,2026-01-09 06:25:22,17.06,1,17,20,43.290349,-2.887618,CANCELLED,42,CLEAR,MEDIUM
6501,2026-01-17 15:53:44,43.54,3,20,22,43.201907,-2.918964,CANCELLED,13,CLEAR,MEDIUM
6502,2026-01-23 13:33:02,36.4,4,16,13,43.286994,-2.897678,DELIVERED,49,CLEAR,MEDIUM
6503,2026-01-01 21:17:15,61.21,6,19,20,43.292216,-2.942724,DELIVERED,47,CLEAR,HIGH
6504,2026-01-23 21:25:04,15.26,1,22,29,43.206786,-2.921979,DELIVERED,24,CLEAR,HIGH
6505,2026-01-09 22:37:57,43.64,3,29,16,43.289971,-2.940261,CANCELLED,39,CLEAR,MEDIUM
6506,2026-01-24 14:35:54,17.14,2,18,24,43.294415,-2.895052,DELIVERED,37,CLEAR,HIGH
6507,2026-01-17 21:32:43,35.93,3,25,25,43.291336,-2.89582,DELIVERED,26,CLEAR,HIGH
6508,2026-01-21 13:32:36,8.77,1,23,26,43.293068,-2.938899,CANCELLED,26,CLEAR,HIGH
6509,2026-01-31 22:14:21,25.69,2,20,29,43.245923,-2.887421,DELIVERED,47,RAIN,HIGH
6510,2026-01-11 22:35:41,80.35,6,21,24,43.259491,-2.924628,DELIVERED,17,CLEAR,MEDIUM
6511,2026-01-07 03:05:38,19.27,1,17,22,43.225371,-2.91451,DELIVERED,32,WIND,HIGH
6512,2026-01-01 09:07:17,89.71,5,21,23,43.263121,-2.923734,DELIVERED,28,WIND,LOW
6513,2026-01-08 10:51:02,18.45,2,12,16,43.224508,-2.950701,DELIVERED,50,CLEAR,MEDIUM
6514,2026-01-30 13:23:39,51.99,4,30,16,43.260413,-2.900851,CANCELLED,2,CLEAR,MEDIUM
6515,2026-01-13 21:04:54,25.23,2,23,30,43.23453,-2.963441,DELIVERED,24,RAIN,HIGH
6516,2026-01-21 15:26:24,75.87,4,33,24,43.244732,-2.97894,CANCELLED,23,RAIN,LOW
6517,2026-01-05 12:46:06,93.46,5,34,17,43.294688,-2.921066,DELIVERED,23,CLEAR,LOW
6518,2026-01-12 14:22:24,74.86,4,38,22,43.248978,-2.943164,DELIVERED,18,CLEAR,MEDIUM
6519,2026-01-17 22:14:46,38.02,3,25,23,43.235085,-2.914496,DELIVERED,42,CLEAR,HIGH
6520,2026-01-01 14:40:04,48.51,5,17,17,43.236088,-2.952478,DELIVERED,47,CLEAR,MEDIUM
6521,2026-01-03 20:27:01,75.53,4,22,13,43.248525,-2.9139,DELIVERED,6,CLEAR,LOW
6522,2026-01-08 03:34:53,41.27,4,16,14,43.284668,-2.961108,DELIVERED,31,CLEAR,LOW
6523,2026-01-10 04:41:03,53.52,3,28,16,43.289576,-2.924617,DELIVERED,18,CLEAR,LOW
6524,2026-01-04 21:58:04,25.21,2,18,30,43.204704,-2.939197,DELIVERED,44,CLEAR,HIGH
6525,2026-01-08 03:38:08,78.47,6,16,10,43.204456,-2.905757,DELIVERED,38,CLEAR,LOW
6526,2026-01-02 12:59:09,41.66,3,22,17,43.24736,-2.960494,DELIVERED,48,WIND,LOW
6527,2026-01-07 04:21:27,25.2,3,14,30,43.272312,-2.982543,DELIVERED,7,WIND,HIGH
6528,2026-01-06 22:47:47,52.75,4,38,22,43.215295,-2.983222,DELIVERED,2,WIND,HIGH
6529,2026-01-21 21:51:25,53.85,4,33,33,43.215204,-2.894587,DELIVERED,29,RAIN,HIGH
6530,2026-01-24 21:28:47,35.84,3,34,25,43.262972,-2.984591,DELIVERED,34,CLEAR,HIGH
6531,2026-01-12 20:20:06,8.43,1,10,27,43.213623,-2.915306,DELIVERED,30,CLEAR,HIGH
6532,2026-01-28 12:13:43,14.18,1,11,14,43.224383,-2.964334,CANCELLED,20,CLEAR,LOW
6533,2026-01-19 18:38:19,24.36,2,15,26,43.272794,-2.963759,DELIVERED,41,RAIN,LOW
6534,2026-01-18 23:29:01,23.13,2,29,15,43.261785,-2.92208,DELIVERED,22,CLEAR,LOW
6535,2026-01-05 23:31:02,17.63,1,16,15,43.23545,-2.985343,DELIVERED,40,CLEAR,MEDIUM
6536,2026-01-05 05:14:35,9.26,1,16,18,43.200901,-2.912544,DELIVERED,4,CLEAR,MEDIUM
6537,2026-01-02 10:05:33,29.2,3,13,18,43.243064,-2.934861,DELIVERED,16,CLEAR,LOW
6538,2026-01-22 22:38:33,63.23,6,26,31,43.258195,-2.983058,DELIVERED,4,CLEAR,HIGH
6539,2026-01-06 15:35:18,52.96,4,21,31,43.212693,-2.892689,DELIVERED,29,CLEAR,HIGH
6540,2026-01-29 14:48:06,38.84,4,21,23,43.220537,-2.949266,DELIVERED,16,CLEAR,HIGH
6541,2026-01-02 02:57:15,55.3,6,13,20,43.245913,-2.986833,DELIVERED,16,CLEAR,MEDIUM
6542,2026-01-28 05:24:18,71.35,6,27,23,43.232324,-2.905919,DELIVERED,2,RAIN,LOW
6543,2026-01-26 21:46:31,23.62,2,29,19,43.225283,-2.946473,DELIVERED,4,CLEAR,HIGH
6544,2026-01-11 13:41:50,41.79,4,23,22,43.262486,-2.920202,DELIVERED,20,CLEAR,HIGH
6545,2026-01-29 20:53:53,23.9,2,9,31,43.224775,-2.960064,DELIVERED,50,CLEAR,HIGH
6546,2026-01-06 21:45:17,15.8,1,17,16,43.206929,-2.930892,DELIVERED,27,CLEAR,MEDIUM
6547,2026-01-16 01:38:45,12.62,1,12,15,43.200309,-2.901568,DELIVERED,8,CLEAR,MEDIUM
6548,2026-01-29 23:16:09,60.51,5,19,15,43.24829,-2.890644,DELIVERED,35,CLEAR,MEDIUM
6549,2026-01-08 16:32:49,36.81,3,24,19,43.271677,-2.945887,DELIVERED,29,CLEAR,LOW
6550,2026-01-23 10:22:29,40.33,3,21,18,43.21883,-2.903182,DELIVERED,34,CLEAR,HIGH
6551,2026-01-19 06:15:55,72.68,6,21,19,43.275387,-2.949113,DELIVERED,29,RAIN,LOW
6552,2026-01-14 20:33:31,63.32,6,15,33,43.287337,-2.982297,DELIVERED,30,RAIN,HIGH
6553,2026-01-30 08:33:55,44.12,5,7,19,43.2011,-2.977387,DELIVERED,50,CLEAR,MEDIUM
6554,2026-01-10 14:36:45,59.75,6,20,23,43.280347,-2.920279,DELIVERED,19,CLEAR,HIGH
6555,2026-01-10 17:30:01,70.93,6,14,17,43.278119,-2.928066,DELIVERED,40,CLEAR,LOW
6556,2026-01-10 04:14:44,38.16,3,19,32,43.263312,-2.950498,DELIVERED,34,RAIN,MEDIUM
6557,2026-01-14 13:49:11,23.0,2,20,24,43.247563,-2.929411,DELIVERED,30,CLEAR,MEDIUM
6558,2026-01-08 10:05:30,65.25,5,23,10,43.265241,-2.931925,DELIVERED,34,CLEAR,LOW
6559,2026-01-04 14:23:57,43.01,3,26,28,43.253013,-2.982973,DELIVERED,11,WIND,HIGH
6560,2026-01-02 13:09:34,21.07,2,19,25,43.275257,-2.940931,DELIVERED,7,WIND,HIGH
6561,2026-01-06 14:37:55,72.14,6,34,23,43.228211,-2.98056,DELIVERED,22,CLEAR,MEDIUM
6562,2026-01-09 23:01:28,46.12,3,19,17,43.254905,-2.942858,DELIVERED,25,CLEAR,MEDIUM
6563,2026-01-18 23:51:50,25.23,2,26,12,43.268556,-2.952804,DELIVERED,2,CLEAR,LOW
6564,2026-01-22 14:29:49,18.8,2,15,22,43.281619,-2.899737,DELIVERED,15,CLEAR,HIGH
6565,2026-01-07 18:32:54,44.03,3,16,15,43.224157,-2.9824,DELIVERED,13,CLEAR,LOW
6566,2026-01-23 03:54:28,29.66,2,19,17,43.251834,-2.988474,DELIVERED,40,CLEAR,LOW
6567,2026-01-13 05:29:05,12.26,1,14,14,43.206275,-2.962878,DELIVERED,1,RAIN,LOW
6568,2026-01-02 21:42:03,23.14,2,13,23,43.248537,-2.951867,DELIVERED,37,WIND,MEDIUM
6569,2026-01-09 22:46:59,31.47,2,35,17,43.290146,-2.96711,DELIVERED,12,CLEAR,MEDIUM
6570,2026-01-27 09:24:42,14.26,1,18,18,43.25806,-2.881435,DELIVERED,21,WIND,LOW
6571,2026-01-30 12:20:29,74.51,6,26,17,43.221291,-2.934921,DELIVERED,22,CLEAR,HIGH
6572,2026-01-19 22:39:26,66.39,5,22,33,43.231925,-2.893843,DELIVERED,46,RAIN,HIGH
6573,2026-01-20 13:17:27,32.1,3,25,22,43.263244,-2.912036,DELIVERED,30,WIND,MEDIUM
6574,2026-01-27 01:46:18,71.38,6,21,18,43.284044,-2.891317,DELIVERED,29,RAIN,LOW
6575,2026-01-03 22:43:24,27.95,3,21,22,43.231361,-2.90167,DELIVERED,21,CLEAR,HIGH
6576,2026-01-26 13:39:55,65.94,5,20,22,43.267995,-2.976661,DELIVERED,5,CLEAR,HIGH
6577,2026-01-19 20:00:42,72.73,4,33,19,43.212631,-2.969652,DELIVERED,18,CLEAR,MEDIUM
6578,2026-01-23 10:54:51,51.56,4,20,17,43.290774,-2.89715,DELIVERED,29,CLEAR,MEDIUM
6579,2026-01-23 12:37:29,80.97,6,18,14,43.217529,-2.963006,DELIVERED,17,CLEAR,MEDIUM
6580,2026-01-19 07:21:47,53.89,5,10,22,43.265649,-2.983995,DELIVERED,20,WIND,MEDIUM
6581,2026-01-11 21:31:33,52.59,6,19,24,43.210077,-2.911519,DELIVERED,37,CLEAR,HIGH
6582,2026-01-26 22:38:19,40.33,3,22,21,43.233023,-2.907383,DELIVERED,8,CLEAR,HIGH
6583,2026-01-20 23:55:49,31.33,3,22,29,43.247132,-2.899228,DELIVERED,26,CLEAR,HIGH
6584,2026-01-18 13:17:43,49.18,5,31,26,43.245798,-2.931715,CANCELLED,19,RAIN,HIGH
6585,2026-01-18 20:31:20,30.16,2,22,20,43.224419,-2.886388,DELIVERED,13,CLEAR,MEDIUM
6586,2026-01-24 21:52:28,12.94,1,29,26,43.297614,-2.936488,DELIVERED,12,CLEAR,HIGH
6587,2026-01-13 20:18:35,10.03,1,15,27,43.242598,-2.93332,CANCELLED,3,RAIN,LOW
6588,2026-01-15 07:10:30,22.82,2,12,15,43.267504,-2.922425,DELIVERED,37,CLEAR,LOW
6589,2026-01-01 05:25:19,11.68,1,18,13,43.223429,-2.931863,DELIVERED,11,CLEAR,MEDIUM
6590,2026-01-18 13:50:52,20.97,2,19,17,43.247319,-2.9093,DELIVERED,30,WIND,MEDIUM
6591,2026-01-07 11:51:32,10.01,1,9,20,43.277852,-2.944876,DELIVERED,43,CLEAR,LOW
6592,2026-01-25 13:08:58,55.07,4,20,19,43.246163,-2.925558,DELIVERED,27,CLEAR,MEDIUM
6593,2026-01-04 15:27:04,29.98,2,18,14,43.273645,-2.906087,DELIVERED,35,CLEAR,MEDIUM
6594,2026-01-26 20:11:23,58.52,5,29,19,43.277398,-2.945095,DELIVERED,22,CLEAR,MEDIUM
6595,2026-01-24 20:17:49,50.49,5,7,19,43.246382,-2.899241,DELIVERED,43,CLEAR,MEDIUM
6596,2026-01-15 12:08:26,53.9,6,11,18,43.2285,-2.883475,DELIVERED,43,CLEAR,LOW
6597,2026-01-07 12:11:15,55.18,5,18,27,43.22886,-2.989441,DELIVERED,47,RAIN,MEDIUM
6598,2026-01-06 21:01:26,74.1,6,35,13,43.23101,-2.917851,DELIVERED,22,CLEAR,MEDIUM
6599,2026-01-29 12:06:58,15.22,1,13,17,43.258703,-2.973009,DELIVERED,30,RAIN,LOW
6600,2026-01-04 13:52:36,28.88,3,18,27,43.265552,-2.98344,DELIVERED,49,CLEAR,HIGH
6601,2026-01-15 22:42:18,41.36,4,21,16,43.293107,-2.930216,CANCELLED,20,CLEAR,HIGH
6602,2026-01-25 23:34:22,18.75,1,14,26,43.294942,-2.940608,DELIVERED,17,RAIN,LOW
6603,2026-01-11 06:49:16,22.4,1,20,15,43.205135,-2.886108,DELIVERED,10,WIND,MEDIUM
6604,2026-01-03 20:58:33,20.54,2,16,12,43.241311,-2.928143,DELIVERED,41,CLEAR,LOW
6605,2026-01-12 02:26:11,91.47,5,25,12,43.228781,-2.948715,DELIVERED,28,CLEAR,MEDIUM
6606,2026-01-23 14:29:47,27.51,2,28,25,43.264327,-2.9453,DELIVERED,48,CLEAR,HIGH
6607,2026-01-20 14:27:05,42.31,3,23,31,43.29999,-2.971743,DELIVERED,46,CLEAR,HIGH
6608,2026-01-02 06:20:39,21.03,2,14,24,43.259304,-2.943467,DELIVERED,41,RAIN,LOW
6609,2026-01-05 14:55:45,13.93,1,22,18,43.218967,-2.940566,DELIVERED,32,CLEAR,HIGH
6610,2026-01-17 20:57:04,34.96,3,15,19,43.286388,-2.929714,DELIVERED,41,CLEAR,MEDIUM
6611,2026-01-14 14:35:22,71.8,4,25,23,43.230916,-2.899805,DELIVERED,6,CLEAR,MEDIUM
6612,2026-01-31 21:12:12,50.25,5,22,23,43.276266,-2.950796,DELIVERED,47,CLEAR,HIGH
6613,2026-01-04 14:54:25,53.27,4,35,21,43.255077,-2.916702,DELIVERED,22,CLEAR,MEDIUM
6614,2026-01-02 13:27:39,52.33,5,24,22,43.221408,-2.957974,DELIVERED,47,CLEAR,HIGH
6615,2026-01-31 22:25:12,112.63,6,37,25,43.204827,-2.931303,DELIVERED,28,CLEAR,MEDIUM
6616,2026-01-14 21:53:23,51.65,4,20,25,43.277977,-2.97314,DELIVERED,42,CLEAR,HIGH
6617,2026-01-08 21:38:53,108.78,6,35,19,43.257918,-2.969494,DELIVERED,18,CLEAR,MEDIUM
6618,2026-01-20 21:00:05,7.6,1,18,15,43.284927,-2.944689,DELIVERED,21,CLEAR,MEDIUM
6619,2026-01-16 14:16:02,34.65,3,26,13,43.219646,-2.955299,DELIVERED,4,CLEAR,MEDIUM
6620,2026-01-01 14:10:42,7.08,1,21,25,43.276438,-2.926822,DELIVERED,16,CLEAR,HIGH
6621,2026-01-28 21:17:55,16.77,1,25,22,43.237066,-2.964549,DELIVERED,38,CLEAR,HIGH
6622,2026-01-12 21:56:02,43.04,3,19,30,43.248778,-2.974947,DELIVERED,38,CLEAR,HIGH
6623,2026-01-16 13:03:17,75.89,6,21,21,43.264521,-2.882829,DELIVERED,3,WIND,HIGH
6624,2026-01-01 22:56:17,73.19,5,32,24,43.245982,-2.93605,DELIVERED,48,CLEAR,MEDIUM
6625,2026-01-12 23:00:42,72.79,4,24,20,43.262854,-2.940779,DELIVERED,28,CLEAR,LOW
6626,2026-01-21 22:05:57,34.52,4,22,20,43.228305,-2.9555,DELIVERED,16,CLEAR,MEDIUM
6627,2026-01-26 13:08:40,59.25,5,23,27,43.203878,-2.915673,DELIVERED,5,RAIN,MEDIUM
6628,2026-01-11 20:42:04,44.82,3,19,21,43.285477,-2.97029,DELIVERED,32,WIND,LOW
6629,2026-01-13 07:38:28,9.72,1,15,12,43.269483,-2.913352,DELIVERED,44,CLEAR,LOW
6630,2026-01-29 14:02:56,31.54,3,24,20,43.203454,-2.98683,DELIVERED,4,CLEAR,MEDIUM
6631,2026-01-01 20:50:46,61.18,5,23,20,43.234303,-2.957842,DELIVERED,22,CLEAR,MEDIUM
6632,2026-01-20 03:57:15,57.73,6,13,23,43.290286,-2.957417,DELIVERED,37,WIND,LOW
6633,2026-01-01 10:20:07,31.77,3,16,14,43.256387,-2.980614,DELIVERED,4,CLEAR,LOW
6634,2026-01-15 03:33:29,30.53,2,12,24,43.248886,-2.880223,DELIVERED,27,CLEAR,MEDIUM
6635,2026-01-07 20:57:21,45.05,3,15,16,43.245496,-2.894246,DELIVERED,1,RAIN,LOW
6636,2026-01-02 14:54:45,61.63,5,32,28,43.299157,-2.939777,DELIVERED,29,RAIN,HIGH
6637,2026-01-25 11:59:03,47.41,5,12,19,43.265828,-2.880318,DELIVERED,43,CLEAR,LOW
6638,2026-01-23 20:50:51,33.12,3,11,13,43.271709,-2.887671,DELIVERED,30,CLEAR,LOW
6639,2026-01-06 20:52:55,20.46,2,19,22,43.217355,-2.933327,DELIVERED,4,CLEAR,MEDIUM
6640,2026-01-16 20:29:49,17.73,1,15,27,43.218809,-2.989319,DELIVERED,40,CLEAR,HIGH
6641,2026-01-18 14:20:11,19.9,2,24,35,43.258785,-2.883544,DELIVERED,4,RAIN,HIGH
6642,2026-01-08 12:03:36,19.2,2,17,17,43.265848,-2.975904,DELIVERED,31,CLEAR,LOW
6643,2026-01-16 14:58:53,59.91,3,31,18,43.247488,-2.963021,DELIVERED,36,CLEAR,HIGH
6644,2026-01-12 15:18:15,15.58,1,19,17,43.201651,-2.95495,DELIVERED,34,CLEAR,MEDIUM
6645,2026-01-25 22:21:37,28.9,2,30,22,43.211191,-2.945347,DELIVERED,22,CLEAR,MEDIUM
6646,2026-01-04 15:31:15,24.12,2,10,27,43.265036,-2.915587,DELIVERED,30,WIND,HIGH
6647,2026-01-09 07:59:33,62.86,5,21,13,43.29877,-2.973574,DELIVERED,45,CLEAR,LOW
6648,2026-01-20 14:10:37,40.26,2,26,23,43.275769,-2.907268,CANCELLED,36,RAIN,HIGH
6649,2026-01-31 14:56:33,61.05,6,24,33,43.264022,-2.921846,DELIVERED,41,RAIN,HIGH
6650,2026-01-19 13:47:40,59.92,3,23,21,43.21017,-2.905712,DELIVERED,10,CLEAR,HIGH
6651,2026-01-09 20:17:00,43.7,5,17,19,43.237248,-2.893857,DELIVERED,31,WIND,LOW
6652,2026-01-25 15:55:02,24.05,2,15,25,43.246818,-2.958075,DELIVERED,27,RAIN,LOW
6653,2026-01-24 15:30:42,38.84,4,16,18,43.271236,-2.969845,DELIVERED,4,CLEAR,LOW
6654,2026-01-21 22:17:13,37.62,4,20,25,43.246522,-2.953631,DELIVERED,50,CLEAR,MEDIUM
6655,2026-01-13 21:36:28,44.98,3,26,24,43.230057,-2.927682,DELIVERED,46,CLEAR,MEDIUM
6656,2026-01-16 04:17:38,42.16,4,10,24,43.238563,-2.927602,DELIVERED,20,CLEAR,MEDIUM
6657,2026-01-20 16:12:58,56.45,6,11,13,43.226333,-2.981554,DELIVERED,50,CLEAR,LOW
6658,2026-01-06 13:51:22,37.53,3,22,17,43.269129,-2.985213,DELIVERED,5,WIND,MEDIUM
6659,2026-01-20 11:17:53,25.75,2,13,23,43.242909,-2.925335,DELIVERED,40,WIND,MEDIUM
6660,2026-01-30 22:41:05,7.25,1,18,25,43.225644,-2.981602,DELIVERED,50,CLEAR,HIGH
6661,2026-01-11 05:35:02,60.77,6,11,13,43.256666,-2.922705,DELIVERED,44,WIND,LOW
6662,2026-01-11 13:22:15,89.75,5,37,27,43.243627,-2.906752,DELIVERED,9,WIND,HIGH
6663,2026-01-26 22:30:24,14.7,1,28,29,43.291966,-2.982338,CANCELLED,25,RAIN,MEDIUM
6664,2026-01-27 15:50:28,60.29,5,19,18,43.234543,-2.911528,DELIVERED,40,CLEAR,MEDIUM
6665,2026-01-16 23:44:26,17.74,1,23,13,43.264169,-2.928182,CANCELLED,48,CLEAR,LOW
6666,2026-01-14 07:35:55,13.45,1,16,18,43.267996,-2.959305,DELIVERED,20,CLEAR,LOW
6667,2026-01-14 23:55:21,45.85,5,13,35,43.205558,-2.905086,DELIVERED,31,WIND,HIGH
6668,2026-01-07 13:02:15,33.29,3,23,25,43.241591,-2.982109,DELIVERED,41,RAIN,HIGH
6669,2026-01-04 14:22:07,41.77,3,15,21,43.236326,-2.907608,DELIVERED,27,CLEAR,MEDIUM
6670,2026-01-09 20:07:13,14.74,1,22,22,43.211323,-2.978114,DELIVERED,14,CLEAR,MEDIUM
6671,2026-01-24 13:40:50,70.82,5,27,17,43.260268,-2.885325,DELIVERED,1,WIND,MEDIUM
6672,2026-01-27 14:34:23,63.07,5,20,22,43.270726,-2.923157,DELIVERED,17,CLEAR,HIGH
6673,2026-01-27 21:53:48,47.07,5,16,21,43.240343,-2.908442,DELIVERED,50,CLEAR,MEDIUM
6674,2026-01-05 06:54:23,23.26,2,20,15,43.282317,-2.882105,DELIVERED,34,CLEAR,LOW
6675,2026-01-08 13:57:21,80.98,6,20,24,43.236952,-2.892602,DELIVERED,42,WIND,MEDIUM
6676,2026-01-08 06:32:58,37.17,3,14,22,43.241437,-2.975749,DELIVERED,40,CLEAR,MEDIUM
6677,2026-01-19 20:27:20,53.14,3,33,14,43.252996,-2.915655,DELIVERED,23,RAIN,LOW
6678,2026-01-04 22:41:40,30.4,2,33,19,43.247346,-2.91456,DELIVERED,12,CLEAR,HIGH
6679,2026-01-26 16:51:45,38.07,4,12,14,43.273043,-2.90384,DELIVERED,43,CLEAR,LOW
6680,2026-01-21 12:04:29,37.38,2,25,22,43.220662,-2.950011,DELIVERED,36,RAIN,LOW
6681,2026-01-19 13:42:20,52.98,6,20,21,43.2728,-2.968233,DELIVERED,16,WIND,MEDIUM
6682,2026-01-20 12:22:00,46.79,4,17,20,43.223857,-2.968691,DELIVERED,3,CLEAR,LOW
6683,2026-01-21 14:06:12,60.0,5,29,21,43.24802,-2.938956,CANCELLED,24,CLEAR,MEDIUM
6684,2026-01-22 21:51:03,74.66,4,38,25,43.250724,-2.922097,DELIVERED,23,CLEAR,HIGH
6685,2026-01-24 13:43:50,37.55,3,21,18,43.217569,-2.970283,DELIVERED,46,CLEAR,MEDIUM
6686,2026-01-23 17:44:52,106.77,6,31,21,43.264049,-2.886927,DELIVERED,9,CLEAR,HIGH
6687,2026-01-31 12:53:10,74.63,6,17,11,43.213935,-2.887003,DELIVERED,45,CLEAR,LOW
6688,2026-01-22 15:40:56,12.64,1,24,22,43.250541,-2.965675,DELIVERED,29,RAIN,LOW
6689,2026-01-13 22:04:51,108.34,6,30,20,43.258538,-2.929612,CANCELLED,9,CLEAR,MEDIUM
6690,2026-01-18 13:12:16,47.0,5,23,24,43.292128,-2.918289,DELIVERED,21,CLEAR,HIGH
6691,2026-01-22 22:50:42,35.37,2,27,17,43.291894,-2.937249,DELIVERED,6,CLEAR,MEDIUM
6692,2026-01-02 22:09:44,72.01,4,33,29,43.271307,-2.885627,DELIVERED,9,RAIN,MEDIUM
6693,2026-01-06 20:32:28,59.52,5,13,14,43.222797,-2.966704,DELIVERED,40,CLEAR,MEDIUM
6694,2026-01-18 14:20:38,23.47,1,29,20,43.256221,-2.975086,DELIVERED,6,CLEAR,MEDIUM
6695,2026-01-13 11:23:18,74.48,6,14,19,43.208478,-2.918295,DELIVERED,40,RAIN,LOW
6696,2026-01-15 13:06:56,56.67,4,21,23,43.255809,-2.912412,DELIVERED,8,CLEAR,HIGH
6697,2026-01-04 21:33:12,52.41,5,19,29,43.284715,-2.988616,DELIVERED,20,WIND,HIGH
6698,2026-01-12 06:30:43,12.39,1,25,11,43.283245,-2.982092,DELIVERED,14,CLEAR,LOW
6699,2026-01-24 13:08:03,41.3,4,20,26,43.205199,-2.883593,DELIVERED,47,CLEAR,HIGH
6700,2026-01-27 21:51:59,66.89,5,18,16,43.272949,-2.945784,DELIVERED,17,CLEAR,MEDIUM
6701,2026-01-27 14:47:25,44.63,3,25,15,43.207311,-2.979643,DELIVERED,17,CLEAR,MEDIUM
6702,2026-01-05 21:53:02,22.94,1,39,29,43.279015,-2.987135,DELIVERED,9,CLEAR,HIGH
6703,2026-01-11 09:44:27,64.3,5,14,28,43.235774,-2.938443,DELIVERED,35,CLEAR,HIGH
6704,2026-01-11 17:42:20,24.92,2,16,16,43.280392,-2.962417,DELIVERED,11,CLEAR,MEDIUM
6705,2026-01-17 08:28:12,47.43,4,14,21,43.239513,-2.94159,DELIVERED,3,WIND,HIGH
6706,2026-01-15 00:52:21,22.17,2,18,22,43.207678,-2.931261,DELIVERED,45,CLEAR,MEDIUM
6707,2026-01-19 13:36:01,74.87,4,38,24,43.294378,-2.904013,DELIVERED,18,RAIN,MEDIUM
6708,2026-01-26 22:11:32,74.47,6,29,22,43.277943,-2.949486,DELIVERED,29,CLEAR,MEDIUM
6709,2026-01-23 23:56:28,12.99,1,20,13,43.248715,-2.929031,DELIVERED,35,CLEAR,LOW
6710,2026-01-26 07:23:47,12.37,1,14,13,43.202622,-2.939473,DELIVERED,46,CLEAR,LOW
6711,2026-01-28 22:24:41,12.59,1,20,33,43.230841,-2.885806,DELIVERED,7,RAIN,MEDIUM
6712,2026-01-26 02:04:35,41.55,3,21,18,43.270555,-2.896638,DELIVERED,25,RAIN,LOW
6713,2026-01-25 13:50:29,41.59,3,32,21,43.243818,-2.925931,DELIVERED,14,CLEAR,MEDIUM
6714,2026-01-07 06:54:28,43.03,5,10,22,43.294034,-2.921782,DELIVERED,7,CLEAR,MEDIUM
6715,2026-01-31 22:42:48,24.99,2,18,29,43.299975,-2.941575,DELIVERED,20,RAIN,HIGH
6716,2026-01-27 20:25:09,53.08,4,19,26,43.229971,-2.912515,DELIVERED,39,RAIN,MEDIUM
6717,2026-01-03 14:10:43,23.84,2,17,28,43.253013,-2.902796,DELIVERED,50,WIND,HIGH
6718,2026-01-18 22:53:35,40.73,3,22,20,43.276031,-2.943735,DELIVERED,24,RAIN,MEDIUM
6719,2026-01-26 22:00:33,52.82,6,17,24,43.212227,-2.958307,DELIVERED,49,CLEAR,HIGH
6720,2026-01-22 15:19:40,74.81,5,19,26,43.284879,-2.931529,DELIVERED,48,RAIN,HIGH
6721,2026-01-17 15:20:39,12.6,1,13,14,43.25361,-2.888446,DELIVERED,44,CLEAR,MEDIUM
6722,2026-01-07 23:13:31,30.24,2,29,14,43.212209,-2.905028,DELIVERED,12,CLEAR,LOW
6723,2026-01-23 23:13:35,88.23,6,28,19,43.2297,-2.902937,DELIVERED,12,CLEAR,MEDIUM
6724,2026-01-08 03:05:30,60.83,4,21,17,43.272234,-2.914306,DELIVERED,32,CLEAR,LOW
6725,2026-01-02 21:20:25,8.45,1,23,28,43.206305,-2.952046,DELIVERED,20,CLEAR,HIGH
6726,2026-01-28 12:53:02,12.66,1,12,17,43.202609,-2.97592,CANCELLED,20,CLEAR,MEDIUM
6727,2026-01-28 13:54:50,70.41,5,31,26,43.212126,-2.933317,DELIVERED,48,RAIN,MEDIUM
6728,2026-01-09 13:44:31,28.65,3,18,31,43.208028,-2.922318,DELIVERED,50,CLEAR,HIGH
6729,2026-01-13 02:32:32,27.71,2,25,14,43.258125,-2.941767,DELIVERED,14,CLEAR,LOW
6730,2026-01-15 10:51:56,31.22,3,18,21,43.222905,-2.943052,DELIVERED,31,CLEAR,MEDIUM
6731,2026-01-25 21:14:38,38.03,3,23,24,43.269331,-2.952977,DELIVERED,45,WIND,HIGH
6732,2026-01-15 13:12:48,72.85,4,26,26,43.26998,-2.880936,DELIVERED,36,CLEAR,HIGH
6733,2026-01-24 21:27:58,61.62,4,29,18,43.266735,-2.948595,DELIVERED,32,CLEAR,HIGH
6734,2026-01-31 02:56:37,65.47,5,19,13,43.285269,-2.945329,DELIVERED,45,CLEAR,LOW
6735,2026-01-09 21:50:14,37.33,3,25,25,43.236822,-2.93527,DELIVERED,39,WIND,HIGH
6736,2026-01-30 13:35:03,58.76,6,21,23,43.272692,-2.938643,DELIVERED,30,WIND,HIGH
6737,2026-01-29 22:39:21,55.9,6,20,35,43.28187,-2.905894,DELIVERED,31,RAIN,HIGH
6738,2026-01-16 20:26:05,24.45,2,16,13,43.251333,-2.922252,DELIVERED,38,CLEAR,LOW
6739,2026-01-29 15:25:02,112.36,6,22,15,43.204971,-2.897462,DELIVERED,10,CLEAR,LOW
6740,2026-01-11 10:12:33,23.29,2,24,18,43.272949,-2.925821,DELIVERED,22,CLEAR,LOW
6741,2026-01-24 23:04:50,60.87,4,19,11,43.232652,-2.983425,DELIVERED,25,CLEAR,LOW
6742,2026-01-30 22:40:16,29.46,3,19,21,43.298906,-2.918378,DELIVERED,41,CLEAR,HIGH
6743,2026-01-22 21:58:54,15.95,1,24,19,43.224838,-2.961227,CANCELLED,27,CLEAR,MEDIUM
6744,2026-01-04 14:12:28,29.07,2,19,21,43.24723,-2.892142,DELIVERED,27,CLEAR,HIGH
6745,2026-01-20 14:22:07,74.35,4,27,18,43.285717,-2.920314,DELIVERED,10,CLEAR,HIGH
6746,2026-01-21 22:48:17,14.3,1,28,25,43.254332,-2.976381,DELIVERED,11,RAIN,MEDIUM
6747,2026-01-11 21:45:19,37.27,3,23,20,43.240162,-2.984734,DELIVERED,40,RAIN,MEDIUM
6748,2026-01-05 14:06:28,41.74,2,33,27,43.203225,-2.921622,DELIVERED,18,CLEAR,HIGH
6749,2026-01-31 16:10:02,14.04,1,8,21,43.284144,-2.880278,DELIVERED,15,CLEAR,MEDIUM
6750,2026-01-13 17:27:44,12.63,1,19,22,43.237151,-2.984666,DELIVERED,45,CLEAR,MEDIUM
6751,2026-01-09 21:52:36,108.36,6,31,26,43.275979,-2.893063,DELIVERED,33,CLEAR,HIGH
6752,2026-01-10 12:31:37,63.06,5,18,12,43.288101,-2.893008,DELIVERED,5,CLEAR,LOW
6753,2026-01-07 14:35:20,82.05,6,27,19,43.270216,-2.947448,CANCELLED,11,CLEAR,HIGH
6754,2026-01-08 13:02:52,75.17,5,21,27,43.249012,-2.973043,DELIVERED,13,WIND,HIGH
6755,2026-01-17 20:16:17,44.81,3,22,19,43.263843,-2.941729,CANCELLED,25,RAIN,LOW
6756,2026-01-22 10:03:50,14.22,1,11,19,43.200632,-2.98287,DELIVERED,43,CLEAR,HIGH
6757,2026-01-22 12:00:01,22.2,1,30,11,43.212706,-2.917044,DELIVERED,33,CLEAR,LOW
6758,2026-01-30 12:40:15,60.44,4,23,15,43.272877,-2.963779,DELIVERED,12,CLEAR,MEDIUM
6759,2026-01-20 22:56:59,54.34,4,22,25,43.282202,-2.958682,DELIVERED,42,WIND,MEDIUM
6760,2026-01-28 14:33:45,66.05,5,23,16,43.234238,-2.894484,DELIVERED,17,CLEAR,MEDIUM
6761,2026-01-28 21:42:08,39.22,4,20,23,43.245795,-2.91193,DELIVERED,47,WIND,HIGH
6762,2026-01-15 20:14:24,82.77,6,20,19,43.273363,-2.899317,DELIVERED,38,CLEAR,LOW
6763,2026-01-07 09:14:00,58.14,6,14,22,43.252763,-2.956505,DELIVERED,37,CLEAR,MEDIUM
6764,2026-01-03 21:52:26,31.85,3,25,22,43.299963,-2.972973,DELIVERED,19,CLEAR,HIGH
6765,2026-01-03 23:12:53,22.92,2,11,13,43.203402,-2.960312,DELIVERED,7,CLEAR,LOW
6766,2026-01-15 13:52:23,51.67,4,25,20,43.240587,-2.943027,DELIVERED,46,CLEAR,HIGH
6767,2026-01-02 14:55:49,55.82,3,32,24,43.274579,-2.950633,DELIVERED,36,CLEAR,HIGH
6768,2026-01-08 13:25:46,76.42,4,29,22,43.26857,-2.971842,DELIVERED,36,CLEAR,MEDIUM
6769,2026-01-26 14:39:35,58.73,5,34,14,43.241006,-2.922784,DELIVERED,29,CLEAR,MEDIUM
6770,2026-01-17 15:22:45,39.45,2,28,10,43.279629,-2.981128,DELIVERED,9,CLEAR,LOW
6771,2026-01-13 07:27:51,18.56,2,13,17,43.285315,-2.960063,DELIVERED,15,CLEAR,MEDIUM
6772,2026-01-24 22:40:24,57.56,6,22,17,43.22902,-2.988306,CANCELLED,16,CLEAR,HIGH
6773,2026-01-12 14:10:49,46.16,3,29,18,43.217919,-2.908312,DELIVERED,14,CLEAR,MEDIUM
6774,2026-01-01 23:41:52,56.47,6,13,18,43.274797,-2.892713,DELIVERED,7,WIND,MEDIUM
6775,2026-01-09 13:47:49,20.66,1,28,16,43.23616,-2.935924,DELIVERED,6,CLEAR,MEDIUM
6776,2026-01-26 21:45:34,40.22,3,29,22,43.294291,-2.977542,DELIVERED,34,CLEAR,MEDIUM
6777,2026-01-13 12:12:00,73.36,4,25,18,43.261976,-2.939676,DELIVERED,10,CLEAR,MEDIUM
6778,2026-01-10 20:00:15,44.55,3,23,10,43.226382,-2.892435,DELIVERED,12,CLEAR,LOW
6779,2026-01-03 21:42:51,78.42,6,22,16,43.247001,-2.975451,CANCELLED,42,CLEAR,MEDIUM
6780,2026-01-17 19:16:56,58.04,5,16,18,43.285959,-2.936826,DELIVERED,5,CLEAR,MEDIUM
6781,2026-01-16 21:32:11,59.16,5,24,28,43.260629,-2.880585,CANCELLED,45,WIND,HIGH
6782,2026-01-16 22:24:13,15.24,1,29,29,43.292269,-2.914721,DELIVERED,12,CLEAR,HIGH
6783,2026-01-29 05:17:45,22.68,2,15,10,43.291004,-2.935884,DELIVERED,35,CLEAR,LOW
6784,2026-01-07 20:40:51,61.65,5,18,10,43.283072,-2.94806,DELIVERED,24,CLEAR,LOW
6785,2026-01-07 17:26:16,40.45,4,19,13,43.256064,-2.97527,DELIVERED,21,CLEAR,LOW
6786,2026-01-23 15:33:41,32.79,3,7,20,43.283261,-2.9186,DELIVERED,43,CLEAR,MEDIUM
6787,2026-01-03 01:50:05,15.29,1,14,17,43.261549,-2.928373,DELIVERED,41,CLEAR,HIGH
6788,2026-01-29 12:24:28,11.16,1,20,17,43.218098,-2.8877,DELIVERED,11,CLEAR,LOW
6789,2026-01-22 14:55:03,72.64,4,30,16,43.287124,-2.932656,DELIVERED,36,CLEAR,MEDIUM
6790,2026-01-29 13:37:52,28.55,2,37,25,43.228132,-2.988824,DELIVERED,2,WIND,HIGH
6791,2026-01-31 13:06:00,74.95,6,39,26,43.278583,-2.888445,DELIVERED,2,WIND,HIGH
6792,2026-01-09 13:18:50,74.17,4,37,20,43.251524,-2.916346,CANCELLED,23,CLEAR,MEDIUM
6793,2026-01-03 22:02:30,13.4,1,14,24,43.298895,-2.937026,DELIVERED,44,CLEAR,HIGH
6794,2026-01-06 21:29:54,55.63,4,21,31,43.284319,-2.9496,DELIVERED,48,RAIN,HIGH
6795,2026-01-02 04:55:39,41.18,3,25,18,43.227849,-2.89827,DELIVERED,2,CLEAR,LOW
6796,2026-01-01 15:06:42,83.58,6,18,18,43.286185,-2.915599,DELIVERED,1,CLEAR,LOW
6797,2026-01-12 12:45:07,23.23,2,19,28,43.250228,-2.929946,DELIVERED,4,CLEAR,HIGH
6798,2026-01-25 02:26:24,30.37,2,21,17,43.285618,-2.923858,DELIVERED,13,CLEAR,LOW
6799,2026-01-09 13:43:30,17.41,1,22,25,43.274319,-2.930292,DELIVERED,40,WIND,MEDIUM
6800,2026-01-31 02:21:15,80.87,6,15,18,43.27057,-2.928855,DELIVERED,8,CLEAR,LOW
6801,2026-01-31 18:08:43,71.11,4,25,20,43.271572,-2.983671,DELIVERED,6,CLEAR,LOW
6802,2026-01-09 21:03:50,52.59,5,23,27,43.285707,-2.967726,DELIVERED,26,CLEAR,HIGH
6803,2026-01-03 18:33:42,41.43,2,31,18,43.231732,-2.960278,DELIVERED,18,CLEAR,LOW
6804,2026-01-17 21:19:08,77.79,4,39,19,43.272823,-2.978675,DELIVERED,9,CLEAR,MEDIUM
6805,2026-01-06 06:37:34,44.9,3,17,18,43.270199,-2.947257,DELIVERED,32,CLEAR,MEDIUM
6806,2026-01-15 21:17:29,58.46,6,19,19,43.25237,-2.900527,DELIVERED,16,CLEAR,HIGH
6807,2026-01-06 20:19:15,34.54,3,10,18,43.241883,-2.898883,DELIVERED,15,CLEAR,MEDIUM
6808,2026-01-16 21:23:29,44.0,4,20,28,43.271548,-2.960052,DELIVERED,15,CLEAR,HIGH
6809,2026-01-05 14:46:07,54.49,6,17,17,43.251958,-2.913561,DELIVERED,7,CLEAR,MEDIUM
6810,2026-01-21 13:10:10,75.87,5,30,21,43.25048,-2.919958,DELIVERED,13,WIND,MEDIUM
6811,2026-01-29 06:29:45,17.0,1,20,14,43.207008,-2.8819,DELIVERED,48,CLEAR,LOW
6812,2026-01-15 22:10:06,41.34,3,21,35,43.275207,-2.930905,CANCELLED,5,RAIN,HIGH
6813,2026-01-10 23:55:02,41.83,4,11,22,43.212851,-2.89123,DELIVERED,44,CLEAR,HIGH
6814,2026-01-09 13:01:15,16.15,1,28,30,43.260702,-2.973882,DELIVERED,48,CLEAR,HIGH
6815,2026-01-11 21:43:13,10.6,1,26,21,43.272913,-2.914421,DELIVERED,19,RAIN,MEDIUM
6816,2026-01-25 15:51:56,43.37,4,17,16,43.263884,-2.929987,DELIVERED,41,CLEAR,HIGH
6817,2026-01-01 15:34:20,52.91,3,29,21,43.222594,-2.953222,DELIVERED,9,CLEAR,MEDIUM
6818,2026-01-16 23:31:34,74.06,5,20,17,43.299355,-2.937911,DELIVERED,1,RAIN,LOW
6819,2026-01-03 08:14:08,73.77,5,26,22,43.275219,-2.896706,DELIVERED,14,CLEAR,MEDIUM
6820,2026-01-14 20:05:04,49.02,4,19,17,43.28312,-2.961587,DELIVERED,3,RAIN,LOW
6821,2026-01-03 14:11:24,61.71,6,13,30,43.275033,-2.913597,DELIVERED,30,WIND,MEDIUM
6822,2026-01-05 23:20:20,16.37,1,15,14,43.229351,-2.967173,DELIVERED,27,CLEAR,LOW
6823,2026-01-12 12:52:56,63.75,6,17,18,43.266245,-2.981863,DELIVERED,41,CLEAR,LOW
6824,2026-01-28 14:49:12,60.1,4,31,20,43.27077,-2.925321,CANCELLED,12,CLEAR,MEDIUM
6825,2026-01-25 23:13:30,44.96,4,17,23,43.207332,-2.943647,DELIVERED,41,CLEAR,HIGH
6826,2026-01-04 13:32:50,25.68,2,20,29,43.206917,-2.937364,DELIVERED,42,CLEAR,HIGH
6827,2026-01-10 19:02:14,111.26,6,26,13,43.284815,-2.950942,DELIVERED,33,CLEAR,LOW
6828,2026-01-21 21:01:20,76.18,6,27,20,43.207492,-2.899425,DELIVERED,34,CLEAR,MEDIUM
6829,2026-01-27 21:11:35,12.85,1,38,20,43.296296,-2.894329,DELIVERED,22,CLEAR,MEDIUM
6830,2026-01-29 21:33:06,36.45,4,25,27,43.226906,-2.951615,DELIVERED,7,RAIN,MEDIUM
6831,2026-01-08 13:37:36,22.49,2,21,17,43.215388,-2.965679,DELIVERED,3,CLEAR,MEDIUM
6832,2026-01-20 14:36:13,45.41,4,20,19,43.223888,-2.960261,DELIVERED,41,CLEAR,MEDIUM
6833,2026-01-22 12:35:08,46.23,3,21,23,43.263193,-2.907161,DELIVERED,48,RAIN,MEDIUM
6834,2026-01-20 23:51:16,58.18,4,17,12,43.265911,-2.960457,DELIVERED,13,CLEAR,LOW
6835,2026-01-31 20:07:02,22.31,2,21,22,43.264279,-2.986917,DELIVERED,19,RAIN,MEDIUM
6836,2026-01-29 12:37:57,23.15,1,28,15,43.261681,-2.911944,DELIVERED,23,CLEAR,MEDIUM
6837,2026-01-03 12:41:49,94.97,5,32,24,43.264593,-2.974064,DELIVERED,18,RAIN,LOW
6838,2026-01-09 18:06:27,79.9,6,12,15,43.211936,-2.941111,DELIVERED,27,CLEAR,MEDIUM
6839,2026-01-26 14:15:48,65.57,5,28,34,43.287201,-2.980414,DELIVERED,5,RAIN,HIGH
6840,2026-01-06 23:55:38,16.53,1,16,17,43.267942,-2.961401,DELIVERED,40,RAIN,LOW
6841,2026-01-09 15:55:50,91.73,5,23,34,43.210849,-2.964345,DELIVERED,36,RAIN,HIGH
6842,2026-01-10 14:36:06,22.66,2,19,22,43.229535,-2.891203,DELIVERED,3,CLEAR,HIGH
6843,2026-01-29 23:35:04,48.03,4,19,20,43.213838,-2.963309,CANCELLED,34,CLEAR,LOW
6844,2026-01-13 13:26:42,16.6,1,32,24,43.222394,-2.93165,DELIVERED,23,WIND,HIGH
6845,2026-01-10 21:20:30,27.84,2,23,26,43.274711,-2.899075,DELIVERED,11,CLEAR,HIGH
6846,2026-01-30 23:06:02,34.86,3,13,22,43.28794,-2.906237,DELIVERED,47,CLEAR,HIGH
6847,2026-01-13 23:56:33,32.09,2,17,20,43.237678,-2.898553,CANCELLED,13,CLEAR,LOW
6848,2026-01-17 23:16:29,58.34,6,10,21,43.238913,-2.957249,DELIVERED,15,WIND,LOW
6849,2026-01-26 01:50:58,107.64,6,20,14,43.253648,-2.986643,DELIVERED,6,CLEAR,LOW
6850,2026-01-26 23:45:13,53.08,6,7,13,43.216761,-2.970567,DELIVERED,43,CLEAR,LOW
6851,2026-01-18 06:37:36,19.42,2,18,18,43.206057,-2.987592,DELIVERED,4,CLEAR,HIGH
6852,2026-01-08 13:44:19,70.92,5,21,36,43.249171,-2.899271,DELIVERED,38,RAIN,HIGH
6853,2026-01-31 22:18:39,70.21,5,24,24,43.259105,-2.925799,DELIVERED,1,CLEAR,HIGH
6854,2026-01-01 12:37:45,30.44,3,18,16,43.234741,-2.881636,DELIVERED,4,CLEAR,LOW
6855,2026-01-31 06:17:27,63.28,5,28,14,43.237871,-2.953532,DELIVERED,2,CLEAR,LOW
6856,2026-01-29 13:03:12,38.32,4,32,30,43.237078,-2.894979,DELIVERED,26,RAIN,HIGH
6857,2026-01-09 14:25:37,41.57,4,16,17,43.22988,-2.947876,DELIVERED,37,CLEAR,HIGH
6858,2026-01-10 05:33:05,38.68,3,20,26,43.290926,-2.956944,DELIVERED,45,RAIN,MEDIUM
6859,2026-01-11 17:34:11,85.09,6,17,12,43.276082,-2.956256,DELIVERED,1,CLEAR,LOW
6860,2026-01-02 07:28:33,28.72,2,14,10,43.206574,-2.958492,DELIVERED,35,CLEAR,LOW
6861,2026-01-18 08:18:45,69.54,5,17,15,43.213472,-2.89206,DELIVERED,46,CLEAR,LOW
6862,2026-01-12 03:22:25,38.58,3,17,19,43.24675,-2.975427,DELIVERED,5,CLEAR,MEDIUM
6863,2026-01-21 13:54:39,73.93,6,23,28,43.204984,-2.987512,DELIVERED,5,CLEAR,HIGH
6864,2026-01-29 20:36:09,110.93,6,32,19,43.221091,-2.918711,DELIVERED,18,CLEAR,LOW
6865,2026-01-25 13:38:03,91.34,5,27,23,43.246423,-2.963769,DELIVERED,36,CLEAR,MEDIUM
6866,2026-01-30 01:05:12,22.26,2,15,17,43.2199,-2.913442,DELIVERED,41,CLEAR,HIGH
6867,2026-01-24 12:03:05,70.98,5,17,24,43.241853,-2.920382,DELIVERED,46,RAIN,MEDIUM
6868,2026-01-23 21:43:55,77.78,6,25,28,43.220594,-2.912952,DELIVERED,38,WIND,HIGH
6869,2026-01-18 06:30:21,12.51,1,16,20,43.211865,-2.988396,DELIVERED,7,CLEAR,HIGH
6870,2026-01-15 13:53:46,37.66,4,17,30,43.281316,-2.923064,DELIVERED,37,CLEAR,HIGH
6871,2026-01-17 20:40:36,57.77,3,21,13,43.215534,-2.985685,DELIVERED,36,CLEAR,MEDIUM
6872,2026-01-10 10:11:55,8.22,1,10,20,43.282174,-2.888043,DELIVERED,15,RAIN,LOW
6873,2026-01-30 13:39:23,56.64,6,24,20,43.212529,-2.902507,DELIVERED,21,CLEAR,MEDIUM
6874,2026-01-18 14:43:19,39.26,2,42,33,43.23544,-2.964446,DELIVERED,9,RAIN,HIGH
6875,2026-01-17 09:38:25,107.45,6,24,19,43.258556,-2.950719,DELIVERED,10,CLEAR,LOW
6876,2026-01-24 22:58:26,48.76,4,31,21,43.248246,-2.954513,CANCELLED,24,CLEAR,HIGH
6877,2026-01-15 20:55:00,36.48,4,12,18,43.244741,-2.958111,DELIVERED,31,CLEAR,LOW
6878,2026-01-16 04:15:07,31.37,3,14,14,43.245415,-2.902911,DELIVERED,20,CLEAR,LOW
6879,2026-01-17 15:40:50,73.46,6,20,14,43.248089,-2.971109,DELIVERED,5,CLEAR,LOW
6880,2026-01-30 08:45:08,10.19,1,20,10,43.29166,-2.896085,DELIVERED,34,CLEAR,LOW
6881,2026-01-17 21:45:59,72.32,5,30,21,43.202212,-2.905689,DELIVERED,12,CLEAR,HIGH
6882,2026-01-30 22:03:09,50.93,4,21,19,43.281226,-2.918323,DELIVERED,11,CLEAR,MEDIUM
6883,2026-01-26 03:04:17,15.14,1,12,14,43.203914,-2.913187,DELIVERED,47,CLEAR,LOW
6884,2026-01-22 21:53:42,108.42,6,42,26,43.216327,-2.899355,DELIVERED,9,RAIN,HIGH
6885,2026-01-26 18:25:53,52.4,4,15,15,43.274876,-2.914232,DELIVERED,40,CLEAR,MEDIUM
6886,2026-01-03 14:05:08,33.19,2,24,28,43.24157,-2.956244,DELIVERED,25,RAIN,HIGH
6887,2026-01-13 14:53:13,44.11,4,21,23,43.28334,-2.920647,DELIVERED,20,RAIN,MEDIUM
6888,2026-01-24 12:36:47,58.32,6,15,11,43.208109,-2.953521,DELIVERED,21,CLEAR,LOW
6889,2026-01-22 13:54:59,108.6,6,24,24,43.221607,-2.988066,DELIVERED,6,CLEAR,HIGH
6890,2026-01-05 08:11:07,33.4,3,13,28,43.240956,-2.907273,DELIVERED,44,RAIN,LOW
6891,2026-01-29 21:40:01,41.74,4,14,27,43.263127,-2.942863,CANCELLED,49,CLEAR,HIGH
6892,2026-01-05 21:29:19,51.85,4,26,17,43.228384,-2.907576,CANCELLED,42,CLEAR,HIGH
6893,2026-01-29 13:12:24,12.5,1,28,27,43.212299,-2.921169,DELIVERED,2,CLEAR,HIGH
6894,2026-01-31 21:26:22,88.11,5,34,26,43.207229,-2.941308,CANCELLED,36,CLEAR,HIGH
6895,2026-01-21 16:05:33,73.03,4,30,13,43.251291,-2.976887,DELIVERED,23,CLEAR,LOW
6896,2026-01-30 13:52:16,76.38,4,40,19,43.281724,-2.899178,DELIVERED,9,CLEAR,HIGH
6897,2026-01-11 05:14:03,58.96,5,18,14,43.266657,-2.974102,DELIVERED,5,CLEAR,MEDIUM
6898,2026-01-26 23:07:55,91.1,5,29,19,43.260994,-2.929045,DELIVERED,23,CLEAR,LOW
6899,2026-01-10 14:51:57,77.16,6,21,30,43.24732,-2.949939,DELIVERED,38,CLEAR,HIGH
6900,2026-01-21 01:54:19,77.72,6,20,25,43.218126,-2.929431,DELIVERED,5,WIND,MEDIUM
6901,2026-01-28 13:37:47,34.35,3,22,27,43.249305,-2.971326,DELIVERED,26,CLEAR,HIGH
6902,2026-01-10 23:12:21,52.49,5,10,13,43.259116,-2.946061,CANCELLED,44,CLEAR,LOW
6903,2026-01-28 22:39:32,29.13,2,24,14,43.209097,-2.915175,DELIVERED,11,WIND,MEDIUM
6904,2026-01-26 07:50:47,73.38,5,20,10,43.245659,-2.888865,DELIVERED,25,CLEAR,LOW
6905,2026-01-14 15:09:07,33.54,3,18,18,43.240278,-2.927818,DELIVERED,47,CLEAR,MEDIUM
6906,2026-01-29 14:17:51,40.75,4,20,23,43.246119,-2.987436,DELIVERED,30,WIND,MEDIUM
6907,2026-01-15 13:47:22,25.39,2,26,27,43.262781,-2.892333,DELIVERED,45,CLEAR,HIGH
6908,2026-01-09 11:32:13,41.77,4,8,30,43.289756,-2.91143,DELIVERED,37,RAIN,MEDIUM
6909,2026-01-08 13:55:24,53.13,4,26,26,43.272619,-2.956591,DELIVERED,11,CLEAR,HIGH
6910,2026-01-12 23:21:46,50.94,4,15,22,43.291458,-2.970079,DELIVERED,8,WIND,MEDIUM
6911,2026-01-11 05:52:09,93.36,5,30,25,43.288208,-2.901244,DELIVERED,9,RAIN,MEDIUM
6912,2026-01-28 13:18:31,81.95,6,17,21,43.209165,-2.982323,DELIVERED,17,CLEAR,HIGH
6913,2026-01-21 15:10:02,34.43,3,15,20,43.22478,-2.931831,CANCELLED,45,WIND,LOW
6914,2026-01-17 23:09:53,56.8,3,31,18,43.27251,-2.900202,DELIVERED,33,CLEAR,LOW
6915,2026-01-24 06:47:55,41.1,3,17,12,43.255518,-2.976086,DELIVERED,39,CLEAR,LOW
6916,2026-01-31 12:20:24,18.47,1,25,17,43.218036,-2.989722,DELIVERED,33,CLEAR,LOW
6917,2026-01-06 23:17:30,47.33,5,17,19,43.269757,-2.98291,DELIVERED,21,CLEAR,MEDIUM
6918,2026-01-19 21:08:27,63.89,6,25,20,43.281431,-2.887977,DELIVERED,20,RAIN,MEDIUM
6919,2026-01-08 14:04:39,41.57,3,29,27,43.214652,-2.946441,DELIVERED,29,RAIN,HIGH
6920,2026-01-26 20:00:36,25.1,3,11,13,43.259262,-2.901145,DELIVERED,43,CLEAR,LOW
6921,2026-01-27 22:02:46,20.5,2,17,19,43.204475,-2.97378,DELIVERED,49,CLEAR,MEDIUM
6922,2026-01-05 22:39:02,52.42,4,32,13,43.201276,-2.985824,DELIVERED,22,CLEAR,MEDIUM
6923,2026-01-03 13:44:33,64.64,6,26,24,43.282282,-2.952727,DELIVERED,4,RAIN,MEDIUM
6924,2026-01-31 14:02:44,18.9,1,38,26,43.209642,-2.950071,DELIVERED,33,CLEAR,HIGH
6925,2026-01-23 21:05:43,22.27,1,37,26,43.221329,-2.880062,DELIVERED,18,CLEAR,HIGH
6926,2026-01-08 13:35:09,37.77,3,19,26,43.204968,-2.949421,DELIVERED,45,CLEAR,HIGH
6927,2026-01-03 13:41:57,28.25,2,32,14,43.262644,-2.93316,DELIVERED,22,CLEAR,MEDIUM
6928,2026-01-21 13:30:51,21.0,2,19,26,43.230289,-2.88369,DELIVERED,47,CLEAR,HIGH
6929,2026-01-18 19:20:52,55.36,5,10,19,43.271907,-2.909439,DELIVERED,44,CLEAR,LOW
6930,2026-01-24 20:20:25,12.88,1,13,20,43.286158,-2.948408,DELIVERED,20,CLEAR,MEDIUM
6931,2026-01-20 19:44:00,38.45,3,17,15,43.26358,-2.951889,DELIVERED,24,CLEAR,LOW
6932,2026-01-04 08:21:12,13.81,1,14,15,43.218188,-2.954357,DELIVERED,37,CLEAR,LOW
6933,2026-01-04 21:44:59,14.29,1,20,17,43.271828,-2.979388,DELIVERED,17,CLEAR,MEDIUM
6934,2026-01-19 01:20:04,76.78,6,17,14,43.217016,-2.888712,DELIVERED,35,CLEAR,MEDIUM
6935,2026-01-11 13:12:20,41.86,3,29,27,43.265099,-2.915034,DELIVERED,3,CLEAR,HIGH
6936,2026-01-27 12:47:14,28.1,2,21,11,43.280524,-2.881069,DELIVERED,29,CLEAR,LOW
6937,2026-01-20 11:13:38,31.06,3,12,14,43.217934,-2.884663,DELIVERED,15,CLEAR,LOW
6938,2026-01-30 15:29:02,64.2,5,22,25,43.288021,-2.985866,DELIVERED,24,RAIN,LOW
6939,2026-01-21 00:18:46,12.12,1,14,29,43.299313,-2.922995,DELIVERED,40,RAIN,MEDIUM
6940,2026-01-05 23:15:13,47.52,5,11,20,43.228386,-2.923787,DELIVERED,37,CLEAR,LOW
6941,2026-01-04 23:47:31,14.09,1,12,20,43.292841,-2.941338,DELIVERED,15,CLEAR,LOW
6942,2026-01-04 14:51:16,69.24,5,20,26,43.281361,-2.96804,DELIVERED,17,WIND,HIGH
6943,2026-01-14 12:19:11,9.86,1,10,21,43.215425,-2.905994,DELIVERED,15,CLEAR,MEDIUM
6944,2026-01-18 01:54:10,11.96,1,10,14,43.20372,-2.949877,CANCELLED,30,CLEAR,LOW
6945,2026-01-09 15:23:56,23.79,1,22,25,43.293664,-2.947309,DELIVERED,36,RAIN,MEDIUM
6946,2026-01-23 14:31:41,70.62,5,37,19,43.257444,-2.889195,DELIVERED,14,CLEAR,MEDIUM
6947,2026-01-05 04:45:10,68.64,5,15,21,43.206628,-2.973054,CANCELLED,46,CLEAR,MEDIUM
6948,2026-01-16 02:51:32,26.84,2,24,21,43.23962,-2.899495,DELIVERED,29,WIND,MEDIUM
6949,2026-01-05 14:58:01,86.97,6,33,28,43.215247,-2.93928,DELIVERED,14,CLEAR,HIGH
6950,2026-01-16 13:35:23,56.91,3,36,28,43.23501,-2.92252,CANCELLED,23,CLEAR,HIGH
6951,2026-01-16 23:43:00,18.97,2,10,20,43.23588,-2.890678,CANCELLED,7,CLEAR,LOW
6952,2026-01-19 12:51:40,58.91,4,19,16,43.264668,-2.901856,DELIVERED,48,WIND,LOW
6953,2026-01-25 12:18:34,52.24,4,21,12,43.229904,-2.974586,DELIVERED,5,CLEAR,LOW
6954,2026-01-02 14:44:15,37.9,3,26,19,43.207951,-2.88923,DELIVERED,3,CLEAR,HIGH
6955,2026-01-30 21:12:58,29.87,2,24,25,43.202367,-2.917077,DELIVERED,39,WIND,HIGH
6956,2026-01-26 21:22:50,26.01,2,25,37,43.237462,-2.914958,DELIVERED,5,RAIN,HIGH
6957,2026-01-23 16:56:28,44.31,3,18,10,43.227184,-2.905202,DELIVERED,13,CLEAR,LOW
6958,2026-01-14 18:28:14,67.87,5,17,18,43.291063,-2.945663,DELIVERED,42,RAIN,MEDIUM
6959,2026-01-21 21:26:53,62.63,6,21,29,43.201415,-2.889558,DELIVERED,47,CLEAR,HIGH
6960,2026-01-24 15:55:52,60.59,4,15,18,43.214888,-2.90991,DELIVERED,1,CLEAR,MEDIUM
6961,2026-01-26 23:54:03,40.54,4,13,16,43.287767,-2.935714,DELIVERED,7,CLEAR,LOW
6962,2026-01-20 22:11:46,33.54,3,22,23,43.293807,-2.95759,DELIVERED,19,RAIN,HIGH
6963,2026-01-10 00:52:51,8.94,1,17,15,43.246021,-2.960617,DELIVERED,41,CLEAR,MEDIUM
6964,2026-01-31 13:05:18,51.98,5,25,27,43.271838,-2.925521,CANCELLED,20,CLEAR,HIGH
6965,2026-01-06 14:19:28,31.41,3,18,14,43.276215,-2.903804,DELIVERED,43,CLEAR,MEDIUM
6966,2026-01-11 22:15:05,10.15,1,21,18,43.233,-2.932851,DELIVERED,44,CLEAR,HIGH
6967,2026-01-28 02:50:57,21.57,2,16,16,43.272737,-2.961848,DELIVERED,16,CLEAR,LOW
6968,2026-01-01 22:32:09,23.29,2,21,22,43.269677,-2.960412,CANCELLED,4,CLEAR,HIGH
6969,2026-01-23 23:52:58,59.29,4,17,13,43.243203,-2.880417,DELIVERED,13,CLEAR,LOW
6970,2026-01-18 01:14:51,63.19,5,18,23,43.230013,-2.923302,DELIVERED,17,CLEAR,HIGH
6971,2026-01-26 02:16:15,74.79,5,20,11,43.263603,-2.886727,CANCELLED,25,CLEAR,LOW
6972,2026-01-22 13:14:56,25.08,2,26,24,43.248979,-2.909689,DELIVERED,19,CLEAR,HIGH
6973,2026-01-29 05:04:25,12.69,1,27,25,43.219583,-2.890556,DELIVERED,2,WIND,MEDIUM
6974,2026-01-16 02:59:48,43.75,5,14,26,43.282249,-2.959503,DELIVERED,16,CLEAR,HIGH
6975,2026-01-07 21:11:34,10.51,1,21,29,43.22256,-2.958354,DELIVERED,16,CLEAR,HIGH
6976,2026-01-19 20:16:23,58.1,6,15,13,43.224382,-2.952666,DELIVERED,41,CLEAR,MEDIUM
6977,2026-01-14 22:44:42,45.33,4,21,25,43.215628,-2.910506,DELIVERED,30,CLEAR,HIGH
6978,2026-01-27 13:25:46,57.51,3,33,26,43.240454,-2.984195,DELIVERED,23,CLEAR,HIGH
6979,2026-01-03 22:30:40,17.46,1,38,25,43.258284,-2.952148,DELIVERED,22,RAIN,HIGH
6980,2026-01-24 10:08:15,57.57,4,19,17,43.279205,-2.968794,DELIVERED,38,CLEAR,LOW
6981,2026-01-27 12:17:40,17.66,1,27,18,43.274782,-2.981967,DELIVERED,22,WIND,LOW
6982,2026-01-10 12:11:08,74.42,4,20,15,43.263366,-2.908544,DELIVERED,10,CLEAR,LOW
6983,2026-01-19 06:25:55,34.01,4,13,20,43.227136,-2.975641,DELIVERED,7,CLEAR,MEDIUM
6984,2026-01-20 14:58:16,37.32,3,30,19,43.296384,-2.905758,DELIVERED,38,CLEAR,MEDIUM
6985,2026-01-24 00:07:30,64.92,5,20,18,43.248682,-2.929847,DELIVERED,39,CLEAR,LOW
6986,2026-01-03 13:09:24,21.92,2,23,28,43.288757,-2.931784,DELIVERED,16,RAIN,HIGH
6987,2026-01-26 20:49:42,47.21,4,15,17,43.228143,-2.931481,DELIVERED,35,CLEAR,LOW
6988,2026-01-26 13:55:50,67.11,5,22,19,43.216847,-2.942527,DELIVERED,46,CLEAR,MEDIUM
6989,2026-01-31 12:52:17,31.66,3,12,22,43.238472,-2.983558,DELIVERED,7,CLEAR,HIGH
6990,2026-01-17 23:51:58,17.2,1,18,22,43.263255,-2.894505,DELIVERED,3,RAIN,MEDIUM
6991,2026-01-03 13:42:09,15.06,1,19,26,43.216234,-2.908257,CANCELLED,30,CLEAR,HIGH
6992,2026-01-31 13:56:42,49.84,5,18,28,43.229327,-2.969561,DELIVERED,7,RAIN,MEDIUM
6993,2026-01-06 19:47:51,48.22,5,12,16,43.269064,-2.947243,DELIVERED,49,CLEAR,LOW
6994,2026-01-13 07:04:08,46.31,5,15,19,43.278534,-2.929683,DELIVERED,16,RAIN,MEDIUM
6995,2026-01-14 22:44:53,95.19,5,28,23,43.261599,-2.955935,DELIVERED,10,CLEAR,HIGH
6996,2026-01-06 13:38:34,13.8,1,19,22,43.23138,-2.962762,DELIVERED,21,CLEAR,HIGH
6997,2026-01-15 22:35:33,42.31,4,24,17,43.233934,-2.905089,DELIVERED,4,CLEAR,MEDIUM
6998,2026-01-12 21:46:17,33.4,2,22,29,43.269406,-2.907179,DELIVERED,13,RAIN,MEDIUM
6999,2026-01-06 13:01:19,86.99,6,27,21,43.209566,-2.8972,DELIVERED,13,CLEAR,HIGH
7000,2026-01-25 20:13:55,53.11,5,14,20,43.264572,-2.982996,DELIVERED,15,RAIN,LOW
7001,2026-01-13 00:32:35,17.54,1,22,19,43.258086,-2.893238,DELIVERED,14,CLEAR,MEDIUM
7002,2026-01-22 12:18:43,73.54,5,22,16,43.265839,-2.916444,DELIVERED,32,CLEAR,LOW
7003,2026-01-03 22:36:09,22.37,2,17,21,43.279956,-2.969035,DELIVERED,40,CLEAR,HIGH
7004,2026-01-22 14:53:56,44.03,5,23,26,43.203465,-2.901047,DELIVERED,31,CLEAR,HIGH
7005,2026-01-20 14:19:31,40.77,3,19,26,43.247678,-2.945748,DELIVERED,45,CLEAR,HIGH
7006,2026-01-31 15:46:56,47.55,3,21,27,43.244684,-2.95912,DELIVERED,25,WIND,HIGH
7007,2026-01-05 13:31:11,8.75,1,30,27,43.292539,-2.953333,DELIVERED,19,RAIN,HIGH
7008,2026-01-02 08:48:19,24.94,2,21,13,43.234369,-2.915778,DELIVERED,34,CLEAR,LOW
7009,2026-01-07 23:44:29,23.86,2,16,23,43.286202,-2.884053,DELIVERED,30,CLEAR,MEDIUM
7010,2026-01-03 14:45:12,63.79,5,29,14,43.228109,-2.975734,DELIVERED,3,CLEAR,MEDIUM
7011,2026-01-30 22:48:35,67.91,5,27,25,43.292077,-2.955041,DELIVERED,17,CLEAR,HIGH
7012,2026-01-14 13:10:09,12.72,1,26,29,43.288824,-2.922365,DELIVERED,47,WIND,HIGH
7013,2026-01-07 10:32:57,56.87,3,21,14,43.257466,-2.932458,DELIVERED,28,CLEAR,LOW
7014,2026-01-09 13:42:54,26.21,2,18,20,43.253225,-2.940296,DELIVERED,42,CLEAR,HIGH
7015,2026-01-05 22:17:00,51.04,5,23,24,43.250209,-2.951922,DELIVERED,41,CLEAR,MEDIUM
7016,2026-01-17 20:34:45,48.48,4,18,22,43.232471,-2.98965,DELIVERED,34,CLEAR,HIGH
7017,2026-01-24 10:14:47,32.44,3,13,25,43.202044,-2.965501,DELIVERED,49,WIND,HIGH
7018,2026-01-05 14:06:46,28.17,3,21,22,43.20492,-2.980168,DELIVERED,7,CLEAR,MEDIUM
7019,2026-01-14 14:48:52,55.35,6,23,18,43.237431,-2.892919,DELIVERED,49,CLEAR,MEDIUM
7020,2026-01-02 13:39:51,59.05,4,33,27,43.208024,-2.881233,DELIVERED,12,CLEAR,HIGH
7021,2026-01-10 13:42:45,74.49,6,32,25,43.247748,-2.90656,DELIVERED,22,WIND,MEDIUM
7022,2026-01-14 13:10:24,75.65,4,33,27,43.256414,-2.971371,DELIVERED,6,CLEAR,HIGH
7023,2026-01-23 21:20:52,57.82,3,37,23,43.294121,-2.986488,DELIVERED,18,CLEAR,HIGH
7024,2026-01-06 22:41:58,53.07,4,17,19,43.228385,-2.947398,DELIVERED,27,CLEAR,MEDIUM
7025,2026-01-09 08:17:31,87.18,6,22,23,43.267092,-2.962573,DELIVERED,25,CLEAR,HIGH
7026,2026-01-21 19:50:06,34.72,2,20,19,43.252318,-2.91724,DELIVERED,6,CLEAR,LOW
7027,2026-01-11 07:37:53,27.69,2,28,22,43.256721,-2.921459,DELIVERED,12,CLEAR,MEDIUM
7028,2026-01-25 22:55:10,61.59,5,27,27,43.268673,-2.889018,DELIVERED,34,CLEAR,HIGH
7029,2026-01-06 12:31:47,26.8,2,24,18,43.276838,-2.915761,CANCELLED,34,CLEAR,LOW
7030,2026-01-07 21:14:08,9.61,1,22,32,43.270478,-2.954235,DELIVERED,16,CLEAR,HIGH
7031,2026-01-02 10:14:26,54.47,5,19,29,43.227958,-2.88427,DELIVERED,26,CLEAR,HIGH
7032,2026-01-06 22:41:00,23.15,2,31,27,43.228078,-2.989013,DELIVERED,29,CLEAR,HIGH
7033,2026-01-25 21:04:42,29.14,3,25,19,43.29229,-2.975811,DELIVERED,44,CLEAR,MEDIUM
7034,2026-01-04 20:11:01,62.83,6,8,24,43.268388,-2.90182,DELIVERED,15,CLEAR,MEDIUM
7035,2026-01-05 12:33:43,41.39,3,16,27,43.295189,-2.938604,DELIVERED,32,RAIN,MEDIUM
7036,2026-01-05 22:03:01,63.24,6,24,25,43.267697,-2.895466,DELIVERED,30,CLEAR,HIGH
7037,2026-01-10 21:36:16,39.35,4,19,36,43.27338,-2.921636,DELIVERED,21,RAIN,HIGH
7038,2026-01-14 12:08:12,48.75,4,16,23,43.267351,-2.947304,DELIVERED,40,CLEAR,MEDIUM
7039,2026-01-18 03:01:34,77.6,6,13,21,43.242966,-2.927475,DELIVERED,17,CLEAR,MEDIUM
7040,2026-01-21 14:54:18,50.07,4,29,16,43.2369,-2.972008,CANCELLED,22,CLEAR,MEDIUM
7041,2026-01-05 12:36:45,58.8,6,12,15,43.297598,-2.940474,DELIVERED,20,CLEAR,MEDIUM
7042,2026-01-04 16:05:38,51.13,4,21,14,43.214459,-2.919275,DELIVERED,5,WIND,LOW
7043,2026-01-20 09:54:07,48.78,4,23,27,43.262068,-2.948454,DELIVERED,2,CLEAR,HIGH
7044,2026-01-10 21:38:49,38.66,3,26,22,43.24103,-2.985494,DELIVERED,45,RAIN,MEDIUM
7045,2026-01-23 14:11:48,10.94,1,23,26,43.24127,-2.975728,DELIVERED,19,CLEAR,HIGH
7046,2026-01-15 21:03:30,38.59,4,15,30,43.231809,-2.919221,DELIVERED,50,RAIN,HIGH
7047,2026-01-29 23:26:52,59.54,6,12,22,43.235537,-2.883583,DELIVERED,20,CLEAR,MEDIUM
7048,2026-01-15 14:13:37,62.57,6,21,23,43.256252,-2.980095,DELIVERED,20,RAIN,HIGH
7049,2026-01-08 12:08:05,49.97,5,21,18,43.239933,-2.952985,DELIVERED,4,CLEAR,LOW
7050,2026-01-20 20:31:41,15.89,1,10,10,43.245686,-2.981764,DELIVERED,27,CLEAR,LOW
7051,2026-01-19 11:26:57,87.45,6,27,20,43.233783,-2.927155,DELIVERED,12,RAIN,MEDIUM
7052,2026-01-23 15:40:39,59.23,3,31,29,43.240244,-2.976292,DELIVERED,33,RAIN,MEDIUM
7053,2026-01-08 23:14:09,70.1,6,21,13,43.299463,-2.912674,DELIVERED,24,CLEAR,LOW
7054,2026-01-05 20:29:47,14.73,1,12,15,43.257577,-2.972638,DELIVERED,7,CLEAR,LOW
7055,2026-01-04 22:05:43,53.47,4,24,18,43.200816,-2.907061,CANCELLED,27,CLEAR,HIGH
7056,2026-01-23 12:20:40,89.59,6,18,14,43.266702,-2.929194,DELIVERED,1,CLEAR,LOW
7057,2026-01-25 22:41:36,15.13,1,25,22,43.261413,-2.9089,DELIVERED,5,RAIN,MEDIUM
7058,2026-01-11 09:03:16,21.32,2,13,16,43.264424,-2.958967,DELIVERED,20,RAIN,LOW
7059,2026-01-29 22:18:20,80.99,6,24,29,43.272655,-2.939907,DELIVERED,11,RAIN,MEDIUM
7060,2026-01-02 20:00:30,11.59,1,10,20,43.214024,-2.900639,DELIVERED,43,CLEAR,MEDIUM
7061,2026-01-06 09:38:32,21.78,1,34,18,43.294746,-2.888449,DELIVERED,23,WIND,LOW
7062,2026-01-26 22:20:11,25.64,3,13,21,43.211583,-2.885022,DELIVERED,43,CLEAR,HIGH
7063,2026-01-31 23:16:19,12.16,1,19,24,43.252364,-2.970261,DELIVERED,4,WIND,MEDIUM
7064,2026-01-18 21:00:39,43.94,5,15,26,43.276439,-2.950695,DELIVERED,49,RAIN,MEDIUM
7065,2026-01-10 13:21:51,79.86,6,28,32,43.259554,-2.948544,CANCELLED,38,RAIN,HIGH
7066,2026-01-15 16:44:14,21.82,1,25,15,43.294092,-2.965499,DELIVERED,28,CLEAR,LOW
7067,2026-01-31 06:44:11,54.83,4,19,24,43.242798,-2.885852,DELIVERED,13,CLEAR,HIGH
7068,2026-01-21 21:58:54,60.98,4,38,19,43.21433,-2.941409,DELIVERED,12,CLEAR,HIGH
7069,2026-01-03 13:30:20,60.5,6,31,22,43.231639,-2.955253,DELIVERED,26,CLEAR,HIGH
7070,2026-01-31 08:05:17,18.97,1,17,15,43.238586,-2.90097,DELIVERED,25,CLEAR,MEDIUM
7071,2026-01-31 11:02:46,75.14,4,25,19,43.200907,-2.945639,DELIVERED,6,CLEAR,LOW
7072,2026-01-29 14:48:23,93.9,5,28,31,43.265284,-2.91816,DELIVERED,33,WIND,HIGH
7073,2026-01-08 23:36:55,34.55,3,22,26,43.270961,-2.988488,DELIVERED,26,WIND,MEDIUM
7074,2026-01-06 23:33:52,32.82,3,14,21,43.23254,-2.938577,DELIVERED,16,WIND,MEDIUM
7075,2026-01-16 13:08:22,24.53,2,25,27,43.296599,-2.968638,CANCELLED,4,CLEAR,HIGH
7076,2026-01-11 14:54:11,51.92,5,22,25,43.278116,-2.968256,DELIVERED,4,CLEAR,MEDIUM
7077,2026-01-12 21:11:35,40.88,3,25,28,43.291868,-2.946699,DELIVERED,35,CLEAR,HIGH
7078,2026-01-11 13:08:01,30.96,2,26,21,43.276942,-2.918163,DELIVERED,11,CLEAR,HIGH
7079,2026-01-20 14:29:41,10.98,1,24,15,43.262869,-2.924838,DELIVERED,5,CLEAR,MEDIUM
7080,2026-01-13 14:37:12,31.05,3,24,18,43.233373,-2.92169,DELIVERED,26,CLEAR,MEDIUM
7081,2026-01-29 22:17:55,62.42,6,19,32,43.209039,-2.953433,DELIVERED,30,CLEAR,HIGH
7082,2026-01-24 09:13:18,67.01,5,16,14,43.270784,-2.882179,DELIVERED,39,CLEAR,MEDIUM
7083,2026-01-22 09:32:01,23.73,1,30,15,43.20811,-2.97303,DELIVERED,23,WIND,LOW
7084,2026-01-30 01:08:33,111.42,6,22,16,43.222315,-2.888218,DELIVERED,6,CLEAR,LOW
7085,2026-01-21 12:58:32,42.01,3,23,12,43.261884,-2.889892,DELIVERED,48,WIND,LOW
7086,2026-01-03 14:38:12,75.29,6,22,25,43.26153,-2.880849,DELIVERED,35,CLEAR,HIGH
7087,2026-01-06 15:15:49,55.4,5,15,14,43.256438,-2.936223,DELIVERED,30,CLEAR,LOW
7088,2026-01-06 20:31:49,15.75,1,18,11,43.236692,-2.91264,DELIVERED,46,CLEAR,LOW
7089,2026-01-05 21:55:39,76.36,6,21,27,43.236665,-2.925438,DELIVERED,11,RAIN,HIGH
7090,2026-01-05 12:32:41,91.82,5,28,20,43.283892,-2.955423,DELIVERED,9,CLEAR,MEDIUM
7091,2026-01-06 22:18:15,75.44,6,30,22,43.256709,-2.891147,DELIVERED,24,CLEAR,MEDIUM
7092,2026-01-09 11:45:57,50.0,4,18,26,43.281052,-2.987106,DELIVERED,3,RAIN,MEDIUM
7093,2026-01-06 13:08:27,27.33,2,35,17,43.219113,-2.984274,DELIVERED,14,CLEAR,MEDIUM
7094,2026-01-02 22:15:21,25.49,2,14,29,43.230631,-2.881487,CANCELLED,44,RAIN,HIGH
7095,2026-01-27 13:26:42,106.6,6,34,15,43.291224,-2.973446,DELIVERED,33,CLEAR,MEDIUM
7096,2026-01-12 13:25:23,21.89,2,24,29,43.229763,-2.912429,CANCELLED,16,CLEAR,HIGH
7097,2026-01-17 15:30:01,29.58,3,13,13,43.276342,-2.978239,DELIVERED,41,CLEAR,LOW
7098,2026-01-23 23:34:43,18.26,2,7,13,43.222769,-2.938373,DELIVERED,43,CLEAR,LOW
7099,2026-01-21 04:10:47,52.32,6,8,18,43.256328,-2.957088,DELIVERED,37,RAIN,LOW
7100,2026-01-02 12:18:29,18.36,2,12,24,43.28369,-2.895928,DELIVERED,7,CLEAR,MEDIUM
7101,2026-01-13 22:53:08,40.53,3,29,15,43.249318,-2.906453,DELIVERED,40,CLEAR,MEDIUM
7102,2026-01-17 14:05:46,41.3,3,19,24,43.259308,-2.952899,DELIVERED,5,CLEAR,MEDIUM
7103,2026-01-23 12:04:13,110.37,6,25,24,43.27405,-2.989815,DELIVERED,6,CLEAR,MEDIUM
7104,2026-01-11 17:46:27,82.93,6,18,27,43.288153,-2.902843,DELIVERED,39,CLEAR,HIGH
7105,2026-01-01 12:47:17,68.12,5,16,11,43.269762,-2.920721,DELIVERED,17,CLEAR,LOW
7106,2026-01-10 01:41:37,29.58,2,22,13,43.250455,-2.978025,DELIVERED,48,WIND,LOW
7107,2026-01-27 22:02:55,75.94,6,18,22,43.225271,-2.892268,DELIVERED,5,CLEAR,MEDIUM
7108,2026-01-15 14:40:10,58.3,4,26,21,43.218645,-2.974828,CANCELLED,48,CLEAR,HIGH
7109,2026-01-21 12:08:14,111.79,6,21,28,43.22871,-2.951992,DELIVERED,36,RAIN,HIGH
7110,2026-01-24 21:27:14,17.46,1,28,24,43.246679,-2.914373,DELIVERED,24,CLEAR,HIGH
7111,2026-01-27 14:56:25,65.2,5,25,24,43.267931,-2.893848,DELIVERED,38,CLEAR,HIGH
7112,2026-01-01 15:16:50,75.92,5,21,16,43.277804,-2.952152,DELIVERED,14,CLEAR,MEDIUM
7113,2026-01-15 12:43:13,77.89,6,20,15,43.278789,-2.953244,DELIVERED,45,CLEAR,LOW
7114,2026-01-12 14:21:26,11.52,1,20,27,43.25677,-2.931523,DELIVERED,35,RAIN,HIGH
7115,2026-01-25 13:43:41,89.79,5,26,19,43.285347,-2.944822,DELIVERED,28,WIND,HIGH
7116,2026-01-30 23:32:12,27.49,2,17,19,43.219662,-2.892545,DELIVERED,24,WIND,LOW
7117,2026-01-10 13:38:53,106.05,6,33,28,43.29248,-2.979264,DELIVERED,9,CLEAR,HIGH
7118,2026-01-26 12:17:03,44.81,3,17,25,43.255383,-2.895958,DELIVERED,13,RAIN,LOW
7119,2026-01-29 21:48:10,25.94,2,27,23,43.232524,-2.892447,DELIVERED,38,RAIN,MEDIUM
7120,2026-01-13 05:43:34,19.39,2,13,17,43.244723,-2.968931,DELIVERED,50,CLEAR,MEDIUM
7121,2026-01-06 13:01:59,53.71,4,20,17,43.208192,-2.902893,DELIVERED,35,CLEAR,MEDIUM
7122,2026-01-21 14:33:22,58.84,4,31,34,43.273135,-2.930279,DELIVERED,12,RAIN,HIGH
7123,2026-01-11 20:03:33,58.71,5,18,38,43.230393,-2.989396,DELIVERED,5,RAIN,HIGH
7124,2026-01-01 09:15:57,9.31,1,12,24,43.258645,-2.950449,CANCELLED,15,RAIN,LOW
7125,2026-01-26 14:45:08,59.96,5,32,17,43.216981,-2.925257,DELIVERED,2,CLEAR,MEDIUM
7126,2026-01-26 21:29:03,37.21,3,23,23,43.296164,-2.882174,DELIVERED,42,CLEAR,HIGH
7127,2026-01-22 21:37:19,61.3,4,27,13,43.228239,-2.914954,DELIVERED,32,CLEAR,MEDIUM
7128,2026-01-10 15:27:49,31.59,3,15,16,43.259117,-2.911492,CANCELLED,30,CLEAR,MEDIUM
7129,2026-01-16 01:06:18,21.65,1,23,15,43.206741,-2.9737,DELIVERED,10,RAIN,LOW
7130,2026-01-07 21:02:38,31.98,3,11,25,43.268886,-2.952755,DELIVERED,43,CLEAR,HIGH
7131,2026-01-12 13:22:48,84.21,6,31,28,43.278484,-2.932111,DELIVERED,14,CLEAR,HIGH
7132,2026-01-21 21:38:30,24.37,2,23,26,43.205965,-2.914943,DELIVERED,17,CLEAR,HIGH
7133,2026-01-17 13:27:52,63.72,5,29,22,43.200197,-2.926427,DELIVERED,2,CLEAR,HIGH
7134,2026-01-27 14:28:36,95.45,5,39,29,43.204806,-2.937616,DELIVERED,9,CLEAR,HIGH
7135,2026-01-11 20:12:42,22.26,2,23,11,43.298722,-2.980618,DELIVERED,2,CLEAR,LOW
7136,2026-01-10 22:52:26,11.55,1,26,17,43.205103,-2.921073,DELIVERED,19,CLEAR,MEDIUM
7137,2026-01-19 20:07:48,52.76,4,21,10,43.29505,-2.988329,DELIVERED,29,CLEAR,LOW
7138,2026-01-02 23:26:30,37.68,3,15,13,43.251363,-2.969166,DELIVERED,5,CLEAR,LOW
7139,2026-01-06 21:52:50,36.97,2,32,21,43.271899,-2.884634,DELIVERED,6,CLEAR,MEDIUM
7140,2026-01-24 20:29:24,23.06,2,15,23,43.29042,-2.891023,DELIVERED,21,RAIN,MEDIUM
7141,2026-01-04 02:02:46,41.19,4,8,25,43.230873,-2.98703,DELIVERED,43,CLEAR,MEDIUM
7142,2026-01-25 15:31:26,41.66,3,23,18,43.266763,-2.926221,DELIVERED,24,CLEAR,HIGH
7143,2026-01-10 10:22:33,88.92,5,29,14,43.212161,-2.931752,DELIVERED,33,CLEAR,MEDIUM
7144,2026-01-28 15:28:16,58.59,6,16,14,43.260748,-2.880659,DELIVERED,20,CLEAR,LOW
7145,2026-01-21 00:15:10,11.66,1,23,21,43.284799,-2.893229,DELIVERED,22,WIND,MEDIUM
7146,2026-01-22 13:09:02,40.54,3,27,29,43.274162,-2.8828,DELIVERED,29,RAIN,MEDIUM
7147,2026-01-16 10:30:54,24.79,2,15,15,43.240111,-2.955479,CANCELLED,42,WIND,LOW
7148,2026-01-16 10:18:23,80.9,6,16,21,43.22724,-2.915207,DELIVERED,39,WIND,MEDIUM
7149,2026-01-10 12:41:47,69.27,5,26,14,43.27618,-2.900812,DELIVERED,14,CLEAR,LOW
7150,2026-01-02 23:45:53,46.96,4,13,19,43.225516,-2.936573,DELIVERED,40,CLEAR,MEDIUM
7151,2026-01-12 01:47:45,57.0,3,27,13,43.21282,-2.921392,DELIVERED,28,CLEAR,LOW
7152,2026-01-28 23:55:23,71.16,6,21,13,43.239524,-2.960264,DELIVERED,45,CLEAR,LOW
7153,2026-01-04 21:44:04,46.24,3,22,22,43.285603,-2.907659,DELIVERED,1,CLEAR,MEDIUM
7154,2026-01-12 11:33:12,19.85,1,17,20,43.247753,-2.930358,DELIVERED,25,CLEAR,LOW
7155,2026-01-18 20:28:29,22.73,2,8,23,43.233801,-2.953586,DELIVERED,49,CLEAR,MEDIUM
7156,2026-01-27 11:53:54,18.43,2,16,16,43.248216,-2.9101,DELIVERED,4,CLEAR,LOW
7157,2026-01-12 11:42:52,49.07,5,12,19,43.228871,-2.896912,DELIVERED,31,CLEAR,MEDIUM
7158,2026-01-21 00:54:12,65.98,5,21,11,43.250644,-2.920431,DELIVERED,34,CLEAR,LOW
7159,2026-01-10 11:05:37,50.16,5,12,15,43.240333,-2.90851,DELIVERED,49,CLEAR,MEDIUM
7160,2026-01-29 12:20:32,14.66,1,8,16,43.234481,-2.888815,DELIVERED,37,CLEAR,MEDIUM
7161,2026-01-17 21:18:33,50.19,5,24,25,43.240049,-2.899889,DELIVERED,4,CLEAR,MEDIUM
7162,2026-01-01 11:54:05,72.98,5,22,28,43.218467,-2.952842,CANCELLED,13,CLEAR,HIGH
7163,2026-01-02 17:25:30,80.89,6,12,20,43.278088,-2.934228,DELIVERED,27,RAIN,LOW
7164,2026-01-08 23:51:39,30.22,2,18,15,43.207414,-2.98131,DELIVERED,32,CLEAR,LOW
7165,2026-01-03 14:56:41,55.69,4,26,18,43.231433,-2.902204,DELIVERED,39,CLEAR,MEDIUM
7166,2026-01-07 03:35:28,14.48,1,29,17,43.242308,-2.961556,DELIVERED,12,CLEAR,MEDIUM
7167,2026-01-30 15:43:03,13.11,1,12,18,43.207288,-2.955927,DELIVERED,43,CLEAR,LOW
7168,2026-01-31 21:36:14,12.08,1,31,23,43.228928,-2.95522,DELIVERED,12,WIND,MEDIUM
7169,2026-01-07 20:45:53,18.1,1,28,14,43.227407,-2.904544,DELIVERED,12,CLEAR,LOW
7170,2026-01-20 22:24:56,53.57,5,21,17,43.211006,-2.962415,DELIVERED,44,CLEAR,HIGH
7171,2026-01-10 16:36:10,31.66,3,18,20,43.200072,-2.896004,DELIVERED,21,CLEAR,LOW
7172,2026-01-01 00:57:19,80.63,6,11,20,43.264401,-2.906431,DELIVERED,27,CLEAR,LOW
7173,2026-01-28 21:03:47,20.01,2,22,31,43.237575,-2.979565,DELIVERED,7,CLEAR,HIGH
7174,2026-01-19 23:17:37,15.46,1,19,16,43.280287,-2.910691,DELIVERED,39,CLEAR,MEDIUM
7175,2026-01-24 22:46:45,90.17,5,27,14,43.200927,-2.881852,DELIVERED,36,CLEAR,MEDIUM
7176,2026-01-14 22:45:56,10.81,1,25,26,43.274845,-2.885748,DELIVERED,19,CLEAR,HIGH
7177,2026-01-02 02:55:42,24.28,2,23,16,43.285008,-2.913336,DELIVERED,34,WIND,LOW
7178,2026-01-19 13:36:54,12.12,1,28,27,43.259386,-2.961206,CANCELLED,34,CLEAR,HIGH
7179,2026-01-18 23:13:12,40.95,3,19,10,43.218063,-2.960821,DELIVERED,24,CLEAR,LOW
7180,2026-01-25 21:28:33,60.9,6,24,27,43.244899,-2.883155,DELIVERED,30,CLEAR,HIGH
7181,2026-01-07 03:18:34,75.81,5,19,19,43.280069,-2.888285,DELIVERED,13,RAIN,LOW
7182,2026-01-30 13:56:14,20.76,2,22,18,43.263821,-2.908002,DELIVERED,21,CLEAR,MEDIUM
7183,2026-01-25 06:20:20,44.1,5,10,18,43.241148,-2.951464,DELIVERED,50,CLEAR,MEDIUM
7184,2026-01-23 13:48:54,14.83,1,36,23,43.234715,-2.945167,DELIVERED,2,CLEAR,HIGH
7185,2026-01-08 20:43:00,13.59,1,21,19,43.25791,-2.889816,DELIVERED,24,CLEAR,LOW
7186,2026-01-14 22:59:12,32.48,3,20,23,43.207219,-2.969523,DELIVERED,30,WIND,MEDIUM
7187,2026-01-20 14:12:57,33.19,2,30,21,43.235803,-2.984134,DELIVERED,48,CLEAR,MEDIUM
7188,2026-01-05 21:35:35,31.24,2,22,19,43.249213,-2.97815,DELIVERED,39,CLEAR,MEDIUM
7189,2026-01-30 13:02:21,72.96,4,27,24,43.271641,-2.923653,DELIVERED,28,WIND,HIGH
7190,2026-01-17 13:02:40,53.93,3,36,28,43.225452,-2.974877,DELIVERED,18,CLEAR,HIGH
7191,2026-01-27 00:55:37,18.52,1,14,14,43.290303,-2.971256,DELIVERED,1,CLEAR,LOW
7192,2026-01-27 23:53:02,20.57,1,24,26,43.246985,-2.980344,DELIVERED,10,CLEAR,HIGH
7193,2026-01-27 23:23:12,13.8,1,22,12,43.22874,-2.981829,DELIVERED,4,CLEAR,LOW
7194,2026-01-02 12:36:24,41.25,4,13,20,43.261523,-2.899767,DELIVERED,49,CLEAR,LOW
7195,2026-01-25 13:39:04,61.23,5,28,30,43.290461,-2.988227,DELIVERED,24,RAIN,MEDIUM
7196,2026-01-20 21:07:36,25.82,3,25,12,43.233241,-2.94634,DELIVERED,21,CLEAR,MEDIUM
7197,2026-01-14 01:09:49,43.9,3,17,16,43.247394,-2.924384,DELIVERED,13,CLEAR,LOW
7198,2026-01-20 15:26:51,27.96,2,20,13,43.232201,-2.909536,DELIVERED,48,CLEAR,LOW
7199,2026-01-07 23:09:08,25.58,3,11,15,43.255268,-2.942463,DELIVERED,50,WIND,LOW
7200,2026-01-14 23:25:48,26.3,2,20,19,43.233238,-2.914704,DELIVERED,48,RAIN,LOW
7201,2026-01-08 14:52:03,16.34,1,28,21,43.243433,-2.951733,CANCELLED,38,CLEAR,HIGH
7202,2026-01-02 20:36:24,37.44,3,14,28,43.283451,-2.937923,DELIVERED,27,RAIN,LOW
7203,2026-01-10 19:28:03,18.97,2,21,25,43.271433,-2.983329,DELIVERED,4,RAIN,LOW
7204,2026-01-30 22:22:14,43.86,4,15,13,43.218431,-2.985889,CANCELLED,15,CLEAR,MEDIUM
7205,2026-01-19 01:02:51,46.61,4,20,29,43.274264,-2.957705,DELIVERED,3,RAIN,MEDIUM
7206,2026-01-30 04:40:03,41.68,3,18,16,43.285278,-2.925597,DELIVERED,38,CLEAR,MEDIUM
7207,2026-01-29 12:12:54,61.66,4,18,17,43.211492,-2.975401,DELIVERED,25,CLEAR,LOW
7208,2026-01-18 03:05:46,41.21,3,17,22,43.222874,-2.887828,DELIVERED,25,RAIN,MEDIUM
7209,2026-01-25 15:40:04,54.47,4,20,22,43.286504,-2.962523,DELIVERED,32,CLEAR,MEDIUM
7210,2026-01-01 14:02:47,18.86,2,19,25,43.210414,-2.941806,CANCELLED,20,CLEAR,HIGH
7211,2026-01-07 22:08:14,60.5,4,23,28,43.222551,-2.884839,CANCELLED,1,CLEAR,HIGH
7212,2026-01-21 14:31:32,92.53,5,28,19,43.275083,-2.93302,DELIVERED,6,CLEAR,MEDIUM
7213,2026-01-18 21:46:56,88.63,5,25,26,43.286145,-2.928913,DELIVERED,6,CLEAR,HIGH
7214,2026-01-22 21:05:43,31.09,2,28,30,43.25624,-2.91013,DELIVERED,25,CLEAR,HIGH
7215,2026-01-05 23:56:02,34.55,4,8,26,43.287535,-2.983927,DELIVERED,49,RAIN,MEDIUM
7216,2026-01-24 06:02:13,113.82,6,23,19,43.242736,-2.963439,DELIVERED,6,CLEAR,MEDIUM
7217,2026-01-13 20:33:16,33.89,2,17,29,43.219719,-2.892217,DELIVERED,13,CLEAR,HIGH
7218,2026-01-13 23:05:38,40.97,2,27,15,43.224038,-2.935723,DELIVERED,9,CLEAR,LOW
7219,2026-01-26 17:22:42,16.1,1,22,15,43.225515,-2.910719,DELIVERED,6,CLEAR,MEDIUM
7220,2026-01-18 08:55:42,52.87,4,16,10,43.264125,-2.923393,DELIVERED,38,CLEAR,LOW
7221,2026-01-04 21:03:07,16.77,1,32,20,43.212757,-2.892175,DELIVERED,29,CLEAR,MEDIUM
7222,2026-01-25 21:58:36,52.25,3,30,28,43.261508,-2.971097,DELIVERED,10,RAIN,HIGH
7223,2026-01-03 21:33:44,36.41,2,32,31,43.234638,-2.890539,DELIVERED,36,RAIN,HIGH
7224,2026-01-03 15:43:47,40.34,3,14,19,43.279723,-2.912045,DELIVERED,35,WIND,LOW
7225,2026-01-19 22:17:45,14.21,1,12,31,43.249119,-2.949217,DELIVERED,15,CLEAR,HIGH
7226,2026-01-30 22:05:11,26.53,2,22,21,43.207849,-2.987982,CANCELLED,46,WIND,MEDIUM
7227,2026-01-10 15:23:37,82.05,6,15,18,43.238776,-2.915726,DELIVERED,8,CLEAR,MEDIUM
7228,2026-01-25 23:55:49,79.46,6,12,19,43.203302,-2.914515,CANCELLED,27,CLEAR,MEDIUM
7229,2026-01-17 12:05:57,20.6,1,25,19,43.266733,-2.896503,DELIVERED,33,CLEAR,MEDIUM
7230,2026-01-13 15:10:51,92.62,5,23,17,43.272086,-2.966277,DELIVERED,10,WIND,MEDIUM
7231,2026-01-04 14:48:43,34.8,2,37,30,43.217355,-2.983455,DELIVERED,9,CLEAR,HIGH
7232,2026-01-20 22:35:30,64.13,6,16,23,43.284524,-2.907493,DELIVERED,15,RAIN,HIGH
7233,2026-01-27 22:26:02,41.85,3,26,24,43.276891,-2.916163,DELIVERED,14,CLEAR,MEDIUM
7234,2026-01-22 11:11:50,13.45,1,16,36,43.260702,-2.985961,DELIVERED,31,RAIN,HIGH
7235,2026-01-20 20:20:36,28.51,2,24,23,43.240975,-2.913369,DELIVERED,29,CLEAR,MEDIUM
7236,2026-01-21 20:32:49,112.02,6,33,25,43.201853,-2.974207,DELIVERED,9,WIND,MEDIUM
7237,2026-01-06 14:52:44,48.4,5,19,16,43.246482,-2.929982,DELIVERED,49,CLEAR,MEDIUM
7238,2026-01-02 15:20:54,15.84,1,19,11,43.253167,-2.91263,DELIVERED,1,CLEAR,LOW
7239,2026-01-06 14:45:32,70.41,5,22,26,43.232117,-2.915503,DELIVERED,38,CLEAR,HIGH
7240,2026-01-14 22:02:06,109.58,6,35,20,43.263025,-2.928292,DELIVERED,33,CLEAR,MEDIUM
7241,2026-01-31 13:40:53,8.91,1,21,33,43.213671,-2.970086,DELIVERED,20,RAIN,HIGH
7242,2026-01-28 22:18:07,27.66,2,22,19,43.254994,-2.947344,DELIVERED,27,CLEAR,MEDIUM
7243,2026-01-20 14:39:41,24.53,2,28,25,43.251903,-2.919623,DELIVERED,38,RAIN,MEDIUM
7244,2026-01-17 07:46:11,51.5,4,17,13,43.269886,-2.962485,DELIVERED,45,CLEAR,LOW
7245,2026-01-27 11:35:28,20.82,1,20,17,43.268215,-2.943018,CANCELLED,6,CLEAR,MEDIUM
7246,2026-01-14 00:21:58,43.01,4,15,12,43.249256,-2.905683,DELIVERED,44,CLEAR,LOW
7247,2026-01-19 21:15:51,72.42,6,22,22,43.259059,-2.885169,DELIVERED,34,RAIN,MEDIUM
7248,2026-01-11 02:33:51,21.2,2,13,15,43.231196,-2.880502,DELIVERED,30,CLEAR,LOW
7249,2026-01-25 14:45:37,16.75,1,19,31,43.279001,-2.913301,DELIVERED,8,RAIN,HIGH
7250,2026-01-20 14:59:54,37.01,4,27,13,43.276579,-2.94825,DELIVERED,21,CLEAR,MEDIUM
7251,2026-01-31 00:09:10,59.45,4,17,16,43.222287,-2.917521,DELIVERED,25,RAIN,LOW
7252,2026-01-20 22:18:32,21.67,1,36,25,43.200274,-2.947867,DELIVERED,28,RAIN,MEDIUM
7253,2026-01-16 15:47:51,110.19,6,30,17,43.217349,-2.898668,DELIVERED,33,CLEAR,MEDIUM
7254,2026-01-26 12:18:44,46.23,5,14,20,43.293776,-2.902207,DELIVERED,16,RAIN,LOW
7255,2026-01-08 23:58:10,16.53,1,17,16,43.225884,-2.956326,DELIVERED,42,CLEAR,LOW
7256,2026-01-16 15:51:07,76.54,4,25,28,43.243854,-2.924022,DELIVERED,28,RAIN,MEDIUM
7257,2026-01-08 21:20:38,49.99,5,20,18,43.241598,-2.983449,DELIVERED,30,WIND,MEDIUM
7258,2026-01-01 14:50:09,59.27,6,27,26,43.237623,-2.958186,DELIVERED,41,CLEAR,HIGH
7259,2026-01-18 21:01:45,47.72,4,25,20,43.293551,-2.884845,DELIVERED,24,CLEAR,HIGH
7260,2026-01-28 22:50:09,93.68,5,41,30,43.239664,-2.94677,DELIVERED,9,WIND,HIGH
7261,2026-01-06 21:37:52,12.49,1,29,23,43.235084,-2.960205,DELIVERED,38,RAIN,MEDIUM
7262,2026-01-02 12:24:55,50.49,4,16,17,43.209981,-2.978992,DELIVERED,38,CLEAR,MEDIUM
7263,2026-01-31 14:49:56,93.84,5,34,30,43.270213,-2.91685,DELIVERED,10,CLEAR,HIGH
7264,2026-01-29 13:06:12,75.53,4,29,26,43.21464,-2.891244,DELIVERED,6,RAIN,HIGH
7265,2026-01-05 22:56:59,73.43,5,29,16,43.212396,-2.984694,DELIVERED,13,CLEAR,HIGH
7266,2026-01-18 13:07:09,13.95,1,24,37,43.292227,-2.961877,DELIVERED,19,RAIN,HIGH
7267,2026-01-06 14:20:24,42.04,4,22,25,43.287319,-2.930906,DELIVERED,47,RAIN,MEDIUM
7268,2026-01-26 20:24:48,47.28,5,13,18,43.255183,-2.966306,DELIVERED,49,CLEAR,LOW
7269,2026-01-01 17:13:16,56.57,3,20,22,43.257417,-2.917769,DELIVERED,10,RAIN,LOW
7270,2026-01-03 20:08:29,18.14,1,25,22,43.259977,-2.892437,DELIVERED,36,CLEAR,MEDIUM
7271,2026-01-10 20:11:19,18.14,2,15,16,43.298207,-2.982613,DELIVERED,44,CLEAR,LOW
7272,2026-01-12 15:38:47,106.75,6,28,14,43.29167,-2.950224,DELIVERED,23,CLEAR,LOW
7273,2026-01-16 18:34:58,62.48,6,13,12,43.278534,-2.965662,DELIVERED,30,CLEAR,LOW
7274,2026-01-30 01:57:52,80.57,6,15,16,43.232204,-2.944267,DELIVERED,27,CLEAR,LOW
7275,2026-01-29 20:48:51,18.57,2,14,23,43.258418,-2.954111,DELIVERED,21,RAIN,LOW
7276,2026-01-27 21:45:40,20.48,2,21,21,43.213905,-2.906985,DELIVERED,49,RAIN,MEDIUM
7277,2026-01-17 12:54:22,83.73,6,24,35,43.260917,-2.981304,DELIVERED,48,RAIN,HIGH
7278,2026-01-09 11:19:17,54.71,3,22,15,43.221367,-2.910763,DELIVERED,6,CLEAR,LOW
7279,2026-01-22 14:11:48,52.82,4,20,22,43.220874,-2.944058,DELIVERED,11,CLEAR,HIGH
7280,2026-01-26 18:36:57,72.71,6,19,20,43.25455,-2.970795,DELIVERED,40,WIND,LOW
7281,2026-01-24 15:22:50,68.22,5,14,19,43.233838,-2.979427,DELIVERED,17,RAIN,LOW
7282,2026-01-16 12:17:08,63.28,5,16,25,43.221096,-2.88775,DELIVERED,42,RAIN,LOW
7283,2026-01-01 23:54:31,16.77,1,27,15,43.272456,-2.892476,DELIVERED,33,CLEAR,MEDIUM
7284,2026-01-03 08:08:35,30.85,2,19,19,43.266787,-2.881748,DELIVERED,39,CLEAR,LOW
7285,2026-01-21 13:12:49,55.46,5,22,25,43.216643,-2.969563,DELIVERED,20,CLEAR,HIGH
7286,2026-01-27 23:32:25,40.81,3,23,12,43.266856,-2.968195,DELIVERED,12,CLEAR,LOW
7287,2026-01-15 13:28:02,21.71,2,21,25,43.205929,-2.988044,DELIVERED,30,CLEAR,MEDIUM
7288,2026-01-19 09:28:45,16.61,1,20,21,43.216387,-2.9156,DELIVERED,1,CLEAR,MEDIUM
7289,2026-01-12 22:58:21,88.69,5,32,18,43.281432,-2.917788,DELIVERED,18,CLEAR,HIGH
7290,2026-01-16 22:44:08,88.43,6,33,17,43.282112,-2.96109,DELIVERED,14,CLEAR,HIGH
7291,2026-01-17 12:31:17,92.77,5,24,19,43.221134,-2.942001,DELIVERED,36,CLEAR,HIGH
7292,2026-01-23 05:49:30,29.3,3,18,25,43.223464,-2.901422,DELIVERED,19,CLEAR,MEDIUM
7293,2026-01-22 20:24:00,73.34,4,33,23,43.282878,-2.96531,DELIVERED,9,CLEAR,HIGH
7294,2026-01-18 17:55:46,51.82,4,14,16,43.247854,-2.887762,DELIVERED,46,CLEAR,LOW
7295,2026-01-15 20:31:24,39.75,3,18,18,43.208139,-2.915928,DELIVERED,35,CLEAR,MEDIUM
7296,2026-01-03 22:54:13,48.43,5,20,24,43.26451,-2.985421,DELIVERED,7,WIND,HIGH
7297,2026-01-29 13:07:04,56.44,4,30,19,43.273893,-2.913708,DELIVERED,39,CLEAR,MEDIUM
7298,2026-01-06 12:45:02,14.62,1,16,21,43.270278,-2.905266,DELIVERED,26,RAIN,LOW
7299,2026-01-24 12:11:40,53.14,3,22,27,43.294405,-2.883582,DELIVERED,6,RAIN,MEDIUM
7300,2026-01-22 13:44:21,56.82,4,20,20,43.267347,-2.934088,DELIVERED,11,CLEAR,MEDIUM
7301,2026-01-14 01:08:45,56.4,3,25,10,43.214827,-2.917618,DELIVERED,10,CLEAR,LOW
7302,2026-01-25 12:07:44,33.74,2,18,25,43.249213,-2.889421,DELIVERED,48,WIND,MEDIUM
7303,2026-01-14 01:54:39,25.0,2,13,14,43.233732,-2.89379,DELIVERED,8,CLEAR,MEDIUM
7304,2026-01-18 13:22:41,56.17,6,20,17,43.243611,-2.904008,DELIVERED,31,CLEAR,MEDIUM
7305,2026-01-14 20:43:18,68.91,5,19,16,43.26245,-2.918983,DELIVERED,13,CLEAR,LOW
7306,2026-01-11 23:00:21,52.73,4,15,16,43.269085,-2.925459,CANCELLED,5,CLEAR,LOW
7307,2026-01-16 00:50:34,12.53,1,18,17,43.277733,-2.959917,DELIVERED,45,CLEAR,LOW
7308,2026-01-24 21:24:18,13.55,1,22,22,43.271421,-2.933196,DELIVERED,20,CLEAR,HIGH
7309,2026-01-08 13:16:17,27.56,2,31,19,43.296564,-2.954403,DELIVERED,32,WIND,MEDIUM
7310,2026-01-17 05:28:48,52.17,4,15,28,43.27995,-2.935773,DELIVERED,27,RAIN,HIGH
7311,2026-01-23 21:30:35,34.82,3,23,23,43.207983,-2.984053,DELIVERED,3,CLEAR,HIGH
7312,2026-01-27 21:16:39,54.8,6,15,22,43.203114,-2.969641,DELIVERED,7,RAIN,MEDIUM
7313,2026-01-11 04:49:18,55.59,6,9,17,43.273068,-2.92782,DELIVERED,37,CLEAR,LOW
7314,2026-01-06 12:05:05,40.59,3,16,11,43.292013,-2.949024,DELIVERED,39,CLEAR,LOW
7315,2026-01-01 13:04:02,19.36,2,25,23,43.247074,-2.902032,DELIVERED,26,CLEAR,HIGH
7316,2026-01-16 23:36:04,27.13,2,29,17,43.28222,-2.983241,DELIVERED,12,CLEAR,MEDIUM
7317,2026-01-06 16:39:52,17.51,1,18,16,43.214277,-2.965458,DELIVERED,11,CLEAR,LOW
7318,2026-01-01 21:53:21,23.76,2,24,30,43.270177,-2.891356,DELIVERED,30,CLEAR,HIGH
7319,2026-01-06 20:01:07,35.9,3,19,21,43.235784,-2.966004,DELIVERED,45,CLEAR,MEDIUM
7320,2026-01-10 13:08:17,52.07,3,35,23,43.21761,-2.880678,DELIVERED,33,CLEAR,MEDIUM
7321,2026-01-17 23:29:49,30.98,2,16,22,43.283084,-2.950727,DELIVERED,17,CLEAR,MEDIUM
7322,2026-01-11 07:58:14,52.4,6,16,16,43.290397,-2.913929,DELIVERED,16,CLEAR,LOW
7323,2026-01-02 02:33:40,72.51,6,27,20,43.296925,-2.892487,DELIVERED,2,CLEAR,MEDIUM
7324,2026-01-01 00:08:08,37.28,3,15,23,43.213519,-2.911646,DELIVERED,46,RAIN,LOW
7325,2026-01-06 21:15:20,50.18,4,27,22,43.222875,-2.966747,DELIVERED,34,CLEAR,HIGH
7326,2026-01-29 15:26:28,81.72,6,20,20,43.21599,-2.969869,DELIVERED,39,RAIN,LOW
7327,2026-01-27 13:24:47,77.17,6,27,23,43.212128,-2.988284,DELIVERED,24,CLEAR,HIGH
7328,2026-01-14 13:50:26,37.21,3,23,32,43.219425,-2.986752,DELIVERED,35,RAIN,HIGH
7329,2026-01-03 20:25:54,87.14,6,19,21,43.288097,-2.962008,DELIVERED,13,WIND,HIGH
7330,2026-01-12 22:32:36,56.11,6,15,29,43.274056,-2.913527,DELIVERED,7,RAIN,MEDIUM
7331,2026-01-07 15:46:15,16.99,1,31,20,43.281996,-2.928569,DELIVERED,33,CLEAR,LOW
7332,2026-01-10 15:07:52,55.18,4,11,24,43.231197,-2.969528,DELIVERED,27,WIND,HIGH
7333,2026-01-05 20:40:32,18.29,2,15,30,43.264241,-2.897098,CANCELLED,7,RAIN,MEDIUM
7334,2026-01-01 21:37:05,95.73,5,33,26,43.209528,-2.885579,DELIVERED,18,WIND,MEDIUM
7335,2026-01-29 13:40:12,13.62,1,18,16,43.20655,-2.931245,DELIVERED,7,RAIN,MEDIUM
7336,2026-01-07 13:55:23,62.65,5,21,28,43.293956,-2.987564,DELIVERED,24,CLEAR,HIGH
7337,2026-01-02 21:05:08,44.29,3,23,19,43.284793,-2.890997,DELIVERED,13,CLEAR,HIGH
7338,2026-01-13 23:28:41,41.6,3,18,24,43.279004,-2.897438,DELIVERED,46,RAIN,LOW
7339,2026-01-02 22:55:38,24.18,2,30,29,43.209042,-2.945309,DELIVERED,5,CLEAR,HIGH
7340,2026-01-01 20:02:22,32.9,2,18,25,43.254526,-2.917088,DELIVERED,1,WIND,MEDIUM
7341,2026-01-23 14:23:47,53.4,3,26,28,43.216355,-2.88618,DELIVERED,36,RAIN,MEDIUM
7342,2026-01-24 01:33:54,106.14,6,24,25,43.208078,-2.895442,DELIVERED,6,RAIN,HIGH
7343,2026-01-06 08:06:51,22.56,2,12,18,43.262609,-2.93276,DELIVERED,50,CLEAR,MEDIUM
7344,2026-01-14 08:32:42,23.94,2,21,22,43.270746,-2.963603,DELIVERED,24,CLEAR,MEDIUM
7345,2026-01-31 07:47:49,35.72,3,29,20,43.251019,-2.897202,DELIVERED,2,CLEAR,LOW
7346,2026-01-09 12:01:50,12.21,1,17,12,43.253359,-2.977902,DELIVERED,45,CLEAR,LOW
7347,2026-01-11 14:59:40,82.24,6,29,26,43.283863,-2.943563,DELIVERED,14,CLEAR,HIGH
7348,2026-01-05 13:40:52,15.21,1,30,29,43.253604,-2.982101,DELIVERED,13,RAIN,HIGH
7349,2026-01-04 12:44:31,38.17,4,17,14,43.289442,-2.962288,DELIVERED,19,CLEAR,LOW
7350,2026-01-09 15:45:57,29.85,2,10,19,43.232869,-2.917216,DELIVERED,27,CLEAR,LOW
7351,2026-01-01 22:32:36,65.93,5,17,24,43.226486,-2.908175,DELIVERED,35,CLEAR,HIGH
7352,2026-01-03 22:02:59,15.73,1,28,22,43.258705,-2.897901,DELIVERED,32,CLEAR,HIGH
7353,2026-01-03 21:59:27,59.61,6,25,13,43.22846,-2.967178,DELIVERED,4,CLEAR,MEDIUM
7354,2026-01-08 07:11:13,16.18,1,25,10,43.232344,-2.890305,DELIVERED,28,CLEAR,LOW
7355,2026-01-14 18:01:23,25.81,2,16,25,43.236421,-2.973268,DELIVERED,42,RAIN,LOW
7356,2026-01-28 14:12:41,37.29,3,24,22,43.275939,-2.89745,CANCELLED,5,CLEAR,HIGH
7357,2026-01-01 16:35:19,17.46,2,15,15,43.256732,-2.889445,DELIVERED,21,CLEAR,LOW
7358,2026-01-05 21:52:28,19.96,2,19,29,43.283667,-2.945809,DELIVERED,41,RAIN,MEDIUM
7359,2026-01-26 13:25:11,35.81,4,19,22,43.204485,-2.899992,DELIVERED,37,CLEAR,MEDIUM
7360,2026-01-27 21:09:01,55.68,5,21,36,43.258351,-2.98739,DELIVERED,47,RAIN,HIGH
7361,2026-01-12 13:34:51,12.3,1,24,26,43.275556,-2.953747,CANCELLED,30,CLEAR,HIGH
7362,2026-01-14 14:56:24,58.37,6,16,29,43.252257,-2.942597,DELIVERED,37,CLEAR,HIGH
7363,2026-01-06 22:00:21,28.97,3,14,28,43.242237,-2.981251,CANCELLED,50,RAIN,MEDIUM
7364,2026-01-04 21:11:08,30.82,2,27,22,43.284052,-2.884597,DELIVERED,13,CLEAR,MEDIUM
7365,2026-01-16 21:23:06,57.77,3,24,19,43.282071,-2.952374,DELIVERED,10,CLEAR,MEDIUM
7366,2026-01-17 15:19:41,17.35,1,22,27,43.210855,-2.922051,DELIVERED,10,RAIN,MEDIUM
7367,2026-01-03 14:50:37,54.92,5,22,32,43.261354,-2.886938,DELIVERED,47,RAIN,HIGH
7368,2026-01-09 22:47:11,44.67,3,25,18,43.25251,-2.954209,DELIVERED,38,CLEAR,MEDIUM
7369,2026-01-07 19:33:08,28.47,2,16,22,43.280142,-2.954955,DELIVERED,46,CLEAR,MEDIUM
7370,2026-01-22 14:00:05,57.64,4,28,20,43.20238,-2.988717,DELIVERED,11,CLEAR,MEDIUM
7371,2026-01-23 14:18:36,59.48,6,22,23,43.252576,-2.950626,DELIVERED,4,CLEAR,HIGH
7372,2026-01-11 07:50:04,69.24,5,15,14,43.249233,-2.924747,DELIVERED,46,CLEAR,LOW
7373,2026-01-14 18:20:30,15.33,1,15,27,43.239131,-2.974577,CANCELLED,27,RAIN,MEDIUM
7374,2026-01-03 21:02:44,56.02,4,25,30,43.254496,-2.925836,CANCELLED,48,RAIN,HIGH
7375,2026-01-26 00:53:04,18.31,2,11,17,43.205765,-2.906141,DELIVERED,37,RAIN,LOW
7376,2026-01-29 23:08:06,34.24,3,25,12,43.219849,-2.954976,DELIVERED,22,CLEAR,MEDIUM
7377,2026-01-11 20:01:59,17.52,1,24,11,43.292324,-2.950748,DELIVERED,48,CLEAR,LOW
7378,2026-01-06 13:26:49,54.56,4,32,19,43.25601,-2.963737,DELIVERED,12,CLEAR,HIGH
7379,2026-01-05 21:06:49,41.33,3,23,25,43.200142,-2.928602,DELIVERED,27,RAIN,MEDIUM
7380,2026-01-28 15:23:49,35.55,4,7,20,43.231849,-2.980142,DELIVERED,43,RAIN,LOW
7381,2026-01-22 20:48:00,12.52,1,13,11,43.204328,-2.933688,DELIVERED,37,CLEAR,LOW
7382,2026-01-21 04:16:04,79.49,6,14,18,43.292646,-2.974837,DELIVERED,42,CLEAR,LOW
7383,2026-01-26 01:43:51,42.07,3,10,20,43.257891,-2.880712,DELIVERED,27,CLEAR,LOW
7384,2026-01-12 14:35:25,26.1,2,14,22,43.245396,-2.917646,DELIVERED,27,RAIN,MEDIUM
7385,2026-01-31 23:18:28,28.49,3,17,11,43.232704,-2.915194,DELIVERED,4,CLEAR,LOW
7386,2026-01-05 11:01:42,14.8,1,14,14,43.245884,-2.895135,DELIVERED,16,CLEAR,LOW
7387,2026-01-30 22:08:48,53.49,3,30,32,43.200033,-2.919848,DELIVERED,10,RAIN,HIGH
7388,2026-01-25 08:57:41,23.39,1,30,12,43.214212,-2.93469,DELIVERED,33,CLEAR,MEDIUM
7389,2026-01-07 14:29:27,65.29,6,21,26,43.234683,-2.987824,DELIVERED,20,CLEAR,HIGH
7390,2026-01-20 11:04:17,113.21,6,25,25,43.203176,-2.986202,DELIVERED,36,WIND,MEDIUM
7391,2026-01-14 22:36:35,47.37,5,23,22,43.281858,-2.915415,CANCELLED,21,CLEAR,HIGH
7392,2026-01-10 11:23:53,51.21,4,15,24,43.293301,-2.956287,DELIVERED,42,CLEAR,MEDIUM
7393,2026-01-19 09:17:40,14.76,1,19,23,43.288126,-2.890172,DELIVERED,4,RAIN,MEDIUM
7394,2026-01-07 17:54:20,50.41,4,18,23,43.286735,-2.94759,DELIVERED,11,CLEAR,MEDIUM
7395,2026-01-16 11:19:47,35.9,3,21,23,43.201538,-2.988519,DELIVERED,19,WIND,LOW
7396,2026-01-14 15:15:01,16.51,2,13,25,43.276558,-2.898169,DELIVERED,31,RAIN,MEDIUM
7397,2026-01-01 13:38:23,47.81,4,28,35,43.218103,-2.894403,DELIVERED,34,RAIN,HIGH
7398,2026-01-23 12:56:08,72.75,5,22,20,43.214732,-2.960004,DELIVERED,48,CLEAR,MEDIUM
7399,2026-01-19 10:49:58,14.86,1,17,13,43.280729,-2.906705,DELIVERED,19,CLEAR,MEDIUM
7400,2026-01-24 21:16:03,12.23,1,29,22,43.264571,-2.942333,DELIVERED,24,CLEAR,HIGH
7401,2026-01-15 01:37:25,69.77,5,22,24,43.249427,-2.965481,DELIVERED,32,RAIN,LOW
7402,2026-01-24 18:23:33,10.67,1,9,17,43.284003,-2.972057,DELIVERED,43,CLEAR,MEDIUM
7403,2026-01-26 23:37:04,54.94,4,22,24,43.298158,-2.902994,DELIVERED,39,RAIN,LOW
7404,2026-01-09 14:29:28,83.81,6,24,18,43.275581,-2.883667,DELIVERED,38,CLEAR,MEDIUM
7405,2026-01-26 01:43:16,55.33,3,27,11,43.298959,-2.956865,DELIVERED,9,CLEAR,LOW
7406,2026-01-15 23:47:43,14.57,1,13,19,43.205345,-2.901992,DELIVERED,17,CLEAR,LOW
7407,2026-01-23 12:01:09,12.02,1,18,20,43.270427,-2.923686,DELIVERED,34,CLEAR,LOW
7408,2026-01-28 14:09:07,10.01,1,24,23,43.212463,-2.893748,DELIVERED,21,CLEAR,HIGH
7409,2026-01-06 21:25:45,57.27,3,25,23,43.249964,-2.89378,DELIVERED,36,CLEAR,HIGH
7410,2026-01-22 04:22:31,11.84,1,15,17,43.274421,-2.917637,DELIVERED,31,CLEAR,LOW
7411,2026-01-09 13:33:49,59.39,6,20,21,43.23992,-2.927421,CANCELLED,41,CLEAR,MEDIUM
7412,2026-01-08 06:02:45,113.76,6,32,29,43.242383,-2.94976,DELIVERED,18,RAIN,MEDIUM
7413,2026-01-12 22:24:14,40.51,4,16,22,43.247976,-2.929093,DELIVERED,20,CLEAR,HIGH
7414,2026-01-11 23:58:59,43.45,3,20,19,43.21872,-2.981821,DELIVERED,25,CLEAR,LOW
7415,2026-01-26 14:21:16,42.66,4,19,26,43.253911,-2.983234,DELIVERED,47,CLEAR,HIGH
7416,2026-01-15 20:28:51,40.78,3,18,14,43.211842,-2.988008,DELIVERED,38,CLEAR,LOW
7417,2026-01-30 23:51:30,60.57,6,20,20,43.20183,-2.951735,DELIVERED,19,CLEAR,HIGH
7418,2026-01-12 13:30:45,112.42,6,38,20,43.265218,-2.880133,DELIVERED,23,CLEAR,MEDIUM
7419,2026-01-11 14:46:29,25.22,2,24,19,43.21638,-2.942886,DELIVERED,35,WIND,MEDIUM
7420,2026-01-08 08:32:08,37.41,2,26,29,43.288442,-2.900782,DELIVERED,33,RAIN,MEDIUM
7421,2026-01-02 11:05:01,24.96,2,19,24,43.23646,-2.974303,DELIVERED,19,WIND,MEDIUM
7422,2026-01-07 14:36:38,36.59,2,33,18,43.215226,-2.904954,DELIVERED,33,CLEAR,MEDIUM
7423,2026-01-05 22:54:20,39.9,4,20,30,43.217179,-2.951419,DELIVERED,37,RAIN,HIGH
7424,2026-01-18 14:37:55,46.08,4,26,20,43.202326,-2.882279,DELIVERED,3,CLEAR,HIGH
7425,2026-01-30 14:59:30,55.34,5,23,32,43.285332,-2.95982,CANCELLED,19,CLEAR,HIGH
7426,2026-01-27 15:56:27,13.04,1,18,16,43.249273,-2.963306,DELIVERED,45,CLEAR,LOW
7427,2026-01-07 21:55:38,33.13,3,24,21,43.268897,-2.944727,DELIVERED,26,CLEAR,MEDIUM
7428,2026-01-21 13:11:59,31.49,3,15,23,43.240562,-2.961761,DELIVERED,49,CLEAR,HIGH
7429,2026-01-16 02:40:48,10.62,1,10,20,43.277998,-2.969223,DELIVERED,30,RAIN,MEDIUM
7430,2026-01-29 12:27:31,47.74,3,22,13,43.220829,-2.932087,DELIVERED,25,CLEAR,LOW
7431,2026-01-07 13:23:28,92.75,5,38,29,43.294414,-2.907191,DELIVERED,9,CLEAR,HIGH
7432,2026-01-28 22:03:28,64.72,6,29,20,43.283956,-2.916116,DELIVERED,4,RAIN,HIGH
7433,2026-01-22 03:09:01,12.44,1,16,15,43.276095,-2.914372,DELIVERED,27,CLEAR,LOW
7434,2026-01-30 15:57:01,40.63,3,16,21,43.248295,-2.932586,DELIVERED,11,RAIN,MEDIUM
7435,2026-01-30 22:12:25,30.51,3,16,29,43.26534,-2.914822,DELIVERED,20,CLEAR,HIGH
7436,2026-01-31 14:43:45,107.55,6,34,26,43.212737,-2.918379,DELIVERED,33,CLEAR,HIGH
7437,2026-01-21 09:15:54,52.98,6,14,13,43.245369,-2.908455,DELIVERED,37,CLEAR,LOW
7438,2026-01-22 06:26:05,68.19,5,16,15,43.297773,-2.977969,DELIVERED,38,WIND,LOW
7439,2026-01-27 06:11:02,34.2,2,21,12,43.206237,-2.982406,DELIVERED,10,CLEAR,LOW
7440,2026-01-18 14:08:23,70.49,4,30,25,43.283314,-2.946089,DELIVERED,28,WIND,MEDIUM
7441,2026-01-16 21:59:56,21.69,1,29,26,43.213361,-2.956187,DELIVERED,33,RAIN,HIGH
7442,2026-01-06 23:35:19,56.4,4,19,16,43.221849,-2.982083,CANCELLED,38,WIND,LOW
7443,2026-01-27 03:44:50,27.45,3,9,23,43.266918,-2.904089,DELIVERED,43,WIND,LOW
7444,2026-01-18 22:40:07,82.34,6,33,26,43.264593,-2.884681,CANCELLED,25,RAIN,HIGH
7445,2026-01-18 13:43:22,59.43,3,40,29,43.265533,-2.910118,DELIVERED,33,CLEAR,HIGH
7446,2026-01-19 13:19:07,46.28,4,26,20,43.247091,-2.953688,DELIVERED,45,CLEAR,MEDIUM
7447,2026-01-26 21:18:05,15.34,1,23,27,43.252713,-2.949939,DELIVERED,4,CLEAR,HIGH
7448,2026-01-02 21:43:23,108.76,6,25,15,43.213732,-2.954391,DELIVERED,28,CLEAR,MEDIUM
7449,2026-01-30 16:19:29,59.12,4,20,26,43.231139,-2.907963,CANCELLED,25,CLEAR,HIGH
7450,2026-01-09 15:44:05,27.63,3,8,14,43.272617,-2.981914,DELIVERED,50,CLEAR,LOW
7451,2026-01-12 23:07:09,33.63,3,14,22,43.279844,-2.892733,DELIVERED,20,RAIN,LOW
7452,2026-01-23 13:53:07,31.79,2,32,29,43.277346,-2.955179,DELIVERED,12,CLEAR,HIGH
7453,2026-01-23 20:10:09,28.2,2,26,16,43.22893,-2.886022,DELIVERED,29,CLEAR,MEDIUM
7454,2026-01-26 22:02:48,8.19,1,19,21,43.283757,-2.90592,DELIVERED,4,RAIN,MEDIUM
7455,2026-01-27 22:09:27,22.74,2,16,29,43.257551,-2.936722,DELIVERED,15,RAIN,HIGH
7456,2026-01-01 15:28:13,41.08,4,9,21,43.216654,-2.93567,DELIVERED,15,CLEAR,MEDIUM
7457,2026-01-30 13:49:44,39.0,4,27,23,43.239046,-2.906502,DELIVERED,16,CLEAR,HIGH
7458,2026-01-24 19:18:37,32.53,3,12,19,43.299992,-2.986873,DELIVERED,47,CLEAR,LOW
7459,2026-01-08 22:25:55,22.03,2,30,20,43.283542,-2.880254,DELIVERED,34,CLEAR,MEDIUM
7460,2026-01-21 10:52:17,56.2,4,15,17,43.218549,-2.973555,DELIVERED,27,CLEAR,LOW
7461,2026-01-21 14:24:32,17.42,1,29,22,43.233275,-2.928481,DELIVERED,38,CLEAR,MEDIUM
7462,2026-01-14 13:33:57,54.89,6,17,21,43.235209,-2.902222,DELIVERED,37,CLEAR,MEDIUM
7463,2026-01-26 15:26:05,14.1,1,15,23,43.267192,-2.957493,DELIVERED,35,CLEAR,MEDIUM
7464,2026-01-09 13:37:06,11.51,1,18,20,43.262583,-2.891576,DELIVERED,15,CLEAR,HIGH
7465,2026-01-05 21:00:46,9.65,1,24,18,43.223938,-2.957465,DELIVERED,21,CLEAR,MEDIUM
7466,2026-01-19 12:19:14,19.4,2,11,30,43.228726,-2.89754,DELIVERED,41,RAIN,HIGH
7467,2026-01-11 19:20:20,66.12,5,21,15,43.262113,-2.891998,DELIVERED,39,CLEAR,MEDIUM
7468,2026-01-17 19:29:07,53.98,6,12,14,43.286534,-2.940435,DELIVERED,49,CLEAR,MEDIUM
7469,2026-01-27 03:17:03,16.22,2,10,20,43.209964,-2.882931,DELIVERED,50,CLEAR,LOW
7470,2026-01-24 17:16:30,11.49,1,20,16,43.293337,-2.957726,DELIVERED,11,CLEAR,MEDIUM
7471,2026-01-21 13:21:50,34.19,3,24,29,43.260528,-2.90653,DELIVERED,34,CLEAR,HIGH
7472,2026-01-04 13:36:00,43.45,3,30,26,43.220292,-2.986484,DELIVERED,25,WIND,MEDIUM
7473,2026-01-22 21:20:03,38.36,4,22,22,43.264591,-2.884437,DELIVERED,26,CLEAR,HIGH
7474,2026-01-31 14:07:21,11.97,1,32,12,43.21145,-2.977167,DELIVERED,2,CLEAR,MEDIUM
7475,2026-01-06 12:41:14,34.67,3,16,16,43.212687,-2.983358,DELIVERED,45,RAIN,LOW
7476,2026-01-06 20:16:17,17.14,1,20,13,43.200969,-2.977977,DELIVERED,24,CLEAR,MEDIUM
7477,2026-01-22 13:46:55,29.75,2,30,30,43.215534,-2.971687,DELIVERED,38,CLEAR,HIGH
7478,2026-01-22 12:27:47,64.01,6,22,24,43.201413,-2.903018,DELIVERED,4,RAIN,MEDIUM
7479,2026-01-23 00:17:26,18.41,1,13,19,43.269517,-2.953403,DELIVERED,27,CLEAR,MEDIUM
7480,2026-01-08 07:44:57,23.63,2,9,19,43.249242,-2.894088,DELIVERED,15,CLEAR,LOW
7481,2026-01-20 13:13:14,89.55,6,32,30,43.211655,-2.892492,DELIVERED,14,RAIN,HIGH
7482,2026-01-25 13:13:26,28.89,2,19,24,43.284855,-2.902409,DELIVERED,27,WIND,MEDIUM
7483,2026-01-31 20:37:23,60.27,5,19,22,43.200047,-2.93504,DELIVERED,5,CLEAR,MEDIUM
7484,2026-01-31 23:47:57,32.18,3,21,17,43.237711,-2.929388,DELIVERED,19,CLEAR,LOW
7485,2026-01-31 12:29:05,26.44,3,16,20,43.260526,-2.987892,DELIVERED,16,CLEAR,LOW
7486,2026-01-16 23:23:29,58.79,6,13,24,43.250903,-2.923802,CANCELLED,47,RAIN,MEDIUM
7487,2026-01-21 13:33:15,13.49,1,26,22,43.288766,-2.937176,DELIVERED,42,CLEAR,MEDIUM
7488,2026-01-30 02:09:00,64.63,6,10,21,43.271397,-2.950645,DELIVERED,20,CLEAR,MEDIUM
7489,2026-01-14 21:26:42,48.2,5,21,19,43.207426,-2.890776,DELIVERED,15,CLEAR,MEDIUM
7490,2026-01-04 20:55:09,83.0,6,26,21,43.24774,-2.965021,DELIVERED,14,CLEAR,MEDIUM
7491,2026-01-01 20:10:41,70.66,6,17,21,43.278297,-2.956592,DELIVERED,45,RAIN,LOW
7492,2026-01-31 14:38:14,31.51,2,29,22,43.257632,-2.925776,DELIVERED,13,WIND,MEDIUM
7493,2026-01-23 08:37:50,52.9,3,28,20,43.210521,-2.971449,DELIVERED,9,CLEAR,LOW
7494,2026-01-09 23:43:45,11.5,1,16,14,43.231815,-2.907917,DELIVERED,16,CLEAR,LOW
7495,2026-01-01 15:36:56,32.68,3,13,22,43.213655,-2.91762,DELIVERED,49,CLEAR,MEDIUM
7496,2026-01-15 21:25:35,27.21,3,17,26,43.237842,-2.918102,DELIVERED,50,RAIN,HIGH
7497,2026-01-25 16:25:30,24.03,2,14,22,43.204218,-2.94054,DELIVERED,27,CLEAR,MEDIUM
7498,2026-01-24 15:42:11,55.79,6,8,18,43.281299,-2.908127,DELIVERED,43,RAIN,LOW
7499,2026-01-03 14:19:17,112.2,6,24,16,43.265419,-2.886315,DELIVERED,10,CLEAR,MEDIUM
7500,2026-01-12 13:29:41,88.69,5,37,30,43.211044,-2.885244,CANCELLED,9,WIND,HIGH
7501,2026-01-28 14:48:32,37.37,2,34,16,43.267925,-2.885581,DELIVERED,33,CLEAR,HIGH
7502,2026-01-27 22:02:00,61.03,4,31,29,43.284416,-2.963887,DELIVERED,48,RAIN,HIGH
7503,2026-01-03 13:58:32,111.89,6,30,30,43.217172,-2.918906,DELIVERED,6,RAIN,HIGH
7504,2026-01-07 07:20:49,58.53,5,26,12,43.203869,-2.885676,CANCELLED,22,WIND,LOW
7505,2026-01-24 14:33:13,25.11,3,21,22,43.238276,-2.973576,DELIVERED,7,CLEAR,MEDIUM
7506,2026-01-19 12:05:53,60.59,6,10,18,43.207419,-2.982094,CANCELLED,44,CLEAR,LOW
7507,2026-01-09 14:22:24,47.37,3,26,23,43.262921,-2.969994,DELIVERED,48,WIND,HIGH
7508,2026-01-05 23:32:25,31.31,3,16,16,43.249957,-2.911597,DELIVERED,21,CLEAR,LOW
7509,2026-01-04 13:06:27,16.05,1,25,19,43.25991,-2.925141,DELIVERED,8,CLEAR,HIGH
7510,2026-01-20 13:16:53,28.28,2,30,28,43.285257,-2.922307,CANCELLED,25,CLEAR,HIGH
7511,2026-01-22 14:17:33,15.99,1,20,17,43.284727,-2.970127,DELIVERED,40,CLEAR,MEDIUM
7512,2026-01-23 07:05:11,30.94,2,16,20,43.225015,-2.982794,DELIVERED,11,WIND,LOW
7513,2026-01-20 21:48:52,43.27,5,20,27,43.299676,-2.888243,DELIVERED,50,CLEAR,HIGH
7514,2026-01-31 23:24:54,15.59,1,19,19,43.237025,-2.889024,DELIVERED,19,CLEAR,LOW
7515,2026-01-29 16:01:26,34.6,3,16,11,43.212433,-2.969375,DELIVERED,40,CLEAR,LOW
7516,2026-01-08 13:00:25,27.77,2,20,29,43.221459,-2.941535,DELIVERED,13,RAIN,HIGH
7517,2026-01-18 00:12:56,43.99,3,16,25,43.282592,-2.951064,DELIVERED,32,RAIN,HIGH
7518,2026-01-18 13:38:59,37.99,3,26,26,43.218307,-2.954209,DELIVERED,42,CLEAR,HIGH
7519,2026-01-24 10:42:48,15.03,1,13,17,43.205366,-2.986818,DELIVERED,30,RAIN,LOW
7520,2026-01-10 15:00:16,34.98,2,29,23,43.277429,-2.917256,DELIVERED,9,WIND,LOW
7521,2026-01-15 14:16:42,39.59,4,22,26,43.243777,-2.90587,DELIVERED,43,RAIN,MEDIUM
7522,2026-01-19 01:08:08,48.28,4,22,17,43.289652,-2.947071,DELIVERED,24,CLEAR,LOW
7523,2026-01-19 21:19:11,71.3,6,23,23,43.201366,-2.918255,DELIVERED,3,CLEAR,HIGH
7524,2026-01-03 21:11:32,18.58,1,25,21,43.212249,-2.981134,DELIVERED,39,CLEAR,MEDIUM
7525,2026-01-28 14:01:44,19.45,1,20,22,43.282755,-2.93011,DELIVERED,32,CLEAR,HIGH
7526,2026-01-07 21:51:30,67.76,5,26,21,43.258616,-2.889939,DELIVERED,39,CLEAR,MEDIUM
7527,2026-01-29 11:03:07,29.04,2,12,14,43.27732,-2.884089,DELIVERED,8,CLEAR,LOW
7528,2026-01-09 09:19:59,14.42,1,16,17,43.208779,-2.945313,DELIVERED,44,CLEAR,LOW
7529,2026-01-08 01:20:04,9.42,1,10,18,43.248345,-2.91604,DELIVERED,30,CLEAR,LOW
7530,2026-01-17 21:48:10,47.57,4,28,26,43.267448,-2.910473,DELIVERED,24,WIND,HIGH
7531,2026-01-09 13:22:43,15.71,1,15,25,43.297216,-2.884828,DELIVERED,8,CLEAR,MEDIUM
7532,2026-01-18 15:16:45,45.35,4,20,15,43.290866,-2.973459,DELIVERED,19,CLEAR,LOW
7533,2026-01-12 14:28:54,28.99,2,27,25,43.295935,-2.93714,DELIVERED,39,RAIN,MEDIUM
7534,2026-01-06 21:33:14,12.55,1,30,12,43.298689,-2.903948,DELIVERED,26,CLEAR,MEDIUM
7535,2026-01-18 17:03:36,10.79,1,17,13,43.211923,-2.936629,CANCELLED,3,CLEAR,MEDIUM
7536,2026-01-29 02:51:44,111.74,6,32,18,43.22379,-2.954527,DELIVERED,9,CLEAR,MEDIUM
7537,2026-01-24 13:10:53,55.78,3,33,17,43.201471,-2.8904,DELIVERED,10,CLEAR,MEDIUM
7538,2026-01-25 13:59:55,48.47,5,19,18,43.208088,-2.9467,DELIVERED,43,CLEAR,MEDIUM
7539,2026-01-28 10:45:23,39.77,3,18,26,43.266916,-2.978947,DELIVERED,17,WIND,MEDIUM
7540,2026-01-31 13:27:02,55.6,5,25,26,43.253846,-2.900889,DELIVERED,4,RAIN,HIGH
7541,2026-01-12 12:00:25,65.34,6,8,16,43.200503,-2.979636,DELIVERED,15,CLEAR,MEDIUM
7542,2026-01-03 13:18:43,29.03,2,26,20,43.221179,-2.97334,DELIVERED,39,WIND,MEDIUM
7543,2026-01-06 15:11:02,31.51,2,20,18,43.254131,-2.973376,DELIVERED,11,RAIN,MEDIUM
7544,2026-01-21 20:56:37,71.51,5,19,12,43.21498,-2.903939,CANCELLED,13,CLEAR,LOW
7545,2026-01-02 13:10:13,10.46,1,27,24,43.286718,-2.906404,DELIVERED,34,CLEAR,HIGH
7546,2026-01-26 15:38:05,24.65,2,19,22,43.269603,-2.973946,DELIVERED,46,WIND,LOW
7547,2026-01-26 22:39:09,29.2,3,23,21,43.204372,-2.961617,DELIVERED,7,CLEAR,HIGH
7548,2026-01-05 14:05:43,12.45,1,23,17,43.26269,-2.970885,DELIVERED,5,CLEAR,MEDIUM
7549,2026-01-13 14:38:52,55.97,6,17,18,43.225913,-2.969645,DELIVERED,49,CLEAR,MEDIUM
7550,2026-01-01 12:59:21,46.36,5,7,10,43.272053,-2.940713,DELIVERED,43,CLEAR,LOW
7551,2026-01-11 00:23:09,51.52,4,23,13,43.247978,-2.955664,DELIVERED,2,CLEAR,MEDIUM
7552,2026-01-18 18:54:15,41.76,2,32,21,43.22822,-2.941089,DELIVERED,23,CLEAR,HIGH
7553,2026-01-22 15:10:00,70.33,5,17,17,43.243353,-2.912432,DELIVERED,1,CLEAR,LOW
7554,2026-01-06 13:21:51,28.74,2,36,24,43.218321,-2.897921,DELIVERED,12,CLEAR,MEDIUM
7555,2026-01-07 09:25:52,43.67,3,21,20,43.293171,-2.895986,DELIVERED,38,CLEAR,LOW
7556,2026-01-03 15:59:41,34.78,3,22,22,43.286807,-2.90543,DELIVERED,24,WIND,MEDIUM
7557,2026-01-25 12:03:55,52.06,4,15,24,43.24715,-2.901386,DELIVERED,42,CLEAR,MEDIUM
7558,2026-01-22 12:33:43,67.97,5,19,26,43.208399,-2.950427,DELIVERED,39,CLEAR,HIGH
7559,2026-01-26 14:59:12,24.35,2,25,21,43.292699,-2.986159,DELIVERED,30,CLEAR,MEDIUM
7560,2026-01-16 10:11:29,12.81,1,11,25,43.221114,-2.889383,DELIVERED,30,RAIN,LOW
7561,2026-01-15 23:44:23,50.53,4,15,19,43.219678,-2.918602,DELIVERED,5,CLEAR,LOW
7562,2026-01-06 22:40:24,48.06,5,26,25,43.205291,-2.889443,DELIVERED,41,RAIN,MEDIUM
7563,2026-01-24 04:00:42,76.43,6,20,22,43.229279,-2.914498,DELIVERED,39,CLEAR,HIGH
7564,2026-01-05 23:12:56,65.16,5,20,22,43.298994,-2.891271,CANCELLED,46,CLEAR,MEDIUM
7565,2026-01-19 16:28:02,78.62,6,18,21,43.204493,-2.89228,DELIVERED,17,CLEAR,HIGH
7566,2026-01-03 20:55:04,93.73,5,34,21,43.291435,-2.883708,DELIVERED,23,CLEAR,MEDIUM
7567,2026-01-01 22:31:09,52.55,4,16,27,43.256652,-2.913417,DELIVERED,27,CLEAR,HIGH
7568,2026-01-29 13:46:22,50.75,5,13,17,43.27672,-2.920298,DELIVERED,20,CLEAR,HIGH
7569,2026-01-10 15:12:24,29.59,3,11,12,43.290645,-2.928964,DELIVERED,30,CLEAR,LOW
7570,2026-01-15 21:36:16,71.66,6,18,27,43.201102,-2.966523,CANCELLED,35,WIND,HIGH
7571,2026-01-31 23:47:25,67.1,5,12,14,43.28742,-2.985641,DELIVERED,27,CLEAR,LOW
7572,2026-01-01 10:04:34,47.4,5,11,20,43.271218,-2.939481,DELIVERED,50,CLEAR,HIGH
7573,2026-01-12 22:19:44,53.71,5,17,33,43.256471,-2.892386,DELIVERED,15,RAIN,HIGH
7574,2026-01-26 13:38:29,31.97,3,24,17,43.27655,-2.89105,DELIVERED,31,CLEAR,MEDIUM
7575,2026-01-14 12:06:52,11.31,1,13,14,43.248238,-2.973312,DELIVERED,8,CLEAR,LOW
7576,2026-01-07 14:32:37,22.92,2,18,27,43.255795,-2.970966,DELIVERED,41,CLEAR,HIGH
7577,2026-01-04 20:04:41,17.36,1,22,17,43.269162,-2.96502,DELIVERED,24,CLEAR,LOW
7578,2026-01-30 14:33:14,46.26,4,19,25,43.246792,-2.919979,DELIVERED,40,CLEAR,MEDIUM
7579,2026-01-30 12:45:23,11.83,1,18,28,43.200498,-2.944147,DELIVERED,24,RAIN,MEDIUM
7580,2026-01-29 21:53:16,39.48,3,27,22,43.20648,-2.989882,DELIVERED,24,CLEAR,HIGH
7581,2026-01-26 21:51:58,25.44,2,28,16,43.282319,-2.900879,DELIVERED,35,CLEAR,MEDIUM
7582,2026-01-27 06:31:12,61.74,6,13,24,43.220166,-2.932759,DELIVERED,41,WIND,LOW
7583,2026-01-20 13:48:59,15.47,1,22,26,43.272848,-2.915374,DELIVERED,27,RAIN,HIGH
7584,2026-01-08 05:36:19,57.14,3,22,11,43.218393,-2.98099,DELIVERED,10,CLEAR,LOW
7585,2026-01-07 20:31:19,84.65,6,20,18,43.215765,-2.937719,DELIVERED,32,CLEAR,MEDIUM
7586,2026-01-11 03:17:28,10.88,1,18,14,43.200422,-2.975496,DELIVERED,35,CLEAR,MEDIUM
7587,2026-01-27 22:46:18,39.2,3,27,28,43.205669,-2.950699,DELIVERED,17,RAIN,HIGH
7588,2026-01-30 14:46:16,31.22,2,16,30,43.242303,-2.942634,DELIVERED,17,CLEAR,HIGH
7589,2026-01-28 06:52:38,68.6,5,24,18,43.265439,-2.970732,DELIVERED,12,CLEAR,LOW
7590,2026-01-19 21:50:13,7.19,1,21,24,43.223124,-2.935705,DELIVERED,16,CLEAR,MEDIUM
7591,2026-01-14 22:18:53,35.56,3,19,18,43.212778,-2.903861,DELIVERED,40,CLEAR,HIGH
7592,2026-01-27 17:03:02,40.01,3,16,17,43.222211,-2.966412,DELIVERED,40,CLEAR,LOW
7593,2026-01-31 19:31:07,59.96,6,18,19,43.237695,-2.943468,CANCELLED,19,CLEAR,LOW
7594,2026-01-07 22:16:52,112.61,6,35,18,43.240478,-2.936786,DELIVERED,18,CLEAR,HIGH
7595,2026-01-01 14:24:05,36.1,2,34,27,43.259329,-2.921096,DELIVERED,33,WIND,HIGH
7596,2026-01-07 13:56:44,83.14,6,24,18,43.206414,-2.952151,DELIVERED,11,CLEAR,MEDIUM
7597,2026-01-13 02:38:35,15.52,1,16,17,43.280637,-2.972348,DELIVERED,42,CLEAR,MEDIUM
7598,2026-01-26 09:12:55,71.36,5,27,21,43.206609,-2.926033,DELIVERED,12,CLEAR,MEDIUM
7599,2026-01-02 07:34:09,22.88,2,17,18,43.290809,-2.98326,DELIVERED,4,CLEAR,MEDIUM
7600,2026-01-24 13:52:51,54.98,6,19,38,43.283804,-2.88255,DELIVERED,16,RAIN,HIGH
7601,2026-01-17 17:32:56,17.77,1,21,15,43.234593,-2.952534,DELIVERED,38,CLEAR,LOW
7602,2026-01-04 09:47:28,70.85,4,19,25,43.264007,-2.938581,DELIVERED,6,RAIN,LOW
7603,2026-01-07 12:45:08,60.53,5,19,24,43.241106,-2.975468,DELIVERED,35,CLEAR,HIGH
7604,2026-01-25 15:19:18,44.46,3,15,20,43.234708,-2.951815,DELIVERED,17,RAIN,LOW
7605,2026-01-01 14:39:06,63.56,5,23,19,43.270874,-2.9186,DELIVERED,3,CLEAR,HIGH
7606,2026-01-22 22:16:46,24.3,2,26,15,43.266322,-2.931126,DELIVERED,19,CLEAR,MEDIUM
7607,2026-01-27 12:56:14,34.11,3,20,24,43.208863,-2.953882,DELIVERED,45,CLEAR,MEDIUM
7608,2026-01-27 15:43:15,8.42,1,16,24,43.284469,-2.903386,DELIVERED,7,WIND,LOW
7609,2026-01-23 12:35:49,48.62,5,14,19,43.277515,-2.986665,DELIVERED,20,CLEAR,MEDIUM
7610,2026-01-03 06:07:28,14.72,1,24,25,43.240491,-2.941194,DELIVERED,14,CLEAR,HIGH
7611,2026-01-16 06:37:23,82.08,6,18,25,43.230215,-2.942701,DELIVERED,39,CLEAR,MEDIUM
7612,2026-01-15 15:11:54,56.16,4,15,16,43.270762,-2.989015,DELIVERED,8,WIND,LOW
7613,2026-01-30 21:47:12,59.83,5,29,35,43.230234,-2.946495,DELIVERED,34,RAIN,HIGH
7614,2026-01-08 23:31:04,56.22,3,29,11,43.239981,-2.949118,DELIVERED,33,CLEAR,LOW
7615,2026-01-22 13:53:19,11.16,1,24,30,43.289566,-2.97635,DELIVERED,29,RAIN,HIGH
7616,2026-01-31 23:01:50,31.12,2,21,14,43.203704,-2.943715,DELIVERED,32,WIND,LOW
7617,2026-01-17 20:10:51,45.74,5,8,24,43.254265,-2.92055,DELIVERED,37,CLEAR,HIGH
7618,2026-01-28 16:45:17,65.04,5,19,15,43.231678,-2.969861,DELIVERED,3,CLEAR,MEDIUM
7619,2026-01-07 21:27:44,34.16,2,31,18,43.234696,-2.965726,DELIVERED,6,CLEAR,MEDIUM
7620,2026-01-24 20:48:38,70.39,4,20,15,43.264659,-2.883226,DELIVERED,6,CLEAR,LOW
7621,2026-01-26 16:23:35,54.43,4,17,27,43.250932,-2.89876,DELIVERED,17,CLEAR,HIGH
7622,2026-01-14 04:43:19,34.49,4,16,15,43.268811,-2.880885,DELIVERED,31,CLEAR,LOW
7623,2026-01-27 14:28:00,35.99,3,24,34,43.284839,-2.890033,DELIVERED,44,RAIN,HIGH
7624,2026-01-03 17:06:02,54.05,4,26,13,43.260789,-2.925243,DELIVERED,12,CLEAR,LOW
7625,2026-01-12 13:29:59,8.62,1,17,25,43.297586,-2.880271,DELIVERED,16,WIND,HIGH
7626,2026-01-29 01:50:38,14.74,1,17,14,43.265271,-2.92898,DELIVERED,5,CLEAR,LOW
7627,2026-01-16 21:42:03,15.15,1,26,33,43.290046,-2.963078,DELIVERED,45,RAIN,HIGH
7628,2026-01-01 21:18:37,54.46,3,33,24,43.271944,-2.936448,DELIVERED,18,CLEAR,HIGH
7629,2026-01-02 16:27:36,57.51,6,16,18,43.243778,-2.883878,DELIVERED,21,WIND,LOW
7630,2026-01-22 21:19:46,10.34,1,21,21,43.270394,-2.950387,DELIVERED,49,CLEAR,MEDIUM
7631,2026-01-05 22:06:41,61.56,5,28,25,43.298787,-2.982244,DELIVERED,5,RAIN,HIGH
7632,2026-01-01 18:17:52,42.7,4,15,12,43.29327,-2.922305,CANCELLED,47,CLEAR,LOW
7633,2026-01-10 00:33:39,53.37,5,19,15,43.235841,-2.943321,DELIVERED,19,CLEAR,LOW
7634,2026-01-22 23:20:45,16.73,1,15,16,43.271685,-2.944499,DELIVERED,35,RAIN,LOW
7635,2026-01-15 05:02:56,64.15,5,23,11,43.288989,-2.989123,DELIVERED,29,CLEAR,LOW
7636,2026-01-09 13:18:44,59.87,4,24,14,43.250379,-2.940651,DELIVERED,32,WIND,MEDIUM
7637,2026-01-25 22:40:44,74.58,4,33,32,43.220568,-2.936529,DELIVERED,23,CLEAR,HIGH
7638,2026-01-15 13:54:00,77.37,6,26,23,43.295373,-2.955924,DELIVERED,35,CLEAR,HIGH
7639,2026-01-23 18:00:58,41.94,4,16,21,43.217584,-2.982271,DELIVERED,7,CLEAR,MEDIUM
7640,2026-01-30 13:40:20,34.8,4,16,24,43.298508,-2.981654,DELIVERED,49,RAIN,HIGH
7641,2026-01-24 21:20:55,55.11,5,24,25,43.261202,-2.989684,DELIVERED,44,RAIN,HIGH
7642,2026-01-08 13:48:34,41.37,4,23,37,43.252344,-2.948874,DELIVERED,20,RAIN,HIGH
7643,2026-01-01 06:55:24,11.84,1,27,23,43.206832,-2.914777,DELIVERED,2,RAIN,LOW
7644,2026-01-29 15:52:11,11.97,1,23,12,43.292853,-2.914292,DELIVERED,22,CLEAR,LOW
7645,2026-01-12 12:06:55,12.93,1,23,11,43.213853,-2.91294,DELIVERED,25,CLEAR,LOW
7646,2026-01-14 14:25:44,16.62,1,35,26,43.260255,-2.891739,DELIVERED,33,CLEAR,HIGH
7647,2026-01-01 00:28:53,25.54,3,13,12,43.274499,-2.904327,DELIVERED,37,CLEAR,LOW
7648,2026-01-05 13:16:39,62.58,5,26,30,43.294089,-2.922455,DELIVERED,2,CLEAR,HIGH
7649,2026-01-31 23:06:33,37.67,3,21,23,43.294481,-2.938784,DELIVERED,34,RAIN,LOW
7650,2026-01-14 19:47:27,87.72,6,19,18,43.250243,-2.987619,DELIVERED,32,CLEAR,LOW
7651,2026-01-30 21:16:10,58.37,6,18,18,43.218411,-2.898393,DELIVERED,21,CLEAR,MEDIUM
7652,2026-01-14 23:09:52,21.92,1,23,25,43.277528,-2.962431,DELIVERED,10,RAIN,LOW
7653,2026-01-21 03:30:43,65.11,6,13,15,43.250429,-2.923901,CANCELLED,30,CLEAR,LOW
7654,2026-01-18 21:41:16,43.27,3,15,29,43.211563,-2.980965,DELIVERED,17,RAIN,HIGH
7655,2026-01-20 13:27:33,56.87,4,24,25,43.271948,-2.886628,DELIVERED,1,CLEAR,HIGH
7656,2026-01-24 14:11:54,88.81,5,39,23,43.21067,-2.898753,DELIVERED,23,CLEAR,HIGH
7657,2026-01-02 11:44:35,70.59,4,20,18,43.226065,-2.897311,DELIVERED,6,CLEAR,MEDIUM
7658,2026-01-21 13:31:58,14.84,1,24,14,43.277516,-2.948111,DELIVERED,5,CLEAR,MEDIUM
7659,2026-01-13 08:10:04,65.68,5,16,18,43.240804,-2.931255,DELIVERED,27,CLEAR,LOW
7660,2026-01-11 10:59:06,45.85,5,10,15,43.272764,-2.946121,DELIVERED,37,CLEAR,LOW
7661,2026-01-06 03:32:41,51.74,4,18,15,43.228716,-2.887856,DELIVERED,39,CLEAR,MEDIUM
7662,2026-01-11 22:50:16,55.2,3,29,21,43.206362,-2.916851,DELIVERED,33,CLEAR,MEDIUM
7663,2026-01-03 23:33:10,48.77,5,11,18,43.24608,-2.917754,DELIVERED,43,CLEAR,LOW
7664,2026-01-22 22:23:19,59.51,5,29,28,43.21752,-2.887679,DELIVERED,45,CLEAR,HIGH
7665,2026-01-07 09:29:37,18.22,2,14,23,43.277156,-2.890539,DELIVERED,37,CLEAR,HIGH
7666,2026-01-17 12:43:16,93.42,5,27,12,43.231463,-2.91139,DELIVERED,28,CLEAR,LOW
7667,2026-01-26 13:28:28,13.63,1,21,25,43.236495,-2.988107,DELIVERED,3,CLEAR,HIGH
7668,2026-01-13 21:44:27,22.04,2,33,27,43.230442,-2.92087,DELIVERED,22,CLEAR,HIGH
7669,2026-01-12 19:27:26,29.38,3,8,13,43.23532,-2.89619,DELIVERED,37,CLEAR,LOW
7670,2026-01-27 13:28:50,36.31,3,22,29,43.276274,-2.926227,DELIVERED,40,WIND,HIGH
7671,2026-01-19 14:59:22,16.07,2,19,21,43.272034,-2.927127,DELIVERED,16,CLEAR,HIGH
7672,2026-01-13 13:18:28,30.55,3,21,15,43.276387,-2.903563,DELIVERED,26,CLEAR,MEDIUM
7673,2026-01-27 22:55:20,53.2,6,22,21,43.291315,-2.897267,DELIVERED,21,CLEAR,HIGH
7674,2026-01-10 01:08:20,13.83,1,21,18,43.203404,-2.891954,DELIVERED,4,RAIN,LOW
7675,2026-01-09 10:36:13,39.41,3,12,13,43.299097,-2.907887,DELIVERED,8,CLEAR,LOW
7676,2026-01-22 21:20:03,47.6,3,21,24,43.201949,-2.916395,DELIVERED,13,CLEAR,MEDIUM
7677,2026-01-02 22:44:31,46.21,3,29,21,43.208937,-2.917729,DELIVERED,25,CLEAR,HIGH
7678,2026-01-19 23:35:26,73.95,5,14,19,43.262817,-2.948645,DELIVERED,1,WIND,HIGH
7679,2026-01-29 13:45:50,111.24,6,37,19,43.222719,-2.930163,DELIVERED,33,CLEAR,HIGH
7680,2026-01-11 22:19:00,17.86,1,23,24,43.234393,-2.910474,DELIVERED,13,CLEAR,HIGH
7681,2026-01-22 21:30:18,70.66,5,22,25,43.232721,-2.945505,DELIVERED,11,CLEAR,HIGH
7682,2026-01-14 20:11:31,29.9,3,13,24,43.287115,-2.905636,DELIVERED,15,RAIN,LOW
7683,2026-01-09 22:31:27,15.71,1,24,31,43.219866,-2.969623,DELIVERED,47,CLEAR,HIGH
7684,2026-01-25 20:55:19,16.09,2,15,21,43.246211,-2.901957,DELIVERED,16,CLEAR,MEDIUM
7685,2026-01-03 21:26:12,113.83,6,29,26,43.297893,-2.928696,DELIVERED,6,CLEAR,HIGH
7686,2026-01-18 21:38:08,37.1,3,27,19,43.239518,-2.970537,DELIVERED,5,CLEAR,HIGH
7687,2026-01-31 23:58:10,77.04,4,27,20,43.25737,-2.940096,DELIVERED,9,CLEAR,LOW
7688,2026-01-11 21:56:50,45.37,3,34,18,43.232138,-2.8852,DELIVERED,14,CLEAR,HIGH
7689,2026-01-17 22:57:07,54.89,6,21,26,43.201478,-2.895829,DELIVERED,31,CLEAR,HIGH
7690,2026-01-06 12:42:20,43.66,4,20,23,43.251289,-2.92291,DELIVERED,26,WIND,LOW
7691,2026-01-02 05:52:36,40.93,4,16,18,43.218358,-2.940435,DELIVERED,41,CLEAR,LOW
7692,2026-01-10 06:07:40,10.07,1,18,16,43.20884,-2.964441,DELIVERED,47,CLEAR,LOW
7693,2026-01-08 13:36:54,85.5,6,29,18,43.236486,-2.899173,DELIVERED,14,CLEAR,MEDIUM
7694,2026-01-03 02:21:10,76.38,6,16,40,43.298192,-2.930457,DELIVERED,39,RAIN,HIGH
7695,2026-01-26 13:52:36,23.58,2,28,17,43.276075,-2.921539,DELIVERED,19,CLEAR,MEDIUM
7696,2026-01-22 14:53:53,18.31,2,19,22,43.279807,-2.964568,DELIVERED,43,CLEAR,MEDIUM
7697,2026-01-30 14:32:17,22.44,2,25,34,43.255816,-2.981203,DELIVERED,4,RAIN,HIGH
7698,2026-01-04 00:40:05,76.26,4,30,23,43.21073,-2.925404,DELIVERED,18,CLEAR,MEDIUM
7699,2026-01-28 23:43:55,16.48,1,15,10,43.259543,-2.905315,DELIVERED,8,CLEAR,LOW
7700,2026-01-20 20:35:40,51.95,5,11,27,43.204517,-2.966839,DELIVERED,20,RAIN,MEDIUM
7701,2026-01-13 14:03:50,74.7,5,24,20,43.266125,-2.938884,DELIVERED,48,CLEAR,MEDIUM
7702,2026-01-10 23:57:54,57.5,6,9,10,43.228294,-2.923353,DELIVERED,43,CLEAR,LOW
7703,2026-01-11 13:21:21,60.99,5,29,25,43.266542,-2.96421,DELIVERED,2,RAIN,HIGH
7704,2026-01-26 11:07:08,70.67,6,19,29,43.284251,-2.885092,DELIVERED,35,WIND,HIGH
7705,2026-01-06 12:00:02,76.27,6,15,17,43.296965,-2.881364,DELIVERED,45,CLEAR,MEDIUM
7706,2026-01-23 22:54:10,26.99,2,24,23,43.22824,-2.896105,DELIVERED,11,CLEAR,HIGH
7707,2026-01-25 08:24:23,26.1,2,16,28,43.284377,-2.934479,DELIVERED,17,WIND,HIGH
7708,2026-01-24 15:45:38,19.73,2,22,13,43.279703,-2.918195,DELIVERED,26,CLEAR,LOW
7709,2026-01-28 03:15:03,36.32,4,11,21,43.240349,-2.893562,DELIVERED,49,CLEAR,MEDIUM
7710,2026-01-19 20:55:28,47.44,4,18,22,43.295468,-2.953881,DELIVERED,35,CLEAR,HIGH
7711,2026-01-10 17:20:48,19.34,2,16,21,43.272763,-2.883918,DELIVERED,41,WIND,MEDIUM
7712,2026-01-21 09:14:42,22.95,2,21,18,43.274372,-2.962924,DELIVERED,5,CLEAR,MEDIUM
7713,2026-01-11 14:32:17,10.74,1,26,20,43.268553,-2.977124,DELIVERED,45,CLEAR,HIGH
7714,2026-01-09 06:07:23,37.66,3,17,17,43.293743,-2.984637,DELIVERED,11,CLEAR,MEDIUM
7715,2026-01-15 20:45:59,42.17,3,16,25,43.269659,-2.969117,DELIVERED,38,CLEAR,HIGH
7716,2026-01-08 23:55:59,44.56,3,13,16,43.235578,-2.947638,DELIVERED,27,CLEAR,MEDIUM
7717,2026-01-24 21:45:02,52.16,4,23,29,43.283289,-2.886055,DELIVERED,29,RAIN,MEDIUM
7718,2026-01-25 13:13:52,88.33,5,34,18,43.233115,-2.926079,DELIVERED,9,CLEAR,MEDIUM
7719,2026-01-15 13:43:51,29.45,3,19,20,43.204538,-2.966733,DELIVERED,41,WIND,MEDIUM
7720,2026-01-30 15:24:08,12.94,1,17,28,43.237686,-2.908628,CANCELLED,17,RAIN,MEDIUM
7721,2026-01-17 01:57:29,28.73,3,12,15,43.280066,-2.970915,DELIVERED,16,CLEAR,LOW
7722,2026-01-30 22:36:35,19.37,2,22,19,43.225181,-2.934238,DELIVERED,49,CLEAR,MEDIUM
7723,2026-01-31 21:30:36,14.02,1,28,27,43.229632,-2.963674,CANCELLED,45,CLEAR,HIGH
7724,2026-01-06 22:59:11,40.96,3,21,27,43.230967,-2.941675,DELIVERED,17,CLEAR,HIGH
7725,2026-01-05 13:18:28,46.09,3,24,19,43.25535,-2.936301,DELIVERED,25,WIND,HIGH
7726,2026-01-24 21:49:58,79.17,6,21,27,43.269208,-2.907579,DELIVERED,46,CLEAR,HIGH
7727,2026-01-16 13:55:19,51.7,4,29,17,43.273423,-2.966464,DELIVERED,39,CLEAR,HIGH
7728,2026-01-02 15:03:33,16.85,2,11,15,43.212361,-2.973145,DELIVERED,37,CLEAR,LOW
7729,2026-01-22 23:26:10,35.65,3,14,30,43.275737,-2.934459,DELIVERED,30,CLEAR,HIGH
7730,2026-01-27 07:03:28,61.08,4,14,25,43.214385,-2.978308,DELIVERED,1,RAIN,LOW
7731,2026-01-02 04:40:51,23.28,2,14,14,43.204848,-2.89011,DELIVERED,41,CLEAR,LOW
7732,2026-01-17 12:13:37,64.42,6,14,22,43.297805,-2.932574,DELIVERED,15,CLEAR,MEDIUM
7733,2026-01-17 14:19:33,34.5,3,25,26,43.204399,-2.898538,DELIVERED,19,CLEAR,HIGH
7734,2026-01-18 00:57:06,28.24,2,16,17,43.236027,-2.962836,DELIVERED,3,CLEAR,LOW
7735,2026-01-18 13:25:42,76.23,6,24,34,43.224056,-2.945163,DELIVERED,24,RAIN,HIGH
7736,2026-01-26 15:05:00,24.05,2,17,23,43.202255,-2.982914,DELIVERED,26,CLEAR,MEDIUM
7737,2026-01-09 13:56:10,15.91,1,19,33,43.256996,-2.935797,DELIVERED,30,WIND,HIGH
7738,2026-01-14 22:51:24,27.72,2,29,25,43.221969,-2.984804,DELIVERED,5,CLEAR,HIGH
7739,2026-01-28 20:10:48,13.32,1,17,21,43.203264,-2.88474,DELIVERED,11,WIND,LOW
7740,2026-01-28 18:28:00,89.94,5,27,21,43.284868,-2.93122,CANCELLED,28,CLEAR,MEDIUM
7741,2026-01-21 20:34:50,95.53,5,26,15,43.207415,-2.954607,DELIVERED,28,RAIN,LOW
7742,2026-01-21 14:23:14,59.29,3,27,25,43.277077,-2.953849,DELIVERED,36,RAIN,HIGH
7743,2026-01-12 21:42:58,34.81,2,35,26,43.227214,-2.896461,DELIVERED,33,CLEAR,HIGH
7744,2026-01-20 07:05:13,41.69,4,21,23,43.298206,-2.964572,DELIVERED,4,RAIN,LOW
7745,2026-01-11 23:00:14,49.13,4,15,16,43.230227,-2.92213,DELIVERED,45,CLEAR,LOW
7746,2026-01-13 00:59:47,34.68,2,19,10,43.286129,-2.941673,DELIVERED,36,CLEAR,LOW
7747,2026-01-08 13:33:48,38.15,3,37,22,43.276397,-2.95545,DELIVERED,2,CLEAR,HIGH
7748,2026-01-14 21:54:41,72.87,6,30,25,43.264354,-2.904246,DELIVERED,5,CLEAR,HIGH
7749,2026-01-23 12:51:01,19.73,2,16,16,43.228119,-2.953396,DELIVERED,19,CLEAR,HIGH
7750,2026-01-16 19:41:01,7.15,1,11,13,43.286788,-2.892806,CANCELLED,7,CLEAR,LOW
7751,2026-01-31 15:40:51,20.63,2,8,24,43.216333,-2.945989,DELIVERED,37,CLEAR,MEDIUM
7752,2026-01-29 21:56:50,21.86,1,34,29,43.259335,-2.950052,DELIVERED,33,CLEAR,HIGH
7753,2026-01-07 21:36:44,14.92,1,24,16,43.275659,-2.985811,DELIVERED,27,WIND,MEDIUM
7754,2026-01-05 23:02:08,52.81,4,29,11,43.279967,-2.933071,DELIVERED,22,CLEAR,LOW
7755,2026-01-10 10:26:30,10.41,1,15,13,43.281872,-2.916284,DELIVERED,40,CLEAR,MEDIUM
7756,2026-01-21 07:01:02,50.12,5,11,14,43.211635,-2.953646,DELIVERED,16,CLEAR,LOW
7757,2026-01-26 20:15:01,51.45,5,14,16,43.247226,-2.979373,DELIVERED,41,CLEAR,MEDIUM
7758,2026-01-26 14:20:57,48.71,4,24,31,43.257106,-2.909503,DELIVERED,29,RAIN,MEDIUM
7759,2026-01-14 17:13:32,31.22,3,11,10,43.225822,-2.946509,DELIVERED,7,CLEAR,LOW
7760,2026-01-31 13:12:35,65.28,6,29,18,43.230353,-2.972427,DELIVERED,19,CLEAR,HIGH
7761,2026-01-28 16:42:18,50.7,5,21,15,43.298668,-2.907175,DELIVERED,4,CLEAR,MEDIUM
7762,2026-01-10 21:55:37,85.28,6,26,20,43.250095,-2.96091,CANCELLED,13,CLEAR,HIGH
7763,2026-01-19 20:15:40,71.21,6,20,19,43.29917,-2.976201,DELIVERED,35,CLEAR,LOW
7764,2026-01-11 02:34:05,15.67,1,20,14,43.257829,-2.881653,DELIVERED,25,CLEAR,LOW
7765,2026-01-31 21:34:29,29.41,3,22,26,43.284177,-2.928697,CANCELLED,30,RAIN,MEDIUM
7766,2026-01-19 23:26:42,54.5,3,31,13,43.214858,-2.948779,DELIVERED,23,CLEAR,LOW
7767,2026-01-04 19:38:38,107.31,6,25,12,43.222912,-2.906153,CANCELLED,6,CLEAR,LOW
7768,2026-01-08 23:22:19,29.4,2,21,10,43.249614,-2.889405,DELIVERED,32,CLEAR,LOW
7769,2026-01-04 19:40:56,60.36,6,14,34,43.211803,-2.985379,DELIVERED,15,WIND,HIGH
7770,2026-01-19 14:57:07,27.4,2,22,17,43.284,-2.989713,DELIVERED,8,CLEAR,HIGH
7771,2026-01-17 22:55:34,75.16,4,40,26,43.297812,-2.884078,DELIVERED,23,CLEAR,HIGH
7772,2026-01-20 08:26:08,13.14,1,12,13,43.254925,-2.984223,DELIVERED,27,CLEAR,MEDIUM
7773,2026-01-08 22:21:19,39.85,4,21,32,43.291493,-2.952161,DELIVERED,37,RAIN,HIGH
7774,2026-01-23 21:54:53,16.11,1,32,25,43.220163,-2.898306,DELIVERED,14,CLEAR,HIGH
7775,2026-01-15 23:28:52,39.4,3,18,23,43.205126,-2.932273,DELIVERED,46,CLEAR,MEDIUM
7776,2026-01-22 20:12:17,34.68,4,12,22,43.245722,-2.978491,DELIVERED,43,CLEAR,MEDIUM
7777,2026-01-04 20:12:06,59.58,3,31,25,43.230336,-2.928853,DELIVERED,9,RAIN,LOW
7778,2026-01-26 20:25:15,39.49,2,30,17,43.226634,-2.95461,DELIVERED,33,CLEAR,LOW
7779,2026-01-03 15:47:41,112.99,6,30,18,43.212358,-2.937398,DELIVERED,23,CLEAR,MEDIUM
7780,2026-01-25 21:02:31,12.6,1,22,15,43.239362,-2.942758,DELIVERED,42,CLEAR,MEDIUM
7781,2026-01-06 09:38:52,26.42,2,29,23,43.265846,-2.948193,DELIVERED,12,RAIN,MEDIUM
7782,2026-01-17 22:45:16,83.92,6,29,29,43.23352,-2.907921,DELIVERED,13,RAIN,MEDIUM
7783,2026-01-02 14:27:07,30.66,2,31,28,43.287627,-2.931026,DELIVERED,14,RAIN,HIGH
7784,2026-01-19 17:20:02,26.19,2,23,20,43.213231,-2.964143,DELIVERED,25,CLEAR,MEDIUM
7785,2026-01-28 17:02:35,17.98,1,21,34,43.271115,-2.890143,DELIVERED,32,RAIN,HIGH
7786,2026-01-12 16:07:50,32.89,2,16,20,43.215934,-2.905075,DELIVERED,13,RAIN,LOW
7787,2026-01-24 22:16:43,49.15,5,16,15,43.232735,-2.964922,DELIVERED,50,CLEAR,MEDIUM
7788,2026-01-18 06:08:11,29.27,3,19,20,43.241312,-2.881424,DELIVERED,4,CLEAR,LOW
7789,2026-01-11 15:15:02,76.78,6,15,12,43.243321,-2.886821,DELIVERED,45,CLEAR,LOW
7790,2026-01-14 18:01:37,43.76,4,17,16,43.221736,-2.905737,DELIVERED,47,CLEAR,MEDIUM
7791,2026-01-16 22:41:11,11.88,1,24,24,43.253073,-2.963074,DELIVERED,35,CLEAR,HIGH
7792,2026-01-18 09:29:22,30.71,3,21,20,43.282028,-2.914879,DELIVERED,4,WIND,LOW
7793,2026-01-14 01:49:25,43.34,3,18,17,43.285407,-2.885466,DELIVERED,1,WIND,LOW
7794,2026-01-06 23:59:20,86.07,6,29,10,43.25875,-2.917245,DELIVERED,12,CLEAR,LOW
7795,2026-01-18 15:45:09,40.6,2,29,21,43.22818,-2.964251,DELIVERED,9,CLEAR,MEDIUM
7796,2026-01-15 12:26:10,57.3,6,11,19,43.231141,-2.935615,DELIVERED,50,CLEAR,LOW
7797,2026-01-05 08:00:11,56.16,6,9,20,43.26924,-2.98751,DELIVERED,50,CLEAR,LOW
7798,2026-01-01 14:58:06,76.66,6,27,17,43.262869,-2.903099,DELIVERED,5,CLEAR,HIGH
7799,2026-01-21 13:00:17,61.11,5,25,21,43.273062,-2.937389,DELIVERED,29,CLEAR,MEDIUM
7800,2026-01-04 13:04:07,12.82,1,16,19,43.291998,-2.954704,DELIVERED,43,CLEAR,HIGH
7801,2026-01-02 14:02:38,50.2,4,26,29,43.261454,-2.916487,DELIVERED,35,RAIN,HIGH
7802,2026-01-14 12:11:15,65.35,5,21,10,43.208348,-2.921196,DELIVERED,38,CLEAR,LOW
7803,2026-01-21 22:30:04,13.19,1,22,23,43.276748,-2.900897,DELIVERED,45,RAIN,HIGH
7804,2026-01-03 21:41:30,109.03,6,35,20,43.20031,-2.889901,DELIVERED,18,CLEAR,MEDIUM
7805,2026-01-12 19:25:50,13.28,1,12,10,43.239075,-2.958869,DELIVERED,43,CLEAR,LOW
7806,2026-01-16 01:46:10,50.66,5,17,13,43.245486,-2.908799,DELIVERED,41,CLEAR,LOW
7807,2026-01-19 13:08:02,47.08,5,25,20,43.292928,-2.933978,DELIVERED,21,CLEAR,MEDIUM
7808,2026-01-31 20:46:21,24.6,2,17,24,43.255647,-2.945915,DELIVERED,17,CLEAR,MEDIUM
7809,2026-01-28 21:38:55,23.61,2,20,22,43.266646,-2.958156,DELIVERED,16,CLEAR,MEDIUM
7810,2026-01-15 14:34:38,50.33,4,32,26,43.244528,-2.89875,DELIVERED,39,WIND,MEDIUM
7811,2026-01-20 20:37:21,23.91,2,16,20,43.247999,-2.970323,DELIVERED,35,CLEAR,MEDIUM
7812,2026-01-08 09:38:39,19.94,1,30,18,43.260707,-2.949312,DELIVERED,33,CLEAR,MEDIUM
7813,2026-01-16 05:36:49,8.36,1,13,21,43.202477,-2.915162,DELIVERED,21,CLEAR,MEDIUM
7814,2026-01-17 22:40:35,110.18,6,35,23,43.230008,-2.924264,DELIVERED,28,CLEAR,HIGH
7815,2026-01-08 22:50:25,29.25,2,34,23,43.20224,-2.975004,DELIVERED,48,CLEAR,HIGH
7816,2026-01-01 22:33:49,22.7,2,29,23,43.227739,-2.975197,DELIVERED,4,CLEAR,MEDIUM
7817,2026-01-25 13:10:05,25.82,2,18,21,43.224726,-2.940522,DELIVERED,15,CLEAR,MEDIUM
7818,2026-01-19 22:45:58,21.71,2,23,24,43.219441,-2.916624,DELIVERED,44,CLEAR,HIGH
7819,2026-01-15 22:52:15,13.72,1,28,14,43.280959,-2.88558,DELIVERED,24,CLEAR,MEDIUM
7820,2026-01-02 10:31:57,52.3,5,11,15,43.21584,-2.883046,DELIVERED,30,CLEAR,LOW
7821,2026-01-08 18:55:43,58.81,6,16,28,43.297368,-2.926322,CANCELLED,26,CLEAR,HIGH
7822,2026-01-04 15:00:17,41.55,2,19,20,43.290451,-2.901456,DELIVERED,10,CLEAR,LOW
7823,2026-01-21 22:19:20,31.83,2,29,17,43.250654,-2.957186,DELIVERED,12,CLEAR,HIGH
7824,2026-01-08 15:24:53,13.68,1,14,22,43.21733,-2.933289,CANCELLED,37,RAIN,MEDIUM
7825,2026-01-05 05:21:27,109.7,6,30,18,43.214371,-2.950731,DELIVERED,9,CLEAR,LOW
7826,2026-01-09 13:03:37,52.79,5,18,16,43.252735,-2.955487,DELIVERED,41,CLEAR,HIGH
7827,2026-01-18 09:50:09,26.3,2,18,16,43.201658,-2.888741,DELIVERED,34,CLEAR,LOW
7828,2026-01-02 22:34:56,13.9,1,27,21,43.246446,-2.964939,DELIVERED,29,CLEAR,MEDIUM
7829,2026-01-28 21:29:22,16.37,1,29,28,43.203276,-2.937389,DELIVERED,29,WIND,HIGH
7830,2026-01-27 12:03:20,77.33,6,15,13,43.226791,-2.964023,DELIVERED,8,CLEAR,LOW
7831,2026-01-28 12:39:35,63.71,5,12,23,43.202653,-2.963088,DELIVERED,27,WIND,LOW
7832,2026-01-01 11:23:13,61.31,5,15,11,43.247428,-2.95125,DELIVERED,40,CLEAR,LOW
7833,2026-01-10 23:15:08,21.27,2,17,13,43.212973,-2.890138,DELIVERED,21,CLEAR,MEDIUM
7834,2026-01-27 15:41:29,18.28,1,19,12,43.294331,-2.93244,DELIVERED,6,CLEAR,LOW
7835,2026-01-03 09:52:01,80.5,6,16,27,43.298017,-2.949403,DELIVERED,11,CLEAR,HIGH
7836,2026-01-21 12:11:58,23.5,1,34,22,43.222146,-2.89723,DELIVERED,23,CLEAR,MEDIUM
7837,2026-01-06 16:38:09,51.34,5,20,14,43.29319,-2.894294,DELIVERED,19,CLEAR,MEDIUM
7838,2026-01-01 12:34:58,11.46,1,14,19,43.249596,-2.963247,DELIVERED,20,CLEAR,LOW
7839,2026-01-01 23:23:00,41.17,4,13,21,43.230601,-2.925392,DELIVERED,31,CLEAR,HIGH
7840,2026-01-15 21:07:10,50.04,4,21,15,43.282782,-2.913789,DELIVERED,42,CLEAR,MEDIUM
7841,2026-01-30 19:30:21,51.03,4,25,18,43.293077,-2.920662,DELIVERED,22,CLEAR,MEDIUM
7842,2026-01-06 22:16:59,18.76,1,32,24,43.299047,-2.921194,DELIVERED,28,CLEAR,HIGH
7843,2026-01-11 15:27:33,34.54,3,11,10,43.264151,-2.902221,DELIVERED,44,CLEAR,LOW
7844,2026-01-08 20:24:51,69.99,5,23,22,43.220217,-2.926566,DELIVERED,25,WIND,LOW
7845,2026-01-01 20:58:42,35.06,3,22,24,43.22848,-2.969927,DELIVERED,24,CLEAR,MEDIUM
7846,2026-01-07 21:40:39,71.17,6,36,17,43.222443,-2.932859,DELIVERED,22,CLEAR,MEDIUM
7847,2026-01-17 21:11:44,33.72,2,27,16,43.245986,-2.936356,DELIVERED,48,CLEAR,HIGH
7848,2026-01-12 22:43:29,13.44,1,24,21,43.231336,-2.949211,DELIVERED,16,CLEAR,HIGH
7849,2026-01-03 15:37:29,41.05,3,22,17,43.295647,-2.974299,DELIVERED,39,RAIN,LOW
7850,2026-01-11 21:11:45,9.06,1,18,27,43.21456,-2.887523,DELIVERED,21,CLEAR,HIGH
7851,2026-01-15 19:01:28,42.46,3,23,17,43.227036,-2.943511,DELIVERED,12,CLEAR,LOW
7852,2026-01-20 23:51:43,59.83,3,19,16,43.286386,-2.972786,DELIVERED,10,CLEAR,MEDIUM
7853,2026-01-31 13:27:23,48.8,5,21,30,43.280438,-2.930573,DELIVERED,41,CLEAR,HIGH
7854,2026-01-13 13:13:24,11.31,1,26,18,43.206269,-2.927245,DELIVERED,31,CLEAR,MEDIUM
7855,2026-01-14 00:26:15,40.02,4,14,19,43.215656,-2.948409,DELIVERED,47,CLEAR,MEDIUM
7856,2026-01-01 21:37:38,82.04,6,17,15,43.246732,-2.96759,DELIVERED,27,CLEAR,MEDIUM
7857,2026-01-09 21:21:30,14.46,1,26,21,43.249406,-2.912764,DELIVERED,41,CLEAR,HIGH
7858,2026-01-21 12:31:19,13.44,1,29,13,43.210438,-2.918187,DELIVERED,12,CLEAR,LOW
7859,2026-01-20 23:17:32,71.02,6,24,11,43.205768,-2.95835,DELIVERED,2,CLEAR,LOW
7860,2026-01-14 13:42:40,18.54,1,27,17,43.299029,-2.898129,DELIVERED,17,CLEAR,MEDIUM
7861,2026-01-22 22:22:23,48.33,5,15,18,43.256012,-2.939719,DELIVERED,20,CLEAR,HIGH
7862,2026-01-05 18:26:17,18.75,1,23,12,43.229159,-2.922653,DELIVERED,12,CLEAR,LOW
7863,2026-01-29 20:01:27,48.98,5,15,17,43.299857,-2.978855,DELIVERED,16,CLEAR,LOW
7864,2026-01-10 14:14:47,48.0,4,29,21,43.278922,-2.881273,DELIVERED,29,CLEAR,MEDIUM
7865,2026-01-04 22:06:24,14.46,1,22,25,43.299926,-2.935505,DELIVERED,11,CLEAR,HIGH
7866,2026-01-04 13:51:05,28.34,2,25,20,43.23296,-2.947024,DELIVERED,38,CLEAR,MEDIUM
7867,2026-01-21 06:37:18,10.41,1,12,15,43.287671,-2.976592,DELIVERED,16,CLEAR,LOW
7868,2026-01-16 13:53:34,51.44,5,19,18,43.203794,-2.966409,DELIVERED,47,CLEAR,HIGH
7869,2026-01-19 00:50:31,65.97,5,17,20,43.289837,-2.917423,DELIVERED,35,CLEAR,MEDIUM
7870,2026-01-12 14:52:02,28.88,3,23,26,43.287521,-2.924414,DELIVERED,15,CLEAR,HIGH
7871,2026-01-02 21:18:01,57.34,4,31,29,43.243133,-2.90103,DELIVERED,12,CLEAR,HIGH
7872,2026-01-13 14:29:59,93.54,5,26,23,43.261242,-2.882459,DELIVERED,36,CLEAR,HIGH
7873,2026-01-30 06:58:40,53.01,4,15,12,43.243012,-2.9306,DELIVERED,46,CLEAR,LOW
7874,2026-01-04 21:13:37,58.75,5,22,18,43.227434,-2.956305,DELIVERED,40,CLEAR,HIGH
7875,2026-01-13 21:35:04,75.47,4,39,21,43.281478,-2.894074,DELIVERED,23,CLEAR,MEDIUM
7876,2026-01-23 23:32:51,38.64,3,15,18,43.213351,-2.956649,DELIVERED,17,CLEAR,MEDIUM
7877,2026-01-26 22:43:50,53.67,4,16,31,43.257845,-2.931821,DELIVERED,27,CLEAR,HIGH
7878,2026-01-30 20:23:48,74.75,5,29,17,43.239447,-2.884982,DELIVERED,12,CLEAR,MEDIUM
7879,2026-01-11 12:10:53,42.27,4,16,13,43.299702,-2.935751,DELIVERED,19,CLEAR,LOW
7880,2026-01-13 02:39:55,75.63,4,26,18,43.212645,-2.884527,DELIVERED,33,WIND,LOW
7881,2026-01-02 20:32:02,43.17,3,20,20,43.282733,-2.921355,DELIVERED,32,CLEAR,HIGH
7882,2026-01-11 08:53:46,58.12,6,15,14,43.204154,-2.94489,DELIVERED,21,CLEAR,LOW
7883,2026-01-13 22:32:14,60.96,6,21,32,43.293322,-2.9189,DELIVERED,26,RAIN,HIGH
7884,2026-01-22 20:56:48,83.98,6,16,23,43.241862,-2.952627,DELIVERED,13,RAIN,LOW
7885,2026-01-14 14:35:11,91.04,5,28,21,43.254522,-2.976188,CANCELLED,10,CLEAR,HIGH
7886,2026-01-28 14:17:58,87.96,6,28,25,43.283569,-2.910814,DELIVERED,48,CLEAR,HIGH
7887,2026-01-10 21:17:47,56.64,4,29,21,43.235132,-2.968197,DELIVERED,32,CLEAR,HIGH
7888,2026-01-27 04:54:45,21.91,1,24,18,43.247733,-2.982602,DELIVERED,36,CLEAR,MEDIUM
7889,2026-01-26 13:18:59,65.32,5,20,18,43.219191,-2.961076,DELIVERED,40,CLEAR,HIGH
7890,2026-01-06 21:25:23,28.42,2,15,14,43.244857,-2.909846,DELIVERED,8,CLEAR,MEDIUM
7891,2026-01-30 14:11:52,56.5,4,26,24,43.218521,-2.892361,DELIVERED,25,CLEAR,HIGH
7892,2026-01-18 23:17:35,16.92,1,23,29,43.234194,-2.941794,DELIVERED,28,RAIN,MEDIUM
7893,2026-01-18 14:58:53,42.85,4,17,20,43.28042,-2.968925,DELIVERED,20,CLEAR,HIGH
7894,2026-01-11 12:32:22,83.55,6,20,18,43.278575,-2.986226,DELIVERED,39,CLEAR,LOW
7895,2026-01-07 19:20:29,15.81,1,20,24,43.225245,-2.914545,DELIVERED,13,RAIN,LOW
7896,2026-01-30 15:21:38,85.46,6,23,17,43.229458,-2.966008,DELIVERED,12,RAIN,MEDIUM
7897,2026-01-31 14:01:49,49.49,5,19,29,43.241864,-2.904967,DELIVERED,15,RAIN,HIGH
7898,2026-01-04 22:17:15,19.23,1,29,21,43.24975,-2.928105,DELIVERED,14,WIND,MEDIUM
7899,2026-01-23 12:30:14,85.6,6,19,18,43.275827,-2.906132,DELIVERED,13,CLEAR,LOW
7900,2026-01-01 03:59:22,50.55,4,29,20,43.212662,-2.962615,DELIVERED,22,CLEAR,LOW
7901,2026-01-05 23:40:43,28.51,2,26,24,43.260425,-2.891386,DELIVERED,2,CLEAR,MEDIUM
7902,2026-01-21 12:23:25,18.61,1,25,16,43.226767,-2.884137,CANCELLED,36,CLEAR,LOW
7903,2026-01-14 20:46:06,56.98,4,16,14,43.230378,-2.988356,CANCELLED,8,CLEAR,LOW
7904,2026-01-13 12:38:21,61.3,5,23,16,43.205026,-2.93522,DELIVERED,24,CLEAR,LOW
7905,2026-01-13 11:08:37,44.03,3,29,19,43.271759,-2.936468,DELIVERED,12,WIND,LOW
7906,2026-01-08 01:51:24,50.64,5,10,21,43.238325,-2.982265,DELIVERED,30,RAIN,LOW
7907,2026-01-01 20:05:33,19.07,1,31,16,43.28206,-2.968494,DELIVERED,33,WIND,LOW
7908,2026-01-08 04:35:57,41.91,3,24,18,43.253659,-2.966602,DELIVERED,48,CLEAR,MEDIUM
7909,2026-01-22 04:38:55,44.76,4,11,20,43.205896,-2.889021,DELIVERED,44,RAIN,LOW
7910,2026-01-27 14:18:09,47.08,3,22,18,43.263473,-2.908739,CANCELLED,13,CLEAR,MEDIUM
7911,2026-01-31 18:33:00,37.61,3,24,20,43.260661,-2.952683,CANCELLED,22,RAIN,LOW
7912,2026-01-03 11:47:31,22.25,2,15,17,43.287342,-2.985662,DELIVERED,40,CLEAR,MEDIUM
7913,2026-01-15 22:45:14,41.96,4,25,24,43.234593,-2.880325,CANCELLED,19,CLEAR,HIGH
7914,2026-01-27 22:02:04,13.9,1,23,35,43.272592,-2.960422,DELIVERED,42,RAIN,HIGH
7915,2026-01-13 14:16:15,15.73,1,19,24,43.267478,-2.931578,DELIVERED,30,CLEAR,HIGH
7916,2026-01-07 22:07:52,23.6,2,20,16,43.247332,-2.883235,CANCELLED,44,CLEAR,MEDIUM
7917,2026-01-08 21:19:53,24.8,2,22,24,43.212162,-2.979678,DELIVERED,17,CLEAR,MEDIUM
7918,2026-01-20 08:47:37,40.88,3,24,19,43.240633,-2.913734,DELIVERED,48,WIND,MEDIUM
7919,2026-01-12 22:54:12,60.05,6,23,19,43.204655,-2.909939,DELIVERED,4,CLEAR,MEDIUM
7920,2026-01-26 04:09:27,46.95,5,13,14,43.235521,-2.916441,DELIVERED,16,WIND,LOW
7921,2026-01-18 03:13:28,61.18,6,22,11,43.240571,-2.953036,DELIVERED,4,CLEAR,LOW
7922,2026-01-26 13:31:26,42.96,3,31,26,43.2568,-2.963402,DELIVERED,48,CLEAR,HIGH
7923,2026-01-25 12:42:30,83.66,6,20,13,43.224433,-2.916087,DELIVERED,39,CLEAR,LOW
7924,2026-01-01 10:09:54,83.65,6,22,21,43.296761,-2.968451,DELIVERED,48,RAIN,LOW
7925,2026-01-03 14:14:06,39.3,2,30,18,43.283588,-2.88304,DELIVERED,28,CLEAR,MEDIUM
7926,2026-01-16 20:25:00,43.18,3,16,13,43.233776,-2.89037,DELIVERED,27,CLEAR,LOW
7927,2026-01-24 20:09:41,16.2,2,14,22,43.210251,-2.938278,DELIVERED,37,RAIN,LOW
7928,2026-01-31 21:44:05,16.43,2,22,32,43.204125,-2.923146,DELIVERED,7,CLEAR,HIGH
7929,2026-01-17 14:16:27,57.42,3,42,25,43.295368,-2.88104,DELIVERED,23,CLEAR,HIGH
7930,2026-01-11 03:57:30,12.19,1,16,13,43.201752,-2.938267,DELIVERED,19,CLEAR,LOW
7931,2026-01-10 23:56:09,16.1,1,32,26,43.271771,-2.989753,DELIVERED,23,RAIN,MEDIUM
7932,2026-01-30 12:49:18,89.79,5,32,30,43.217088,-2.88727,DELIVERED,18,RAIN,HIGH
7933,2026-01-05 21:08:46,26.11,2,30,18,43.273633,-2.941732,DELIVERED,24,CLEAR,MEDIUM
7934,2026-01-07 05:49:34,82.68,6,20,10,43.287222,-2.928505,DELIVERED,39,CLEAR,LOW
7935,2026-01-14 10:27:15,19.9,2,12,12,43.24377,-2.929488,DELIVERED,43,CLEAR,LOW
7936,2026-01-21 16:56:31,44.45,3,18,13,43.266878,-2.8874,DELIVERED,17,CLEAR,LOW
7937,2026-01-18 15:46:49,63.83,5,10,13,43.26732,-2.930219,DELIVERED,27,CLEAR,LOW
7938,2026-01-08 09:15:13,12.87,1,23,20,43.270653,-2.88791,DELIVERED,34,CLEAR,MEDIUM
7939,2026-01-22 14:26:10,40.59,3,21,17,43.210506,-2.902697,CANCELLED,42,CLEAR,MEDIUM
7940,2026-01-12 12:52:58,75.02,6,18,17,43.218367,-2.969126,DELIVERED,35,CLEAR,MEDIUM
7941,2026-01-21 05:59:43,23.31,2,26,20,43.218959,-2.967236,DELIVERED,2,WIND,LOW
7942,2026-01-03 22:09:22,37.74,2,30,28,43.231632,-2.962918,DELIVERED,36,CLEAR,HIGH
7943,2026-01-02 13:13:06,53.41,4,28,19,43.25755,-2.980807,DELIVERED,5,CLEAR,MEDIUM
7944,2026-01-05 21:05:34,57.22,4,24,21,43.22292,-2.902771,DELIVERED,25,CLEAR,HIGH
7945,2026-01-17 22:58:11,8.7,1,21,27,43.279777,-2.941801,DELIVERED,16,CLEAR,HIGH
7946,2026-01-06 19:42:27,55.53,3,27,24,43.241498,-2.881322,DELIVERED,9,RAIN,LOW
7947,2026-01-27 00:14:57,69.47,5,16,25,43.201575,-2.985618,DELIVERED,13,WIND,HIGH
7948,2026-01-03 13:52:37,61.61,6,21,15,43.293035,-2.937351,DELIVERED,47,CLEAR,MEDIUM
7949,2026-01-04 13:05:56,76.95,6,25,16,43.262492,-2.984948,DELIVERED,11,CLEAR,HIGH
7950,2026-01-03 02:00:23,53.39,5,11,19,43.271708,-2.959613,DELIVERED,15,CLEAR,MEDIUM
7951,2026-01-21 14:32:16,86.83,6,26,16,43.242261,-2.932456,CANCELLED,1,CLEAR,MEDIUM
7952,2026-01-25 15:50:29,43.92,5,13,28,43.292559,-2.943866,DELIVERED,21,CLEAR,HIGH
7953,2026-01-01 20:59:09,76.42,6,25,21,43.261607,-2.9262,DELIVERED,22,WIND,MEDIUM
7954,2026-01-11 10:04:54,20.97,1,23,18,43.235092,-2.947894,DELIVERED,36,CLEAR,LOW
7955,2026-01-18 04:19:52,41.52,3,12,13,43.296907,-2.978698,DELIVERED,8,CLEAR,LOW
7956,2026-01-09 17:55:29,34.16,3,17,17,43.215159,-2.978102,DELIVERED,47,CLEAR,MEDIUM
7957,2026-01-10 15:46:46,67.73,5,10,18,43.270608,-2.958016,DELIVERED,27,CLEAR,LOW
7958,2026-01-28 04:14:34,55.48,4,18,11,43.206739,-2.988416,CANCELLED,13,CLEAR,LOW
7959,2026-01-25 10:35:42,12.45,1,24,17,43.256305,-2.912094,DELIVERED,14,CLEAR,HIGH
7960,2026-01-17 09:10:55,11.32,1,12,10,43.218077,-2.954796,DELIVERED,37,CLEAR,LOW
7961,2026-01-03 05:49:24,27.03,2,21,20,43.292335,-2.934585,DELIVERED,13,CLEAR,MEDIUM
7962,2026-01-07 22:03:10,23.22,1,29,27,43.27924,-2.965605,DELIVERED,6,CLEAR,HIGH
7963,2026-01-05 17:43:50,56.84,4,18,18,43.27159,-2.923846,DELIVERED,39,CLEAR,MEDIUM
7964,2026-01-11 14:42:59,70.83,5,30,24,43.251122,-2.941763,DELIVERED,48,CLEAR,HIGH
7965,2026-01-23 00:21:00,11.47,1,18,25,43.225932,-2.911221,DELIVERED,35,WIND,HIGH
7966,2026-01-16 21:20:33,17.43,2,18,22,43.206782,-2.891441,CANCELLED,37,CLEAR,HIGH
7967,2026-01-20 20:05:37,43.14,3,16,17,43.246255,-2.927072,DELIVERED,46,CLEAR,MEDIUM
7968,2026-01-12 13:32:15,70.83,4,28,28,43.22342,-2.983218,DELIVERED,10,CLEAR,HIGH
7969,2026-01-09 14:19:27,47.83,4,32,31,43.247678,-2.886066,DELIVERED,29,RAIN,HIGH
7970,2026-01-15 14:05:19,35.77,3,25,18,43.248363,-2.890804,DELIVERED,45,CLEAR,MEDIUM
7971,2026-01-26 15:59:39,51.95,5,16,16,43.258713,-2.887594,DELIVERED,4,CLEAR,LOW
7972,2026-01-08 20:08:38,50.0,4,19,24,43.243902,-2.971279,DELIVERED,5,RAIN,LOW
7973,2026-01-07 04:40:28,44.02,5,10,13,43.281483,-2.923775,DELIVERED,50,CLEAR,LOW
7974,2026-01-21 21:10:01,35.88,4,17,19,43.266835,-2.934075,DELIVERED,37,CLEAR,HIGH
7975,2026-01-26 13:40:38,11.7,1,26,20,43.222016,-2.951007,DELIVERED,38,CLEAR,HIGH
7976,2026-01-25 22:16:08,45.71,3,26,26,43.280518,-2.880761,DELIVERED,14,RAIN,MEDIUM
7977,2026-01-13 14:45:34,53.79,3,35,20,43.258223,-2.932737,DELIVERED,36,CLEAR,MEDIUM
7978,2026-01-15 13:28:46,83.18,6,16,23,43.253914,-2.907163,DELIVERED,17,CLEAR,HIGH
7979,2026-01-11 17:04:43,11.1,1,23,10,43.229385,-2.886841,DELIVERED,2,CLEAR,LOW
7980,2026-01-21 04:42:33,29.33,2,25,16,43.226788,-2.900423,DELIVERED,2,CLEAR,LOW
7981,2026-01-31 15:51:25,12.73,1,16,17,43.242099,-2.88612,DELIVERED,13,CLEAR,LOW
7982,2026-01-04 13:11:02,48.34,5,22,26,43.267108,-2.887742,DELIVERED,16,RAIN,HIGH
7983,2026-01-21 20:31:50,91.99,5,31,18,43.271708,-2.889269,DELIVERED,23,WIND,LOW
7984,2026-01-21 02:57:19,57.27,4,21,19,43.247549,-2.961543,DELIVERED,48,CLEAR,MEDIUM
7985,2026-01-07 13:26:29,76.36,6,25,20,43.260681,-2.974295,DELIVERED,11,CLEAR,MEDIUM
7986,2026-01-25 15:45:10,45.29,4,16,12,43.269525,-2.939349,DELIVERED,19,CLEAR,LOW
7987,2026-01-07 14:52:52,52.99,4,37,25,43.250828,-2.92368,DELIVERED,22,CLEAR,HIGH
7988,2026-01-09 13:34:43,44.4,4,16,18,43.235476,-2.973006,DELIVERED,30,CLEAR,MEDIUM
7989,2026-01-13 02:58:31,45.44,4,10,32,43.263688,-2.986381,DELIVERED,15,WIND,HIGH
7990,2026-01-16 19:31:30,89.56,6,16,19,43.283097,-2.926038,DELIVERED,13,CLEAR,MEDIUM
7991,2026-01-23 23:10:19,52.05,6,12,19,43.289088,-2.891106,CANCELLED,50,RAIN,LOW
7992,2026-01-20 03:45:59,29.69,2,14,24,43.282513,-2.927292,DELIVERED,3,CLEAR,MEDIUM
7993,2026-01-19 14:27:29,25.83,2,29,26,43.242442,-2.959801,DELIVERED,24,CLEAR,HIGH
7994,2026-01-17 18:57:56,13.64,1,14,14,43.206189,-2.960607,DELIVERED,30,CLEAR,LOW
7995,2026-01-22 04:14:26,76.38,4,28,19,43.269294,-2.90248,DELIVERED,33,CLEAR,MEDIUM
7996,2026-01-18 13:03:51,12.92,1,22,32,43.253708,-2.973254,DELIVERED,1,RAIN,MEDIUM
7997,2026-01-13 16:52:19,16.32,1,21,20,43.284889,-2.898308,DELIVERED,32,CLEAR,LOW
7998,2026-01-19 14:05:12,52.13,3,34,20,43.269367,-2.89294,DELIVERED,18,CLEAR,HIGH
7999,2026-01-31 20:09:16,52.07,4,22,18,43.200772,-2.975735,DELIVERED,39,CLEAR,LOW
8000,2026-01-09 04:01:56,32.99,3,11,25,43.239051,-2.918081,DELIVERED,43,RAIN,LOW
8001,2026-01-13 10:38:03,54.01,4,17,18,43.213308,-2.96483,DELIVERED,32,RAIN,MEDIUM
8002,2026-01-30 20:44:01,25.14,3,11,32,43.233611,-2.96357,DELIVERED,50,RAIN,HIGH
8003,2026-01-31 04:00:25,35.95,2,27,31,43.237324,-2.92638,DELIVERED,9,RAIN,HIGH
8004,2026-01-05 23:50:30,12.45,1,17,13,43.271437,-2.91477,DELIVERED,8,CLEAR,LOW
8005,2026-01-26 15:58:48,89.49,5,20,15,43.276985,-2.962172,DELIVERED,6,CLEAR,MEDIUM
8006,2026-01-09 23:03:23,59.22,3,22,24,43.227653,-2.918526,DELIVERED,10,RAIN,LOW
8007,2026-01-18 15:08:19,52.91,4,19,10,43.246109,-2.900851,DELIVERED,24,CLEAR,LOW
8008,2026-01-25 14:45:08,31.44,2,18,21,43.252326,-2.927595,DELIVERED,27,CLEAR,HIGH
8009,2026-01-26 23:09:39,9.05,1,14,17,43.235582,-2.933429,DELIVERED,16,WIND,LOW
8010,2026-01-09 20:39:08,21.11,2,12,21,43.246793,-2.930767,DELIVERED,20,RAIN,MEDIUM
8011,2026-01-20 13:41:02,109.81,6,24,31,43.257953,-2.89173,DELIVERED,6,CLEAR,HIGH
8012,2026-01-19 16:05:42,31.78,3,19,15,43.265133,-2.89238,DELIVERED,21,CLEAR,MEDIUM
8013,2026-01-25 23:57:56,16.58,2,16,15,43.28736,-2.883735,DELIVERED,7,CLEAR,LOW
8014,2026-01-08 17:47:39,41.25,3,17,11,43.269318,-2.892265,DELIVERED,40,CLEAR,LOW
8015,2026-01-19 15:23:47,35.68,3,17,13,43.218537,-2.93866,CANCELLED,19,CLEAR,MEDIUM
8016,2026-01-16 21:25:50,70.33,5,35,24,43.273315,-2.987817,DELIVERED,14,CLEAR,HIGH
8017,2026-01-28 20:21:05,16.94,1,24,16,43.200732,-2.985218,DELIVERED,22,CLEAR,LOW
8018,2026-01-16 22:58:20,15.96,1,29,29,43.246182,-2.885067,DELIVERED,48,RAIN,MEDIUM
8019,2026-01-31 23:15:50,94.89,5,23,26,43.255078,-2.919029,DELIVERED,28,RAIN,MEDIUM
8020,2026-01-31 23:53:42,38.78,3,13,20,43.280827,-2.926006,DELIVERED,42,CLEAR,LOW
8021,2026-01-03 12:26:55,41.24,3,11,27,43.275901,-2.912216,DELIVERED,8,WIND,MEDIUM
8022,2026-01-06 11:20:49,21.1,1,21,20,43.252634,-2.951065,DELIVERED,36,CLEAR,MEDIUM
8023,2026-01-15 01:36:10,38.87,3,26,25,43.250578,-2.898917,DELIVERED,29,CLEAR,HIGH
8024,2026-01-02 13:00:00,38.36,4,17,21,43.244834,-2.955647,DELIVERED,20,CLEAR,HIGH
8025,2026-01-16 19:10:25,66.13,5,15,20,43.276114,-2.891213,DELIVERED,17,WIND,LOW
8026,2026-01-20 23:10:59,44.08,4,17,11,43.212471,-2.984176,DELIVERED,47,CLEAR,LOW
8027,2026-01-09 23:59:04,32.19,3,15,19,43.246613,-2.956752,DELIVERED,7,CLEAR,LOW
8028,2026-01-02 21:30:29,21.46,1,30,26,43.227385,-2.976902,DELIVERED,28,CLEAR,HIGH
8029,2026-01-29 11:02:14,68.62,5,15,16,43.272934,-2.949118,DELIVERED,11,CLEAR,LOW
8030,2026-01-15 22:16:16,57.05,4,24,17,43.271442,-2.912539,DELIVERED,11,CLEAR,HIGH
8031,2026-01-13 21:31:29,34.83,2,34,21,43.202011,-2.883783,DELIVERED,28,RAIN,MEDIUM
8032,2026-01-31 21:10:05,52.58,4,30,20,43.25195,-2.928006,DELIVERED,29,WIND,MEDIUM
8033,2026-01-13 14:49:56,41.96,3,33,32,43.253146,-2.898041,DELIVERED,14,WIND,HIGH
8034,2026-01-07 20:47:30,14.15,1,8,15,43.205288,-2.888061,DELIVERED,43,CLEAR,MEDIUM
8035,2026-01-31 16:34:12,30.3,2,14,10,43.231411,-2.880798,DELIVERED,42,CLEAR,LOW
8036,2026-01-10 21:50:14,35.81,3,23,17,43.223481,-2.908698,DELIVERED,47,CLEAR,HIGH
8037,2026-01-21 00:12:18,19.3,2,18,23,43.262092,-2.885492,DELIVERED,19,CLEAR,HIGH
8038,2026-01-15 22:41:58,74.6,5,27,20,43.291881,-2.907549,DELIVERED,13,WIND,MEDIUM
8039,2026-01-24 06:49:44,59.26,3,33,20,43.261638,-2.915603,DELIVERED,23,CLEAR,LOW
8040,2026-01-19 12:08:41,29.89,2,19,14,43.219934,-2.963491,DELIVERED,42,CLEAR,MEDIUM
8041,2026-01-10 20:13:13,38.67,4,14,16,43.255755,-2.954429,DELIVERED,37,CLEAR,MEDIUM
8042,2026-01-22 13:03:19,45.8,5,22,22,43.250037,-2.945293,DELIVERED,16,CLEAR,HIGH
8043,2026-01-08 23:09:08,39.82,2,32,27,43.297743,-2.910296,DELIVERED,18,RAIN,MEDIUM
8044,2026-01-19 22:27:20,13.49,1,17,26,43.242135,-2.968962,DELIVERED,37,CLEAR,HIGH
8045,2026-01-29 12:10:00,23.14,2,15,25,43.228997,-2.93039,DELIVERED,47,WIND,HIGH
8046,2026-01-08 01:57:26,83.58,6,20,14,43.265653,-2.986968,DELIVERED,13,CLEAR,LOW
8047,2026-01-10 22:17:29,15.99,1,27,18,43.234171,-2.931335,DELIVERED,11,CLEAR,MEDIUM
8048,2026-01-14 13:26:34,57.3,4,27,23,43.239288,-2.948635,DELIVERED,48,CLEAR,HIGH
8049,2026-01-25 14:57:25,94.9,5,31,19,43.271792,-2.915552,DELIVERED,10,CLEAR,HIGH
8050,2026-01-06 20:41:09,109.41,6,24,16,43.21555,-2.950486,DELIVERED,10,CLEAR,MEDIUM
8051,2026-01-01 13:19:08,77.27,6,36,21,43.244895,-2.978114,DELIVERED,2,CLEAR,MEDIUM
8052,2026-01-03 22:49:19,66.61,5,21,24,43.293236,-2.985867,DELIVERED,46,CLEAR,HIGH
8053,2026-01-31 12:48:48,18.83,2,12,20,43.264737,-2.928904,DELIVERED,31,CLEAR,MEDIUM
8054,2026-01-02 20:08:47,30.97,3,10,19,43.214892,-2.893744,DELIVERED,30,CLEAR,MEDIUM
8055,2026-01-10 21:14:56,44.45,5,21,34,43.233241,-2.939602,CANCELLED,31,RAIN,HIGH
8056,2026-01-12 03:23:59,31.75,3,16,19,43.25771,-2.919036,DELIVERED,21,WIND,LOW
8057,2026-01-02 07:14:53,12.49,1,26,21,43.228592,-2.986277,DELIVERED,12,RAIN,LOW
8058,2026-01-08 20:11:49,19.48,2,22,20,43.22384,-2.955245,DELIVERED,19,RAIN,MEDIUM
8059,2026-01-04 13:31:22,34.26,3,28,28,43.255457,-2.882295,DELIVERED,26,RAIN,HIGH
8060,2026-01-29 15:37:23,76.51,4,28,28,43.200464,-2.96389,DELIVERED,18,RAIN,LOW
8061,2026-01-28 20:15:10,52.46,4,21,30,43.209016,-2.894582,DELIVERED,24,RAIN,HIGH
8062,2026-01-13 05:50:33,18.74,2,17,17,43.288919,-2.941073,DELIVERED,26,CLEAR,LOW
8063,2026-01-26 22:45:40,65.12,6,21,20,43.278833,-2.89169,DELIVERED,44,CLEAR,MEDIUM
8064,2026-01-09 14:42:22,17.03,1,29,30,43.269883,-2.903626,DELIVERED,39,WIND,HIGH
8065,2026-01-30 21:31:27,61.81,6,23,16,43.270162,-2.949034,DELIVERED,15,CLEAR,HIGH
8066,2026-01-31 21:03:03,109.92,6,27,19,43.29718,-2.961584,DELIVERED,36,CLEAR,HIGH
8067,2026-01-04 11:51:42,57.11,3,21,19,43.260968,-2.939392,DELIVERED,36,CLEAR,LOW
8068,2026-01-18 01:19:15,10.15,1,16,17,43.287665,-2.926691,DELIVERED,20,RAIN,LOW
8069,2026-01-21 12:10:37,49.91,5,16,19,43.280128,-2.906832,DELIVERED,30,CLEAR,MEDIUM
8070,2026-01-29 13:49:09,74.63,5,28,12,43.269002,-2.908274,DELIVERED,32,CLEAR,MEDIUM
8071,2026-01-12 13:04:05,59.5,4,27,20,43.210255,-2.959946,DELIVERED,32,CLEAR,HIGH
8072,2026-01-27 00:56:04,76.59,6,20,17,43.206854,-2.973046,DELIVERED,38,CLEAR,MEDIUM
8073,2026-01-08 14:58:45,35.76,3,26,27,43.268372,-2.895981,DELIVERED,45,CLEAR,HIGH
8074,2026-01-08 10:04:20,37.19,2,19,29,43.28192,-2.937618,DELIVERED,10,CLEAR,HIGH
8075,2026-01-19 20:51:54,39.32,4,14,13,43.228582,-2.980039,DELIVERED,41,CLEAR,LOW
8076,2026-01-12 15:06:58,13.77,1,17,17,43.231119,-2.908339,DELIVERED,40,CLEAR,LOW
8077,2026-01-29 20:13:54,38.66,4,12,18,43.288484,-2.917303,DELIVERED,37,CLEAR,LOW
8078,2026-01-10 00:31:16,9.42,1,9,15,43.236304,-2.958992,DELIVERED,50,CLEAR,LOW
8079,2026-01-23 22:02:50,16.37,1,36,17,43.21242,-2.890306,DELIVERED,18,RAIN,MEDIUM
8080,2026-01-31 15:36:25,95.92,5,25,12,43.222904,-2.935005,DELIVERED,28,CLEAR,LOW
8081,2026-01-30 15:54:36,29.7,2,17,22,43.240708,-2.927059,DELIVERED,13,RAIN,LOW
8082,2026-01-19 21:59:19,65.86,6,28,18,43.210747,-2.959636,DELIVERED,19,CLEAR,HIGH
8083,2026-01-23 05:34:00,49.39,5,18,15,43.210656,-2.949709,DELIVERED,47,CLEAR,MEDIUM
8084,2026-01-20 22:32:44,41.88,3,25,22,43.213917,-2.982674,DELIVERED,11,CLEAR,HIGH
8085,2026-01-16 12:25:26,43.37,4,16,30,43.29332,-2.902243,DELIVERED,20,CLEAR,HIGH
8086,2026-01-10 15:23:08,108.73,6,27,13,43.278111,-2.911637,DELIVERED,33,CLEAR,LOW
8087,2026-01-16 12:18:12,26.76,2,17,17,43.22809,-2.989782,DELIVERED,25,CLEAR,MEDIUM
8088,2026-01-26 14:15:08,27.35,2,17,30,43.238589,-2.954646,DELIVERED,17,CLEAR,HIGH
8089,2026-01-30 13:05:29,50.87,5,24,21,43.285393,-2.968487,DELIVERED,30,WIND,MEDIUM
8090,2026-01-18 14:30:47,75.91,6,27,30,43.250945,-2.983348,DELIVERED,24,CLEAR,HIGH
8091,2026-01-26 21:52:13,41.6,3,26,30,43.200233,-2.93559,CANCELLED,13,CLEAR,HIGH
8092,2026-01-25 03:58:59,43.19,3,27,19,43.287699,-2.972615,DELIVERED,14,CLEAR,HIGH
8093,2026-01-05 21:56:17,35.87,3,19,23,43.244316,-2.96118,DELIVERED,47,CLEAR,HIGH
8094,2026-01-02 12:23:17,79.03,6,17,20,43.288746,-2.958202,DELIVERED,38,CLEAR,HIGH
8095,2026-01-04 19:27:36,64.53,6,17,18,43.242389,-2.956343,DELIVERED,26,CLEAR,MEDIUM
8096,2026-01-25 18:55:48,68.58,5,18,14,43.259495,-2.93121,DELIVERED,39,CLEAR,MEDIUM
8097,2026-01-16 15:47:59,9.92,1,17,25,43.289414,-2.984287,DELIVERED,4,RAIN,MEDIUM
8098,2026-01-24 22:21:25,21.82,2,18,17,43.214931,-2.937048,DELIVERED,16,CLEAR,MEDIUM
8099,2026-01-14 22:48:06,40.03,3,25,22,43.234749,-2.918246,DELIVERED,11,CLEAR,HIGH
8100,2026-01-30 10:38:11,50.31,4,23,13,43.249085,-2.94963,DELIVERED,2,CLEAR,LOW
8101,2026-01-04 16:51:33,35.26,4,13,11,43.252139,-2.905936,DELIVERED,16,CLEAR,LOW
8102,2026-01-16 14:34:28,54.67,4,26,22,43.284651,-2.888835,DELIVERED,14,CLEAR,HIGH
8103,2026-01-22 13:56:35,38.36,3,21,26,43.260836,-2.977903,DELIVERED,40,RAIN,HIGH
8104,2026-01-31 18:05:45,17.38,1,16,19,43.263447,-2.906877,DELIVERED,17,CLEAR,MEDIUM
8105,2026-01-24 15:16:24,58.14,6,17,16,43.225548,-2.893925,DELIVERED,16,CLEAR,HIGH
8106,2026-01-24 13:27:50,55.72,6,22,37,43.243123,-2.987087,DELIVERED,7,RAIN,HIGH
8107,2026-01-07 15:32:26,40.2,3,15,27,43.239699,-2.980068,CANCELLED,42,RAIN,LOW
8108,2026-01-24 13:34:10,18.72,2,13,19,43.227012,-2.962721,DELIVERED,50,CLEAR,MEDIUM
8109,2026-01-13 12:30:28,55.45,3,34,13,43.249425,-2.946745,DELIVERED,23,CLEAR,LOW
8110,2026-01-28 23:50:00,50.84,5,11,28,43.228648,-2.936624,DELIVERED,44,CLEAR,HIGH
8111,2026-01-02 14:03:09,39.04,4,19,20,43.296277,-2.949152,DELIVERED,44,CLEAR,MEDIUM
8112,2026-01-22 12:54:47,39.08,3,16,14,43.223026,-2.883794,DELIVERED,35,CLEAR,LOW
8113,2026-01-12 12:26:29,48.03,4,18,13,43.214902,-2.920842,DELIVERED,34,CLEAR,LOW
8114,2026-01-02 10:51:05,55.0,4,22,29,43.27061,-2.880888,DELIVERED,25,RAIN,MEDIUM
8115,2026-01-26 21:03:55,83.99,6,23,30,43.289906,-2.880343,DELIVERED,38,WIND,HIGH
8116,2026-01-07 05:06:34,50.55,4,14,26,43.297213,-2.929972,DELIVERED,8,RAIN,LOW
8117,2026-01-21 17:29:13,48.05,5,19,17,43.230324,-2.975053,DELIVERED,26,CLEAR,LOW
8118,2026-01-10 07:34:57,13.84,1,22,18,43.290543,-2.887677,DELIVERED,38,CLEAR,LOW
8119,2026-01-19 22:57:34,110.51,6,42,21,43.248688,-2.959433,DELIVERED,23,CLEAR,MEDIUM
8120,2026-01-13 12:08:26,95.98,5,25,20,43.241692,-2.961522,DELIVERED,33,CLEAR,MEDIUM
8121,2026-01-15 03:50:55,27.86,2,21,15,43.233707,-2.888948,DELIVERED,5,WIND,LOW
8122,2026-01-22 13:19:26,47.92,4,25,22,43.29198,-2.911147,DELIVERED,35,CLEAR,HIGH
8123,2026-01-30 08:15:49,92.84,5,29,26,43.270972,-2.928286,DELIVERED,33,RAIN,MEDIUM
8124,2026-01-20 21:54:12,70.12,5,31,18,43.250168,-2.907235,DELIVERED,14,WIND,MEDIUM
8125,2026-01-11 14:10:41,41.54,3,21,24,43.203111,-2.942487,DELIVERED,42,CLEAR,HIGH
8126,2026-01-03 23:31:03,69.16,5,22,16,43.259279,-2.92105,CANCELLED,39,CLEAR,MEDIUM
8127,2026-01-13 16:47:32,17.88,1,15,30,43.285118,-2.929159,DELIVERED,42,RAIN,MEDIUM
8128,2026-01-09 22:07:59,27.16,2,26,29,43.20679,-2.892122,DELIVERED,45,WIND,MEDIUM
8129,2026-01-13 02:05:13,26.04,2,18,18,43.262402,-2.896412,DELIVERED,5,RAIN,LOW
8130,2026-01-18 23:12:29,15.41,1,28,11,43.284356,-2.989873,DELIVERED,22,CLEAR,LOW
8131,2026-01-03 22:24:03,10.02,1,25,18,43.269378,-2.906248,DELIVERED,47,CLEAR,HIGH
8132,2026-01-04 13:23:04,69.55,5,25,23,43.241829,-2.891926,DELIVERED,13,CLEAR,HIGH
8133,2026-01-06 14:27:38,38.4,3,25,33,43.280469,-2.984026,DELIVERED,8,RAIN,HIGH
8134,2026-01-23 15:42:24,58.42,6,16,17,43.237609,-2.918508,DELIVERED,19,RAIN,LOW
8135,2026-01-27 13:15:20,57.8,4,20,20,43.214574,-2.914467,DELIVERED,8,RAIN,MEDIUM
8136,2026-01-10 09:25:26,21.52,1,25,18,43.294053,-2.945936,DELIVERED,36,CLEAR,HIGH
8137,2026-01-31 09:11:26,75.01,4,25,19,43.212036,-2.926202,DELIVERED,36,CLEAR,LOW
8138,2026-01-16 21:11:18,75.96,6,25,24,43.203687,-2.908896,DELIVERED,5,RAIN,HIGH
8139,2026-01-23 22:48:16,18.33,1,23,13,43.289859,-2.926683,DELIVERED,25,CLEAR,MEDIUM
8140,2026-01-15 05:31:38,58.57,6,15,16,43.259234,-2.935068,DELIVERED,30,CLEAR,LOW
8141,2026-01-02 22:10:07,33.8,2,27,31,43.208658,-2.886303,DELIVERED,12,WIND,HIGH
8142,2026-01-15 13:08:38,49.74,5,28,21,43.295202,-2.913806,DELIVERED,4,CLEAR,MEDIUM
8143,2026-01-16 04:36:34,68.86,5,15,19,43.281431,-2.970212,DELIVERED,17,RAIN,LOW
8144,2026-01-07 23:12:07,30.06,3,13,15,43.218926,-2.890363,DELIVERED,16,CLEAR,LOW
8145,2026-01-02 11:30:47,107.24,6,29,20,43.274573,-2.920206,DELIVERED,9,CLEAR,LOW
8146,2026-01-30 15:28:18,51.29,4,17,17,43.287075,-2.982665,DELIVERED,17,CLEAR,LOW
8147,2026-01-07 22:31:49,17.15,1,33,19,43.218303,-2.9704,DELIVERED,2,CLEAR,HIGH
8148,2026-01-19 18:32:20,63.1,5,21,17,43.296129,-2.932363,DELIVERED,5,CLEAR,MEDIUM
8149,2026-01-31 07:33:22,25.04,2,17,18,43.209168,-2.895478,DELIVERED,38,RAIN,LOW
8150,2026-01-13 17:01:36,60.44,6,18,11,43.25617,-2.894625,DELIVERED,47,CLEAR,LOW
8151,2026-01-05 18:50:37,16.85,1,20,16,43.240696,-2.958417,DELIVERED,48,CLEAR,LOW
8152,2026-01-11 15:21:28,13.39,1,17,14,43.245835,-2.885774,DELIVERED,8,CLEAR,LOW
8153,2026-01-28 17:27:32,34.24,3,11,27,43.286492,-2.882514,DELIVERED,44,RAIN,MEDIUM
8154,2026-01-11 15:42:55,14.91,1,17,16,43.282503,-2.933283,DELIVERED,38,WIND,LOW
8155,2026-01-31 22:57:39,68.42,5,23,31,43.253413,-2.949326,DELIVERED,11,WIND,HIGH
8156,2026-01-29 08:54:23,54.12,4,17,16,43.290355,-2.983693,DELIVERED,42,CLEAR,LOW
8157,2026-01-27 11:38:33,57.37,4,12,18,43.200784,-2.882118,DELIVERED,27,CLEAR,MEDIUM
8158,2026-01-26 14:34:45,25.9,2,19,23,43.258365,-2.941888,DELIVERED,27,CLEAR,HIGH
8159,2026-01-11 12:26:39,23.07,1,33,19,43.293992,-2.928758,DELIVERED,18,CLEAR,LOW
8160,2026-01-23 20:00:58,27.08,3,14,32,43.286822,-2.904298,DELIVERED,16,RAIN,HIGH
8161,2026-01-05 14:19:04,9.2,1,30,19,43.233317,-2.891523,DELIVERED,26,RAIN,MEDIUM
8162,2026-01-06 22:54:04,76.14,6,30,22,43.240088,-2.969917,CANCELLED,29,CLEAR,HIGH
8163,2026-01-08 23:26:09,88.23,6,21,19,43.252576,-2.937534,DELIVERED,25,CLEAR,MEDIUM
8164,2026-01-03 13:47:58,89.67,5,37,22,43.291747,-2.974571,DELIVERED,18,CLEAR,HIGH
8165,2026-01-21 22:53:13,22.77,2,15,14,43.261718,-2.894674,DELIVERED,44,CLEAR,MEDIUM
8166,2026-01-07 05:31:29,22.55,2,14,11,43.248963,-2.960959,DELIVERED,20,CLEAR,LOW
8167,2026-01-16 21:21:04,25.31,2,39,20,43.211649,-2.892065,DELIVERED,2,CLEAR,HIGH
8168,2026-01-02 07:01:09,40.56,3,20,17,43.275015,-2.971903,DELIVERED,11,CLEAR,LOW
8169,2026-01-20 23:06:27,40.15,3,24,10,43.206911,-2.94232,DELIVERED,48,CLEAR,LOW
8170,2026-01-30 22:38:03,23.96,2,26,27,43.247957,-2.887433,DELIVERED,19,CLEAR,HIGH
8171,2026-01-10 15:57:15,11.53,1,25,11,43.203275,-2.940566,DELIVERED,22,CLEAR,LOW
8172,2026-01-07 14:17:10,52.35,4,29,22,43.264036,-2.931295,DELIVERED,38,CLEAR,MEDIUM
8173,2026-01-07 22:28:27,28.24,3,15,25,43.247622,-2.896841,DELIVERED,37,CLEAR,HIGH
8174,2026-01-17 05:36:12,27.67,2,29,16,43.261972,-2.988206,DELIVERED,12,CLEAR,MEDIUM
8175,2026-01-30 12:48:09,11.43,1,17,16,43.287713,-2.890376,DELIVERED,26,CLEAR,LOW
8176,2026-01-25 01:23:07,65.65,6,12,24,43.226095,-2.915299,DELIVERED,20,RAIN,LOW
8177,2026-01-09 00:19:25,63.25,5,14,13,43.260087,-2.934186,DELIVERED,27,CLEAR,LOW
8178,2026-01-07 23:27:19,53.97,5,15,16,43.203851,-2.894629,DELIVERED,41,CLEAR,LOW
8179,2026-01-11 22:29:32,82.36,6,22,23,43.224246,-2.955354,DELIVERED,8,WIND,MEDIUM
8180,2026-01-22 18:42:34,10.01,1,19,15,43.297206,-2.935419,DELIVERED,26,CLEAR,LOW
8181,2026-01-28 08:12:23,37.84,2,23,17,43.229822,-2.976055,DELIVERED,10,RAIN,LOW
8182,2026-01-14 20:08:22,72.92,5,17,24,43.279082,-2.935233,DELIVERED,1,RAIN,LOW
8183,2026-01-31 13:54:24,52.89,6,24,26,43.267616,-2.896715,DELIVERED,16,CLEAR,HIGH
8184,2026-01-09 14:40:45,30.23,3,23,15,43.211463,-2.955703,DELIVERED,41,CLEAR,MEDIUM
8185,2026-01-13 21:15:35,45.72,3,27,38,43.255137,-2.950678,DELIVERED,25,RAIN,HIGH
8186,2026-01-13 20:11:48,92.23,5,21,17,43.250633,-2.950514,DELIVERED,36,CLEAR,LOW
8187,2026-01-16 10:14:31,41.14,3,21,13,43.249531,-2.904821,DELIVERED,48,WIND,LOW
8188,2026-01-22 20:55:53,52.79,6,13,21,43.206416,-2.905762,DELIVERED,31,CLEAR,MEDIUM
8189,2026-01-09 19:31:14,47.21,4,20,25,43.263259,-2.931613,DELIVERED,35,RAIN,MEDIUM
8190,2026-01-28 23:15:01,9.39,1,14,19,43.228229,-2.959593,DELIVERED,16,CLEAR,MEDIUM
8191,2026-01-26 14:26:18,34.04,3,25,22,43.203355,-2.92433,DELIVERED,24,CLEAR,HIGH
8192,2026-01-03 22:23:56,9.01,1,22,19,43.248793,-2.969047,CANCELLED,44,CLEAR,HIGH
8193,2026-01-11 02:01:14,11.93,1,19,13,43.282287,-2.887388,DELIVERED,3,CLEAR,LOW
8194,2026-01-21 21:44:57,57.07,3,33,28,43.281854,-2.896234,DELIVERED,28,RAIN,MEDIUM
8195,2026-01-28 15:26:01,57.32,4,10,22,43.207882,-2.941106,DELIVERED,27,CLEAR,HIGH
8196,2026-01-05 07:49:55,57.49,6,12,13,43.280794,-2.948899,DELIVERED,31,CLEAR,LOW
8197,2026-01-14 13:53:31,69.53,5,29,29,43.235462,-2.976281,CANCELLED,14,RAIN,HIGH
8198,2026-01-08 21:41:20,14.35,1,25,21,43.286905,-2.930036,DELIVERED,27,CLEAR,HIGH
8199,2026-01-09 12:19:47,44.31,5,11,16,43.246374,-2.887521,DELIVERED,16,CLEAR,LOW
8200,2026-01-20 17:21:04,26.18,2,23,15,43.204076,-2.933352,DELIVERED,48,CLEAR,MEDIUM
8201,2026-01-14 15:48:29,18.25,2,11,23,43.272184,-2.937719,DELIVERED,16,CLEAR,MEDIUM
8202,2026-01-29 15:26:39,27.74,3,13,20,43.223109,-2.984997,DELIVERED,50,CLEAR,MEDIUM
8203,2026-01-20 22:00:36,71.47,6,24,20,43.258943,-2.904382,CANCELLED,45,CLEAR,HIGH
8204,2026-01-20 13:33:48,9.75,1,17,28,43.245775,-2.971813,DELIVERED,43,WIND,HIGH
8205,2026-01-16 22:38:32,65.12,5,24,19,43.21047,-2.969689,DELIVERED,5,CLEAR,MEDIUM
8206,2026-01-20 14:45:04,68.55,5,23,31,43.240317,-2.981304,CANCELLED,32,WIND,HIGH
8207,2026-01-10 15:30:45,71.63,4,30,22,43.256412,-2.974432,DELIVERED,33,WIND,LOW
8208,2026-01-01 14:43:37,22.85,2,15,21,43.228387,-2.931094,DELIVERED,31,CLEAR,MEDIUM
8209,2026-01-13 09:56:49,32.59,3,9,23,43.234582,-2.930844,DELIVERED,50,RAIN,MEDIUM
8210,2026-01-10 20:38:06,16.61,1,21,19,43.223292,-2.946083,DELIVERED,10,CLEAR,LOW
8211,2026-01-31 03:17:33,38.27,3,24,18,43.216832,-2.905417,DELIVERED,29,WIND,LOW
8212,2026-01-10 21:22:56,109.6,6,37,25,43.258846,-2.896214,DELIVERED,28,CLEAR,HIGH
8213,2026-01-05 23:20:07,76.84,6,18,19,43.205277,-2.882274,DELIVERED,46,WIND,MEDIUM
8214,2026-01-24 13:56:49,55.24,4,34,33,43.281455,-2.893722,DELIVERED,48,WIND,HIGH
8215,2026-01-18 06:11:34,20.87,2,9,22,43.225876,-2.955302,DELIVERED,37,CLEAR,MEDIUM
8216,2026-01-31 12:32:41,19.17,1,21,14,43.282167,-2.948423,DELIVERED,25,CLEAR,LOW
8217,2026-01-31 15:38:44,70.28,4,30,34,43.21322,-2.897014,DELIVERED,9,RAIN,HIGH
8218,2026-01-08 15:57:29,71.14,6,13,22,43.29843,-2.92084,DELIVERED,40,RAIN,LOW
8219,2026-01-02 14:48:44,34.84,3,28,29,43.241637,-2.924278,DELIVERED,4,RAIN,MEDIUM
8220,2026-01-31 21:04:24,63.98,5,21,26,43.20871,-2.93748,DELIVERED,8,CLEAR,HIGH
8221,2026-01-28 23:45:12,84.95,6,20,18,43.280545,-2.960928,DELIVERED,48,CLEAR,LOW
8222,2026-01-16 07:31:55,62.37,6,21,16,43.292303,-2.936387,DELIVERED,4,CLEAR,MEDIUM
8223,2026-01-12 15:45:31,17.37,1,18,25,43.298577,-2.903876,DELIVERED,25,RAIN,MEDIUM
8224,2026-01-07 21:37:47,57.67,3,36,27,43.286095,-2.950464,DELIVERED,9,CLEAR,HIGH
8225,2026-01-15 18:31:05,28.95,2,19,18,43.274976,-2.955777,DELIVERED,45,CLEAR,MEDIUM
8226,2026-01-13 16:13:22,43.1,4,21,20,43.286483,-2.887781,DELIVERED,19,WIND,LOW
8227,2026-01-19 18:55:07,41.19,4,15,14,43.218331,-2.912162,DELIVERED,7,CLEAR,LOW
8228,2026-01-07 02:07:43,48.29,5,11,20,43.209043,-2.981935,DELIVERED,43,WIND,LOW
8229,2026-01-26 17:58:55,31.56,2,13,19,43.203922,-2.979444,DELIVERED,42,CLEAR,MEDIUM
8230,2026-01-25 04:53:19,93.98,5,24,22,43.23399,-2.935289,DELIVERED,6,RAIN,LOW
8231,2026-01-29 20:09:25,63.63,6,22,22,43.220904,-2.90295,DELIVERED,19,CLEAR,MEDIUM
8232,2026-01-23 22:12:17,68.02,5,17,32,43.233715,-2.9334,CANCELLED,46,RAIN,HIGH
8233,2026-01-09 22:26:48,13.33,1,21,17,43.268201,-2.898857,DELIVERED,7,CLEAR,MEDIUM
8234,2026-01-21 14:58:28,17.06,1,20,20,43.245956,-2.903412,DELIVERED,35,CLEAR,HIGH
8235,2026-01-26 21:37:21,89.23,6,24,32,43.283942,-2.979072,DELIVERED,14,CLEAR,HIGH
8236,2026-01-23 22:44:39,15.19,1,18,21,43.210546,-2.913814,DELIVERED,27,CLEAR,MEDIUM
8237,2026-01-17 21:47:26,30.18,2,27,23,43.259722,-2.951974,DELIVERED,8,WIND,MEDIUM
8238,2026-01-25 06:01:46,93.23,5,21,22,43.211913,-2.919687,DELIVERED,28,CLEAR,MEDIUM
8239,2026-01-20 12:31:55,16.57,2,8,11,43.278303,-2.888791,DELIVERED,50,CLEAR,LOW
8240,2026-01-16 21:51:58,55.05,3,31,32,43.277577,-2.983875,DELIVERED,10,CLEAR,HIGH
8241,2026-01-30 02:18:25,38.12,2,20,16,43.239667,-2.902429,CANCELLED,36,CLEAR,LOW
8242,2026-01-08 11:42:14,15.32,1,27,11,43.230425,-2.906044,DELIVERED,22,CLEAR,LOW
8243,2026-01-06 15:19:00,18.32,1,24,19,43.21882,-2.956994,DELIVERED,48,WIND,LOW
8244,2026-01-01 22:07:32,59.7,6,22,26,43.21797,-2.935738,CANCELLED,30,CLEAR,HIGH
8245,2026-01-24 15:51:56,39.48,4,15,13,43.211488,-2.899139,DELIVERED,41,CLEAR,LOW
8246,2026-01-12 21:54:48,16.84,2,24,17,43.270443,-2.951213,DELIVERED,16,CLEAR,MEDIUM
8247,2026-01-17 10:05:48,64.57,6,21,22,43.254447,-2.922582,DELIVERED,4,CLEAR,HIGH
8248,2026-01-04 13:01:41,15.83,1,26,25,43.281868,-2.952346,DELIVERED,24,CLEAR,HIGH
8249,2026-01-12 20:37:50,44.4,5,19,16,43.235057,-2.959243,DELIVERED,21,CLEAR,LOW
8250,2026-01-19 12:41:56,10.45,1,28,17,43.239804,-2.883631,DELIVERED,22,CLEAR,LOW
8251,2026-01-12 04:45:02,53.33,3,32,15,43.281576,-2.949305,DELIVERED,23,CLEAR,MEDIUM
8252,2026-01-24 13:27:56,53.04,4,25,26,43.240372,-2.956673,DELIVERED,38,CLEAR,HIGH
8253,2026-01-03 08:47:33,28.07,2,16,32,43.240802,-2.964061,DELIVERED,11,WIND,HIGH
8254,2026-01-11 13:27:04,15.72,1,31,19,43.29265,-2.951521,DELIVERED,38,CLEAR,MEDIUM
8255,2026-01-19 20:33:20,17.91,2,8,19,43.230115,-2.974108,DELIVERED,37,CLEAR,HIGH
8256,2026-01-01 21:35:40,18.67,1,24,14,43.222733,-2.964354,CANCELLED,8,CLEAR,MEDIUM
8257,2026-01-24 14:31:09,52.26,4,27,25,43.208063,-2.969501,DELIVERED,34,CLEAR,HIGH
8258,2026-01-10 15:22:19,29.55,2,16,21,43.252283,-2.927876,CANCELLED,42,CLEAR,MEDIUM
8259,2026-01-07 21:40:10,41.33,4,24,32,43.277608,-2.983569,DELIVERED,7,CLEAR,HIGH
8260,2026-01-15 12:55:55,30.52,3,22,10,43.26912,-2.910131,DELIVERED,19,CLEAR,LOW
8261,2026-01-05 21:36:27,51.14,4,28,20,43.284122,-2.917115,DELIVERED,22,CLEAR,HIGH
8262,2026-01-12 13:08:52,51.85,5,24,33,43.227851,-2.928767,DELIVERED,41,WIND,HIGH
8263,2026-01-30 14:39:23,17.99,1,36,16,43.219865,-2.972506,DELIVERED,33,CLEAR,MEDIUM
8264,2026-01-07 13:40:30,35.47,3,21,24,43.248116,-2.973563,DELIVERED,15,CLEAR,HIGH
8265,2026-01-21 21:07:13,73.34,6,23,28,43.265785,-2.957595,DELIVERED,40,RAIN,HIGH
8266,2026-01-07 13:05:07,53.51,3,30,26,43.285412,-2.90895,DELIVERED,6,RAIN,MEDIUM
8267,2026-01-09 02:37:13,16.21,2,15,20,43.248172,-2.98727,DELIVERED,31,CLEAR,HIGH
8268,2026-01-28 06:17:00,17.44,2,8,14,43.250075,-2.897979,DELIVERED,43,CLEAR,LOW
8269,2026-01-03 04:01:53,28.8,2,28,15,43.278784,-2.915119,DELIVERED,22,WIND,LOW
8270,2026-01-31 16:13:33,14.24,1,11,33,43.261348,-2.897967,DELIVERED,49,WIND,HIGH
8271,2026-01-07 15:05:41,56.14,3,22,16,43.224911,-2.967975,DELIVERED,28,CLEAR,LOW
8272,2026-01-19 14:51:50,17.99,1,20,19,43.208483,-2.938945,DELIVERED,32,CLEAR,HIGH
8273,2026-01-01 04:30:29,27.76,2,25,19,43.211427,-2.964408,DELIVERED,2,CLEAR,LOW
8274,2026-01-09 18:04:41,26.76,2,21,18,43.231917,-2.977992,DELIVERED,45,CLEAR,LOW
8275,2026-01-04 21:25:40,51.43,4,24,25,43.20479,-2.92507,DELIVERED,40,RAIN,MEDIUM
8276,2026-01-22 22:31:51,31.02,2,26,25,43.233958,-2.947756,DELIVERED,48,CLEAR,HIGH
8277,2026-01-31 23:02:05,28.34,2,17,22,43.242754,-2.896342,DELIVERED,11,RAIN,LOW
8278,2026-01-09 13:46:20,40.66,3,24,18,43.208124,-2.901478,DELIVERED,40,CLEAR,HIGH
8279,2026-01-19 13:57:16,39.36,2,36,19,43.245288,-2.895783,CANCELLED,9,CLEAR,MEDIUM
8280,2026-01-06 21:10:09,33.58,2,26,28,43.262399,-2.948518,DELIVERED,48,WIND,HIGH
8281,2026-01-01 21:16:59,7.91,1,14,34,43.292084,-2.949417,DELIVERED,49,RAIN,HIGH
8282,2026-01-11 05:57:00,47.01,3,16,15,43.237791,-2.969533,DELIVERED,1,CLEAR,LOW
8283,2026-01-22 00:34:48,17.94,1,16,25,43.22812,-2.92118,DELIVERED,8,CLEAR,HIGH
8284,2026-01-08 21:04:44,73.14,4,27,17,43.243778,-2.982157,DELIVERED,6,CLEAR,MEDIUM
8285,2026-01-13 23:36:32,71.42,6,19,15,43.299459,-2.934436,CANCELLED,24,WIND,LOW
8286,2026-01-04 13:53:03,32.74,3,13,22,43.282284,-2.951829,DELIVERED,50,WIND,HIGH
8287,2026-01-01 15:56:53,40.99,3,23,18,43.249608,-2.97564,DELIVERED,25,CLEAR,MEDIUM
8288,2026-01-25 14:33:52,48.74,4,21,26,43.290068,-2.904422,CANCELLED,40,CLEAR,HIGH
8289,2026-01-15 21:51:59,50.14,5,20,27,43.25755,-2.911528,DELIVERED,49,RAIN,HIGH
8290,2026-01-21 23:57:26,28.69,3,16,21,43.247296,-2.890657,DELIVERED,21,RAIN,MEDIUM
8291,2026-01-30 04:59:16,29.59,2,24,12,43.215031,-2.955071,DELIVERED,29,CLEAR,LOW
8292,2026-01-25 21:23:28,88.21,5,29,30,43.256853,-2.896708,DELIVERED,6,CLEAR,HIGH
8293,2026-01-17 15:40:53,65.83,5,16,18,43.294894,-2.973472,CANCELLED,42,WIND,MEDIUM
8294,2026-01-03 07:33:42,23.29,2,21,13,43.282741,-2.962106,DELIVERED,4,CLEAR,MEDIUM
8295,2026-01-12 15:03:51,58.22,3,24,20,43.277001,-2.918146,DELIVERED,28,CLEAR,MEDIUM
8296,2026-01-06 02:28:13,39.13,3,29,16,43.21392,-2.95138,DELIVERED,2,CLEAR,MEDIUM
8297,2026-01-05 20:11:04,18.64,2,13,13,43.213439,-2.955998,DELIVERED,44,CLEAR,LOW
8298,2026-01-21 23:59:02,90.1,5,28,15,43.297924,-2.975558,DELIVERED,18,CLEAR,MEDIUM
8299,2026-01-12 20:06:52,50.95,4,16,20,43.207408,-2.886719,CANCELLED,5,CLEAR,LOW
8300,2026-01-03 02:31:35,39.49,4,18,13,43.220247,-2.894512,DELIVERED,47,CLEAR,LOW
8301,2026-01-26 04:33:57,75.04,4,23,21,43.288544,-2.883099,DELIVERED,28,WIND,LOW
8302,2026-01-24 15:52:19,38.55,2,27,27,43.228235,-2.915106,DELIVERED,9,RAIN,LOW
8303,2026-01-30 22:43:15,52.76,4,30,23,43.236293,-2.988917,DELIVERED,3,CLEAR,MEDIUM
8304,2026-01-04 14:47:25,51.49,4,29,20,43.295466,-2.942493,DELIVERED,34,CLEAR,MEDIUM
8305,2026-01-15 23:07:57,74.16,4,22,13,43.246962,-2.887056,DELIVERED,28,CLEAR,LOW
8306,2026-01-06 02:28:25,16.87,1,24,17,43.291928,-2.936412,DELIVERED,34,CLEAR,LOW
8307,2026-01-26 02:23:58,76.43,6,18,11,43.254055,-2.903611,CANCELLED,45,CLEAR,LOW
8308,2026-01-18 03:17:41,18.75,1,20,22,43.263008,-2.891595,DELIVERED,10,RAIN,MEDIUM
8309,2026-01-29 19:15:52,52.83,4,15,26,43.237166,-2.925674,DELIVERED,5,RAIN,LOW
8310,2026-01-06 20:56:42,75.79,5,20,17,43.221318,-2.901197,DELIVERED,25,CLEAR,MEDIUM
8311,2026-01-05 09:35:52,90.54,5,27,30,43.284184,-2.976625,DELIVERED,28,RAIN,HIGH
8312,2026-01-13 19:48:02,48.91,4,29,12,43.202548,-2.939244,DELIVERED,2,CLEAR,LOW
8313,2026-01-17 22:56:53,77.85,6,20,24,43.241649,-2.981155,DELIVERED,38,CLEAR,HIGH
8314,2026-01-03 01:40:54,82.63,6,20,17,43.29293,-2.906009,DELIVERED,25,CLEAR,LOW
8315,2026-01-30 07:01:01,109.78,6,31,17,43.248492,-2.952411,DELIVERED,9,CLEAR,MEDIUM
8316,2026-01-16 22:27:18,39.01,4,20,26,43.204853,-2.953773,DELIVERED,47,CLEAR,HIGH
8317,2026-01-21 22:16:27,26.68,2,28,15,43.215787,-2.88562,DELIVERED,24,CLEAR,MEDIUM
8318,2026-01-25 23:51:58,68.61,5,24,11,43.238568,-2.915347,DELIVERED,12,CLEAR,LOW
8319,2026-01-30 23:27:03,60.7,5,20,12,43.230556,-2.924921,DELIVERED,5,CLEAR,LOW
8320,2026-01-13 13:01:55,22.35,2,18,19,43.275134,-2.975146,DELIVERED,44,CLEAR,HIGH
8321,2026-01-21 04:43:13,37.33,3,17,18,43.270801,-2.906072,DELIVERED,5,CLEAR,LOW
8322,2026-01-13 15:50:12,30.83,2,18,14,43.293877,-2.967648,DELIVERED,13,CLEAR,LOW
8323,2026-01-04 21:12:26,19.79,2,15,30,43.290743,-2.94677,DELIVERED,50,CLEAR,HIGH
8324,2026-01-25 23:23:11,31.55,2,20,13,43.278702,-2.905349,DELIVERED,48,CLEAR,LOW
8325,2026-01-24 05:19:01,59.07,5,16,17,43.224027,-2.898934,DELIVERED,5,CLEAR,MEDIUM
8326,2026-01-06 10:40:38,17.78,1,22,11,43.239513,-2.886303,CANCELLED,48,CLEAR,LOW
8327,2026-01-25 00:16:28,63.79,5,19,20,43.288719,-2.94706,DELIVERED,5,RAIN,LOW
8328,2026-01-21 22:14:05,11.39,1,22,32,43.273842,-2.91079,DELIVERED,42,RAIN,HIGH
8329,2026-01-06 00:29:50,74.7,6,29,22,43.255908,-2.954811,DELIVERED,22,WIND,LOW
8330,2026-01-20 21:37:04,41.05,3,22,28,43.291442,-2.97781,DELIVERED,3,CLEAR,HIGH
8331,2026-01-01 14:39:06,93.34,5,27,30,43.211299,-2.98372,DELIVERED,36,CLEAR,HIGH
8332,2026-01-13 19:02:07,83.33,6,22,16,43.227222,-2.928187,DELIVERED,48,CLEAR,LOW
8333,2026-01-30 10:53:49,29.75,2,17,20,43.270792,-2.956896,DELIVERED,8,CLEAR,HIGH
8334,2026-01-18 14:27:01,64.99,5,20,21,43.296289,-2.976063,DELIVERED,3,WIND,MEDIUM
8335,2026-01-04 21:19:49,55.4,4,27,20,43.201792,-2.885279,DELIVERED,11,CLEAR,HIGH
8336,2026-01-01 15:02:01,68.65,5,13,27,43.248702,-2.901108,DELIVERED,8,CLEAR,HIGH
8337,2026-01-23 22:17:31,73.13,6,21,22,43.291793,-2.949422,DELIVERED,3,CLEAR,HIGH
8338,2026-01-04 01:50:39,58.93,6,16,15,43.203835,-2.98039,DELIVERED,31,CLEAR,MEDIUM
8339,2026-01-15 22:53:50,15.01,1,30,29,43.234719,-2.957674,DELIVERED,29,CLEAR,HIGH
8340,2026-01-09 08:48:46,16.2,1,23,10,43.294255,-2.898936,DELIVERED,36,CLEAR,LOW
8341,2026-01-28 15:55:49,106.11,6,29,19,43.239269,-2.958914,DELIVERED,23,CLEAR,LOW
8342,2026-01-11 20:35:54,42.89,3,10,21,43.215166,-2.954992,CANCELLED,27,CLEAR,MEDIUM
8343,2026-01-07 22:05:14,61.54,5,35,29,43.292681,-2.971728,DELIVERED,2,WIND,HIGH
8344,2026-01-28 15:38:01,49.19,5,17,16,43.251058,-2.902471,DELIVERED,41,CLEAR,MEDIUM
8345,2026-01-21 14:02:41,64.5,5,21,19,43.294901,-2.884675,DELIVERED,8,WIND,MEDIUM
8346,2026-01-01 13:20:03,41.58,3,19,26,43.216253,-2.933192,DELIVERED,3,CLEAR,HIGH
8347,2026-01-19 14:42:36,62.9,5,33,26,43.2226,-2.883239,DELIVERED,22,CLEAR,HIGH
8348,2026-01-15 12:03:48,80.38,6,17,18,43.272742,-2.912367,DELIVERED,38,CLEAR,LOW
8349,2026-01-25 14:20:36,43.91,5,16,21,43.280422,-2.960338,DELIVERED,31,WIND,MEDIUM
8350,2026-01-29 22:28:11,17.23,1,33,27,43.263326,-2.969795,DELIVERED,18,RAIN,HIGH
8351,2026-01-25 22:45:04,89.31,6,29,20,43.298564,-2.916655,DELIVERED,48,WIND,MEDIUM
8352,2026-01-21 12:06:51,13.82,1,11,23,43.279917,-2.888598,DELIVERED,44,RAIN,MEDIUM
8353,2026-01-01 15:22:35,63.36,5,17,16,43.227717,-2.968727,DELIVERED,3,RAIN,MEDIUM
8354,2026-01-25 23:37:40,65.43,5,18,16,43.245238,-2.985275,CANCELLED,38,CLEAR,MEDIUM
8355,2026-01-29 22:56:39,77.95,6,28,22,43.212714,-2.938036,DELIVERED,34,WIND,MEDIUM
8356,2026-01-15 14:53:45,63.28,6,31,18,43.245274,-2.959596,DELIVERED,19,CLEAR,HIGH
8357,2026-01-02 22:36:15,39.66,3,29,16,43.27634,-2.904755,DELIVERED,38,CLEAR,MEDIUM
8358,2026-01-29 14:29:54,44.29,3,28,21,43.239594,-2.944388,DELIVERED,32,CLEAR,HIGH
8359,2026-01-05 13:23:42,68.18,5,23,27,43.212115,-2.949876,DELIVERED,42,CLEAR,HIGH
8360,2026-01-21 10:54:55,65.23,6,10,10,43.220735,-2.989054,DELIVERED,20,CLEAR,LOW
8361,2026-01-09 21:39:47,63.21,6,24,18,43.272866,-2.98233,DELIVERED,20,WIND,MEDIUM
8362,2026-01-03 12:29:44,29.64,3,16,16,43.263495,-2.893942,DELIVERED,30,CLEAR,LOW
8363,2026-01-04 12:42:04,18.41,1,17,18,43.253705,-2.941315,DELIVERED,39,CLEAR,LOW
8364,2026-01-16 22:52:29,25.61,2,19,29,43.27546,-2.96441,DELIVERED,27,CLEAR,HIGH
8365,2026-01-29 23:43:52,58.02,4,26,17,43.291662,-2.958749,DELIVERED,12,CLEAR,MEDIUM
8366,2026-01-29 13:20:30,61.4,4,31,18,43.272882,-2.981756,DELIVERED,48,WIND,MEDIUM
8367,2026-01-26 21:02:40,24.22,2,25,20,43.29356,-2.949134,DELIVERED,11,CLEAR,HIGH
8368,2026-01-22 09:48:56,57.85,3,33,23,43.244364,-2.892937,DELIVERED,23,WIND,MEDIUM
8369,2026-01-14 19:35:40,29.68,3,13,23,43.217433,-2.959651,CANCELLED,21,WIND,LOW
8370,2026-01-25 22:47:56,82.13,6,26,17,43.200594,-2.898515,DELIVERED,11,CLEAR,MEDIUM
8371,2026-01-23 09:26:46,9.72,1,21,23,43.222961,-2.988828,DELIVERED,4,WIND,MEDIUM
8372,2026-01-07 02:30:14,73.23,5,16,24,43.240001,-2.986823,DELIVERED,13,WIND,MEDIUM
8373,2026-01-11 15:34:00,46.82,5,9,19,43.291139,-2.944527,DELIVERED,37,CLEAR,MEDIUM
8374,2026-01-06 15:37:27,40.85,2,24,13,43.2434,-2.92263,DELIVERED,6,CLEAR,LOW
8375,2026-01-03 21:33:51,40.63,4,21,22,43.200281,-2.894095,DELIVERED,21,CLEAR,MEDIUM
8376,2026-01-19 02:20:20,41.66,4,7,20,43.283618,-2.924257,DELIVERED,43,CLEAR,MEDIUM
8377,2026-01-26 12:46:23,23.67,2,21,16,43.262784,-2.904451,DELIVERED,4,CLEAR,LOW
8378,2026-01-20 20:01:54,34.61,3,21,18,43.246906,-2.983174,DELIVERED,34,WIND,LOW
8379,2026-01-05 13:42:14,38.42,2,34,21,43.214363,-2.963956,DELIVERED,33,CLEAR,HIGH
8380,2026-01-27 12:04:14,41.86,3,20,14,43.29032,-2.890824,DELIVERED,46,CLEAR,LOW
8381,2026-01-13 12:39:19,25.49,2,17,16,43.210043,-2.962499,DELIVERED,45,CLEAR,LOW
8382,2026-01-19 15:49:07,34.58,3,10,22,43.282788,-2.940778,DELIVERED,44,CLEAR,MEDIUM
8383,2026-01-02 14:57:19,50.26,4,23,20,43.213499,-2.955577,CANCELLED,8,CLEAR,MEDIUM
8384,2026-01-31 14:00:43,17.82,1,23,32,43.294126,-2.917315,DELIVERED,40,WIND,HIGH
8385,2026-01-26 22:14:21,56.93,6,15,18,43.247899,-2.885839,DELIVERED,49,CLEAR,HIGH
8386,2026-01-13 05:20:46,86.93,6,17,11,43.287634,-2.884185,DELIVERED,13,CLEAR,LOW
8387,2026-01-15 03:43:00,25.2,2,18,22,43.272106,-2.906281,DELIVERED,47,RAIN,LOW
8388,2026-01-30 21:20:14,12.27,1,21,33,43.271347,-2.921866,DELIVERED,15,RAIN,HIGH
8389,2026-01-15 14:18:10,12.39,1,20,28,43.284264,-2.880437,CANCELLED,40,CLEAR,HIGH
8390,2026-01-26 12:57:55,61.16,6,11,27,43.282219,-2.940306,DELIVERED,20,WIND,MEDIUM
8391,2026-01-25 13:14:23,57.27,4,31,21,43.249507,-2.911531,CANCELLED,39,CLEAR,HIGH
8392,2026-01-07 11:22:37,77.57,6,19,29,43.271873,-2.973743,DELIVERED,40,RAIN,MEDIUM
8393,2026-01-22 23:13:51,28.25,2,21,20,43.229585,-2.981372,DELIVERED,45,WIND,LOW
8394,2026-01-16 13:06:49,53.53,4,30,23,43.286344,-2.908622,DELIVERED,2,CLEAR,HIGH
8395,2026-01-27 20:06:56,14.83,1,18,21,43.261956,-2.970378,DELIVERED,5,CLEAR,MEDIUM
8396,2026-01-08 05:29:24,76.25,6,24,18,43.2412,-2.978622,DELIVERED,22,CLEAR,LOW
8397,2026-01-03 14:13:17,55.47,5,19,24,43.272076,-2.977099,DELIVERED,15,CLEAR,HIGH
8398,2026-01-03 21:13:49,11.26,1,29,26,43.215453,-2.882147,DELIVERED,19,CLEAR,HIGH
8399,2026-01-19 14:08:58,25.79,2,18,28,43.242438,-2.925358,DELIVERED,41,CLEAR,HIGH
8400,2026-01-13 22:24:30,16.54,1,39,29,43.232249,-2.898158,DELIVERED,23,CLEAR,HIGH
8401,2026-01-03 22:26:08,23.72,2,22,16,43.258401,-2.912442,DELIVERED,41,CLEAR,HIGH
8402,2026-01-10 23:13:28,43.12,3,23,24,43.2473,-2.887026,DELIVERED,14,WIND,LOW
8403,2026-01-10 15:28:11,60.05,6,21,16,43.251669,-2.977343,DELIVERED,19,CLEAR,LOW
8404,2026-01-06 16:52:28,37.66,3,16,14,43.269229,-2.954334,DELIVERED,27,CLEAR,MEDIUM
8405,2026-01-26 14:12:31,58.34,4,31,22,43.258433,-2.979975,DELIVERED,48,CLEAR,MEDIUM
8406,2026-01-24 21:52:36,11.84,1,19,16,43.220849,-2.976527,DELIVERED,44,CLEAR,MEDIUM
8407,2026-01-11 22:57:54,34.29,3,32,31,43.239868,-2.94993,DELIVERED,29,WIND,HIGH
8408,2026-01-14 12:33:40,53.97,3,23,13,43.299641,-2.889595,DELIVERED,36,CLEAR,LOW
8409,2026-01-26 23:19:51,53.28,5,10,20,43.238316,-2.94036,DELIVERED,15,CLEAR,MEDIUM
8410,2026-01-08 21:02:18,63.54,5,22,14,43.238432,-2.973697,DELIVERED,27,CLEAR,MEDIUM
8411,2026-01-19 21:49:49,45.96,4,26,27,43.222117,-2.882756,CANCELLED,20,CLEAR,HIGH
8412,2026-01-28 14:01:44,70.81,6,24,15,43.276573,-2.918988,DELIVERED,45,CLEAR,MEDIUM
8413,2026-01-23 23:20:25,59.63,6,13,20,43.27613,-2.895174,DELIVERED,49,CLEAR,MEDIUM
8414,2026-01-11 19:58:35,77.31,6,13,22,43.23824,-2.942598,DELIVERED,42,RAIN,MEDIUM
8415,2026-01-09 22:44:47,41.11,2,34,24,43.264884,-2.969119,DELIVERED,18,CLEAR,HIGH
8416,2026-01-02 15:13:10,89.52,5,28,23,43.218244,-2.970816,DELIVERED,33,CLEAR,MEDIUM
8417,2026-01-21 22:12:49,47.12,5,15,15,43.220526,-2.947436,DELIVERED,7,CLEAR,MEDIUM
8418,2026-01-30 15:38:46,32.83,3,19,18,43.203383,-2.937871,CANCELLED,4,CLEAR,MEDIUM
8419,2026-01-19 15:32:56,76.7,6,20,14,43.235876,-2.884061,DELIVERED,11,CLEAR,LOW
8420,2026-01-05 22:45:03,34.31,3,20,27,43.253236,-2.916568,DELIVERED,5,CLEAR,HIGH
8421,2026-01-20 06:48:15,29.65,3,13,16,43.218427,-2.948949,DELIVERED,37,CLEAR,MEDIUM
8422,2026-01-13 07:25:05,108.15,6,20,30,43.278291,-2.885766,DELIVERED,10,CLEAR,HIGH
8423,2026-01-20 05:16:18,58.03,5,21,24,43.203288,-2.947571,DELIVERED,5,WIND,LOW
8424,2026-01-16 20:19:17,25.87,2,17,31,43.285632,-2.931156,DELIVERED,35,CLEAR,HIGH
8425,2026-01-04 02:18:17,74.29,4,30,20,43.298217,-2.970939,DELIVERED,23,CLEAR,LOW
8426,2026-01-07 05:24:03,59.04,3,21,25,43.236201,-2.925367,DELIVERED,36,RAIN,MEDIUM
8427,2026-01-11 22:12:38,12.57,1,31,21,43.216527,-2.893036,DELIVERED,26,CLEAR,MEDIUM
8428,2026-01-27 14:30:15,11.52,1,10,25,43.224171,-2.927891,DELIVERED,43,CLEAR,HIGH
8429,2026-01-30 14:25:56,21.15,2,24,19,43.271252,-2.937289,DELIVERED,19,CLEAR,HIGH
8430,2026-01-09 13:09:38,77.17,6,28,31,43.257346,-2.935017,DELIVERED,24,RAIN,HIGH
8431,2026-01-07 22:50:35,28.61,2,22,19,43.283824,-2.968036,CANCELLED,24,CLEAR,HIGH
8432,2026-01-19 12:07:27,29.47,2,19,27,43.250083,-2.928596,CANCELLED,46,RAIN,MEDIUM
8433,2026-01-29 00:51:41,37.64,2,19,30,43.271766,-2.960676,DELIVERED,36,RAIN,HIGH
8434,2026-01-10 21:58:21,33.75,3,16,18,43.227188,-2.915936,DELIVERED,15,CLEAR,MEDIUM
8435,2026-01-14 22:24:41,55.18,3,34,18,43.23724,-2.967975,CANCELLED,36,CLEAR,MEDIUM
8436,2026-01-10 16:37:33,86.65,6,22,18,43.256171,-2.95606,DELIVERED,14,CLEAR,LOW
8437,2026-01-30 22:12:19,48.47,5,22,20,43.281591,-2.960359,DELIVERED,4,RAIN,MEDIUM
8438,2026-01-03 21:52:39,40.83,3,25,35,43.257649,-2.888664,DELIVERED,34,WIND,HIGH
8439,2026-01-03 23:45:02,39.22,3,19,16,43.22136,-2.957211,DELIVERED,46,CLEAR,LOW
8440,2026-01-17 15:48:34,42.78,4,17,11,43.272866,-2.897455,DELIVERED,41,CLEAR,LOW
8441,2026-01-08 15:56:30,33.11,2,23,13,43.278079,-2.943431,DELIVERED,12,CLEAR,LOW
8442,2026-01-28 21:24:43,23.84,2,26,32,43.275988,-2.977771,DELIVERED,40,RAIN,HIGH
8443,2026-01-03 22:34:54,78.97,6,24,17,43.264763,-2.957501,DELIVERED,42,CLEAR,HIGH
8444,2026-01-31 12:48:22,20.48,2,17,21,43.291812,-2.903062,DELIVERED,41,RAIN,LOW
8445,2026-01-28 14:48:43,32.83,3,23,24,43.223921,-2.972827,DELIVERED,21,WIND,HIGH
8446,2026-01-26 02:07:46,76.66,4,21,24,43.218027,-2.970503,DELIVERED,36,RAIN,MEDIUM
8447,2026-01-12 13:38:07,52.4,3,35,31,43.212628,-2.911649,DELIVERED,18,CLEAR,HIGH
8448,2026-01-20 14:25:50,54.82,6,18,22,43.224187,-2.918117,DELIVERED,7,CLEAR,HIGH
8449,2026-01-16 22:10:21,49.56,5,19,24,43.209007,-2.948143,DELIVERED,41,CLEAR,HIGH
8450,2026-01-19 22:01:13,56.51,6,19,29,43.237039,-2.883999,DELIVERED,16,CLEAR,HIGH
8451,2026-01-25 14:27:09,94.9,5,22,28,43.255382,-2.931802,DELIVERED,36,WIND,HIGH
8452,2026-01-14 03:45:28,39.93,4,15,24,43.270494,-2.900918,DELIVERED,47,CLEAR,MEDIUM
8453,2026-01-30 23:23:12,94.61,5,28,11,43.209602,-2.898706,DELIVERED,18,CLEAR,LOW
8454,2026-01-22 19:04:54,39.43,3,19,20,43.241763,-2.891151,DELIVERED,38,RAIN,MEDIUM
8455,2026-01-09 22:20:34,17.94,1,27,26,43.257704,-2.941189,DELIVERED,17,CLEAR,HIGH
8456,2026-01-28 15:14:46,63.14,5,16,26,43.219825,-2.979362,DELIVERED,11,RAIN,LOW
8457,2026-01-02 16:51:37,44.1,3,27,30,43.281417,-2.982752,DELIVERED,14,CLEAR,HIGH
8458,2026-01-07 23:05:39,82.06,6,17,11,43.210677,-2.920783,DELIVERED,32,CLEAR,LOW
8459,2026-01-30 13:48:01,22.53,1,36,26,43.21961,-2.989856,DELIVERED,18,CLEAR,HIGH
8460,2026-01-12 21:44:59,18.69,2,27,25,43.208765,-2.935615,DELIVERED,41,CLEAR,MEDIUM
8461,2026-01-20 20:25:49,46.91,5,14,26,43.256778,-2.950423,DELIVERED,37,CLEAR,HIGH
8462,2026-01-21 20:35:08,37.72,3,25,28,43.278586,-2.989602,DELIVERED,2,RAIN,MEDIUM
8463,2026-01-10 12:07:07,16.57,1,14,21,43.271327,-2.91368,DELIVERED,46,CLEAR,MEDIUM
8464,2026-01-05 13:23:45,70.83,6,27,25,43.278396,-2.987636,DELIVERED,22,RAIN,HIGH
8465,2026-01-31 20:54:43,57.79,3,32,20,43.229734,-2.948551,DELIVERED,9,CLEAR,LOW
8466,2026-01-11 14:49:41,48.33,4,30,19,43.294084,-2.971828,DELIVERED,5,CLEAR,HIGH
8467,2026-01-25 13:25:58,55.39,3,32,19,43.239167,-2.906439,DELIVERED,28,CLEAR,HIGH
8468,2026-01-21 13:28:51,12.11,1,28,23,43.224907,-2.956882,DELIVERED,25,CLEAR,HIGH
8469,2026-01-16 23:23:58,7.64,1,13,19,43.281306,-2.915856,DELIVERED,31,CLEAR,LOW
8470,2026-01-18 10:50:02,28.38,3,12,20,43.234681,-2.943853,DELIVERED,50,CLEAR,LOW
8471,2026-01-26 23:36:24,8.38,1,16,26,43.224396,-2.90315,DELIVERED,16,WIND,MEDIUM
8472,2026-01-14 14:07:00,34.25,3,24,30,43.240723,-2.94205,DELIVERED,15,CLEAR,HIGH
8473,2026-01-03 09:24:26,31.7,3,9,15,43.258442,-2.969172,DELIVERED,15,CLEAR,LOW
8474,2026-01-30 21:51:19,59.27,6,22,14,43.274781,-2.914329,DELIVERED,44,CLEAR,MEDIUM
8475,2026-01-06 12:22:14,38.35,4,13,20,43.291708,-2.90211,DELIVERED,15,CLEAR,LOW
8476,2026-01-24 13:02:06,35.58,4,22,25,43.213746,-2.887217,DELIVERED,21,CLEAR,HIGH
8477,2026-01-06 09:59:01,68.68,5,12,14,43.265295,-2.965038,DELIVERED,17,CLEAR,MEDIUM
8478,2026-01-29 07:04:08,35.3,3,13,26,43.211043,-2.978872,DELIVERED,40,RAIN,HIGH
8479,2026-01-30 12:10:52,89.49,6,23,13,43.220974,-2.949615,DELIVERED,25,CLEAR,LOW
8480,2026-01-21 12:22:13,82.32,6,23,20,43.266209,-2.924734,DELIVERED,48,CLEAR,MEDIUM
8481,2026-01-26 14:30:56,66.11,5,19,27,43.206881,-2.948382,DELIVERED,8,CLEAR,HIGH
8482,2026-01-17 23:17:34,20.6,1,22,19,43.284408,-2.880895,DELIVERED,6,CLEAR,LOW
8483,2026-01-03 22:48:06,41.0,3,29,16,43.291882,-2.981158,DELIVERED,38,CLEAR,MEDIUM
8484,2026-01-14 14:46:21,40.97,3,19,22,43.222962,-2.979315,DELIVERED,1,RAIN,MEDIUM
8485,2026-01-24 13:41:49,82.32,6,24,27,43.297646,-2.963792,DELIVERED,11,CLEAR,HIGH
8486,2026-01-19 12:24:08,44.79,3,28,27,43.276933,-2.928252,DELIVERED,12,CLEAR,HIGH
8487,2026-01-01 21:28:18,15.12,1,28,27,43.258147,-2.957504,DELIVERED,5,CLEAR,HIGH
8488,2026-01-07 20:34:10,41.11,3,18,15,43.290469,-2.932782,DELIVERED,11,CLEAR,LOW
8489,2026-01-03 02:15:45,9.51,1,13,21,43.296607,-2.89536,DELIVERED,15,CLEAR,MEDIUM
8490,2026-01-18 15:21:58,72.66,4,23,28,43.283859,-2.910227,DELIVERED,28,RAIN,MEDIUM
8491,2026-01-31 18:23:56,19.02,1,23,19,43.233983,-2.969012,DELIVERED,14,CLEAR,LOW
8492,2026-01-31 11:10:05,52.46,3,21,28,43.275583,-2.986867,DELIVERED,28,CLEAR,HIGH
8493,2026-01-23 14:48:55,41.17,3,28,17,43.2001,-2.984876,DELIVERED,32,CLEAR,HIGH
8494,2026-01-09 04:40:42,81.24,6,12,25,43.264532,-2.940508,DELIVERED,27,CLEAR,MEDIUM
8495,2026-01-20 15:23:17,57.26,6,12,11,43.286902,-2.914801,DELIVERED,43,CLEAR,LOW
8496,2026-01-27 12:49:33,74.0,5,22,28,43.29454,-2.915978,DELIVERED,14,RAIN,MEDIUM
8497,2026-01-04 05:47:42,59.38,3,21,16,43.252331,-2.907236,DELIVERED,10,CLEAR,LOW
8498,2026-01-11 13:49:16,21.79,2,28,26,43.244718,-2.914827,DELIVERED,19,WIND,HIGH
8499,2026-01-03 07:19:32,55.11,6,15,16,43.224317,-2.925502,DELIVERED,7,CLEAR,LOW
8500,2026-01-31 15:37:04,15.14,1,19,25,43.263113,-2.970574,DELIVERED,45,CLEAR,MEDIUM
8501,2026-01-22 22:58:30,12.77,1,14,12,43.20195,-2.909159,DELIVERED,50,CLEAR,MEDIUM
8502,2026-01-24 08:31:30,52.53,4,18,22,43.218763,-2.933934,DELIVERED,17,RAIN,MEDIUM
8503,2026-01-20 11:47:02,40.15,3,21,21,43.258462,-2.983222,DELIVERED,24,WIND,LOW
8504,2026-01-05 09:10:43,61.18,6,16,14,43.248858,-2.909163,DELIVERED,44,CLEAR,LOW
8505,2026-01-31 12:57:22,19.31,1,17,18,43.214749,-2.905464,DELIVERED,1,CLEAR,LOW
8506,2026-01-04 20:51:47,33.92,2,27,19,43.228256,-2.982809,DELIVERED,12,CLEAR,LOW
8507,2026-01-22 22:25:08,75.77,4,28,28,43.265892,-2.914568,DELIVERED,10,CLEAR,HIGH
8508,2026-01-27 21:14:33,77.94,6,27,24,43.294468,-2.933492,DELIVERED,46,WIND,MEDIUM
8509,2026-01-09 23:52:43,12.51,1,21,16,43.22626,-2.973167,CANCELLED,39,CLEAR,LOW
8510,2026-01-12 11:28:36,74.21,4,27,18,43.215397,-2.889766,DELIVERED,33,CLEAR,LOW
8511,2026-01-26 16:35:38,89.25,6,24,21,43.245039,-2.893086,DELIVERED,12,WIND,MEDIUM
8512,2026-01-07 20:03:56,46.76,4,28,18,43.214879,-2.931261,DELIVERED,22,CLEAR,MEDIUM
8513,2026-01-29 20:25:46,37.4,3,18,23,43.268832,-2.967547,DELIVERED,45,CLEAR,MEDIUM
8514,2026-01-08 23:03:25,82.34,6,16,21,43.238856,-2.982781,DELIVERED,27,RAIN,LOW
8515,2026-01-23 23:02:32,71.19,5,25,18,43.299049,-2.959548,DELIVERED,12,CLEAR,MEDIUM
8516,2026-01-12 21:19:55,21.85,2,22,26,43.273147,-2.986492,DELIVERED,21,CLEAR,HIGH
8517,2026-01-13 21:34:41,65.63,6,19,30,43.237131,-2.981337,DELIVERED,20,RAIN,HIGH
8518,2026-01-13 10:01:39,37.61,2,21,13,43.238979,-2.889512,DELIVERED,28,CLEAR,LOW
8519,2026-01-28 18:14:34,69.22,5,19,19,43.299199,-2.983338,DELIVERED,42,CLEAR,LOW
8520,2026-01-19 22:55:18,89.13,6,20,19,43.241494,-2.968658,DELIVERED,13,CLEAR,HIGH
8521,2026-01-26 10:48:06,48.89,5,13,25,43.232746,-2.984973,DELIVERED,47,CLEAR,MEDIUM
8522,2026-01-12 12:44:23,76.31,6,21,14,43.254451,-2.979148,DELIVERED,11,CLEAR,LOW
8523,2026-01-01 14:40:48,10.65,1,31,20,43.295881,-2.987293,DELIVERED,22,CLEAR,MEDIUM
8524,2026-01-10 23:29:13,41.02,3,23,15,43.290492,-2.988367,DELIVERED,25,WIND,LOW
8525,2026-01-11 22:58:11,107.73,6,26,21,43.224266,-2.883738,DELIVERED,28,CLEAR,HIGH
8526,2026-01-05 21:22:05,31.19,3,31,13,43.215042,-2.947591,DELIVERED,19,CLEAR,MEDIUM
8527,2026-01-19 06:46:11,83.73,6,26,20,43.243065,-2.984692,DELIVERED,12,CLEAR,LOW
8528,2026-01-03 21:49:42,9.4,1,30,22,43.205802,-2.985186,DELIVERED,26,CLEAR,HIGH
8529,2026-01-14 15:30:57,23.72,2,14,24,43.291906,-2.985227,DELIVERED,15,CLEAR,MEDIUM
8530,2026-01-29 23:26:29,78.82,6,21,22,43.244309,-2.895607,CANCELLED,11,CLEAR,MEDIUM
8531,2026-01-29 12:13:48,53.41,5,22,11,43.212561,-2.975113,DELIVERED,19,CLEAR,LOW
8532,2026-01-26 12:56:10,94.55,5,19,28,43.232307,-2.918701,DELIVERED,10,WIND,HIGH
8533,2026-01-14 11:47:10,10.82,1,20,21,43.238144,-2.937083,DELIVERED,35,CLEAR,MEDIUM
8534,2026-01-05 14:52:28,26.32,2,27,24,43.23717,-2.943122,DELIVERED,5,CLEAR,HIGH
8535,2026-01-29 09:30:57,30.08,2,18,11,43.280073,-2.92831,CANCELLED,32,CLEAR,LOW
8536,2026-01-22 13:06:04,65.46,5,23,26,43.22156,-2.911063,DELIVERED,17,RAIN,MEDIUM
8537,2026-01-02 13:25:18,29.78,2,34,26,43.276423,-2.985994,DELIVERED,12,RAIN,MEDIUM
8538,2026-01-06 13:05:52,13.44,1,22,19,43.235126,-2.975817,DELIVERED,5,CLEAR,HIGH
8539,2026-01-01 22:23:16,27.38,2,24,22,43.275451,-2.985231,DELIVERED,13,CLEAR,HIGH
8540,2026-01-16 10:23:03,40.01,4,17,19,43.217608,-2.9254,DELIVERED,4,CLEAR,MEDIUM
8541,2026-01-30 22:35:27,70.88,4,29,27,43.214606,-2.927081,DELIVERED,10,RAIN,HIGH
8542,2026-01-21 14:02:40,63.0,5,25,17,43.207094,-2.97683,DELIVERED,11,WIND,MEDIUM
8543,2026-01-15 10:55:26,53.91,3,31,18,43.299414,-2.88461,DELIVERED,33,CLEAR,MEDIUM
8544,2026-01-11 02:56:22,58.03,6,10,24,43.252685,-2.955873,DELIVERED,49,CLEAR,HIGH
8545,2026-01-22 20:05:34,56.66,4,14,10,43.227625,-2.909559,CANCELLED,1,CLEAR,LOW
8546,2026-01-19 14:15:15,9.33,1,27,26,43.26667,-2.940058,CANCELLED,4,RAIN,HIGH
8547,2026-01-09 02:20:16,107.72,6,29,21,43.241218,-2.935312,DELIVERED,18,CLEAR,MEDIUM
8548,2026-01-12 09:13:06,31.84,3,16,20,43.224068,-2.975241,DELIVERED,30,CLEAR,MEDIUM
8549,2026-01-14 18:27:08,18.13,2,12,13,43.278009,-2.899646,DELIVERED,7,CLEAR,MEDIUM
8550,2026-01-15 02:55:43,34.56,3,22,18,43.238405,-2.987033,DELIVERED,4,CLEAR,HIGH
8551,2026-01-23 23:55:39,73.52,5,26,27,43.225314,-2.959061,DELIVERED,12,RAIN,MEDIUM
8552,2026-01-01 14:35:05,14.72,1,26,23,43.246945,-2.945049,DELIVERED,34,CLEAR,HIGH
8553,2026-01-30 21:00:29,72.26,5,34,21,43.220972,-2.90553,DELIVERED,12,CLEAR,HIGH
8554,2026-01-19 11:57:38,14.84,1,13,14,43.274396,-2.949151,DELIVERED,8,CLEAR,MEDIUM
8555,2026-01-02 20:26:16,15.85,1,15,26,43.233779,-2.934313,DELIVERED,40,CLEAR,HIGH
8556,2026-01-18 08:49:30,77.78,4,21,17,43.253032,-2.932088,DELIVERED,28,CLEAR,HIGH
8557,2026-01-13 19:08:51,60.99,4,25,25,43.288856,-2.902551,DELIVERED,14,CLEAR,MEDIUM
8558,2026-01-08 01:29:50,70.7,6,23,27,43.215678,-2.942848,DELIVERED,34,CLEAR,HIGH
8559,2026-01-30 16:46:09,55.13,5,9,13,43.264113,-2.980303,DELIVERED,15,CLEAR,LOW
8560,2026-01-01 22:09:47,57.34,6,21,18,43.29704,-2.95303,DELIVERED,31,CLEAR,MEDIUM
8561,2026-01-20 14:57:28,10.88,1,21,13,43.28719,-2.933582,DELIVERED,45,CLEAR,MEDIUM
8562,2026-01-12 22:06:50,70.24,5,26,24,43.291255,-2.962068,DELIVERED,48,CLEAR,HIGH
8563,2026-01-03 20:12:18,41.08,3,12,18,43.28215,-2.908194,DELIVERED,17,RAIN,LOW
8564,2026-01-05 21:55:21,35.44,3,24,20,43.256389,-2.939022,DELIVERED,4,CLEAR,MEDIUM
8565,2026-01-19 14:22:05,58.72,3,32,21,43.221575,-2.977025,DELIVERED,6,WIND,HIGH
8566,2026-01-23 02:57:09,16.73,1,23,21,43.260158,-2.95033,DELIVERED,25,CLEAR,MEDIUM
8567,2026-01-25 21:31:49,20.88,2,26,25,43.274047,-2.952098,DELIVERED,26,CLEAR,HIGH
8568,2026-01-11 22:19:57,44.79,4,26,27,43.218564,-2.903261,DELIVERED,19,WIND,MEDIUM
8569,2026-01-08 14:21:38,55.89,5,28,17,43.234946,-2.904199,DELIVERED,19,CLEAR,MEDIUM
8570,2026-01-01 13:02:48,20.41,1,30,24,43.259241,-2.922247,DELIVERED,33,CLEAR,HIGH
8571,2026-01-03 12:44:14,38.51,4,17,14,43.229664,-2.951349,DELIVERED,19,CLEAR,LOW
8572,2026-01-02 21:28:12,37.69,3,31,21,43.275657,-2.976095,DELIVERED,2,RAIN,MEDIUM
8573,2026-01-28 22:06:38,65.64,5,20,19,43.227507,-2.980439,DELIVERED,17,CLEAR,MEDIUM
8574,2026-01-22 13:59:02,52.36,5,20,35,43.251164,-2.914616,DELIVERED,20,RAIN,HIGH
8575,2026-01-26 21:22:18,57.26,6,17,18,43.295133,-2.89514,DELIVERED,50,CLEAR,HIGH
8576,2026-01-01 19:08:50,71.84,4,30,19,43.299947,-2.978805,DELIVERED,9,CLEAR,MEDIUM
8577,2026-01-25 02:35:28,42.78,3,22,20,43.27783,-2.882419,DELIVERED,48,CLEAR,LOW
8578,2026-01-27 21:44:01,50.14,4,27,27,43.250501,-2.929444,DELIVERED,39,RAIN,HIGH
8579,2026-01-24 00:45:38,58.31,5,28,13,43.240771,-2.888397,DELIVERED,22,WIND,LOW
8580,2026-01-11 04:17:11,26.92,2,22,18,43.208965,-2.939754,DELIVERED,32,CLEAR,LOW
8581,2026-01-18 18:46:25,16.23,1,14,15,43.247272,-2.979334,DELIVERED,8,CLEAR,LOW
8582,2026-01-15 21:36:56,51.03,5,22,26,43.245043,-2.931764,DELIVERED,44,CLEAR,HIGH
8583,2026-01-04 23:30:25,16.16,1,27,17,43.262484,-2.944651,DELIVERED,22,CLEAR,LOW
8584,2026-01-31 14:15:09,64.61,6,22,22,43.218055,-2.895059,DELIVERED,47,CLEAR,HIGH
8585,2026-01-07 22:43:30,14.02,1,19,20,43.282583,-2.950934,DELIVERED,7,CLEAR,HIGH
8586,2026-01-05 13:03:23,58.81,6,21,30,43.2847,-2.885767,DELIVERED,16,RAIN,MEDIUM
8587,2026-01-22 11:53:32,70.66,6,24,20,43.273213,-2.977938,DELIVERED,2,RAIN,LOW
8588,2026-01-19 13:23:42,52.77,4,29,12,43.248078,-2.950918,DELIVERED,5,CLEAR,MEDIUM
8589,2026-01-16 13:05:34,39.81,4,21,24,43.215679,-2.986761,DELIVERED,30,CLEAR,MEDIUM
8590,2026-01-01 13:12:56,73.47,5,30,17,43.211067,-2.943331,DELIVERED,12,CLEAR,MEDIUM
8591,2026-01-28 16:54:15,64.87,6,10,17,43.207104,-2.932665,DELIVERED,44,CLEAR,LOW
8592,2026-01-19 13:42:42,24.82,2,30,22,43.254967,-2.950587,CANCELLED,22,CLEAR,HIGH
8593,2026-01-12 07:05:28,12.1,1,15,10,43.209908,-2.902457,DELIVERED,31,CLEAR,LOW
8594,2026-01-10 13:31:04,31.63,2,32,21,43.248146,-2.986122,DELIVERED,14,CLEAR,MEDIUM
8595,2026-01-23 14:35:06,62.31,6,19,22,43.216801,-2.986643,DELIVERED,26,CLEAR,HIGH
8596,2026-01-13 22:00:23,40.55,4,19,15,43.203994,-2.904202,DELIVERED,41,CLEAR,MEDIUM
8597,2026-01-28 23:47:42,60.09,5,18,15,43.280792,-2.970859,DELIVERED,34,CLEAR,LOW
8598,2026-01-19 14:03:28,77.51,6,30,36,43.256301,-2.897443,DELIVERED,11,RAIN,HIGH
8599,2026-01-19 20:32:57,39.3,2,30,27,43.265831,-2.923274,DELIVERED,23,WIND,MEDIUM
8600,2026-01-26 09:08:13,51.53,5,8,18,43.250156,-2.947432,DELIVERED,15,CLEAR,LOW
8601,2026-01-02 12:08:47,21.24,2,12,13,43.290659,-2.978327,DELIVERED,16,CLEAR,LOW
8602,2026-01-22 20:06:34,58.31,4,22,16,43.236815,-2.917828,DELIVERED,13,RAIN,LOW
8603,2026-01-03 12:59:50,63.56,5,19,16,43.254998,-2.905814,DELIVERED,5,RAIN,LOW
8604,2026-01-27 22:55:45,62.38,5,22,18,43.213962,-2.969181,DELIVERED,40,CLEAR,HIGH
8605,2026-01-15 21:07:26,56.44,4,31,25,43.203547,-2.918884,DELIVERED,13,CLEAR,HIGH
8606,2026-01-17 06:12:17,19.2,1,31,19,43.277549,-2.880073,DELIVERED,23,WIND,LOW
8607,2026-01-14 13:32:05,75.74,6,22,28,43.233876,-2.967115,DELIVERED,40,RAIN,HIGH
8608,2026-01-09 04:44:27,29.05,3,14,23,43.256061,-2.984627,DELIVERED,7,CLEAR,MEDIUM
8609,2026-01-25 20:01:10,19.8,1,21,28,43.249236,-2.951521,DELIVERED,10,RAIN,MEDIUM
8610,2026-01-05 18:09:00,68.58,5,26,17,43.235143,-2.934087,DELIVERED,12,CLEAR,LOW
8611,2026-01-12 04:34:08,89.66,6,18,11,43.22618,-2.885334,DELIVERED,1,CLEAR,LOW
8612,2026-01-20 11:55:12,29.81,3,14,11,43.26116,-2.987708,DELIVERED,15,CLEAR,LOW
8613,2026-01-12 13:15:27,54.23,3,34,22,43.289536,-2.967895,DELIVERED,23,CLEAR,HIGH
8614,2026-01-16 02:50:35,12.12,1,28,31,43.244885,-2.958159,DELIVERED,12,CLEAR,HIGH
8615,2026-01-14 13:34:46,13.39,1,29,18,43.26587,-2.95196,DELIVERED,2,CLEAR,MEDIUM
8616,2026-01-12 20:29:28,12.81,1,14,27,43.20449,-2.96691,DELIVERED,27,RAIN,LOW
8617,2026-01-30 22:32:46,42.51,4,18,18,43.208133,-2.884445,CANCELLED,47,RAIN,MEDIUM
8618,2026-01-08 17:40:01,88.31,6,27,17,43.284803,-2.93879,DELIVERED,14,CLEAR,MEDIUM
8619,2026-01-17 18:37:49,9.58,1,16,13,43.200689,-2.911375,CANCELLED,31,CLEAR,LOW
8620,2026-01-19 12:30:04,82.77,6,19,13,43.270552,-2.951477,DELIVERED,38,CLEAR,LOW
8621,2026-01-30 13:31:19,29.14,2,18,23,43.252048,-2.880307,DELIVERED,3,CLEAR,HIGH
8622,2026-01-17 13:21:28,63.45,5,35,29,43.278708,-2.925626,DELIVERED,22,RAIN,HIGH
8623,2026-01-31 20:06:43,78.97,6,20,15,43.26559,-2.932653,DELIVERED,39,RAIN,LOW
8624,2026-01-05 00:45:17,20.4,1,19,17,43.20651,-2.907453,DELIVERED,10,CLEAR,LOW
8625,2026-01-14 13:21:43,38.81,4,18,32,43.295986,-2.909667,DELIVERED,30,WIND,HIGH
8626,2026-01-06 20:05:24,12.79,1,29,18,43.235599,-2.97078,DELIVERED,12,CLEAR,LOW
8627,2026-01-13 01:17:20,53.32,5,18,15,43.250694,-2.898985,DELIVERED,19,CLEAR,LOW
8628,2026-01-26 12:03:41,84.88,6,18,26,43.262303,-2.962602,DELIVERED,1,RAIN,LOW
8629,2026-01-09 22:22:48,19.8,1,26,23,43.296684,-2.983208,DELIVERED,25,CLEAR,MEDIUM
8630,2026-01-29 18:43:39,108.9,6,33,16,43.249094,-2.958521,DELIVERED,18,CLEAR,LOW
8631,2026-01-01 21:24:49,19.88,1,35,25,43.292854,-2.979028,DELIVERED,33,RAIN,MEDIUM
8632,2026-01-29 04:20:11,13.83,1,26,19,43.283742,-2.892924,DELIVERED,22,CLEAR,LOW
8633,2026-01-23 16:18:09,11.2,1,20,22,43.271107,-2.957081,DELIVERED,3,WIND,LOW
8634,2026-01-01 21:07:56,72.83,4,33,17,43.256589,-2.912489,CANCELLED,18,CLEAR,MEDIUM
8635,2026-01-28 14:38:25,57.88,4,22,18,43.265152,-2.922542,DELIVERED,1,WIND,MEDIUM
8636,2026-01-29 16:45:31,13.17,1,17,22,43.298549,-2.920201,DELIVERED,8,WIND,MEDIUM
8637,2026-01-19 13:15:42,56.04,4,26,21,43.218083,-2.920327,DELIVERED,42,CLEAR,HIGH
8638,2026-01-09 22:27:53,14.45,1,22,23,43.238519,-2.896271,DELIVERED,32,CLEAR,HIGH
8639,2026-01-10 13:35:20,40.46,4,22,18,43.210097,-2.92409,DELIVERED,37,CLEAR,MEDIUM
8640,2026-01-26 15:46:48,55.36,3,19,23,43.277934,-2.930096,DELIVERED,10,CLEAR,MEDIUM
8641,2026-01-25 21:01:44,53.33,6,20,17,43.284748,-2.959599,DELIVERED,49,CLEAR,HIGH
8642,2026-01-12 15:01:47,59.13,6,8,19,43.254682,-2.983609,CANCELLED,49,CLEAR,MEDIUM
8643,2026-01-15 21:26:58,9.53,1,25,20,43.205421,-2.970696,DELIVERED,26,CLEAR,HIGH
8644,2026-01-25 21:16:33,26.6,2,29,31,43.241249,-2.966658,DELIVERED,40,CLEAR,HIGH
8645,2026-01-28 18:46:38,34.13,3,20,12,43.226605,-2.977612,DELIVERED,19,CLEAR,LOW
8646,2026-01-07 13:17:43,40.45,3,22,25,43.264062,-2.889354,CANCELLED,1,CLEAR,HIGH
8647,2026-01-01 04:30:03,27.58,2,19,24,43.24324,-2.910095,DELIVERED,25,CLEAR,HIGH
8648,2026-01-12 13:09:34,52.33,3,31,29,43.245584,-2.987251,DELIVERED,36,CLEAR,HIGH
8649,2026-01-05 07:46:59,30.84,3,14,28,43.272612,-2.88907,DELIVERED,49,RAIN,MEDIUM
8650,2026-01-16 23:27:02,44.11,3,18,26,43.277458,-2.947504,DELIVERED,25,RAIN,LOW
8651,2026-01-29 10:48:49,52.62,5,21,15,43.25234,-2.897951,DELIVERED,19,CLEAR,LOW
8652,2026-01-25 13:15:13,24.98,2,35,20,43.248349,-2.958785,DELIVERED,29,CLEAR,HIGH
8653,2026-01-04 14:47:09,110.21,6,27,23,43.252194,-2.914982,DELIVERED,10,CLEAR,HIGH
8654,2026-01-29 07:43:57,26.25,2,24,12,43.285679,-2.939,CANCELLED,2,CLEAR,LOW
8655,2026-01-04 14:42:25,32.73,2,24,21,43.245906,-2.940962,DELIVERED,1,CLEAR,HIGH
8656,2026-01-25 09:44:33,71.64,6,27,13,43.254942,-2.909022,DELIVERED,2,CLEAR,MEDIUM
8657,2026-01-15 21:42:34,55.5,5,25,25,43.227906,-2.914129,DELIVERED,19,WIND,HIGH
8658,2026-01-20 22:19:38,64.43,6,21,23,43.236858,-2.884198,DELIVERED,44,CLEAR,HIGH
8659,2026-01-10 22:51:09,90.26,5,26,18,43.233115,-2.962099,DELIVERED,10,CLEAR,HIGH
8660,2026-01-11 06:11:21,73.63,6,21,15,43.285778,-2.930085,DELIVERED,24,CLEAR,LOW
8661,2026-01-17 15:25:39,70.73,5,16,16,43.274368,-2.920904,DELIVERED,13,CLEAR,LOW
8662,2026-01-09 14:07:15,84.01,6,19,26,43.258319,-2.982151,DELIVERED,1,CLEAR,HIGH
8663,2026-01-15 01:27:02,71.72,5,20,20,43.288564,-2.897465,DELIVERED,13,CLEAR,MEDIUM
8664,2026-01-21 13:33:44,59.44,4,27,20,43.285473,-2.893046,DELIVERED,48,CLEAR,MEDIUM
8665,2026-01-06 10:49:58,17.39,1,28,19,43.234087,-2.893488,DELIVERED,12,CLEAR,MEDIUM
8666,2026-01-29 22:55:32,41.06,4,19,14,43.290339,-2.920766,DELIVERED,21,CLEAR,MEDIUM
8667,2026-01-11 16:36:58,59.26,5,20,14,43.218293,-2.98338,DELIVERED,3,CLEAR,LOW
8668,2026-01-30 13:17:47,44.66,3,19,27,43.227607,-2.902459,DELIVERED,17,CLEAR,HIGH
8669,2026-01-07 22:08:18,43.46,4,19,27,43.263654,-2.973891,DELIVERED,4,CLEAR,HIGH
8670,2026-01-14 00:24:02,26.97,2,15,19,43.200389,-2.881558,DELIVERED,1,CLEAR,MEDIUM
8671,2026-01-19 21:46:24,35.99,2,24,17,43.230126,-2.95208,DELIVERED,36,CLEAR,MEDIUM
8672,2026-01-08 02:46:30,53.39,6,14,23,43.244858,-2.97935,DELIVERED,7,CLEAR,HIGH
8673,2026-01-24 14:32:00,47.35,4,26,27,43.241258,-2.917165,DELIVERED,24,CLEAR,HIGH
8674,2026-01-05 22:28:03,35.4,3,30,27,43.212688,-2.929371,DELIVERED,19,WIND,HIGH
8675,2026-01-05 12:31:28,110.32,6,33,12,43.231726,-2.983127,DELIVERED,23,CLEAR,LOW
8676,2026-01-22 21:09:27,41.44,4,18,19,43.224025,-2.915892,DELIVERED,49,CLEAR,HIGH
8677,2026-01-18 14:44:49,34.19,3,26,18,43.225084,-2.910041,DELIVERED,34,CLEAR,HIGH
8678,2026-01-15 22:06:34,47.01,5,22,28,43.269853,-2.951573,DELIVERED,37,RAIN,MEDIUM
8679,2026-01-05 14:22:44,110.13,6,39,22,43.257148,-2.956116,DELIVERED,23,CLEAR,HIGH
8680,2026-01-09 21:08:44,38.74,2,31,28,43.28011,-2.979465,DELIVERED,36,WIND,HIGH
8681,2026-01-13 13:23:04,34.76,4,11,29,43.2736,-2.935113,DELIVERED,50,CLEAR,HIGH
8682,2026-01-07 13:23:52,59.9,3,29,20,43.21849,-2.902173,DELIVERED,28,RAIN,MEDIUM
8683,2026-01-17 21:56:08,49.63,5,22,21,43.231561,-2.9235,CANCELLED,26,CLEAR,MEDIUM
8684,2026-01-03 13:28:45,72.72,6,25,21,43.27459,-2.918573,DELIVERED,45,CLEAR,HIGH
8685,2026-01-24 22:27:45,40.03,4,22,16,43.240872,-2.935053,DELIVERED,21,CLEAR,MEDIUM
8686,2026-01-23 14:05:54,78.55,6,25,29,43.288369,-2.943355,DELIVERED,46,RAIN,HIGH
8687,2026-01-01 12:58:13,56.51,4,14,24,43.278324,-2.904794,DELIVERED,17,CLEAR,MEDIUM
8688,2026-01-02 14:55:21,42.69,3,31,19,43.230272,-2.881342,DELIVERED,14,CLEAR,HIGH
8689,2026-01-22 14:02:14,50.14,5,13,28,43.263339,-2.968117,DELIVERED,15,CLEAR,HIGH
8690,2026-01-26 03:27:39,70.5,5,29,25,43.278415,-2.900145,DELIVERED,12,CLEAR,HIGH
8691,2026-01-13 22:12:38,73.53,5,25,18,43.263487,-2.908074,DELIVERED,32,CLEAR,MEDIUM
8692,2026-01-01 15:42:25,49.92,5,7,16,43.273839,-2.928342,DELIVERED,50,CLEAR,MEDIUM
8693,2026-01-27 11:08:06,70.69,6,20,16,43.271984,-2.884226,DELIVERED,34,WIND,LOW
8694,2026-01-23 14:40:27,29.62,3,17,23,43.297045,-2.952914,DELIVERED,43,CLEAR,HIGH
8695,2026-01-15 21:28:46,41.11,3,27,32,43.273017,-2.96659,DELIVERED,2,RAIN,HIGH
8696,2026-01-28 21:30:12,64.03,6,26,21,43.265858,-2.886191,DELIVERED,4,CLEAR,MEDIUM
8697,2026-01-11 09:54:55,22.98,2,15,21,43.215296,-2.886437,DELIVERED,30,RAIN,MEDIUM
8698,2026-01-30 07:10:26,9.98,1,12,19,43.264622,-2.95186,DELIVERED,43,CLEAR,LOW
8699,2026-01-25 13:35:45,64.8,5,29,14,43.239833,-2.914899,DELIVERED,5,WIND,MEDIUM
8700,2026-01-07 22:29:38,110.04,6,31,29,43.267094,-2.95404,DELIVERED,28,CLEAR,HIGH
8701,2026-01-04 14:07:51,87.61,6,23,22,43.26336,-2.924463,DELIVERED,48,CLEAR,MEDIUM
8702,2026-01-17 14:53:11,35.24,3,23,29,43.255877,-2.989354,DELIVERED,35,CLEAR,HIGH
8703,2026-01-10 14:01:17,70.54,6,29,26,43.280047,-2.965401,DELIVERED,5,WIND,HIGH
8704,2026-01-05 22:04:56,70.39,5,25,25,43.231837,-2.986841,DELIVERED,39,RAIN,HIGH
8705,2026-01-02 21:32:52,77.99,6,23,25,43.20043,-2.980427,DELIVERED,46,WIND,HIGH
8706,2026-01-25 04:24:49,77.13,4,27,24,43.216636,-2.968763,DELIVERED,9,CLEAR,HIGH
8707,2026-01-29 09:05:25,59.18,4,22,27,43.29069,-2.885602,DELIVERED,25,RAIN,MEDIUM
8708,2026-01-10 10:10:46,55.31,4,16,18,43.259965,-2.922433,DELIVERED,1,CLEAR,LOW
8709,2026-01-10 14:38:21,49.82,4,24,27,43.255013,-2.954258,DELIVERED,29,CLEAR,HIGH
8710,2026-01-05 12:48:05,38.42,3,20,12,43.26163,-2.89818,DELIVERED,38,CLEAR,LOW
8711,2026-01-25 02:06:33,34.7,4,10,20,43.28169,-2.926801,DELIVERED,49,CLEAR,HIGH
8712,2026-01-20 12:16:33,18.29,1,27,24,43.274623,-2.90143,DELIVERED,33,WIND,HIGH
8713,2026-01-12 12:48:38,27.69,3,12,10,43.229698,-2.97904,DELIVERED,49,CLEAR,LOW
8714,2026-01-05 22:14:15,31.58,2,20,24,43.292558,-2.91997,DELIVERED,27,CLEAR,HIGH
8715,2026-01-21 16:02:22,7.24,1,11,17,43.292409,-2.944167,DELIVERED,37,CLEAR,LOW
8716,2026-01-24 20:57:06,70.59,6,17,20,43.285876,-2.915103,DELIVERED,24,CLEAR,LOW
8717,2026-01-16 03:20:42,35.71,2,28,25,43.261822,-2.970623,DELIVERED,33,RAIN,MEDIUM
8718,2026-01-28 21:04:01,69.47,5,17,27,43.28752,-2.885115,DELIVERED,27,CLEAR,HIGH
8719,2026-01-03 16:00:09,42.52,4,18,21,43.233973,-2.899125,DELIVERED,26,CLEAR,MEDIUM
8720,2026-01-10 01:33:47,29.12,3,18,17,43.276855,-2.953763,DELIVERED,26,CLEAR,LOW
8721,2026-01-19 14:30:46,58.9,4,30,29,43.24427,-2.973331,DELIVERED,1,CLEAR,HIGH
8722,2026-01-03 14:53:54,18.2,1,20,12,43.261583,-2.941523,DELIVERED,11,CLEAR,MEDIUM
8723,2026-01-26 22:58:03,55.42,4,17,36,43.252875,-2.937361,DELIVERED,27,WIND,HIGH
8724,2026-01-04 23:00:46,88.63,6,21,16,43.257647,-2.958229,DELIVERED,48,CLEAR,LOW
8725,2026-01-28 07:55:05,109.78,6,29,26,43.208442,-2.983015,DELIVERED,33,CLEAR,HIGH
8726,2026-01-16 14:23:51,61.5,5,29,25,43.264108,-2.962572,DELIVERED,22,RAIN,MEDIUM
8727,2026-01-07 10:22:30,82.56,6,25,13,43.291202,-2.986629,DELIVERED,14,CLEAR,LOW
8728,2026-01-31 23:56:43,12.96,1,15,23,43.232681,-2.937696,DELIVERED,46,CLEAR,MEDIUM
8729,2026-01-27 01:23:19,33.43,3,13,17,43.200761,-2.986883,DELIVERED,47,CLEAR,LOW
8730,2026-01-17 11:14:57,72.21,5,15,10,43.201631,-2.935065,DELIVERED,1,CLEAR,LOW
8731,2026-01-31 17:18:02,48.74,5,19,22,43.287506,-2.902129,DELIVERED,26,RAIN,LOW
8732,2026-01-14 17:47:35,49.09,5,13,20,43.2454,-2.916029,DELIVERED,30,RAIN,LOW
8733,2026-01-03 16:15:58,66.56,5,21,22,43.275048,-2.976806,DELIVERED,39,RAIN,MEDIUM
8734,2026-01-30 23:42:00,83.98,6,26,20,43.253367,-2.899782,DELIVERED,14,CLEAR,LOW
8735,2026-01-06 22:53:26,45.03,4,24,21,43.206039,-2.927964,DELIVERED,4,CLEAR,HIGH
8736,2026-01-03 07:01:30,38.94,3,16,18,43.242013,-2.932464,DELIVERED,8,CLEAR,MEDIUM
8737,2026-01-16 23:15:00,46.9,4,25,12,43.243701,-2.929185,DELIVERED,2,CLEAR,LOW
8738,2026-01-31 05:07:00,75.71,6,21,19,43.262605,-2.98053,CANCELLED,45,CLEAR,LOW
8739,2026-01-29 14:50:01,28.16,2,31,19,43.251769,-2.922977,DELIVERED,2,CLEAR,MEDIUM
8740,2026-01-14 13:30:16,14.76,1,20,20,43.291338,-2.925193,CANCELLED,41,CLEAR,HIGH
8741,2026-01-12 14:20:15,8.53,1,20,30,43.218012,-2.936815,DELIVERED,30,CLEAR,HIGH
8742,2026-01-05 21:56:42,16.81,1,31,24,43.251636,-2.911196,DELIVERED,28,CLEAR,HIGH
8743,2026-01-18 22:44:12,76.65,4,35,26,43.204225,-2.942432,CANCELLED,18,RAIN,MEDIUM
8744,2026-01-04 20:23:09,25.46,2,21,10,43.222645,-2.985924,DELIVERED,19,CLEAR,LOW
8745,2026-01-25 14:26:23,18.5,2,18,23,43.236661,-2.971335,CANCELLED,7,WIND,HIGH
8746,2026-01-30 15:09:00,44.96,5,12,11,43.239192,-2.967602,DELIVERED,7,CLEAR,LOW
8747,2026-01-07 12:42:04,35.41,3,18,11,43.242883,-2.915958,DELIVERED,4,CLEAR,LOW
8748,2026-01-16 13:08:42,13.13,1,28,25,43.272962,-2.902464,DELIVERED,5,CLEAR,HIGH
8749,2026-01-17 20:08:16,19.55,1,20,12,43.28226,-2.888893,DELIVERED,13,CLEAR,LOW
8750,2026-01-17 21:54:27,26.94,2,25,30,43.206461,-2.924032,DELIVERED,45,WIND,HIGH
8751,2026-01-28 13:27:01,13.65,1,35,29,43.277326,-2.885111,DELIVERED,29,CLEAR,HIGH
8752,2026-01-06 21:07:52,16.1,1,33,21,43.200727,-2.882189,DELIVERED,6,CLEAR,HIGH
8753,2026-01-14 14:05:08,9.25,1,27,25,43.232275,-2.96277,DELIVERED,47,CLEAR,HIGH
8754,2026-01-05 18:26:59,41.03,3,14,22,43.204608,-2.97394,DELIVERED,3,CLEAR,HIGH
8755,2026-01-13 23:29:25,39.1,3,20,16,43.240377,-2.917205,DELIVERED,46,CLEAR,LOW
8756,2026-01-01 22:40:18,23.86,1,37,28,43.26305,-2.896447,CANCELLED,23,CLEAR,HIGH
8757,2026-01-23 22:08:12,26.15,2,31,18,43.256879,-2.939997,DELIVERED,25,CLEAR,MEDIUM
8758,2026-01-29 13:33:37,43.58,5,18,19,43.244962,-2.953519,DELIVERED,7,CLEAR,HIGH
8759,2026-01-30 09:16:20,29.49,3,21,18,43.264563,-2.920736,DELIVERED,26,RAIN,LOW
8760,2026-01-27 12:41:48,50.6,4,16,19,43.235313,-2.98676,DELIVERED,35,RAIN,LOW
8761,2026-01-31 02:33:42,34.2,3,20,13,43.289112,-2.956315,DELIVERED,34,WIND,LOW
8762,2026-01-29 02:23:22,47.26,5,13,23,43.269241,-2.926498,DELIVERED,43,RAIN,LOW
8763,2026-01-07 05:16:28,36.11,3,20,16,43.292811,-2.882039,DELIVERED,45,CLEAR,MEDIUM
8764,2026-01-21 03:13:04,9.8,1,19,22,43.247165,-2.956257,DELIVERED,4,WIND,MEDIUM
8765,2026-01-01 00:10:43,42.04,3,16,12,43.220773,-2.984088,DELIVERED,1,CLEAR,LOW
8766,2026-01-15 12:36:01,67.79,5,15,22,43.227825,-2.938983,DELIVERED,46,RAIN,LOW
8767,2026-01-10 21:31:40,94.29,5,38,24,43.237867,-2.979475,DELIVERED,23,CLEAR,MEDIUM
8768,2026-01-06 21:20:39,19.96,1,28,21,43.252767,-2.923614,DELIVERED,14,CLEAR,MEDIUM
8769,2026-01-21 23:55:00,19.88,2,14,20,43.25457,-2.937724,DELIVERED,30,CLEAR,LOW
8770,2026-01-26 14:57:37,20.65,2,26,17,43.297504,-2.884821,DELIVERED,26,WIND,MEDIUM
8771,2026-01-26 13:24:00,8.42,1,19,21,43.235499,-2.966006,DELIVERED,16,CLEAR,MEDIUM
8772,2026-01-26 02:26:31,71.22,5,16,17,43.227983,-2.973516,DELIVERED,13,CLEAR,LOW
8773,2026-01-30 14:09:02,36.67,3,25,18,43.241865,-2.931778,DELIVERED,40,CLEAR,MEDIUM
8774,2026-01-26 21:27:45,88.44,6,22,18,43.242725,-2.938242,DELIVERED,32,CLEAR,MEDIUM
8775,2026-01-15 13:22:54,73.4,4,39,24,43.240942,-2.963686,DELIVERED,33,WIND,HIGH
8776,2026-01-10 23:49:25,40.14,2,31,23,43.213934,-2.93771,DELIVERED,33,CLEAR,MEDIUM
8777,2026-01-11 22:04:46,42.14,3,27,20,43.212778,-2.973723,DELIVERED,13,CLEAR,HIGH
8778,2026-01-03 14:03:40,36.44,3,21,12,43.224342,-2.907954,DELIVERED,5,CLEAR,MEDIUM
8779,2026-01-10 22:08:27,52.4,3,27,29,43.230757,-2.981387,DELIVERED,10,WIND,HIGH
8780,2026-01-23 13:21:30,43.35,3,28,19,43.24955,-2.906522,DELIVERED,25,CLEAR,MEDIUM
8781,2026-01-20 21:32:46,59.49,6,18,29,43.210532,-2.989276,CANCELLED,50,CLEAR,HIGH
8782,2026-01-21 15:25:20,17.58,2,13,23,43.237891,-2.989652,DELIVERED,21,CLEAR,MEDIUM
8783,2026-01-04 12:48:54,39.28,3,18,22,43.25473,-2.900039,DELIVERED,40,CLEAR,MEDIUM
8784,2026-01-19 13:23:32,41.51,4,25,24,43.202554,-2.93072,DELIVERED,4,CLEAR,HIGH
8785,2026-01-08 14:32:50,109.3,6,33,22,43.259912,-2.961375,DELIVERED,36,CLEAR,HIGH
8786,2026-01-28 14:13:39,52.98,4,23,18,43.244914,-2.899708,DELIVERED,42,CLEAR,HIGH
8787,2026-01-07 20:09:53,88.97,5,31,22,43.214119,-2.897061,DELIVERED,9,RAIN,MEDIUM
8788,2026-01-10 20:10:44,40.71,4,7,10,43.234323,-2.960425,DELIVERED,50,CLEAR,LOW
8789,2026-01-24 08:39:36,40.63,3,15,16,43.262575,-2.921206,DELIVERED,27,CLEAR,MEDIUM
8790,2026-01-22 15:52:16,14.33,1,17,13,43.276154,-2.972676,DELIVERED,13,CLEAR,LOW
8791,2026-01-13 14:02:16,22.17,1,27,25,43.211618,-2.938656,DELIVERED,36,CLEAR,HIGH
8792,2026-01-09 12:02:36,68.98,5,17,19,43.214262,-2.986744,DELIVERED,13,CLEAR,MEDIUM
8793,2026-01-13 22:32:51,63.16,5,29,28,43.260123,-2.917734,DELIVERED,34,CLEAR,HIGH
8794,2026-01-02 15:35:42,44.92,5,17,19,43.239689,-2.882443,DELIVERED,16,CLEAR,LOW
8795,2026-01-08 22:05:54,10.95,1,31,26,43.23113,-2.961686,DELIVERED,29,CLEAR,HIGH
8796,2026-01-19 21:53:37,54.36,5,15,33,43.280721,-2.932427,DELIVERED,20,RAIN,HIGH
8797,2026-01-19 21:43:29,44.01,5,18,15,43.234037,-2.880072,DELIVERED,37,CLEAR,MEDIUM
8798,2026-01-29 18:03:34,61.28,5,27,15,43.21663,-2.986356,DELIVERED,22,CLEAR,MEDIUM
8799,2026-01-06 13:27:52,74.73,5,23,23,43.26841,-2.941908,DELIVERED,1,CLEAR,HIGH
8800,2026-01-27 14:23:13,23.02,2,22,27,43.271705,-2.983369,DELIVERED,16,CLEAR,HIGH
8801,2026-01-07 23:21:00,21.19,2,10,24,43.271779,-2.923428,DELIVERED,30,RAIN,LOW
8802,2026-01-21 21:45:03,11.41,1,17,20,43.280188,-2.896812,DELIVERED,44,CLEAR,HIGH
8803,2026-01-08 23:35:11,63.33,6,14,24,43.239013,-2.966488,DELIVERED,20,RAIN,MEDIUM
8804,2026-01-10 22:33:50,29.08,2,24,27,43.208623,-2.975948,DELIVERED,45,RAIN,HIGH
8805,2026-01-01 14:31:08,36.56,4,20,23,43.265993,-2.88586,DELIVERED,31,CLEAR,MEDIUM
8806,2026-01-29 12:44:51,13.87,1,19,20,43.207858,-2.938194,DELIVERED,25,CLEAR,MEDIUM
8807,2026-01-07 00:31:07,34.54,2,25,18,43.299539,-2.967539,DELIVERED,28,CLEAR,LOW
8808,2026-01-11 20:07:12,75.52,4,19,11,43.272272,-2.975943,DELIVERED,6,CLEAR,LOW
8809,2026-01-15 12:14:23,78.1,6,12,23,43.233596,-2.953763,DELIVERED,8,WIND,HIGH
8810,2026-01-18 21:22:29,82.83,6,27,33,43.222772,-2.918959,DELIVERED,39,RAIN,HIGH
8811,2026-01-11 21:18:36,113.75,6,24,18,43.299061,-2.891024,CANCELLED,10,WIND,HIGH
8812,2026-01-09 14:56:36,95.05,5,33,22,43.218026,-2.970963,DELIVERED,28,RAIN,MEDIUM
8813,2026-01-18 21:34:36,53.39,4,33,18,43.272694,-2.973206,DELIVERED,22,CLEAR,MEDIUM
8814,2026-01-24 09:59:13,53.83,3,25,15,43.233897,-2.914718,DELIVERED,28,CLEAR,MEDIUM
8815,2026-01-20 23:15:19,22.97,2,17,17,43.206804,-2.922827,DELIVERED,5,CLEAR,MEDIUM
8816,2026-01-23 05:12:21,50.4,5,20,25,43.218028,-2.966315,DELIVERED,19,RAIN,LOW
8817,2026-01-05 14:52:09,47.94,4,28,21,43.290925,-2.953594,DELIVERED,45,CLEAR,HIGH
8818,2026-01-08 07:55:30,59.41,3,28,15,43.223495,-2.943252,DELIVERED,33,CLEAR,LOW
8819,2026-01-04 13:39:42,51.98,5,17,22,43.214501,-2.914185,DELIVERED,47,CLEAR,HIGH
8820,2026-01-13 12:13:43,25.43,2,23,18,43.218688,-2.985277,DELIVERED,22,CLEAR,MEDIUM
8821,2026-01-29 19:30:26,95.5,5,21,24,43.28755,-2.885769,DELIVERED,36,RAIN,LOW
8822,2026-01-19 05:50:11,18.54,1,31,26,43.231528,-2.926236,DELIVERED,18,WIND,HIGH
8823,2026-01-18 00:40:29,58.02,5,20,17,43.288249,-2.941901,DELIVERED,3,CLEAR,MEDIUM
8824,2026-01-28 20:31:44,71.47,5,21,20,43.212733,-2.924253,DELIVERED,14,CLEAR,MEDIUM
8825,2026-01-01 12:47:42,81.55,6,17,20,43.209416,-2.961336,DELIVERED,39,CLEAR,MEDIUM
8826,2026-01-30 22:34:25,35.63,3,17,23,43.235253,-2.936842,DELIVERED,44,CLEAR,HIGH
8827,2026-01-03 23:05:21,50.29,5,13,13,43.204831,-2.911681,DELIVERED,16,CLEAR,LOW
8828,2026-01-20 15:57:53,70.54,5,17,22,43.260974,-2.955973,DELIVERED,13,WIND,LOW
8829,2026-01-02 09:18:25,53.53,3,24,18,43.239825,-2.961055,DELIVERED,36,RAIN,LOW
8830,2026-01-09 15:39:04,63.1,5,15,12,43.279107,-2.953292,DELIVERED,40,CLEAR,LOW
8831,2026-01-05 22:57:22,31.73,3,21,24,43.278937,-2.982507,DELIVERED,7,CLEAR,HIGH
8832,2026-01-09 21:16:01,40.55,2,41,14,43.27618,-2.926179,DELIVERED,9,CLEAR,MEDIUM
8833,2026-01-26 17:35:05,44.46,3,24,16,43.21222,-2.897008,DELIVERED,48,RAIN,MEDIUM
8834,2026-01-16 13:39:53,54.54,4,28,20,43.265684,-2.989445,CANCELLED,25,CLEAR,MEDIUM
8835,2026-01-25 22:26:04,63.26,5,21,22,43.281984,-2.93675,DELIVERED,42,CLEAR,HIGH
8836,2026-01-05 20:40:34,39.61,4,11,19,43.286981,-2.987107,DELIVERED,43,CLEAR,LOW
8837,2026-01-12 20:25:09,18.88,1,25,23,43.201497,-2.922066,DELIVERED,28,RAIN,LOW
8838,2026-01-04 13:27:07,44.38,4,20,32,43.276086,-2.987864,DELIVERED,41,RAIN,HIGH
8839,2026-01-08 21:34:13,15.48,1,31,22,43.246004,-2.890783,DELIVERED,12,CLEAR,MEDIUM
8840,2026-01-29 04:24:52,85.56,6,19,16,43.252336,-2.937621,DELIVERED,48,CLEAR,LOW
8841,2026-01-08 04:40:25,34.95,4,14,25,43.240548,-2.904364,DELIVERED,16,CLEAR,MEDIUM
8842,2026-01-16 03:35:01,53.29,4,15,24,43.246598,-2.885861,DELIVERED,3,CLEAR,MEDIUM
8843,2026-01-07 20:55:00,63.69,6,13,20,43.279662,-2.981614,DELIVERED,30,RAIN,LOW
8844,2026-01-07 19:57:00,64.0,5,15,19,43.236057,-2.957022,DELIVERED,35,CLEAR,MEDIUM
8845,2026-01-25 17:37:49,37.83,3,13,22,43.280033,-2.885729,DELIVERED,40,RAIN,LOW
8846,2026-01-19 15:32:30,43.68,3,26,13,43.267343,-2.91267,DELIVERED,14,CLEAR,LOW
8847,2026-01-14 14:16:55,41.26,3,29,28,43.213984,-2.957003,DELIVERED,14,CLEAR,HIGH
8848,2026-01-24 02:18:30,81.68,6,16,15,43.233983,-2.937858,CANCELLED,46,CLEAR,LOW
8849,2026-01-18 14:22:10,27.66,3,23,27,43.208249,-2.898644,DELIVERED,21,RAIN,MEDIUM
8850,2026-01-29 21:14:38,46.54,4,27,16,43.282896,-2.929743,DELIVERED,34,CLEAR,MEDIUM
8851,2026-01-30 21:41:10,24.43,2,17,20,43.225494,-2.942054,DELIVERED,47,CLEAR,HIGH
8852,2026-01-21 13:36:42,25.78,2,32,26,43.244237,-2.894994,DELIVERED,22,RAIN,MEDIUM
8853,2026-01-23 08:21:59,61.6,4,14,21,43.214916,-2.980067,DELIVERED,1,CLEAR,HIGH
8854,2026-01-20 13:22:43,52.79,5,27,30,43.218148,-2.919503,DELIVERED,47,RAIN,HIGH
8855,2026-01-07 20:03:18,24.32,2,18,17,43.245701,-2.935558,DELIVERED,45,RAIN,LOW
8856,2026-01-08 22:39:50,54.0,4,33,25,43.279287,-2.898846,DELIVERED,48,CLEAR,HIGH
8857,2026-01-13 21:35:15,40.45,3,27,27,43.290388,-2.884194,CANCELLED,45,RAIN,HIGH
8858,2026-01-27 06:30:31,48.81,5,15,20,43.224827,-2.880819,DELIVERED,44,CLEAR,LOW
8859,2026-01-30 19:17:04,41.33,3,16,19,43.25227,-2.912861,DELIVERED,40,RAIN,MEDIUM
8860,2026-01-03 16:15:52,27.03,2,15,21,43.206228,-2.943098,DELIVERED,8,RAIN,LOW
8861,2026-01-07 01:11:56,35.59,3,17,21,43.255783,-2.907827,DELIVERED,35,WIND,LOW
8862,2026-01-11 22:44:38,61.55,5,27,31,43.285694,-2.955894,DELIVERED,34,WIND,HIGH
8863,2026-01-07 01:05:32,51.49,4,19,15,43.202217,-2.882612,DELIVERED,34,CLEAR,MEDIUM
8864,2026-01-26 23:32:28,74.45,5,22,24,43.250388,-2.907311,DELIVERED,25,CLEAR,MEDIUM
8865,2026-01-01 13:04:18,26.56,2,28,23,43.295954,-2.95373,DELIVERED,5,CLEAR,HIGH
8866,2026-01-27 12:12:47,58.49,6,11,16,43.2358,-2.882122,DELIVERED,30,CLEAR,LOW
8867,2026-01-25 12:33:13,55.3,4,22,19,43.244839,-2.91014,DELIVERED,14,RAIN,LOW
8868,2026-01-14 21:19:23,59.62,6,23,17,43.216331,-2.893199,DELIVERED,44,CLEAR,HIGH
8869,2026-01-23 22:52:11,60.13,6,28,26,43.287411,-2.964286,DELIVERED,26,CLEAR,HIGH
8870,2026-01-07 02:22:48,17.94,1,16,26,43.219134,-2.915336,DELIVERED,13,WIND,MEDIUM
8871,2026-01-28 14:34:11,69.36,5,23,25,43.281322,-2.892776,DELIVERED,11,CLEAR,HIGH
8872,2026-01-28 14:33:44,46.58,4,24,28,43.293141,-2.88115,CANCELLED,5,RAIN,HIGH
8873,2026-01-24 20:13:54,57.46,4,22,24,43.261457,-2.902227,DELIVERED,13,WIND,LOW
8874,2026-01-23 12:31:39,34.53,3,19,19,43.243061,-2.966573,DELIVERED,34,CLEAR,LOW
8875,2026-01-04 15:45:07,56.07,4,19,23,43.237174,-2.929296,DELIVERED,48,RAIN,LOW
8876,2026-01-05 22:02:46,77.05,6,26,17,43.248729,-2.974043,DELIVERED,5,CLEAR,HIGH
8877,2026-01-04 14:53:03,20.46,1,41,20,43.232842,-2.936916,DELIVERED,9,CLEAR,HIGH
8878,2026-01-23 05:08:01,74.28,5,27,18,43.278803,-2.972066,DELIVERED,14,CLEAR,LOW
8879,2026-01-24 13:09:26,38.01,3,27,25,43.233772,-2.960402,DELIVERED,24,CLEAR,HIGH
8880,2026-01-14 22:22:39,32.33,3,17,28,43.200964,-2.960457,DELIVERED,49,CLEAR,HIGH
8881,2026-01-05 10:09:15,91.25,5,24,25,43.206016,-2.982498,DELIVERED,36,RAIN,LOW
8882,2026-01-23 13:12:01,52.58,4,32,16,43.249695,-2.960332,DELIVERED,29,CLEAR,MEDIUM
8883,2026-01-15 21:32:44,34.79,3,21,34,43.23293,-2.908339,DELIVERED,34,RAIN,HIGH
8884,2026-01-06 05:20:19,108.56,6,27,19,43.263693,-2.930638,DELIVERED,9,RAIN,LOW
8885,2026-01-01 08:52:02,46.75,4,18,18,43.266648,-2.925743,DELIVERED,45,CLEAR,MEDIUM
8886,2026-01-16 15:27:04,64.45,5,25,18,43.23736,-2.96508,DELIVERED,2,WIND,LOW
8887,2026-01-16 08:16:04,72.9,5,27,19,43.234893,-2.972414,DELIVERED,14,RAIN,LOW
8888,2026-01-03 20:30:01,52.59,6,11,17,43.212066,-2.923348,DELIVERED,16,CLEAR,MEDIUM
8889,2026-01-22 22:53:37,55.97,6,14,31,43.230508,-2.93046,DELIVERED,50,RAIN,HIGH
8890,2026-01-12 07:56:32,17.17,1,20,18,43.2966,-2.900124,DELIVERED,1,RAIN,LOW
8891,2026-01-02 12:48:23,19.73,1,25,14,43.281803,-2.987348,DELIVERED,28,CLEAR,MEDIUM
8892,2026-01-08 09:51:54,50.18,4,13,23,43.29985,-2.984123,DELIVERED,8,RAIN,LOW
8893,2026-01-27 00:51:28,53.26,5,9,23,43.248332,-2.940749,CANCELLED,15,CLEAR,MEDIUM
8894,2026-01-22 01:36:55,89.61,5,30,16,43.251528,-2.921841,DELIVERED,9,CLEAR,LOW
8895,2026-01-31 23:58:37,83.61,6,19,12,43.297676,-2.960529,DELIVERED,11,CLEAR,LOW
8896,2026-01-19 12:03:05,77.3,4,19,21,43.293248,-2.960286,DELIVERED,6,CLEAR,HIGH
8897,2026-01-04 15:55:02,41.41,4,7,13,43.257279,-2.988701,DELIVERED,43,CLEAR,MEDIUM
8898,2026-01-18 13:06:01,42.87,3,18,20,43.214801,-2.951645,DELIVERED,27,CLEAR,MEDIUM
8899,2026-01-24 12:51:44,36.62,2,27,21,43.289348,-2.97732,DELIVERED,33,RAIN,MEDIUM
8900,2026-01-04 21:35:04,50.82,5,19,23,43.278211,-2.954536,DELIVERED,21,RAIN,HIGH
8901,2026-01-30 23:21:20,31.55,2,18,15,43.232507,-2.964629,DELIVERED,46,CLEAR,LOW
8902,2026-01-12 10:32:32,15.38,1,12,17,43.239733,-2.978394,DELIVERED,47,CLEAR,MEDIUM
8903,2026-01-13 14:56:24,38.35,2,24,21,43.231825,-2.963519,DELIVERED,36,CLEAR,MEDIUM
8904,2026-01-22 14:24:46,57.32,4,32,26,43.283431,-2.97024,DELIVERED,48,RAIN,HIGH
8905,2026-01-17 23:38:41,22.02,1,31,19,43.273686,-2.926633,DELIVERED,23,CLEAR,LOW
8906,2026-01-21 21:58:13,10.92,1,13,20,43.277708,-2.893924,CANCELLED,37,CLEAR,MEDIUM
8907,2026-01-20 15:12:21,31.4,2,16,18,43.237924,-2.922642,DELIVERED,13,RAIN,LOW
8908,2026-01-06 21:46:15,26.64,2,20,37,43.208216,-2.897036,DELIVERED,17,RAIN,HIGH
8909,2026-01-04 14:42:56,39.63,4,31,23,43.221206,-2.953676,DELIVERED,4,RAIN,MEDIUM
8910,2026-01-15 18:41:04,39.8,3,18,22,43.265288,-2.941836,DELIVERED,38,CLEAR,HIGH
8911,2026-01-31 14:31:27,55.86,5,17,23,43.208138,-2.920097,DELIVERED,15,CLEAR,HIGH
8912,2026-01-09 00:02:33,51.69,4,15,31,43.215736,-2.953351,DELIVERED,8,RAIN,HIGH
8913,2026-01-26 16:56:35,50.13,5,9,18,43.297655,-2.888425,DELIVERED,15,CLEAR,LOW
8914,2026-01-21 16:13:56,26.02,2,19,21,43.259734,-2.90177,CANCELLED,45,RAIN,MEDIUM
8915,2026-01-01 20:44:11,13.46,1,19,23,43.289972,-2.890065,DELIVERED,32,CLEAR,MEDIUM
8916,2026-01-03 13:23:30,86.5,6,26,20,43.276855,-2.955286,DELIVERED,1,CLEAR,MEDIUM
8917,2026-01-15 16:12:16,83.81,6,17,22,43.204807,-2.948079,DELIVERED,1,RAIN,MEDIUM
8918,2026-01-13 22:37:45,58.12,6,21,27,43.241743,-2.897864,DELIVERED,30,CLEAR,HIGH
8919,2026-01-21 04:20:09,41.69,2,20,29,43.299697,-2.887968,DELIVERED,10,RAIN,HIGH
8920,2026-01-07 21:00:44,36.53,3,30,29,43.298337,-2.942448,DELIVERED,24,RAIN,HIGH
8921,2026-01-31 14:39:08,52.63,4,20,24,43.291442,-2.91184,DELIVERED,11,CLEAR,HIGH
8922,2026-01-21 21:11:02,18.32,1,34,21,43.236427,-2.921239,DELIVERED,33,CLEAR,MEDIUM
8923,2026-01-01 16:26:35,60.65,6,17,18,43.208669,-2.950299,DELIVERED,41,CLEAR,MEDIUM
8924,2026-01-09 21:12:57,19.68,2,18,20,43.219009,-2.938546,DELIVERED,31,CLEAR,MEDIUM
8925,2026-01-07 21:55:00,29.97,2,21,28,43.267491,-2.944598,DELIVERED,39,RAIN,HIGH
8926,2026-01-06 20:23:25,67.12,5,17,11,43.257645,-2.958876,DELIVERED,42,CLEAR,LOW
8927,2026-01-08 15:02:52,59.92,5,20,15,43.212101,-2.935477,DELIVERED,29,CLEAR,MEDIUM
8928,2026-01-12 02:06:56,17.02,1,17,11,43.213148,-2.960853,DELIVERED,32,CLEAR,LOW
8929,2026-01-28 22:26:09,45.09,5,12,15,43.297786,-2.896041,DELIVERED,50,CLEAR,MEDIUM
8930,2026-01-25 21:40:02,87.79,6,29,24,43.23975,-2.926614,DELIVERED,13,CLEAR,HIGH
8931,2026-01-18 15:38:14,71.75,4,23,21,43.245526,-2.945153,DELIVERED,6,CLEAR,HIGH
8932,2026-01-11 12:59:01,13.66,1,19,27,43.24264,-2.946771,DELIVERED,40,RAIN,MEDIUM
8933,2026-01-07 14:05:48,63.06,5,26,25,43.236611,-2.961099,CANCELLED,42,CLEAR,HIGH
8934,2026-01-06 19:36:05,27.81,2,28,19,43.202084,-2.926234,CANCELLED,12,CLEAR,LOW
8935,2026-01-24 13:37:14,43.44,4,25,13,43.278996,-2.89832,DELIVERED,19,CLEAR,MEDIUM
8936,2026-01-31 04:35:44,55.8,3,29,14,43.282093,-2.92284,DELIVERED,23,CLEAR,LOW
8937,2026-01-07 02:59:53,12.34,1,17,13,43.258142,-2.931628,DELIVERED,11,CLEAR,LOW
8938,2026-01-20 13:19:18,40.34,3,31,21,43.27247,-2.979106,DELIVERED,48,RAIN,MEDIUM
8939,2026-01-06 09:56:57,53.24,4,16,12,43.23154,-2.936655,DELIVERED,42,CLEAR,MEDIUM
8940,2026-01-21 23:08:26,46.14,3,19,22,43.278643,-2.989187,DELIVERED,48,CLEAR,MEDIUM
8941,2026-01-01 22:52:54,53.23,5,21,30,43.226079,-2.917286,DELIVERED,20,CLEAR,HIGH
8942,2026-01-20 21:03:35,62.21,6,28,22,43.225768,-2.965314,DELIVERED,4,CLEAR,HIGH
8943,2026-01-15 20:07:52,51.59,4,12,16,43.224114,-2.957308,DELIVERED,17,CLEAR,LOW
8944,2026-01-25 23:49:47,43.04,5,9,15,43.27841,-2.971617,DELIVERED,37,WIND,LOW
8945,2026-01-21 00:05:43,36.64,4,11,14,43.247945,-2.984249,DELIVERED,49,CLEAR,LOW
8946,2026-01-27 13:58:47,42.84,3,37,19,43.247034,-2.963063,DELIVERED,12,RAIN,MEDIUM
8947,2026-01-29 21:02:32,17.5,1,32,23,43.284892,-2.903914,DELIVERED,6,RAIN,HIGH
8948,2026-01-29 13:00:54,25.29,2,22,18,43.210437,-2.917521,DELIVERED,20,CLEAR,MEDIUM
8949,2026-01-06 22:40:28,42.89,3,31,22,43.214047,-2.947022,DELIVERED,12,CLEAR,MEDIUM
8950,2026-01-04 21:24:19,30.36,2,18,25,43.219195,-2.934636,DELIVERED,1,CLEAR,MEDIUM
8951,2026-01-17 21:07:40,14.78,1,18,18,43.26934,-2.951974,DELIVERED,27,CLEAR,MEDIUM
8952,2026-01-12 15:53:23,92.03,5,20,11,43.231187,-2.988892,DELIVERED,10,CLEAR,LOW
8953,2026-01-04 21:02:23,28.39,2,24,20,43.223882,-2.984114,DELIVERED,42,CLEAR,MEDIUM
8954,2026-01-24 12:40:09,43.08,5,14,25,43.204391,-2.923994,DELIVERED,31,CLEAR,HIGH
8955,2026-01-24 22:26:28,11.52,1,25,21,43.231091,-2.981091,DELIVERED,42,CLEAR,HIGH
8956,2026-01-18 19:17:00,32.52,3,15,29,43.298429,-2.912499,DELIVERED,47,CLEAR,HIGH
8957,2026-01-02 13:26:28,38.41,2,36,24,43.221964,-2.982899,CANCELLED,18,CLEAR,HIGH
8958,2026-01-05 15:02:52,43.92,3,20,11,43.28615,-2.905678,DELIVERED,1,CLEAR,LOW
8959,2026-01-13 11:08:19,70.41,4,22,19,43.252921,-2.928825,DELIVERED,10,CLEAR,MEDIUM
8960,2026-01-29 22:19:14,60.2,5,25,29,43.250424,-2.940702,CANCELLED,35,CLEAR,HIGH
8961,2026-01-22 23:12:48,14.49,1,10,14,43.250035,-2.969796,DELIVERED,15,CLEAR,MEDIUM
8962,2026-01-03 18:28:24,68.47,5,28,17,43.290495,-2.956364,DELIVERED,12,CLEAR,LOW
8963,2026-01-28 00:09:43,61.69,6,10,22,43.260619,-2.988478,DELIVERED,20,CLEAR,HIGH
8964,2026-01-04 03:42:14,56.42,6,11,21,43.298773,-2.894684,DELIVERED,49,RAIN,LOW
8965,2026-01-14 13:06:18,43.66,4,28,27,43.217741,-2.978813,DELIVERED,19,CLEAR,HIGH
8966,2026-01-30 11:00:57,29.8,3,13,16,43.282361,-2.96939,DELIVERED,41,CLEAR,LOW
8967,2026-01-31 23:05:01,20.97,2,22,18,43.275495,-2.886841,DELIVERED,4,CLEAR,LOW
8968,2026-01-22 13:22:17,57.28,3,32,24,43.284628,-2.986661,CANCELLED,6,RAIN,MEDIUM
8969,2026-01-24 20:04:19,72.66,4,27,18,43.223804,-2.895168,DELIVERED,28,CLEAR,LOW
8970,2026-01-25 22:41:00,23.19,2,14,27,43.299559,-2.940487,DELIVERED,50,CLEAR,HIGH
8971,2026-01-29 10:50:57,60.39,6,18,10,43.200913,-2.94099,DELIVERED,47,CLEAR,LOW
8972,2026-01-24 13:54:12,48.73,5,16,25,43.282665,-2.927715,DELIVERED,50,CLEAR,HIGH
8973,2026-01-01 20:12:39,15.72,1,18,20,43.222675,-2.888216,DELIVERED,39,RAIN,LOW
8974,2026-01-15 15:23:17,23.61,2,25,16,43.205417,-2.968352,DELIVERED,22,CLEAR,LOW
8975,2026-01-05 13:37:34,33.82,3,31,22,43.206804,-2.985826,DELIVERED,4,WIND,HIGH
8976,2026-01-02 10:15:01,59.27,4,18,11,43.253942,-2.902386,DELIVERED,1,CLEAR,LOW
8977,2026-01-21 21:39:32,21.14,1,40,22,43.248246,-2.982264,CANCELLED,9,WIND,MEDIUM
8978,2026-01-17 15:04:28,16.7,1,21,22,43.251407,-2.928381,DELIVERED,6,RAIN,MEDIUM
8979,2026-01-01 13:43:47,16.11,1,36,26,43.210715,-2.965661,CANCELLED,12,CLEAR,HIGH
8980,2026-01-19 14:54:31,30.99,2,26,25,43.241403,-2.938848,DELIVERED,13,CLEAR,HIGH
8981,2026-01-14 22:03:05,72.88,4,38,24,43.246927,-2.917682,DELIVERED,23,CLEAR,HIGH
8982,2026-01-02 21:26:46,17.99,1,16,25,43.229124,-2.963098,DELIVERED,40,CLEAR,HIGH
8983,2026-01-02 15:12:26,94.13,5,19,11,43.28796,-2.903576,DELIVERED,36,CLEAR,LOW
8984,2026-01-08 14:53:13,8.69,1,31,24,43.267535,-2.956885,DELIVERED,26,RAIN,HIGH
8985,2026-01-25 14:40:36,53.42,4,27,26,43.204517,-2.950862,DELIVERED,34,CLEAR,HIGH
8986,2026-01-15 13:45:45,32.77,2,23,27,43.279646,-2.93637,DELIVERED,48,RAIN,HIGH
8987,2026-01-01 22:04:35,35.8,3,18,29,43.224559,-2.905266,DELIVERED,20,WIND,HIGH
8988,2026-01-04 22:52:06,52.09,3,36,26,43.212625,-2.932767,DELIVERED,9,WIND,HIGH
8989,2026-01-19 22:16:05,23.76,2,27,29,43.230909,-2.915409,DELIVERED,19,CLEAR,HIGH
8990,2026-01-11 22:34:41,28.41,2,17,36,43.265833,-2.906207,DELIVERED,17,RAIN,HIGH
8991,2026-01-07 15:34:20,55.44,3,28,14,43.283487,-2.982326,DELIVERED,33,CLEAR,MEDIUM
8992,2026-01-02 00:24:33,13.74,1,20,17,43.228802,-2.902008,DELIVERED,46,CLEAR,LOW
8993,2026-01-22 09:41:42,88.02,5,29,18,43.270975,-2.883977,DELIVERED,18,CLEAR,MEDIUM
8994,2026-01-04 14:05:36,12.34,1,19,21,43.286881,-2.890652,CANCELLED,15,CLEAR,MEDIUM
8995,2026-01-26 22:10:41,82.1,6,22,20,43.200056,-2.896945,DELIVERED,42,CLEAR,HIGH
8996,2026-01-07 21:12:33,25.6,2,28,18,43.236687,-2.977574,DELIVERED,34,CLEAR,HIGH
8997,2026-01-15 18:37:03,54.6,6,8,11,43.250234,-2.943869,DELIVERED,43,CLEAR,LOW
8998,2026-01-17 13:03:54,16.02,1,22,15,43.24868,-2.98619,DELIVERED,46,CLEAR,MEDIUM
8999,2026-01-04 14:52:04,56.53,3,33,26,43.201451,-2.984239,DELIVERED,9,CLEAR,HIGH
9000,2026-01-25 22:04:57,70.89,6,22,32,43.213361,-2.96202,DELIVERED,5,RAIN,HIGH
9001,2026-01-06 13:31:44,39.34,4,22,29,43.220142,-2.889524,DELIVERED,7,WIND,HIGH
9002,2026-01-18 21:32:48,21.44,2,16,21,43.211346,-2.943626,DELIVERED,41,WIND,MEDIUM
9003,2026-01-18 11:44:58,41.42,3,26,12,43.230505,-2.969533,DELIVERED,14,CLEAR,LOW
9004,2026-01-25 22:45:58,72.11,6,28,30,43.232586,-2.927176,DELIVERED,29,CLEAR,HIGH
9005,2026-01-31 17:03:40,59.82,6,16,18,43.287982,-2.889459,DELIVERED,41,RAIN,LOW
9006,2026-01-02 22:50:36,14.28,1,28,24,43.215061,-2.973433,DELIVERED,13,RAIN,MEDIUM
9007,2026-01-07 20:54:55,40.75,3,17,16,43.249872,-2.894202,DELIVERED,13,WIND,LOW
9008,2026-01-15 23:26:03,11.48,1,13,25,43.206757,-2.937619,DELIVERED,15,RAIN,MEDIUM
9009,2026-01-06 23:14:09,33.35,3,12,27,43.246504,-2.974613,DELIVERED,47,CLEAR,HIGH
9010,2026-01-30 09:14:54,11.86,1,16,18,43.218538,-2.987101,DELIVERED,42,CLEAR,LOW
9011,2026-01-06 13:17:22,9.91,1,20,14,43.2273,-2.97645,DELIVERED,20,CLEAR,MEDIUM
9012,2026-01-11 21:21:33,9.23,1,14,21,43.293893,-2.906139,DELIVERED,16,CLEAR,MEDIUM
9013,2026-01-09 15:06:52,58.65,4,24,26,43.200656,-2.982379,DELIVERED,12,RAIN,MEDIUM
9014,2026-01-25 15:25:42,21.13,1,22,17,43.268703,-2.978231,DELIVERED,6,CLEAR,LOW
9015,2026-01-07 02:39:58,21.31,2,13,17,43.275926,-2.95703,CANCELLED,16,CLEAR,MEDIUM
9016,2026-01-05 18:53:43,39.75,4,11,25,43.261774,-2.935687,DELIVERED,43,RAIN,LOW
9017,2026-01-15 12:37:18,53.18,3,31,20,43.244809,-2.976212,DELIVERED,23,CLEAR,MEDIUM
9018,2026-01-27 21:12:31,19.64,1,40,30,43.267923,-2.983348,DELIVERED,23,CLEAR,HIGH
9019,2026-01-29 14:06:27,28.06,3,21,26,43.283136,-2.978347,DELIVERED,49,WIND,HIGH
9020,2026-01-16 21:22:01,78.72,6,23,22,43.255295,-2.888601,DELIVERED,11,CLEAR,HIGH
9021,2026-01-18 21:15:19,44.11,3,31,12,43.294136,-2.933168,CANCELLED,39,CLEAR,MEDIUM
9022,2026-01-15 13:01:11,23.64,2,22,19,43.25836,-2.936671,DELIVERED,40,CLEAR,MEDIUM
9023,2026-01-12 01:43:22,43.47,3,18,20,43.237361,-2.94249,DELIVERED,39,CLEAR,MEDIUM
9024,2026-01-12 07:26:10,61.33,6,12,23,43.211586,-2.913702,DELIVERED,15,CLEAR,MEDIUM
9025,2026-01-26 22:21:13,70.32,6,28,20,43.242093,-2.946075,DELIVERED,45,CLEAR,HIGH
9026,2026-01-20 12:21:25,25.46,3,12,29,43.295715,-2.929204,DELIVERED,49,RAIN,MEDIUM
9027,2026-01-05 14:33:33,19.26,2,20,28,43.203475,-2.893711,DELIVERED,37,WIND,HIGH
9028,2026-01-18 14:55:14,40.85,4,17,22,43.260505,-2.95958,DELIVERED,44,RAIN,MEDIUM
9029,2026-01-10 22:11:30,82.77,6,23,24,43.299953,-2.974596,DELIVERED,17,CLEAR,HIGH
9030,2026-01-01 12:16:26,17.74,1,16,19,43.212973,-2.888503,DELIVERED,35,CLEAR,MEDIUM
9031,2026-01-19 21:22:32,17.12,1,19,20,43.231255,-2.925252,DELIVERED,17,CLEAR,HIGH
9032,2026-01-14 09:16:37,43.35,3,19,10,43.278187,-2.955684,DELIVERED,48,CLEAR,LOW
9033,2026-01-01 23:00:40,36.63,3,14,19,43.288037,-2.971146,DELIVERED,35,CLEAR,LOW
9034,2026-01-20 12:15:19,55.77,6,13,25,43.28594,-2.88537,DELIVERED,7,WIND,LOW
9035,2026-01-21 03:33:24,45.69,4,11,23,43.299112,-2.95462,DELIVERED,41,CLEAR,HIGH
9036,2026-01-23 14:24:01,75.14,6,25,20,43.240317,-2.95775,DELIVERED,34,RAIN,MEDIUM
9037,2026-01-17 21:38:26,108.24,6,38,27,43.295202,-2.890473,DELIVERED,33,CLEAR,HIGH
9038,2026-01-27 20:26:10,17.03,1,16,16,43.209032,-2.94982,DELIVERED,8,CLEAR,MEDIUM
9039,2026-01-20 22:56:29,14.75,1,25,29,43.202019,-2.916743,DELIVERED,35,WIND,HIGH
9040,2026-01-05 23:00:28,83.03,6,18,20,43.227541,-2.946916,DELIVERED,1,WIND,LOW
9041,2026-01-14 15:26:02,26.94,2,13,11,43.296991,-2.913522,DELIVERED,8,CLEAR,LOW
9042,2026-01-03 21:06:39,28.69,2,33,32,43.277149,-2.952083,DELIVERED,2,RAIN,HIGH
9043,2026-01-08 14:26:13,15.74,1,28,28,43.245188,-2.938476,DELIVERED,2,RAIN,HIGH
9044,2026-01-20 13:22:56,42.43,3,35,21,43.260644,-2.88371,DELIVERED,12,CLEAR,HIGH
9045,2026-01-29 23:52:44,38.25,4,10,30,43.291176,-2.886695,DELIVERED,43,CLEAR,HIGH
9046,2026-01-09 00:37:35,18.73,1,21,22,43.258667,-2.982467,DELIVERED,6,CLEAR,HIGH
9047,2026-01-30 02:18:19,46.36,3,24,20,43.201476,-2.989157,DELIVERED,48,RAIN,LOW
9048,2026-01-01 15:11:01,20.08,1,24,20,43.25306,-2.92932,DELIVERED,10,CLEAR,MEDIUM
9049,2026-01-27 22:41:20,73.06,6,29,19,43.222582,-2.951132,DELIVERED,22,CLEAR,MEDIUM
9050,2026-01-03 23:06:05,27.42,3,18,15,43.284309,-2.982716,DELIVERED,21,CLEAR,MEDIUM
9051,2026-01-30 00:37:20,70.36,6,21,18,43.260615,-2.934706,DELIVERED,29,CLEAR,MEDIUM
9052,2026-01-05 21:43:10,113.38,6,35,33,43.271301,-2.96448,DELIVERED,23,WIND,HIGH
9053,2026-01-03 13:54:36,50.19,5,18,20,43.258658,-2.897866,DELIVERED,20,CLEAR,HIGH
9054,2026-01-06 10:37:10,49.98,5,21,21,43.294368,-2.911686,DELIVERED,19,RAIN,LOW
9055,2026-01-22 14:49:04,45.83,3,27,25,43.243645,-2.927763,DELIVERED,14,WIND,HIGH
9056,2026-01-18 12:56:37,82.84,6,20,23,43.256444,-2.913883,DELIVERED,32,CLEAR,HIGH
9057,2026-01-24 22:33:34,70.1,4,37,21,43.274071,-2.975426,CANCELLED,18,CLEAR,HIGH
9058,2026-01-04 14:52:40,28.83,3,12,24,43.242449,-2.921964,DELIVERED,43,CLEAR,MEDIUM
9059,2026-01-09 21:20:27,92.43,5,32,29,43.298246,-2.936919,DELIVERED,9,CLEAR,HIGH
9060,2026-01-18 09:40:27,71.93,5,19,15,43.298244,-2.978717,DELIVERED,25,CLEAR,LOW
9061,2026-01-29 20:29:41,61.75,6,17,27,43.200705,-2.881148,DELIVERED,41,RAIN,MEDIUM
9062,2026-01-12 14:14:21,88.46,5,35,27,43.290786,-2.973975,DELIVERED,36,WIND,HIGH
9063,2026-01-04 13:44:29,13.69,1,17,25,43.240282,-2.935709,DELIVERED,30,CLEAR,HIGH
9064,2026-01-24 21:37:17,69.81,5,26,24,43.214744,-2.982573,DELIVERED,13,CLEAR,HIGH
9065,2026-01-18 21:50:40,54.19,4,28,31,43.268103,-2.906837,DELIVERED,48,CLEAR,HIGH
9066,2026-01-21 14:04:57,57.44,4,25,26,43.228531,-2.90207,DELIVERED,17,CLEAR,HIGH
9067,2026-01-03 22:15:28,34.46,4,23,29,43.296916,-2.932347,DELIVERED,31,WIND,HIGH
9068,2026-01-22 21:47:31,40.9,3,23,28,43.274908,-2.947144,DELIVERED,1,CLEAR,HIGH
9069,2026-01-04 17:01:18,48.57,5,7,17,43.231635,-2.882128,DELIVERED,50,WIND,LOW
9070,2026-01-07 13:52:39,17.64,1,18,26,43.202948,-2.89446,DELIVERED,35,WIND,HIGH
9071,2026-01-11 23:18:55,69.34,5,20,18,43.25108,-2.969378,DELIVERED,32,CLEAR,LOW
9072,2026-01-16 13:09:55,22.03,2,16,23,43.25239,-2.927024,DELIVERED,49,CLEAR,HIGH
9073,2026-01-08 02:08:58,31.7,2,27,10,43.22141,-2.918259,DELIVERED,14,CLEAR,LOW
9074,2026-01-30 21:06:08,44.95,3,15,28,43.228835,-2.919867,DELIVERED,27,RAIN,MEDIUM
9075,2026-01-22 12:41:13,86.07,6,23,22,43.264199,-2.886979,DELIVERED,48,CLEAR,MEDIUM
9076,2026-01-01 12:55:30,51.17,5,14,23,43.299149,-2.941378,DELIVERED,44,CLEAR,HIGH
9077,2026-01-15 21:49:21,28.88,2,21,20,43.2873,-2.91408,DELIVERED,38,CLEAR,MEDIUM
9078,2026-01-29 04:27:28,58.23,6,12,20,43.242741,-2.928314,DELIVERED,37,CLEAR,LOW
9079,2026-01-12 18:12:50,49.18,5,14,12,43.21346,-2.942542,DELIVERED,15,WIND,LOW
9080,2026-01-08 23:01:31,74.36,5,21,18,43.287943,-2.94955,DELIVERED,48,CLEAR,LOW
9081,2026-01-05 22:39:27,110.33,6,43,29,43.252921,-2.93269,CANCELLED,18,WIND,HIGH
9082,2026-01-25 15:13:19,80.0,6,20,26,43.248741,-2.908839,DELIVERED,11,RAIN,MEDIUM
9083,2026-01-30 13:11:20,46.0,5,21,25,43.265586,-2.9364,DELIVERED,7,WIND,HIGH
9084,2026-01-01 15:55:13,106.03,6,24,28,43.200752,-2.957735,DELIVERED,36,CLEAR,HIGH
9085,2026-01-30 22:31:49,22.79,2,23,20,43.283119,-2.957378,DELIVERED,35,RAIN,MEDIUM
9086,2026-01-31 12:03:33,14.8,1,23,17,43.269586,-2.930769,DELIVERED,48,CLEAR,LOW
9087,2026-01-22 09:36:28,73.13,5,17,12,43.288093,-2.885631,DELIVERED,13,CLEAR,LOW
9088,2026-01-15 06:44:39,38.94,4,12,21,43.201427,-2.969823,CANCELLED,47,CLEAR,HIGH
9089,2026-01-19 13:57:16,29.48,2,21,22,43.212955,-2.94798,DELIVERED,46,CLEAR,MEDIUM
9090,2026-01-22 20:44:55,53.97,4,21,20,43.244698,-2.888222,DELIVERED,5,RAIN,LOW
9091,2026-01-10 20:57:32,35.35,2,29,24,43.204879,-2.913319,DELIVERED,33,RAIN,LOW
9092,2026-01-07 14:13:16,85.26,6,26,34,43.249086,-2.976869,DELIVERED,14,RAIN,HIGH
9093,2026-01-20 21:57:05,12.28,1,19,30,43.286315,-2.901165,DELIVERED,43,CLEAR,HIGH
9094,2026-01-22 16:05:43,82.59,6,20,19,43.246634,-2.967489,DELIVERED,1,CLEAR,LOW
9095,2026-01-11 15:31:50,70.65,5,14,32,43.266642,-2.921234,DELIVERED,27,RAIN,HIGH
9096,2026-01-02 00:22:10,17.48,1,19,13,43.259753,-2.980956,DELIVERED,35,CLEAR,LOW
9097,2026-01-25 13:38:52,45.56,4,17,29,43.295568,-2.921384,DELIVERED,20,RAIN,MEDIUM
9098,2026-01-23 09:00:41,33.68,3,17,22,43.243432,-2.969984,DELIVERED,26,CLEAR,MEDIUM
9099,2026-01-01 23:36:54,74.69,5,25,22,43.240215,-2.94676,DELIVERED,14,CLEAR,MEDIUM
9100,2026-01-22 14:27:21,50.42,5,17,23,43.220742,-2.884776,DELIVERED,7,CLEAR,HIGH
9101,2026-01-27 22:08:25,28.72,2,22,16,43.234079,-2.961897,DELIVERED,32,CLEAR,MEDIUM
9102,2026-01-02 23:13:42,39.51,2,22,24,43.208078,-2.95464,DELIVERED,28,RAIN,LOW
9103,2026-01-28 12:02:21,39.19,4,8,20,43.265729,-2.955429,DELIVERED,37,WIND,LOW
9104,2026-01-10 20:14:53,60.9,5,18,21,43.260156,-2.969542,DELIVERED,40,WIND,LOW
9105,2026-01-19 12:43:00,37.31,3,15,13,43.203003,-2.910121,DELIVERED,35,CLEAR,MEDIUM
9106,2026-01-28 22:23:40,70.46,6,23,32,43.205784,-2.932977,DELIVERED,35,RAIN,HIGH
9107,2026-01-30 06:50:28,55.62,5,21,22,43.250055,-2.915223,DELIVERED,4,WIND,LOW
9108,2026-01-30 22:45:00,71.19,4,40,28,43.22141,-2.915419,DELIVERED,18,CLEAR,HIGH
9109,2026-01-08 22:32:22,14.79,1,23,28,43.279913,-2.890194,DELIVERED,38,CLEAR,HIGH
9110,2026-01-21 21:37:15,47.8,3,23,27,43.244992,-2.987238,DELIVERED,13,CLEAR,HIGH
9111,2026-01-22 21:07:18,71.12,6,27,25,43.212327,-2.899541,DELIVERED,35,CLEAR,HIGH
9112,2026-01-20 21:55:08,27.33,2,30,18,43.261315,-2.931909,DELIVERED,24,CLEAR,HIGH
9113,2026-01-01 13:40:21,14.81,1,11,26,43.221724,-2.940294,DELIVERED,43,RAIN,MEDIUM
9114,2026-01-15 22:29:09,72.07,6,21,25,43.236653,-2.937132,DELIVERED,3,CLEAR,HIGH
9115,2026-01-21 04:50:29,93.67,5,21,27,43.289219,-2.930903,DELIVERED,36,RAIN,HIGH
9116,2026-01-04 21:07:48,15.8,1,19,20,43.205516,-2.958953,DELIVERED,44,CLEAR,HIGH
9117,2026-01-28 17:25:01,12.84,1,22,16,43.255718,-2.930729,DELIVERED,25,CLEAR,MEDIUM
9118,2026-01-01 21:56:07,42.91,4,24,26,43.222898,-2.907778,DELIVERED,19,CLEAR,HIGH
9119,2026-01-21 07:16:24,35.68,3,23,22,43.294433,-2.913791,CANCELLED,2,CLEAR,MEDIUM
9120,2026-01-25 14:57:25,107.09,6,26,20,43.266476,-2.954112,DELIVERED,6,CLEAR,MEDIUM
9121,2026-01-12 20:28:16,15.8,1,27,21,43.265354,-2.90605,DELIVERED,12,RAIN,MEDIUM
9122,2026-01-08 05:09:47,27.08,2,12,18,43.237053,-2.943366,DELIVERED,8,CLEAR,HIGH
9123,2026-01-27 14:46:05,55.54,6,20,27,43.259753,-2.958118,DELIVERED,49,CLEAR,HIGH
9124,2026-01-25 22:38:57,32.44,2,28,19,43.241769,-2.986873,DELIVERED,48,CLEAR,MEDIUM
9125,2026-01-30 05:33:34,74.79,4,25,14,43.223754,-2.984277,DELIVERED,6,CLEAR,LOW
9126,2026-01-12 21:13:48,57.63,6,20,21,43.238508,-2.899309,DELIVERED,7,CLEAR,HIGH
9127,2026-01-22 22:56:14,52.19,4,30,19,43.295482,-2.952752,DELIVERED,34,CLEAR,HIGH
9128,2026-01-04 22:26:12,45.72,3,28,24,43.260451,-2.960514,DELIVERED,1,CLEAR,MEDIUM
9129,2026-01-08 22:08:59,19.06,1,34,25,43.249551,-2.93097,CANCELLED,33,CLEAR,HIGH
9130,2026-01-23 22:58:38,89.64,5,38,22,43.265567,-2.951172,DELIVERED,9,CLEAR,HIGH
9131,2026-01-27 21:44:18,29.43,3,18,22,43.275225,-2.890017,DELIVERED,49,CLEAR,HIGH
9132,2026-01-23 22:14:07,9.71,1,23,20,43.29368,-2.963529,DELIVERED,4,CLEAR,HIGH
9133,2026-01-14 22:22:27,85.27,6,31,18,43.281701,-2.940798,DELIVERED,14,CLEAR,HIGH
9134,2026-01-10 15:18:27,41.94,4,7,16,43.247021,-2.931937,DELIVERED,50,CLEAR,LOW
9135,2026-01-27 13:55:08,71.15,6,24,19,43.261379,-2.940611,DELIVERED,5,CLEAR,MEDIUM
9136,2026-01-23 21:26:28,38.24,2,30,22,43.227054,-2.954416,DELIVERED,28,CLEAR,MEDIUM
9137,2026-01-29 21:52:26,44.43,4,23,21,43.284672,-2.970677,DELIVERED,20,CLEAR,MEDIUM
9138,2026-01-17 15:14:12,31.96,2,22,24,43.260137,-2.919082,DELIVERED,13,CLEAR,MEDIUM
9139,2026-01-30 20:26:53,11.21,1,12,17,43.256594,-2.911826,DELIVERED,37,CLEAR,MEDIUM
9140,2026-01-19 20:01:07,33.66,2,22,25,43.272242,-2.98692,DELIVERED,25,CLEAR,MEDIUM
9141,2026-01-04 13:16:29,34.45,2,35,20,43.213716,-2.940369,DELIVERED,18,WIND,MEDIUM
9142,2026-01-26 21:32:28,59.43,6,16,17,43.200908,-2.920776,DELIVERED,7,CLEAR,MEDIUM
9143,2026-01-19 15:38:14,18.1,1,32,26,43.240182,-2.93886,DELIVERED,18,WIND,MEDIUM
9144,2026-01-06 05:44:38,84.0,6,18,19,43.251983,-2.983367,DELIVERED,25,CLEAR,LOW
9145,2026-01-03 21:34:55,19.36,2,25,20,43.270985,-2.989451,DELIVERED,31,CLEAR,MEDIUM
9146,2026-01-06 20:32:37,55.1,5,10,28,43.224565,-2.969782,CANCELLED,44,CLEAR,HIGH
9147,2026-01-20 21:21:12,14.49,1,31,24,43.278644,-2.934345,DELIVERED,4,CLEAR,HIGH
9148,2026-01-21 23:00:04,61.99,6,19,20,43.252692,-2.981483,CANCELLED,26,RAIN,LOW
9149,2026-01-10 22:30:20,95.26,5,32,27,43.209575,-2.909866,DELIVERED,33,CLEAR,HIGH
9150,2026-01-15 14:25:32,14.58,1,21,24,43.260355,-2.910288,DELIVERED,47,CLEAR,HIGH
9151,2026-01-18 20:52:03,13.64,1,19,23,43.265145,-2.947412,DELIVERED,11,WIND,HIGH
9152,2026-01-23 04:51:15,35.14,3,29,24,43.275346,-2.949499,DELIVERED,22,RAIN,LOW
9153,2026-01-06 12:32:14,112.57,6,19,17,43.214133,-2.932308,CANCELLED,10,CLEAR,LOW
9154,2026-01-05 15:23:53,53.05,3,30,14,43.289078,-2.976979,CANCELLED,18,CLEAR,MEDIUM
9155,2026-01-12 20:32:27,27.2,2,17,19,43.278619,-2.944435,DELIVERED,32,CLEAR,LOW
9156,2026-01-13 22:20:37,50.31,5,23,14,43.291964,-2.921253,DELIVERED,41,CLEAR,MEDIUM
9157,2026-01-12 04:56:40,31.92,3,11,14,43.203375,-2.986545,DELIVERED,7,CLEAR,LOW
9158,2026-01-12 08:11:23,54.3,6,7,15,43.202804,-2.906084,DELIVERED,43,CLEAR,MEDIUM
9159,2026-01-24 23:47:24,15.29,1,24,19,43.282735,-2.968381,DELIVERED,34,CLEAR,LOW
9160,2026-01-20 22:10:03,52.72,3,26,28,43.210235,-2.987607,DELIVERED,10,CLEAR,HIGH
9161,2026-01-27 10:19:36,20.19,2,11,24,43.278416,-2.941743,DELIVERED,43,CLEAR,MEDIUM
9162,2026-01-01 21:35:03,53.04,6,25,22,43.264649,-2.917764,CANCELLED,21,CLEAR,HIGH
9163,2026-01-23 21:56:13,50.54,4,31,15,43.229181,-2.976302,DELIVERED,22,CLEAR,MEDIUM
9164,2026-01-10 15:05:40,12.67,1,18,17,43.283254,-2.971861,DELIVERED,4,RAIN,LOW
9165,2026-01-07 20:48:20,90.52,5,20,16,43.24854,-2.926061,DELIVERED,6,CLEAR,LOW
9166,2026-01-24 03:00:42,70.03,4,21,31,43.237848,-2.92403,DELIVERED,36,CLEAR,HIGH
9167,2026-01-25 19:18:09,41.34,4,8,12,43.289286,-2.926363,DELIVERED,50,CLEAR,MEDIUM
9168,2026-01-16 21:20:24,65.89,5,32,20,43.256767,-2.952447,DELIVERED,29,CLEAR,HIGH
9169,2026-01-15 14:31:50,15.63,1,24,37,43.206387,-2.895859,DELIVERED,48,RAIN,HIGH
9170,2026-01-18 15:48:14,20.69,2,11,20,43.245236,-2.982882,DELIVERED,50,CLEAR,MEDIUM
9171,2026-01-13 16:05:19,15.53,1,21,20,43.246137,-2.958766,DELIVERED,19,CLEAR,MEDIUM
9172,2026-01-31 12:38:35,73.73,4,33,20,43.210502,-2.971696,DELIVERED,9,CLEAR,LOW
9173,2026-01-10 22:05:07,13.39,1,16,20,43.277698,-2.912825,DELIVERED,17,WIND,MEDIUM
9174,2026-01-22 22:17:46,26.87,2,20,26,43.236483,-2.985854,DELIVERED,32,RAIN,MEDIUM
9175,2026-01-23 22:30:28,22.58,2,31,27,43.215257,-2.974976,DELIVERED,4,CLEAR,HIGH
9176,2026-01-11 10:29:50,45.77,3,20,15,43.227515,-2.948154,DELIVERED,25,WIND,LOW
9177,2026-01-12 14:00:55,53.1,5,22,32,43.240563,-2.922074,DELIVERED,44,RAIN,HIGH
9178,2026-01-17 15:24:14,10.42,1,19,15,43.264375,-2.910956,CANCELLED,3,CLEAR,LOW
9179,2026-01-17 22:47:35,20.6,2,30,20,43.26346,-2.882496,DELIVERED,19,CLEAR,HIGH
9180,2026-01-27 14:37:59,14.8,1,26,27,43.270795,-2.904356,DELIVERED,32,RAIN,HIGH
9181,2026-01-15 15:21:30,61.04,5,17,30,43.280166,-2.884714,DELIVERED,3,RAIN,MEDIUM
9182,2026-01-15 14:57:55,52.56,5,20,35,43.271725,-2.882725,DELIVERED,30,WIND,HIGH
9183,2026-01-30 03:08:33,34.34,2,25,17,43.263126,-2.883154,DELIVERED,10,CLEAR,MEDIUM
9184,2026-01-22 15:37:15,12.71,1,10,16,43.26456,-2.907399,DELIVERED,50,CLEAR,LOW
9185,2026-01-19 23:01:48,23.9,2,19,22,43.255087,-2.942926,DELIVERED,5,RAIN,LOW
9186,2026-01-18 15:20:17,49.0,5,22,17,43.292604,-2.938417,DELIVERED,4,RAIN,LOW
9187,2026-01-26 03:44:41,13.32,1,22,32,43.246898,-2.91027,DELIVERED,39,RAIN,HIGH
9188,2026-01-21 22:32:48,48.28,5,13,32,43.285371,-2.917939,DELIVERED,43,RAIN,HIGH
9189,2026-01-14 22:59:42,56.93,3,36,17,43.212385,-2.986335,DELIVERED,9,CLEAR,MEDIUM
9190,2026-01-22 06:48:28,52.23,4,14,22,43.23739,-2.88378,DELIVERED,17,RAIN,LOW
9191,2026-01-31 23:50:56,65.04,5,22,29,43.244779,-2.965807,DELIVERED,29,RAIN,HIGH
9192,2026-01-08 23:28:12,35.77,4,11,13,43.256176,-2.905443,DELIVERED,16,CLEAR,LOW
9193,2026-01-18 19:40:17,70.1,6,15,17,43.21275,-2.91318,DELIVERED,5,CLEAR,LOW
9194,2026-01-20 10:45:08,47.94,4,13,11,43.218311,-2.931587,DELIVERED,40,CLEAR,LOW
9195,2026-01-08 22:09:51,44.37,3,22,27,43.219036,-2.983726,DELIVERED,42,RAIN,HIGH
9196,2026-01-08 23:35:10,16.63,1,26,11,43.290442,-2.914589,CANCELLED,29,CLEAR,LOW
9197,2026-01-22 22:18:34,24.44,2,24,29,43.256203,-2.938613,DELIVERED,40,CLEAR,HIGH
9198,2026-01-27 08:05:03,83.17,6,21,22,43.258624,-2.914399,DELIVERED,11,CLEAR,MEDIUM
9199,2026-01-22 11:18:39,21.02,1,21,18,43.285499,-2.891291,DELIVERED,10,CLEAR,LOW
9200,2026-01-21 14:17:16,54.86,6,25,30,43.245662,-2.929562,CANCELLED,21,RAIN,HIGH
9201,2026-01-29 08:18:51,13.12,1,24,23,43.293918,-2.904777,DELIVERED,48,RAIN,MEDIUM
9202,2026-01-14 19:10:24,77.38,6,21,15,43.268593,-2.897189,DELIVERED,45,CLEAR,LOW
9203,2026-01-12 18:38:46,27.83,2,25,25,43.287868,-2.907927,DELIVERED,14,RAIN,LOW
9204,2026-01-03 14:05:27,39.73,4,24,22,43.27276,-2.89545,DELIVERED,16,RAIN,HIGH
9205,2026-01-06 15:29:35,17.13,1,22,22,43.259147,-2.935002,DELIVERED,34,CLEAR,MEDIUM
9206,2026-01-22 15:48:54,17.9,1,16,29,43.203271,-2.976752,DELIVERED,1,CLEAR,HIGH
9207,2026-01-26 09:54:57,41.36,4,15,13,43.217916,-2.902883,DELIVERED,31,CLEAR,LOW
9208,2026-01-21 07:07:40,30.24,3,12,17,43.299416,-2.896416,DELIVERED,49,CLEAR,LOW
9209,2026-01-05 09:29:42,51.34,4,18,11,43.254274,-2.974252,DELIVERED,40,CLEAR,LOW
9210,2026-01-20 15:32:32,51.61,4,25,16,43.280575,-2.985948,CANCELLED,22,RAIN,LOW
9211,2026-01-16 22:05:38,17.65,1,22,22,43.219052,-2.946371,DELIVERED,46,CLEAR,MEDIUM
9212,2026-01-16 13:01:21,22.34,2,22,31,43.202687,-2.973804,DELIVERED,16,WIND,HIGH
9213,2026-01-27 13:57:50,51.81,4,28,27,43.2298,-2.959207,DELIVERED,45,RAIN,HIGH
9214,2026-01-25 09:04:48,26.48,2,21,19,43.285925,-2.906095,DELIVERED,48,CLEAR,LOW
9215,2026-01-29 22:54:34,91.7,5,31,14,43.274383,-2.899269,DELIVERED,36,CLEAR,MEDIUM
9216,2026-01-06 12:21:44,64.1,5,22,22,43.223745,-2.976615,DELIVERED,34,RAIN,LOW
9217,2026-01-30 15:37:18,34.24,3,22,16,43.295404,-2.896952,DELIVERED,24,CLEAR,LOW
9218,2026-01-30 00:26:58,68.74,5,15,11,43.224956,-2.938337,DELIVERED,27,CLEAR,LOW
9219,2026-01-10 10:16:07,22.12,1,33,19,43.290342,-2.910724,DELIVERED,9,CLEAR,LOW
9220,2026-01-17 15:37:06,56.98,4,19,23,43.281732,-2.894214,DELIVERED,39,WIND,LOW
9221,2026-01-14 18:04:05,10.46,1,13,12,43.290282,-2.891733,DELIVERED,40,CLEAR,MEDIUM
9222,2026-01-30 11:45:18,15.02,1,22,20,43.286787,-2.896914,DELIVERED,32,CLEAR,MEDIUM
9223,2026-01-30 11:22:15,11.09,1,21,20,43.254062,-2.907504,DELIVERED,11,CLEAR,MEDIUM
9224,2026-01-23 10:44:27,22.67,1,25,26,43.21854,-2.896168,DELIVERED,6,CLEAR,HIGH
9225,2026-01-19 01:00:27,89.42,5,24,18,43.204169,-2.928335,DELIVERED,28,CLEAR,LOW
9226,2026-01-24 13:05:43,53.59,4,31,20,43.228949,-2.885124,DELIVERED,34,CLEAR,HIGH
9227,2026-01-22 16:10:05,74.16,6,24,22,43.203107,-2.93426,DELIVERED,22,CLEAR,MEDIUM
9228,2026-01-27 15:36:19,17.98,1,26,16,43.251332,-2.932742,DELIVERED,12,CLEAR,LOW
9229,2026-01-18 18:24:31,41.16,2,25,19,43.264039,-2.962739,DELIVERED,36,CLEAR,LOW
9230,2026-01-12 04:58:43,71.3,5,26,26,43.214808,-2.917047,DELIVERED,12,RAIN,LOW
9231,2026-01-18 13:30:52,10.43,1,29,18,43.215932,-2.962927,DELIVERED,22,CLEAR,HIGH
9232,2026-01-31 13:38:00,65.35,5,21,20,43.212398,-2.908094,DELIVERED,3,CLEAR,MEDIUM
9233,2026-01-12 23:00:51,70.3,5,20,19,43.268327,-2.937875,DELIVERED,38,CLEAR,MEDIUM
9234,2026-01-21 15:59:32,44.82,5,13,19,43.275665,-2.954079,DELIVERED,37,CLEAR,LOW
9235,2026-01-23 12:27:35,46.51,5,13,22,43.294776,-2.979531,DELIVERED,21,WIND,LOW
9236,2026-01-22 21:15:43,75.61,4,36,31,43.230592,-2.920507,DELIVERED,9,WIND,HIGH
9237,2026-01-07 02:58:11,84.43,6,21,25,43.216028,-2.886065,DELIVERED,14,CLEAR,MEDIUM
9238,2026-01-07 14:10:13,52.46,4,30,22,43.217868,-2.957969,DELIVERED,45,CLEAR,HIGH
9239,2026-01-25 20:45:39,28.95,3,14,11,43.201698,-2.920973,DELIVERED,20,CLEAR,LOW
9240,2026-01-14 21:10:03,72.13,6,22,26,43.238451,-2.941496,DELIVERED,3,CLEAR,HIGH
9241,2026-01-03 21:42:50,27.77,3,15,29,43.211025,-2.886065,DELIVERED,50,RAIN,HIGH
9242,2026-01-05 15:34:45,22.17,2,15,17,43.22091,-2.940474,DELIVERED,47,CLEAR,LOW
9243,2026-01-22 23:29:03,61.94,5,24,13,43.24469,-2.949564,DELIVERED,2,CLEAR,LOW
9244,2026-01-21 22:01:34,19.75,1,25,24,43.279946,-2.883351,DELIVERED,6,RAIN,HIGH
9245,2026-01-28 13:00:32,30.88,3,22,16,43.288182,-2.903815,DELIVERED,19,CLEAR,MEDIUM
9246,2026-01-31 14:52:30,63.32,6,15,17,43.296684,-2.941006,DELIVERED,15,CLEAR,HIGH
9247,2026-01-27 13:03:29,20.57,2,20,18,43.253415,-2.911506,DELIVERED,49,CLEAR,MEDIUM
9248,2026-01-20 12:23:43,74.7,6,19,24,43.210822,-2.936626,DELIVERED,5,CLEAR,HIGH
9249,2026-01-16 11:06:59,28.84,2,22,11,43.25949,-2.896159,DELIVERED,48,CLEAR,LOW
9250,2026-01-09 02:27:39,14.65,1,19,16,43.289595,-2.981725,DELIVERED,21,CLEAR,LOW
9251,2026-01-11 22:13:49,18.65,1,22,23,43.217555,-2.893743,DELIVERED,8,WIND,MEDIUM
9252,2026-01-06 01:27:32,86.95,6,20,26,43.23258,-2.929317,DELIVERED,25,CLEAR,HIGH
9253,2026-01-02 13:51:38,59.35,6,16,17,43.279329,-2.884014,DELIVERED,37,CLEAR,MEDIUM
9254,2026-01-12 20:08:36,32.09,3,20,28,43.216164,-2.890988,DELIVERED,4,RAIN,LOW
9255,2026-01-02 21:36:48,31.87,3,17,19,43.227887,-2.904385,DELIVERED,20,CLEAR,HIGH
9256,2026-01-17 20:48:45,65.2,5,16,10,43.212518,-2.929533,DELIVERED,35,CLEAR,LOW
9257,2026-01-23 23:13:30,66.68,5,13,16,43.206579,-2.907104,DELIVERED,27,CLEAR,MEDIUM
9258,2026-01-26 17:39:28,73.75,4,32,16,43.201987,-2.918576,DELIVERED,9,RAIN,LOW
9259,2026-01-13 14:04:05,64.58,6,22,24,43.205637,-2.897825,DELIVERED,26,CLEAR,HIGH
9260,2026-01-30 21:16:19,108.43,6,31,32,43.283095,-2.960623,DELIVERED,18,CLEAR,HIGH
9261,2026-01-06 22:33:44,84.96,6,21,27,43.201916,-2.925898,DELIVERED,1,CLEAR,HIGH
9262,2026-01-10 14:36:23,11.94,1,27,17,43.266792,-2.970175,CANCELLED,26,CLEAR,MEDIUM
9263,2026-01-22 22:07:52,74.09,6,21,28,43.224255,-2.972935,DELIVERED,3,CLEAR,HIGH
9264,2026-01-25 14:07:00,10.42,1,16,27,43.216247,-2.897412,DELIVERED,7,WIND,HIGH
9265,2026-01-13 22:37:52,85.92,6,38,29,43.292682,-2.937646,DELIVERED,12,CLEAR,HIGH
9266,2026-01-31 04:50:05,27.15,2,20,24,43.295188,-2.905803,DELIVERED,5,CLEAR,MEDIUM
9267,2026-01-08 14:09:26,21.7,2,22,28,43.267006,-2.961729,DELIVERED,15,CLEAR,HIGH
9268,2026-01-13 07:22:27,48.64,5,8,15,43.209812,-2.982434,DELIVERED,43,CLEAR,MEDIUM
9269,2026-01-29 13:35:50,65.3,5,22,33,43.251358,-2.952777,DELIVERED,42,RAIN,HIGH
9270,2026-01-02 21:35:40,37.31,4,13,24,43.21958,-2.979784,DELIVERED,43,CLEAR,HIGH
9271,2026-01-22 11:35:50,48.56,5,13,19,43.266649,-2.945633,DELIVERED,37,CLEAR,LOW
9272,2026-01-10 19:37:58,55.44,6,17,16,43.246684,-2.97197,DELIVERED,16,CLEAR,LOW
9273,2026-01-24 23:16:20,32.89,3,10,20,43.203433,-2.936795,DELIVERED,7,RAIN,LOW
9274,2026-01-19 20:26:40,25.07,2,18,19,43.227545,-2.904238,DELIVERED,11,CLEAR,MEDIUM
9275,2026-01-10 21:58:38,57.61,4,27,28,43.294452,-2.894827,DELIVERED,25,CLEAR,HIGH
9276,2026-01-21 23:50:10,75.29,6,19,23,43.291431,-2.882123,DELIVERED,45,CLEAR,MEDIUM
9277,2026-01-22 00:20:28,33.64,2,19,16,43.290369,-2.983102,DELIVERED,25,CLEAR,LOW
9278,2026-01-04 10:10:28,57.25,4,17,17,43.2434,-2.963101,DELIVERED,46,CLEAR,MEDIUM
9279,2026-01-30 22:50:05,40.72,3,19,18,43.237986,-2.891314,DELIVERED,42,CLEAR,MEDIUM
9280,2026-01-09 23:50:35,31.35,3,19,17,43.289153,-2.962973,DELIVERED,4,CLEAR,LOW
9281,2026-01-11 21:07:02,46.02,3,30,23,43.284386,-2.903139,DELIVERED,14,CLEAR,HIGH
9282,2026-01-19 14:53:26,18.05,2,20,17,43.2752,-2.912465,DELIVERED,19,CLEAR,HIGH
9283,2026-01-11 20:45:40,12.98,1,11,20,43.238338,-2.896017,DELIVERED,43,RAIN,MEDIUM
9284,2026-01-05 13:53:19,65.89,6,22,27,43.202886,-2.913686,DELIVERED,26,CLEAR,HIGH
9285,2026-01-16 15:46:50,7.91,1,13,33,43.210108,-2.972712,DELIVERED,7,RAIN,HIGH
9286,2026-01-30 22:58:02,79.98,6,24,19,43.201017,-2.892114,DELIVERED,11,CLEAR,MEDIUM
9287,2026-01-27 15:18:40,52.69,5,20,15,43.2033,-2.896926,DELIVERED,4,CLEAR,MEDIUM
9288,2026-01-05 19:25:03,33.46,3,17,22,43.260514,-2.916479,DELIVERED,19,CLEAR,MEDIUM
9289,2026-01-12 23:41:56,39.46,4,13,27,43.225512,-2.922861,DELIVERED,15,CLEAR,HIGH
9290,2026-01-23 23:08:49,38.38,4,11,21,43.22275,-2.940514,DELIVERED,16,RAIN,LOW
9291,2026-01-10 08:55:07,47.71,4,16,20,43.226057,-2.969616,DELIVERED,45,CLEAR,LOW
9292,2026-01-12 13:55:02,74.16,6,23,21,43.210736,-2.978575,DELIVERED,24,CLEAR,HIGH
9293,2026-01-08 13:21:28,87.69,6,33,25,43.298959,-2.901646,DELIVERED,14,CLEAR,HIGH
9294,2026-01-25 22:51:01,50.77,4,35,19,43.260477,-2.955067,DELIVERED,2,WIND,MEDIUM
9295,2026-01-20 20:46:13,38.04,3,20,23,43.235347,-2.969398,DELIVERED,45,RAIN,MEDIUM
9296,2026-01-16 05:22:33,51.73,5,16,20,43.299663,-2.933725,DELIVERED,20,CLEAR,LOW
9297,2026-01-14 07:30:44,88.4,5,30,13,43.245999,-2.960985,DELIVERED,33,CLEAR,LOW
9298,2026-01-14 14:43:34,34.9,3,26,22,43.204201,-2.973567,DELIVERED,45,CLEAR,MEDIUM
9299,2026-01-08 14:54:11,33.33,3,18,22,43.250625,-2.891148,DELIVERED,41,CLEAR,HIGH
9300,2026-01-19 08:10:15,17.24,1,17,11,43.261853,-2.951421,DELIVERED,35,CLEAR,LOW
9301,2026-01-17 21:34:52,73.42,6,27,23,43.201711,-2.989869,CANCELLED,34,RAIN,MEDIUM
9302,2026-01-26 07:40:40,113.71,6,26,22,43.236414,-2.930518,DELIVERED,33,WIND,MEDIUM
9303,2026-01-14 05:55:31,49.45,5,11,23,43.275867,-2.945904,CANCELLED,7,RAIN,LOW
9304,2026-01-26 09:22:26,56.91,4,17,16,43.258677,-2.984545,DELIVERED,38,RAIN,LOW
9305,2026-01-01 12:04:03,52.08,6,16,26,43.274892,-2.883182,DELIVERED,31,CLEAR,HIGH
9306,2026-01-17 23:23:59,52.45,4,16,10,43.236993,-2.964607,DELIVERED,5,CLEAR,LOW
9307,2026-01-25 20:14:10,73.84,4,33,15,43.21985,-2.973336,DELIVERED,9,CLEAR,MEDIUM
9308,2026-01-20 13:43:07,59.17,5,29,27,43.295695,-2.882941,DELIVERED,29,CLEAR,HIGH
9309,2026-01-19 22:45:29,70.3,6,24,18,43.289822,-2.88826,DELIVERED,35,CLEAR,MEDIUM
9310,2026-01-13 22:52:34,26.86,2,21,23,43.225533,-2.925702,DELIVERED,1,CLEAR,MEDIUM
9311,2026-01-21 00:53:52,41.3,3,20,33,43.233729,-2.98165,DELIVERED,48,RAIN,HIGH
9312,2026-01-07 23:41:38,32.6,3,17,14,43.248915,-2.953713,DELIVERED,4,CLEAR,LOW
9313,2026-01-16 15:19:27,12.13,1,15,28,43.287864,-2.94414,DELIVERED,45,RAIN,MEDIUM
9314,2026-01-27 21:57:05,37.62,2,36,15,43.256152,-2.894892,DELIVERED,23,CLEAR,MEDIUM
9315,2026-01-24 20:25:28,64.94,6,11,17,43.297572,-2.944986,DELIVERED,15,CLEAR,LOW
9316,2026-01-12 22:55:00,20.01,2,21,28,43.264636,-2.889799,DELIVERED,37,CLEAR,HIGH
9317,2026-01-09 21:10:05,53.51,5,21,17,43.246826,-2.921841,DELIVERED,26,CLEAR,MEDIUM
9318,2026-01-07 01:04:00,64.07,6,20,11,43.271664,-2.985866,DELIVERED,26,CLEAR,LOW
9319,2026-01-12 22:46:23,60.35,4,21,23,43.207634,-2.93437,DELIVERED,32,CLEAR,MEDIUM
9320,2026-01-27 22:52:44,72.66,5,28,15,43.225305,-2.89597,DELIVERED,25,CLEAR,MEDIUM
9321,2026-01-31 22:56:55,49.22,5,23,23,43.272247,-2.963352,DELIVERED,21,CLEAR,HIGH
9322,2026-01-24 06:53:12,23.6,2,9,18,43.273152,-2.896416,DELIVERED,50,CLEAR,MEDIUM
9323,2026-01-12 13:07:35,55.76,5,22,17,43.27282,-2.986139,DELIVERED,30,CLEAR,HIGH
9324,2026-01-16 14:16:13,16.23,1,27,22,43.257782,-2.955967,DELIVERED,25,CLEAR,HIGH
9325,2026-01-18 07:05:30,51.54,4,14,20,43.297798,-2.964337,DELIVERED,17,CLEAR,LOW
9326,2026-01-26 01:01:17,58.32,3,27,18,43.299847,-2.950489,DELIVERED,18,CLEAR,LOW
9327,2026-01-15 21:26:03,52.31,6,21,31,43.276537,-2.948776,DELIVERED,21,WIND,HIGH
9328,2026-01-03 16:13:48,10.74,1,17,21,43.27092,-2.97859,DELIVERED,5,CLEAR,MEDIUM
9329,2026-01-24 13:17:10,27.14,2,25,15,43.214881,-2.92603,DELIVERED,45,CLEAR,MEDIUM
9330,2026-01-30 12:27:49,52.11,5,18,24,43.216758,-2.951452,DELIVERED,19,CLEAR,MEDIUM
9331,2026-01-08 13:38:33,32.03,2,32,23,43.294946,-2.892925,DELIVERED,12,CLEAR,HIGH
9332,2026-01-20 14:09:58,58.84,6,15,13,43.281577,-2.959072,DELIVERED,43,CLEAR,MEDIUM
9333,2026-01-31 14:06:42,38.63,4,21,18,43.271267,-2.908698,DELIVERED,20,RAIN,MEDIUM
9334,2026-01-31 04:54:26,46.57,5,16,15,43.22424,-2.911341,CANCELLED,31,CLEAR,LOW
9335,2026-01-16 23:09:00,89.31,5,25,25,43.227489,-2.988982,DELIVERED,33,RAIN,HIGH
9336,2026-01-28 22:00:07,12.59,1,35,30,43.239689,-2.936512,DELIVERED,14,RAIN,HIGH
9337,2026-01-20 15:31:36,93.76,5,20,22,43.289876,-2.974299,DELIVERED,36,RAIN,LOW
9338,2026-01-01 13:08:30,59.13,6,14,28,43.262901,-2.973339,CANCELLED,50,RAIN,HIGH
9339,2026-01-11 20:34:44,82.13,6,22,27,43.278369,-2.982465,DELIVERED,38,RAIN,HIGH
9340,2026-01-18 07:45:39,59.1,5,20,25,43.227924,-2.886004,DELIVERED,34,WIND,LOW
9341,2026-01-05 04:28:35,70.47,6,17,15,43.266491,-2.939633,DELIVERED,24,WIND,LOW
9342,2026-01-26 14:12:11,18.07,2,23,30,43.278662,-2.96516,CANCELLED,4,RAIN,MEDIUM
9343,2026-01-14 04:55:09,28.5,2,23,12,43.235975,-2.964499,DELIVERED,48,CLEAR,LOW
9344,2026-01-28 15:49:12,9.27,1,20,31,43.241532,-2.966848,DELIVERED,19,RAIN,HIGH
9345,2026-01-19 15:26:55,12.23,1,12,13,43.297764,-2.971568,DELIVERED,27,CLEAR,LOW
9346,2026-01-22 12:43:17,44.54,3,15,23,43.249649,-2.97471,DELIVERED,46,RAIN,LOW
9347,2026-01-14 22:45:34,17.12,2,25,27,43.270518,-2.905904,DELIVERED,16,CLEAR,HIGH
9348,2026-01-29 04:18:47,37.73,3,19,14,43.254799,-2.955504,DELIVERED,24,CLEAR,LOW
9349,2026-01-04 16:12:54,84.62,6,25,18,43.216297,-2.885329,DELIVERED,12,CLEAR,HIGH
9350,2026-01-27 22:59:27,63.45,5,25,18,43.294585,-2.943278,DELIVERED,34,CLEAR,HIGH
9351,2026-01-09 14:44:23,11.75,1,22,20,43.265789,-2.959412,DELIVERED,16,WIND,MEDIUM
9352,2026-01-21 14:41:42,59.2,3,31,22,43.248653,-2.956033,DELIVERED,10,CLEAR,HIGH
9353,2026-01-23 22:20:45,77.29,4,30,23,43.219587,-2.922046,DELIVERED,10,CLEAR,HIGH
9354,2026-01-17 21:55:32,39.86,3,27,22,43.276803,-2.923142,DELIVERED,5,CLEAR,HIGH
9355,2026-01-12 17:26:58,55.54,5,14,21,43.250527,-2.978011,DELIVERED,47,CLEAR,MEDIUM
9356,2026-01-21 14:10:45,60.95,6,19,29,43.232234,-2.896075,DELIVERED,44,RAIN,HIGH
9357,2026-01-26 20:42:14,63.38,5,19,15,43.211509,-2.935649,DELIVERED,40,WIND,LOW
9358,2026-01-22 21:44:13,25.98,2,23,23,43.262437,-2.90377,CANCELLED,19,CLEAR,HIGH
9359,2026-01-12 11:16:38,47.78,5,15,32,43.255481,-2.989376,DELIVERED,21,RAIN,MEDIUM
9360,2026-01-05 07:50:09,24.52,2,16,29,43.208411,-2.946462,DELIVERED,26,CLEAR,HIGH
9361,2026-01-16 14:33:45,49.33,4,24,33,43.27024,-2.923071,DELIVERED,34,WIND,HIGH
9362,2026-01-30 21:30:40,18.28,1,34,22,43.24806,-2.897922,DELIVERED,14,RAIN,MEDIUM
9363,2026-01-12 13:01:10,39.29,4,21,21,43.272973,-2.978659,DELIVERED,20,CLEAR,HIGH
9364,2026-01-16 12:09:14,54.64,6,12,18,43.251006,-2.97199,DELIVERED,43,CLEAR,LOW
9365,2026-01-11 13:53:25,29.35,2,24,17,43.273882,-2.920396,DELIVERED,32,CLEAR,MEDIUM
9366,2026-01-02 15:21:51,41.11,4,10,22,43.230669,-2.905675,DELIVERED,20,WIND,LOW
9367,2026-01-13 23:18:33,106.77,6,32,13,43.267294,-2.880991,DELIVERED,18,CLEAR,LOW
9368,2026-01-30 21:01:21,11.77,1,26,28,43.258359,-2.950505,DELIVERED,39,CLEAR,HIGH
9369,2026-01-09 09:46:43,17.45,1,17,27,43.298534,-2.947832,DELIVERED,40,WIND,HIGH
9370,2026-01-22 12:59:31,74.14,6,28,32,43.279432,-2.910571,DELIVERED,2,RAIN,MEDIUM
9371,2026-01-03 15:42:43,11.79,1,22,13,43.200669,-2.961325,DELIVERED,39,WIND,LOW
9372,2026-01-22 15:31:39,23.27,2,13,22,43.293622,-2.9787,DELIVERED,37,RAIN,MEDIUM
9373,2026-01-03 23:29:40,12.95,1,26,12,43.242437,-2.972166,CANCELLED,29,CLEAR,LOW
9374,2026-01-20 23:50:09,58.69,6,15,18,43.218621,-2.943852,CANCELLED,30,CLEAR,LOW
9375,2026-01-31 11:53:18,36.19,2,23,11,43.284926,-2.908794,DELIVERED,36,CLEAR,LOW
9376,2026-01-23 21:00:08,59.24,4,25,26,43.240369,-2.926086,DELIVERED,25,CLEAR,HIGH
9377,2026-01-09 22:05:38,38.14,2,35,17,43.261907,-2.929767,DELIVERED,33,CLEAR,MEDIUM
9378,2026-01-05 12:21:33,12.66,1,15,21,43.243254,-2.937286,DELIVERED,44,WIND,LOW
9379,2026-01-23 13:41:07,37.02,3,25,23,43.290829,-2.97986,DELIVERED,5,CLEAR,HIGH
9380,2026-01-01 12:56:32,61.01,5,14,15,43.209499,-2.968914,DELIVERED,3,CLEAR,LOW
9381,2026-01-25 06:39:35,83.92,6,14,14,43.209495,-2.947987,DELIVERED,42,CLEAR,MEDIUM
9382,2026-01-27 14:34:11,20.67,2,21,23,43.275287,-2.949971,DELIVERED,50,CLEAR,HIGH
9383,2026-01-04 05:54:45,68.0,5,12,21,43.220304,-2.946839,DELIVERED,27,RAIN,LOW
9384,2026-01-29 13:38:02,69.27,5,26,24,43.285497,-2.965671,DELIVERED,11,CLEAR,MEDIUM
9385,2026-01-08 21:42:57,72.86,4,31,27,43.221026,-2.933257,DELIVERED,6,CLEAR,HIGH
9386,2026-01-24 14:57:33,74.17,5,30,22,43.209441,-2.893754,DELIVERED,14,CLEAR,MEDIUM
9387,2026-01-30 12:40:54,29.12,3,12,14,43.228747,-2.977766,DELIVERED,37,WIND,LOW
9388,2026-01-10 11:05:03,106.75,6,24,20,43.241535,-2.921373,CANCELLED,28,CLEAR,MEDIUM
9389,2026-01-23 15:16:18,39.23,3,21,12,43.237964,-2.887133,DELIVERED,39,CLEAR,LOW
9390,2026-01-17 14:31:09,71.04,5,32,23,43.294165,-2.916075,DELIVERED,48,RAIN,HIGH
9391,2026-01-15 18:57:02,12.82,1,28,10,43.232016,-2.929946,DELIVERED,22,CLEAR,LOW
9392,2026-01-28 23:35:00,69.81,5,21,14,43.269479,-2.880116,CANCELLED,39,CLEAR,LOW
9393,2026-01-14 13:30:04,17.09,1,22,17,43.277741,-2.923596,DELIVERED,35,CLEAR,HIGH
9394,2026-01-16 04:49:35,82.94,6,16,29,43.298756,-2.98283,DELIVERED,1,WIND,HIGH
9395,2026-01-09 14:47:05,41.19,3,25,27,43.243715,-2.913528,DELIVERED,24,CLEAR,HIGH
9396,2026-01-20 23:44:41,53.5,4,22,25,43.28798,-2.92319,DELIVERED,24,CLEAR,MEDIUM
9397,2026-01-29 21:06:41,59.11,6,20,17,43.268047,-2.909329,DELIVERED,4,CLEAR,MEDIUM
9398,2026-01-05 21:00:20,17.04,1,29,31,43.258827,-2.910553,DELIVERED,28,RAIN,HIGH
9399,2026-01-04 08:13:44,22.34,2,9,25,43.279499,-2.954347,DELIVERED,50,WIND,MEDIUM
9400,2026-01-28 17:49:01,28.25,2,24,15,43.275693,-2.906095,DELIVERED,14,CLEAR,LOW
9401,2026-01-01 22:53:20,35.79,4,19,23,43.251659,-2.940307,DELIVERED,16,CLEAR,MEDIUM
9402,2026-01-13 15:31:23,82.98,6,14,26,43.267892,-2.891774,DELIVERED,46,CLEAR,HIGH
9403,2026-01-20 15:15:24,54.88,3,21,21,43.236432,-2.89371,CANCELLED,10,CLEAR,HIGH
9404,2026-01-19 19:32:33,39.22,2,20,23,43.219784,-2.971521,DELIVERED,6,CLEAR,MEDIUM
9405,2026-01-16 20:07:03,52.5,4,21,20,43.281681,-2.935952,DELIVERED,5,CLEAR,LOW
9406,2026-01-15 14:31:47,36.72,3,23,31,43.295828,-2.961143,DELIVERED,3,RAIN,HIGH
9407,2026-01-18 14:53:44,25.45,2,24,17,43.259092,-2.92027,DELIVERED,26,CLEAR,MEDIUM
9408,2026-01-13 11:58:35,40.3,4,9,30,43.280793,-2.913077,DELIVERED,50,RAIN,HIGH
9409,2026-01-27 14:16:34,75.16,6,26,24,43.241643,-2.956546,DELIVERED,5,CLEAR,MEDIUM
9410,2026-01-25 09:30:59,60.04,6,13,12,43.269377,-2.944523,DELIVERED,20,CLEAR,LOW
9411,2026-01-23 15:31:21,53.84,4,27,14,43.238419,-2.978958,DELIVERED,2,CLEAR,LOW
9412,2026-01-27 11:20:04,45.53,5,13,11,43.268714,-2.913549,DELIVERED,43,CLEAR,LOW
9413,2026-01-24 21:08:33,77.36,6,31,27,43.262979,-2.893607,DELIVERED,29,CLEAR,HIGH
9414,2026-01-05 22:36:37,26.81,2,28,21,43.222512,-2.955638,DELIVERED,48,CLEAR,HIGH
9415,2026-01-14 21:59:54,48.33,4,22,18,43.203651,-2.986937,CANCELLED,5,CLEAR,HIGH
9416,2026-01-04 15:34:59,111.53,6,20,10,43.286579,-2.903705,DELIVERED,10,CLEAR,LOW
9417,2026-01-01 03:55:42,74.61,4,34,13,43.288904,-2.905463,CANCELLED,23,CLEAR,MEDIUM
9418,2026-01-19 15:27:17,74.82,5,16,26,43.209904,-2.939905,DELIVERED,13,RAIN,LOW
9419,2026-01-09 21:07:13,37.13,3,22,21,43.29229,-2.937749,DELIVERED,11,CLEAR,MEDIUM
9420,2026-01-31 03:42:41,53.09,4,16,22,43.206797,-2.930775,CANCELLED,45,RAIN,LOW
9421,2026-01-08 22:09:41,73.46,6,34,30,43.214118,-2.947545,DELIVERED,2,RAIN,HIGH
9422,2026-01-18 02:24:03,34.31,4,14,16,43.208068,-2.887507,CANCELLED,7,CLEAR,LOW
9423,2026-01-11 14:54:26,13.85,1,31,21,43.280352,-2.942718,DELIVERED,24,CLEAR,MEDIUM
9424,2026-01-28 15:20:06,71.17,4,24,19,43.203464,-2.894133,DELIVERED,28,CLEAR,MEDIUM
9425,2026-01-25 16:49:10,10.92,1,19,20,43.257718,-2.971213,DELIVERED,45,RAIN,MEDIUM
9426,2026-01-09 12:29:20,15.62,1,10,30,43.28878,-2.906834,DELIVERED,20,CLEAR,HIGH
9427,2026-01-25 18:57:31,52.93,3,23,14,43.204603,-2.955299,DELIVERED,6,WIND,LOW
9428,2026-01-19 14:01:17,14.96,1,20,27,43.250192,-2.885754,DELIVERED,20,WIND,HIGH
9429,2026-01-12 14:24:32,38.84,3,23,22,43.202152,-2.933208,DELIVERED,24,RAIN,HIGH
9430,2026-01-02 23:33:53,53.85,3,28,20,43.293319,-2.895968,DELIVERED,18,CLEAR,LOW
9431,2026-01-03 03:15:12,44.38,4,22,17,43.209615,-2.919844,DELIVERED,26,CLEAR,LOW
9432,2026-01-06 08:29:31,76.48,6,17,19,43.206447,-2.901422,DELIVERED,40,CLEAR,LOW
9433,2026-01-06 14:57:06,18.23,1,32,21,43.200844,-2.901589,DELIVERED,10,CLEAR,HIGH
9434,2026-01-20 22:18:41,20.43,2,12,18,43.221104,-2.938668,DELIVERED,37,CLEAR,MEDIUM
9435,2026-01-11 17:55:34,109.26,6,25,14,43.213243,-2.941011,DELIVERED,36,CLEAR,LOW
9436,2026-01-22 14:22:54,12.14,1,25,22,43.28809,-2.980423,DELIVERED,3,CLEAR,HIGH
9437,2026-01-01 15:22:10,36.75,3,18,14,43.257279,-2.905567,DELIVERED,3,CLEAR,LOW
9438,2026-01-29 12:03:48,85.13,6,23,20,43.242041,-2.924259,DELIVERED,48,CLEAR,MEDIUM
9439,2026-01-09 09:18:22,58.45,5,22,19,43.242827,-2.93119,DELIVERED,24,CLEAR,MEDIUM
9440,2026-01-26 14:07:26,19.31,2,22,25,43.276631,-2.893221,DELIVERED,19,CLEAR,HIGH
9441,2026-01-26 05:36:20,48.15,5,15,27,43.274782,-2.939689,DELIVERED,31,RAIN,LOW
9442,2026-01-15 07:57:55,18.0,1,21,18,43.249809,-2.929156,DELIVERED,45,CLEAR,MEDIUM
9443,2026-01-12 21:35:59,30.63,2,24,36,43.292355,-2.959798,CANCELLED,39,RAIN,HIGH
9444,2026-01-17 23:16:55,41.95,4,14,24,43.228759,-2.974276,DELIVERED,15,RAIN,MEDIUM
9445,2026-01-29 20:05:12,57.97,3,22,13,43.258793,-2.904261,DELIVERED,36,CLEAR,LOW
9446,2026-01-05 23:18:58,50.21,5,21,20,43.287441,-2.895153,DELIVERED,26,CLEAR,LOW
9447,2026-01-05 20:09:56,15.79,1,11,22,43.204423,-2.934362,DELIVERED,20,CLEAR,HIGH
9448,2026-01-02 22:14:08,23.34,2,32,20,43.267963,-2.962812,DELIVERED,22,CLEAR,HIGH
9449,2026-01-21 13:26:37,35.9,3,23,24,43.2715,-2.977159,DELIVERED,24,CLEAR,MEDIUM
9450,2026-01-23 23:46:19,49.17,5,15,20,43.258138,-2.966339,DELIVERED,7,CLEAR,LOW
9451,2026-01-17 19:55:06,11.03,1,14,21,43.276441,-2.891569,DELIVERED,41,CLEAR,MEDIUM
9452,2026-01-06 23:50:22,17.78,1,28,23,43.24608,-2.962243,DELIVERED,22,CLEAR,HIGH
9453,2026-01-02 14:25:15,18.12,2,16,29,43.213489,-2.883339,DELIVERED,44,RAIN,HIGH
9454,2026-01-28 13:22:40,37.26,3,27,29,43.240267,-2.97941,CANCELLED,38,CLEAR,HIGH
9455,2026-01-31 23:53:18,72.36,4,26,15,43.274801,-2.956393,DELIVERED,28,CLEAR,LOW
9456,2026-01-25 11:51:08,108.88,6,22,17,43.223734,-2.898609,DELIVERED,36,CLEAR,LOW
9457,2026-01-09 22:31:09,25.58,2,23,25,43.247563,-2.950182,DELIVERED,4,RAIN,HIGH
9458,2026-01-26 13:40:53,79.61,6,14,17,43.222349,-2.943681,DELIVERED,27,CLEAR,MEDIUM
9459,2026-01-16 02:48:17,53.08,4,18,21,43.243212,-2.935177,DELIVERED,34,WIND,HIGH
9460,2026-01-15 23:29:37,15.5,1,16,22,43.27104,-2.955532,DELIVERED,11,RAIN,LOW
9461,2026-01-19 21:35:10,32.42,3,19,23,43.279861,-2.893444,DELIVERED,30,CLEAR,HIGH
9462,2026-01-25 16:24:33,71.6,4,33,11,43.267536,-2.944294,DELIVERED,23,CLEAR,LOW
9463,2026-01-17 23:10:56,21.28,2,14,10,43.292261,-2.95685,DELIVERED,7,CLEAR,LOW
9464,2026-01-24 14:51:02,33.99,2,21,26,43.270737,-2.954981,DELIVERED,48,CLEAR,HIGH
9465,2026-01-01 10:18:11,55.29,5,10,30,43.235937,-2.891787,DELIVERED,30,CLEAR,HIGH
9466,2026-01-19 06:09:36,44.42,3,20,26,43.271551,-2.979444,DELIVERED,32,RAIN,LOW
9467,2026-01-03 13:09:55,54.35,3,32,28,43.28921,-2.896944,DELIVERED,28,CLEAR,HIGH
9468,2026-01-08 20:49:15,52.87,4,16,20,43.219839,-2.928999,DELIVERED,5,CLEAR,MEDIUM
9469,2026-01-09 12:36:16,38.17,3,19,22,43.294176,-2.982837,DELIVERED,35,RAIN,HIGH
9470,2026-01-26 08:04:22,41.76,2,32,19,43.252471,-2.980258,DELIVERED,23,WIND,LOW
9471,2026-01-25 04:36:12,110.65,6,31,28,43.262391,-2.892891,DELIVERED,18,RAIN,LOW
9472,2026-01-10 15:41:54,39.23,4,14,20,43.268111,-2.942101,DELIVERED,30,CLEAR,MEDIUM
9473,2026-01-14 15:45:18,12.14,1,16,15,43.205046,-2.959447,DELIVERED,38,CLEAR,MEDIUM
9474,2026-01-11 13:32:14,37.5,2,39,14,43.240858,-2.907577,DELIVERED,18,CLEAR,MEDIUM
9475,2026-01-27 14:25:25,65.04,5,20,25,43.218098,-2.948646,CANCELLED,46,CLEAR,MEDIUM
9476,2026-01-12 22:12:38,77.35,6,20,20,43.295687,-2.911316,DELIVERED,39,CLEAR,HIGH
9477,2026-01-04 22:15:10,69.84,5,25,22,43.296871,-2.943748,CANCELLED,1,CLEAR,MEDIUM
9478,2026-01-11 14:12:54,89.26,6,24,27,43.285922,-2.973063,DELIVERED,32,CLEAR,HIGH
9479,2026-01-16 19:42:07,66.76,5,19,23,43.244213,-2.900498,DELIVERED,39,WIND,MEDIUM
9480,2026-01-31 22:07:11,21.56,2,32,18,43.209977,-2.887808,DELIVERED,4,CLEAR,HIGH
9481,2026-01-14 12:34:28,57.89,4,15,14,43.226187,-2.915849,DELIVERED,46,CLEAR,LOW
9482,2026-01-26 15:03:09,58.01,6,16,22,43.209565,-2.963557,DELIVERED,31,CLEAR,MEDIUM
9483,2026-01-12 10:36:36,58.96,3,23,18,43.247311,-2.942272,DELIVERED,28,CLEAR,LOW
9484,2026-01-09 23:43:57,73.41,6,16,19,43.290775,-2.888197,DELIVERED,3,CLEAR,LOW
9485,2026-01-31 21:17:26,40.7,2,24,28,43.286157,-2.942981,DELIVERED,6,WIND,HIGH
9486,2026-01-12 20:27:54,46.03,3,17,17,43.288357,-2.904965,DELIVERED,32,CLEAR,LOW
9487,2026-01-02 21:13:11,52.71,3,36,31,43.203137,-2.95216,DELIVERED,33,CLEAR,HIGH
9488,2026-01-07 13:16:51,33.4,3,24,19,43.295777,-2.908222,CANCELLED,20,CLEAR,HIGH
9489,2026-01-14 21:06:47,17.22,1,18,31,43.20084,-2.881033,DELIVERED,8,WIND,HIGH
9490,2026-01-08 15:54:48,43.69,3,19,15,43.273986,-2.918745,DELIVERED,11,CLEAR,LOW
9491,2026-01-21 20:29:22,29.32,3,12,20,43.23043,-2.97677,DELIVERED,7,RAIN,MEDIUM
9492,2026-01-22 00:17:47,52.36,6,12,25,43.222452,-2.96836,DELIVERED,50,CLEAR,HIGH
9493,2026-01-14 05:28:18,110.43,6,30,26,43.222356,-2.961722,DELIVERED,18,CLEAR,HIGH
9494,2026-01-13 11:02:55,27.69,2,25,16,43.270831,-2.893405,DELIVERED,14,CLEAR,HIGH
9495,2026-01-02 15:54:16,88.99,6,19,20,43.205404,-2.918173,CANCELLED,32,CLEAR,LOW
9496,2026-01-10 15:20:28,39.96,4,20,17,43.26534,-2.988896,DELIVERED,4,CLEAR,MEDIUM
9497,2026-01-12 00:30:28,28.9,3,14,21,43.25044,-2.927757,DELIVERED,37,RAIN,MEDIUM
9498,2026-01-20 14:44:17,23.27,2,13,26,43.263174,-2.928438,DELIVERED,43,CLEAR,HIGH
9499,2026-01-24 22:11:57,63.89,5,25,25,43.206515,-2.899957,DELIVERED,40,RAIN,HIGH
9500,2026-01-13 12:58:54,63.29,5,12,18,43.220084,-2.942375,DELIVERED,17,CLEAR,LOW
9501,2026-01-01 20:50:39,31.27,3,15,19,43.297752,-2.889119,DELIVERED,44,WIND,LOW
9502,2026-01-17 23:37:12,23.29,2,16,24,43.221999,-2.930709,DELIVERED,40,CLEAR,HIGH
9503,2026-01-24 14:58:38,38.26,3,23,28,43.237419,-2.959549,DELIVERED,11,CLEAR,HIGH
9504,2026-01-26 15:00:04,62.13,5,24,11,43.28656,-2.895292,DELIVERED,29,CLEAR,LOW
9505,2026-01-27 22:27:24,48.28,4,39,22,43.242719,-2.963543,DELIVERED,2,RAIN,MEDIUM
9506,2026-01-11 23:56:03,56.43,3,23,18,43.213006,-2.925889,DELIVERED,6,CLEAR,LOW
9507,2026-01-31 02:12:49,41.95,3,20,23,43.291242,-2.959758,DELIVERED,32,CLEAR,MEDIUM
9508,2026-01-21 20:36:16,55.81,4,28,25,43.217172,-2.881943,CANCELLED,12,CLEAR,HIGH
9509,2026-01-01 23:41:26,80.77,6,18,24,43.243619,-2.912218,DELIVERED,38,RAIN,MEDIUM
9510,2026-01-10 14:55:50,24.68,2,24,30,43.219345,-2.985725,DELIVERED,5,RAIN,HIGH
9511,2026-01-09 04:53:58,39.83,2,31,17,43.299415,-2.927171,CANCELLED,9,CLEAR,LOW
9512,2026-01-23 14:50:39,8.83,1,26,28,43.217565,-2.905229,DELIVERED,26,CLEAR,HIGH
9513,2026-01-13 15:55:49,76.82,6,19,18,43.228005,-2.881021,DELIVERED,35,CLEAR,LOW
9514,2026-01-18 12:34:34,43.09,3,17,16,43.211601,-2.896089,DELIVERED,32,CLEAR,MEDIUM
9515,2026-01-05 22:23:13,73.94,4,37,26,43.263579,-2.925618,DELIVERED,9,CLEAR,HIGH
9516,2026-01-28 23:53:33,88.79,5,32,17,43.26309,-2.90411,DELIVERED,23,CLEAR,LOW
9517,2026-01-05 14:14:31,73.96,4,34,18,43.232839,-2.970365,DELIVERED,18,RAIN,MEDIUM
9518,2026-01-31 12:14:10,53.64,4,12,19,43.273527,-2.927912,DELIVERED,17,CLEAR,LOW
9519,2026-01-27 23:06:42,20.12,2,16,19,43.202799,-2.88716,DELIVERED,47,CLEAR,MEDIUM
9520,2026-01-15 22:28:13,14.86,1,17,19,43.28231,-2.929776,DELIVERED,8,CLEAR,HIGH
9521,2026-01-28 21:17:12,45.25,5,19,27,43.212809,-2.903733,DELIVERED,7,CLEAR,HIGH
9522,2026-01-17 15:00:36,56.77,4,16,14,43.232492,-2.896417,DELIVERED,39,CLEAR,LOW
9523,2026-01-26 22:01:50,110.09,6,38,16,43.246034,-2.956069,DELIVERED,23,CLEAR,HIGH
9524,2026-01-26 18:12:13,49.46,5,9,18,43.268579,-2.919674,DELIVERED,15,CLEAR,LOW
9525,2026-01-04 21:12:57,55.98,3,26,17,43.293024,-2.979714,DELIVERED,10,CLEAR,MEDIUM
9526,2026-01-17 21:27:36,27.32,2,27,22,43.234739,-2.90422,DELIVERED,39,CLEAR,HIGH
9527,2026-01-26 14:44:54,72.87,4,24,21,43.289116,-2.95483,DELIVERED,10,CLEAR,MEDIUM
9528,2026-01-08 22:21:36,63.18,5,24,16,43.238119,-2.979591,DELIVERED,11,CLEAR,MEDIUM
9529,2026-01-15 20:27:50,19.45,1,24,13,43.239153,-2.938702,DELIVERED,10,CLEAR,LOW
9530,2026-01-10 01:39:55,38.52,3,18,17,43.211891,-2.985735,DELIVERED,17,CLEAR,MEDIUM
9531,2026-01-21 12:55:34,16.71,2,15,20,43.270327,-2.979958,DELIVERED,16,CLEAR,MEDIUM
9532,2026-01-14 06:46:42,40.43,2,19,17,43.241063,-2.968927,DELIVERED,6,CLEAR,LOW
9533,2026-01-21 19:12:04,16.41,1,17,20,43.26158,-2.895435,DELIVERED,8,WIND,LOW
9534,2026-01-08 03:38:49,52.05,4,16,20,43.278267,-2.969554,DELIVERED,11,CLEAR,LOW
9535,2026-01-14 15:54:03,47.38,5,15,31,43.20277,-2.904983,DELIVERED,7,RAIN,HIGH
9536,2026-01-23 22:53:24,70.11,6,29,18,43.271903,-2.952426,DELIVERED,24,CLEAR,MEDIUM
9537,2026-01-22 23:31:35,24.2,2,17,19,43.278866,-2.900987,DELIVERED,40,CLEAR,LOW
9538,2026-01-23 12:27:04,57.62,4,19,17,43.225406,-2.903948,DELIVERED,32,RAIN,LOW
9539,2026-01-12 04:45:17,35.23,3,26,25,43.215757,-2.924864,DELIVERED,2,RAIN,LOW
9540,2026-01-05 20:46:28,13.47,1,22,23,43.228912,-2.894451,CANCELLED,13,CLEAR,HIGH
9541,2026-01-08 14:49:15,37.28,4,15,18,43.273298,-2.982878,DELIVERED,43,CLEAR,HIGH
9542,2026-01-22 22:26:29,29.56,3,23,21,43.290589,-2.976371,DELIVERED,37,CLEAR,HIGH
9543,2026-01-24 05:55:48,73.18,5,16,23,43.237734,-2.89599,DELIVERED,32,CLEAR,MEDIUM
9544,2026-01-30 20:06:18,55.37,6,10,27,43.228357,-2.92711,DELIVERED,43,WIND,HIGH
9545,2026-01-08 15:24:27,76.98,4,19,14,43.2433,-2.907108,DELIVERED,10,CLEAR,MEDIUM
9546,2026-01-20 22:04:22,44.87,3,27,28,43.286704,-2.961952,DELIVERED,38,WIND,HIGH
9547,2026-01-19 09:15:49,9.01,1,8,13,43.28297,-2.890023,DELIVERED,49,CLEAR,LOW
9548,2026-01-19 15:39:20,76.34,4,32,22,43.249284,-2.921668,DELIVERED,18,CLEAR,HIGH
9549,2026-01-11 13:02:55,64.87,6,25,21,43.218361,-2.880554,DELIVERED,20,CLEAR,HIGH
9550,2026-01-21 02:24:44,51.35,4,14,23,43.290872,-2.93361,DELIVERED,42,RAIN,LOW
9551,2026-01-17 16:52:47,55.2,3,21,20,43.275381,-2.987993,DELIVERED,6,CLEAR,LOW
9552,2026-01-17 19:03:53,59.99,4,16,20,43.265788,-2.922539,DELIVERED,32,WIND,LOW
9553,2026-01-05 09:29:58,75.98,5,27,10,43.286185,-2.898585,DELIVERED,12,CLEAR,LOW
9554,2026-01-29 14:15:55,46.32,4,24,24,43.23054,-2.936813,DELIVERED,5,WIND,HIGH
9555,2026-01-14 11:31:46,37.11,4,13,11,43.212459,-2.884004,DELIVERED,50,CLEAR,LOW
9556,2026-01-26 09:07:34,39.4,2,27,10,43.210754,-2.941953,CANCELLED,18,CLEAR,LOW
9557,2026-01-12 20:53:43,18.04,1,20,16,43.210195,-2.917337,DELIVERED,32,CLEAR,LOW
9558,2026-01-14 20:50:17,87.91,6,17,17,43.260458,-2.972057,DELIVERED,13,CLEAR,MEDIUM
9559,2026-01-23 12:13:21,15.8,1,21,26,43.264487,-2.934772,DELIVERED,38,RAIN,HIGH
9560,2026-01-15 22:48:40,14.38,1,31,22,43.203217,-2.923808,DELIVERED,25,CLEAR,MEDIUM
9561,2026-01-31 11:54:54,77.12,6,11,25,43.204171,-2.970366,DELIVERED,27,CLEAR,HIGH
9562,2026-01-23 14:07:40,13.34,1,31,32,43.200954,-2.952462,DELIVERED,13,RAIN,HIGH
9563,2026-01-29 21:29:30,28.74,3,22,34,43.295022,-2.921156,DELIVERED,4,RAIN,HIGH
9564,2026-01-12 02:58:10,69.49,5,19,24,43.244308,-2.969179,DELIVERED,46,RAIN,LOW
9565,2026-01-25 21:33:55,40.82,4,19,15,43.299331,-2.941881,DELIVERED,19,CLEAR,MEDIUM
9566,2026-01-12 21:32:06,22.66,2,15,28,43.284642,-2.954386,DELIVERED,15,CLEAR,HIGH
9567,2026-01-10 07:46:29,36.75,4,17,21,43.297523,-2.989569,DELIVERED,16,CLEAR,MEDIUM
9568,2026-01-22 13:32:19,40.91,3,30,27,43.201304,-2.896751,CANCELLED,14,RAIN,MEDIUM
9569,2026-01-19 05:18:40,36.67,4,14,11,43.219297,-2.959228,DELIVERED,31,CLEAR,LOW
9570,2026-01-19 13:38:01,62.52,5,24,27,43.203666,-2.914065,DELIVERED,5,CLEAR,HIGH
9571,2026-01-21 21:23:55,72.2,4,34,23,43.211745,-2.987757,DELIVERED,10,RAIN,MEDIUM
9572,2026-01-20 13:50:42,34.25,3,21,29,43.283457,-2.975518,DELIVERED,45,CLEAR,HIGH
9573,2026-01-21 15:26:03,72.67,4,27,16,43.297845,-2.973931,DELIVERED,33,CLEAR,MEDIUM
9574,2026-01-16 03:02:30,36.93,3,17,22,43.210982,-2.939796,DELIVERED,40,CLEAR,MEDIUM
9575,2026-01-01 22:28:11,57.58,6,20,33,43.21837,-2.918483,DELIVERED,49,RAIN,HIGH
9576,2026-01-13 23:02:48,28.58,3,13,21,43.294222,-2.96323,DELIVERED,47,RAIN,LOW
9577,2026-01-16 22:47:52,14.64,1,22,31,43.296348,-2.907081,DELIVERED,19,RAIN,HIGH
9578,2026-01-26 20:20:49,113.82,6,26,20,43.273108,-2.964004,DELIVERED,33,CLEAR,LOW
9579,2026-01-11 19:52:49,38.69,4,19,25,43.203709,-2.882618,DELIVERED,4,WIND,MEDIUM
9580,2026-01-06 13:15:48,45.83,3,22,23,43.237917,-2.89729,DELIVERED,1,CLEAR,HIGH
9581,2026-01-08 22:02:35,58.97,5,21,29,43.222027,-2.904349,DELIVERED,35,RAIN,MEDIUM
9582,2026-01-05 07:11:42,18.7,2,16,11,43.245275,-2.924809,DELIVERED,4,CLEAR,LOW
9583,2026-01-25 10:32:58,82.92,6,14,19,43.250875,-2.910379,DELIVERED,27,CLEAR,MEDIUM
9584,2026-01-16 00:04:37,72.28,4,32,22,43.225637,-2.885146,DELIVERED,18,RAIN,MEDIUM
9585,2026-01-29 22:22:23,42.07,4,22,20,43.26389,-2.938355,DELIVERED,44,CLEAR,HIGH
9586,2026-01-13 14:47:51,28.41,3,17,25,43.201598,-2.93328,DELIVERED,30,WIND,HIGH
9587,2026-01-08 21:42:40,72.55,5,26,27,43.241652,-2.974575,DELIVERED,25,RAIN,MEDIUM
9588,2026-01-23 20:17:54,94.69,5,30,21,43.221057,-2.952585,DELIVERED,9,WIND,HIGH
9589,2026-01-13 13:24:29,55.38,3,39,13,43.265711,-2.92158,DELIVERED,33,CLEAR,MEDIUM
9590,2026-01-10 22:14:58,17.86,1,29,26,43.267018,-2.899437,DELIVERED,45,CLEAR,HIGH
9591,2026-01-31 22:31:34,70.6,5,23,32,43.292826,-2.916511,CANCELLED,11,RAIN,HIGH
9592,2026-01-11 21:43:27,40.61,2,33,25,43.259482,-2.936648,DELIVERED,28,WIND,HIGH
9593,2026-01-23 12:36:08,74.31,5,22,22,43.272238,-2.952594,DELIVERED,48,RAIN,MEDIUM
9594,2026-01-28 00:00:12,54.16,3,27,15,43.203144,-2.9399,DELIVERED,9,CLEAR,LOW
9595,2026-01-21 21:58:20,31.77,3,23,20,43.247084,-2.885802,DELIVERED,49,CLEAR,HIGH
9596,2026-01-29 13:17:18,21.03,2,14,27,43.237216,-2.946357,DELIVERED,43,CLEAR,HIGH
9597,2026-01-14 13:09:15,13.02,1,18,21,43.241337,-2.948403,DELIVERED,37,CLEAR,MEDIUM
9598,2026-01-29 21:30:01,45.19,5,18,17,43.294047,-2.902028,DELIVERED,49,CLEAR,MEDIUM
9599,2026-01-17 23:39:12,52.88,3,31,18,43.220927,-2.91752,DELIVERED,18,CLEAR,LOW
9600,2026-01-14 17:21:14,73.43,4,22,13,43.275414,-2.96101,DELIVERED,28,CLEAR,LOW
9601,2026-01-08 14:25:38,20.0,2,21,18,43.27528,-2.943651,DELIVERED,4,CLEAR,HIGH
9602,2026-01-18 12:04:00,56.56,3,30,14,43.261463,-2.958982,DELIVERED,18,CLEAR,MEDIUM
9603,2026-01-26 21:32:31,52.58,4,25,28,43.289345,-2.954926,DELIVERED,42,CLEAR,HIGH
9604,2026-01-14 21:44:52,40.09,3,23,13,43.226182,-2.90621,DELIVERED,5,CLEAR,MEDIUM
9605,2026-01-20 01:25:39,73.28,6,19,15,43.224503,-2.958707,DELIVERED,3,RAIN,LOW
9606,2026-01-23 23:20:15,54.56,4,11,13,43.20124,-2.945244,DELIVERED,27,CLEAR,LOW
9607,2026-01-22 00:41:36,37.79,3,18,14,43.297972,-2.924753,DELIVERED,38,CLEAR,LOW
9608,2026-01-10 12:14:31,29.58,3,11,12,43.245457,-2.977497,DELIVERED,43,CLEAR,LOW
9609,2026-01-02 22:34:57,28.14,2,27,17,43.293379,-2.989017,DELIVERED,25,CLEAR,MEDIUM
9610,2026-01-03 13:26:38,24.8,2,33,16,43.270703,-2.945418,DELIVERED,22,CLEAR,MEDIUM
9611,2026-01-29 22:19:19,48.25,5,21,21,43.240451,-2.933819,DELIVERED,47,RAIN,HIGH
9612,2026-01-01 12:52:49,55.16,4,20,19,43.201094,-2.989822,DELIVERED,38,CLEAR,MEDIUM
9613,2026-01-19 09:41:39,16.7,1,14,19,43.237864,-2.900294,DELIVERED,40,CLEAR,MEDIUM
9614,2026-01-20 22:26:19,109.56,6,25,23,43.288977,-2.895941,DELIVERED,6,WIND,MEDIUM
9615,2026-01-07 22:32:15,32.84,3,21,28,43.232704,-2.886239,DELIVERED,31,CLEAR,HIGH
9616,2026-01-30 02:05:48,111.42,6,24,27,43.227113,-2.891962,DELIVERED,36,RAIN,HIGH
9617,2026-01-27 21:19:34,56.31,3,37,17,43.255551,-2.907967,DELIVERED,23,RAIN,MEDIUM
9618,2026-01-09 01:56:05,46.95,5,10,15,43.275652,-2.962209,DELIVERED,50,CLEAR,LOW
9619,2026-01-18 15:57:54,55.78,5,9,12,43.258842,-2.915196,DELIVERED,15,CLEAR,LOW
9620,2026-01-09 14:23:50,32.5,2,25,28,43.288695,-2.975624,DELIVERED,13,CLEAR,HIGH
9621,2026-01-16 22:25:39,23.81,2,27,23,43.243528,-2.899435,DELIVERED,40,CLEAR,HIGH
9622,2026-01-26 15:35:05,64.2,5,14,16,43.294937,-2.897374,DELIVERED,8,CLEAR,LOW
9623,2026-01-15 05:36:42,31.76,2,13,25,43.279093,-2.91062,CANCELLED,17,RAIN,MEDIUM
9624,2026-01-20 20:47:07,52.76,4,17,12,43.267571,-2.9513,DELIVERED,42,CLEAR,LOW
9625,2026-01-30 13:18:04,86.48,6,22,23,43.298946,-2.965622,DELIVERED,25,CLEAR,MEDIUM
9626,2026-01-24 14:14:47,21.23,1,37,21,43.245726,-2.892487,DELIVERED,9,CLEAR,HIGH
9627,2026-01-06 22:15:11,10.08,1,14,34,43.202196,-2.979099,DELIVERED,30,RAIN,HIGH
9628,2026-01-27 00:52:26,65.6,6,16,19,43.297428,-2.966788,DELIVERED,19,CLEAR,MEDIUM
9629,2026-01-27 22:25:20,29.39,2,22,19,43.200523,-2.985899,DELIVERED,17,CLEAR,MEDIUM
9630,2026-01-11 10:22:59,27.03,3,12,25,43.252741,-2.904381,DELIVERED,37,RAIN,LOW
9631,2026-01-27 20:15:17,37.09,4,17,26,43.211833,-2.924193,DELIVERED,31,CLEAR,HIGH
9632,2026-01-06 22:49:52,44.27,5,20,26,43.284045,-2.890697,DELIVERED,7,CLEAR,HIGH
9633,2026-01-01 14:53:31,77.55,6,27,19,43.209128,-2.909468,DELIVERED,11,CLEAR,MEDIUM
9634,2026-01-31 22:01:03,18.45,1,32,22,43.257025,-2.944956,DELIVERED,10,CLEAR,MEDIUM
9635,2026-01-20 23:10:36,31.44,2,15,15,43.210145,-2.941066,DELIVERED,11,CLEAR,MEDIUM
9636,2026-01-12 21:24:10,64.5,5,24,27,43.236022,-2.94016,DELIVERED,5,RAIN,MEDIUM
9637,2026-01-19 12:53:38,65.55,6,14,11,43.257126,-2.95386,DELIVERED,30,CLEAR,LOW
9638,2026-01-25 21:08:26,27.23,3,24,24,43.22479,-2.911134,DELIVERED,31,CLEAR,HIGH
9639,2026-01-04 15:57:39,42.1,3,18,13,43.20291,-2.924333,DELIVERED,25,CLEAR,MEDIUM
9640,2026-01-13 21:47:57,13.72,1,26,17,43.289914,-2.901646,DELIVERED,45,WIND,MEDIUM
9641,2026-01-08 12:58:23,49.34,5,11,20,43.253445,-2.939098,DELIVERED,41,CLEAR,LOW
9642,2026-01-08 23:50:57,10.21,1,7,12,43.27344,-2.944934,DELIVERED,50,CLEAR,LOW
9643,2026-01-22 15:43:53,35.51,4,7,14,43.291162,-2.973357,DELIVERED,50,CLEAR,LOW
9644,2026-01-13 12:33:49,53.13,6,12,13,43.223588,-2.928021,DELIVERED,7,CLEAR,LOW
9645,2026-01-17 23:41:59,35.31,3,15,24,43.257815,-2.932444,DELIVERED,47,RAIN,MEDIUM
9646,2026-01-01 22:14:07,47.21,4,28,26,43.2777,-2.899123,DELIVERED,22,RAIN,MEDIUM
9647,2026-01-06 13:41:28,40.59,4,21,21,43.26348,-2.960945,DELIVERED,7,CLEAR,HIGH
9648,2026-01-03 23:46:01,47.27,3,23,20,43.291083,-2.938559,DELIVERED,12,CLEAR,LOW
9649,2026-01-21 22:29:28,64.32,5,35,27,43.290717,-2.899842,DELIVERED,2,CLEAR,HIGH
9650,2026-01-22 14:30:02,43.25,5,24,30,43.2962,-2.905283,DELIVERED,16,CLEAR,HIGH
9651,2026-01-14 20:37:35,56.54,3,30,21,43.247951,-2.964945,DELIVERED,33,CLEAR,MEDIUM
9652,2026-01-17 18:23:14,45.29,5,13,22,43.207548,-2.909756,DELIVERED,16,WIND,MEDIUM
9653,2026-01-29 12:18:34,57.26,4,16,23,43.235714,-2.905074,DELIVERED,42,RAIN,LOW
9654,2026-01-20 23:39:26,113.36,6,31,23,43.236427,-2.972806,DELIVERED,23,RAIN,MEDIUM
9655,2026-01-26 21:36:32,56.46,4,19,22,43.248584,-2.915884,DELIVERED,8,CLEAR,HIGH
9656,2026-01-29 11:24:43,52.12,3,28,20,43.260298,-2.908984,DELIVERED,33,CLEAR,MEDIUM
9657,2026-01-09 20:50:10,22.36,2,12,17,43.265882,-2.886387,DELIVERED,47,CLEAR,LOW
9658,2026-01-29 21:44:07,49.9,4,23,26,43.210437,-2.919492,DELIVERED,35,CLEAR,HIGH
9659,2026-01-10 13:23:26,23.97,2,23,23,43.226387,-2.930009,DELIVERED,20,CLEAR,MEDIUM
9660,2026-01-23 12:12:52,40.14,2,24,10,43.27886,-2.922914,DELIVERED,10,CLEAR,LOW
9661,2026-01-31 07:35:51,15.69,1,16,11,43.262447,-2.953965,DELIVERED,1,CLEAR,LOW
9662,2026-01-08 22:42:51,30.89,2,28,19,43.245608,-2.891172,DELIVERED,38,CLEAR,MEDIUM
9663,2026-01-25 11:49:45,61.33,6,21,18,43.219455,-2.954959,DELIVERED,19,CLEAR,MEDIUM
9664,2026-01-24 15:06:32,39.21,4,14,18,43.29238,-2.910492,DELIVERED,16,CLEAR,LOW
9665,2026-01-30 21:59:13,29.94,2,30,24,43.235639,-2.96664,DELIVERED,38,CLEAR,HIGH
9666,2026-01-31 14:05:03,76.51,6,25,23,43.260535,-2.91658,DELIVERED,45,RAIN,HIGH
9667,2026-01-13 21:21:53,8.87,1,17,28,43.281707,-2.910655,DELIVERED,37,RAIN,HIGH
9668,2026-01-14 14:06:03,39.25,4,18,25,43.272333,-2.97318,DELIVERED,7,WIND,HIGH
9669,2026-01-29 04:17:12,70.95,6,14,14,43.279474,-2.90917,DELIVERED,3,CLEAR,MEDIUM
9670,2026-01-21 14:19:30,39.18,2,29,22,43.238285,-2.894258,DELIVERED,36,RAIN,HIGH
9671,2026-01-05 20:19:49,73.81,6,15,13,43.253808,-2.903932,DELIVERED,3,CLEAR,LOW
9672,2026-01-26 18:46:25,72.98,4,27,21,43.223206,-2.956389,DELIVERED,28,CLEAR,HIGH
9673,2026-01-11 16:28:51,22.48,2,16,14,43.246283,-2.944506,DELIVERED,35,CLEAR,MEDIUM
9674,2026-01-02 22:33:12,36.96,4,23,19,43.253485,-2.925694,DELIVERED,37,CLEAR,HIGH
9675,2026-01-18 15:29:36,41.49,3,19,23,43.233461,-2.898664,DELIVERED,1,RAIN,MEDIUM
9676,2026-01-11 12:16:22,22.03,2,11,15,43.29244,-2.965615,DELIVERED,16,CLEAR,LOW
9677,2026-01-05 15:11:37,24.0,2,15,20,43.245073,-2.884695,DELIVERED,5,CLEAR,LOW
9678,2026-01-05 20:43:07,20.75,2,15,24,43.243686,-2.980175,DELIVERED,41,CLEAR,HIGH
9679,2026-01-24 22:33:11,73.7,6,28,18,43.261331,-2.89674,DELIVERED,45,CLEAR,MEDIUM
9680,2026-01-13 04:24:45,28.25,2,10,12,43.264924,-2.9346,DELIVERED,27,CLEAR,LOW
9681,2026-01-30 02:34:29,13.44,1,22,23,43.25511,-2.918763,DELIVERED,26,RAIN,LOW
9682,2026-01-05 15:10:38,10.1,1,18,24,43.277522,-2.975261,CANCELLED,35,CLEAR,HIGH
9683,2026-01-17 02:54:52,62.15,5,21,16,43.207122,-2.936914,DELIVERED,5,CLEAR,MEDIUM
9684,2026-01-31 21:53:07,52.42,4,18,27,43.218738,-2.92076,DELIVERED,8,WIND,HIGH
9685,2026-01-21 15:15:26,47.68,5,13,11,43.294351,-2.935783,DELIVERED,43,CLEAR,LOW
9686,2026-01-14 23:11:44,53.93,6,9,20,43.232947,-2.890785,DELIVERED,37,RAIN,MEDIUM
9687,2026-01-10 09:47:00,90.6,5,22,12,43.269976,-2.927657,DELIVERED,6,CLEAR,LOW
9688,2026-01-12 01:48:39,58.6,4,18,17,43.289475,-2.919552,DELIVERED,32,CLEAR,LOW
9689,2026-01-12 14:41:43,112.88,6,37,14,43.229207,-2.956058,DELIVERED,23,CLEAR,MEDIUM
9690,2026-01-31 22:45:17,10.18,1,22,20,43.229822,-2.96245,DELIVERED,16,RAIN,MEDIUM
9691,2026-01-30 07:32:02,70.41,5,20,22,43.20645,-2.951839,DELIVERED,11,CLEAR,MEDIUM
9692,2026-01-03 19:44:25,61.19,5,23,13,43.299423,-2.954289,DELIVERED,22,CLEAR,LOW
9693,2026-01-21 19:30:31,27.21,2,15,10,43.284157,-2.918955,DELIVERED,11,CLEAR,LOW
9694,2026-01-18 21:49:43,11.8,1,23,27,43.266991,-2.930067,DELIVERED,46,CLEAR,HIGH
9695,2026-01-12 14:22:15,15.38,1,18,24,43.294844,-2.935681,DELIVERED,20,RAIN,MEDIUM
9696,2026-01-11 21:29:14,22.66,2,19,34,43.216421,-2.883519,DELIVERED,7,RAIN,HIGH
9697,2026-01-17 20:37:21,38.34,3,21,15,43.202234,-2.89978,CANCELLED,5,WIND,LOW
9698,2026-01-16 23:17:54,65.31,5,14,14,43.223254,-2.89025,DELIVERED,3,CLEAR,LOW
9699,2026-01-02 12:59:42,11.49,1,19,31,43.293614,-2.973468,DELIVERED,46,WIND,HIGH
9700,2026-01-13 23:57:50,54.25,5,14,18,43.259911,-2.914112,DELIVERED,44,RAIN,MEDIUM
9701,2026-01-27 21:32:24,26.22,2,22,23,43.259518,-2.978065,DELIVERED,5,CLEAR,HIGH
9702,2026-01-04 21:11:11,43.27,3,30,18,43.214315,-2.929945,DELIVERED,32,CLEAR,HIGH
9703,2026-01-05 15:11:57,25.84,2,15,22,43.290598,-2.892041,DELIVERED,40,WIND,LOW
9704,2026-01-10 23:50:11,79.82,6,15,14,43.206658,-2.932531,DELIVERED,42,CLEAR,LOW
9705,2026-01-23 09:35:52,71.07,4,20,12,43.280162,-2.952294,DELIVERED,6,CLEAR,LOW
9706,2026-01-14 14:46:03,19.86,2,25,19,43.213405,-2.972784,DELIVERED,31,CLEAR,MEDIUM
9707,2026-01-10 15:48:57,68.92,5,20,12,43.234743,-2.880858,DELIVERED,1,CLEAR,LOW
9708,2026-01-14 19:53:48,75.09,6,21,23,43.271856,-2.928607,CANCELLED,45,CLEAR,MEDIUM
9709,2026-01-24 08:19:36,61.71,5,14,16,43.289959,-2.907103,CANCELLED,35,CLEAR,MEDIUM
9710,2026-01-15 13:13:38,34.61,3,23,27,43.277779,-2.96818,CANCELLED,35,CLEAR,HIGH
9711,2026-01-04 23:25:47,45.16,5,11,18,43.266905,-2.930395,DELIVERED,49,CLEAR,LOW
9712,2026-01-18 06:36:02,17.97,1,29,20,43.275275,-2.986232,DELIVERED,2,CLEAR,MEDIUM
9713,2026-01-10 14:01:28,50.5,5,27,17,43.221744,-2.97776,DELIVERED,26,CLEAR,MEDIUM
9714,2026-01-17 14:28:03,30.08,3,17,30,43.266498,-2.93584,DELIVERED,49,RAIN,HIGH
9715,2026-01-05 12:00:36,13.52,1,14,21,43.275926,-2.951907,DELIVERED,47,RAIN,LOW
9716,2026-01-06 13:11:56,52.6,4,23,23,43.219574,-2.958065,DELIVERED,35,WIND,MEDIUM
9717,2026-01-27 12:25:30,17.39,1,16,20,43.268257,-2.908883,DELIVERED,8,RAIN,MEDIUM
9718,2026-01-01 10:26:29,52.93,6,16,14,43.289944,-2.904552,DELIVERED,16,CLEAR,MEDIUM
9719,2026-01-19 14:54:51,8.78,1,20,29,43.254119,-2.978568,DELIVERED,43,RAIN,HIGH
9720,2026-01-17 02:09:58,59.67,6,13,22,43.231932,-2.886565,DELIVERED,50,WIND,MEDIUM
9721,2026-01-03 20:51:43,64.05,5,13,14,43.284057,-2.986329,DELIVERED,17,WIND,LOW
9722,2026-01-03 22:26:55,49.39,5,20,27,43.209395,-2.962768,DELIVERED,37,CLEAR,HIGH
9723,2026-01-21 16:03:20,46.95,4,29,18,43.211734,-2.893357,DELIVERED,2,CLEAR,HIGH
9724,2026-01-28 14:56:49,39.66,2,34,28,43.277956,-2.93819,DELIVERED,23,RAIN,HIGH
9725,2026-01-11 23:15:10,37.72,4,11,18,43.299362,-2.979272,DELIVERED,49,CLEAR,LOW
9726,2026-01-11 01:42:47,15.62,1,28,18,43.240387,-2.973149,DELIVERED,2,CLEAR,MEDIUM
9727,2026-01-24 04:58:19,27.12,2,14,17,43.236304,-2.900407,DELIVERED,35,CLEAR,HIGH
9728,2026-01-26 07:05:10,110.99,6,25,19,43.293466,-2.966667,DELIVERED,6,WIND,LOW
9729,2026-01-02 23:24:50,41.29,3,19,18,43.236959,-2.988804,DELIVERED,11,CLEAR,MEDIUM
9730,2026-01-18 13:32:47,56.89,6,25,23,43.201343,-2.929489,DELIVERED,31,CLEAR,MEDIUM
9731,2026-01-20 19:38:48,25.74,3,11,22,43.221737,-2.918498,DELIVERED,16,CLEAR,MEDIUM
9732,2026-01-19 00:53:23,32.06,3,19,13,43.211478,-2.951915,DELIVERED,21,CLEAR,LOW
9733,2026-01-30 21:24:00,37.5,3,25,22,43.243742,-2.960223,DELIVERED,3,CLEAR,MEDIUM
9734,2026-01-02 23:04:09,36.93,2,24,23,43.234617,-2.924698,DELIVERED,10,CLEAR,MEDIUM
9735,2026-01-06 22:13:47,20.56,2,21,22,43.210519,-2.95932,DELIVERED,21,CLEAR,HIGH
9736,2026-01-25 21:14:23,35.59,2,31,23,43.296251,-2.894347,CANCELLED,33,CLEAR,HIGH
9737,2026-01-15 22:20:37,113.9,6,34,23,43.220824,-2.898669,DELIVERED,9,RAIN,MEDIUM
9738,2026-01-24 12:03:20,40.08,3,20,10,43.214543,-2.915719,DELIVERED,5,CLEAR,LOW
9739,2026-01-18 13:32:38,54.29,3,38,24,43.226212,-2.94359,DELIVERED,18,CLEAR,MEDIUM
9740,2026-01-30 02:15:20,72.4,4,28,21,43.20371,-2.97872,DELIVERED,18,CLEAR,MEDIUM
9741,2026-01-17 16:40:23,62.36,5,19,21,43.207556,-2.949311,DELIVERED,40,WIND,LOW
9742,2026-01-14 23:46:40,30.21,2,13,18,43.236285,-2.909872,DELIVERED,42,CLEAR,LOW
9743,2026-01-18 10:21:43,26.96,2,15,22,43.298977,-2.960995,DELIVERED,3,CLEAR,MEDIUM
9744,2026-01-27 07:39:16,7.43,1,19,22,43.288445,-2.943218,DELIVERED,21,CLEAR,MEDIUM
9745,2026-01-25 14:12:11,84.29,6,20,23,43.232099,-2.931331,DELIVERED,25,CLEAR,MEDIUM
9746,2026-01-20 22:44:16,64.52,5,15,28,43.277579,-2.934054,DELIVERED,17,RAIN,HIGH
9747,2026-01-03 22:27:30,62.33,6,27,29,43.281304,-2.947165,DELIVERED,41,CLEAR,HIGH
9748,2026-01-18 07:13:43,55.63,3,31,25,43.219759,-2.942453,DELIVERED,23,RAIN,LOW
9749,2026-01-11 22:29:15,76.04,6,24,23,43.21653,-2.911037,DELIVERED,5,CLEAR,HIGH
9750,2026-01-06 13:34:26,11.02,1,25,20,43.294922,-2.887424,DELIVERED,35,WIND,HIGH
9751,2026-01-15 13:46:31,19.52,2,22,31,43.210828,-2.925939,DELIVERED,26,RAIN,MEDIUM
9752,2026-01-28 13:39:58,59.5,3,27,21,43.227956,-2.93775,DELIVERED,28,CLEAR,HIGH
9753,2026-01-09 22:01:08,51.95,4,26,36,43.223392,-2.898009,DELIVERED,8,RAIN,HIGH
9754,2026-01-26 14:55:30,9.63,1,21,19,43.299078,-2.945721,DELIVERED,30,CLEAR,HIGH
9755,2026-01-19 12:20:55,61.53,6,11,15,43.244047,-2.910726,DELIVERED,30,CLEAR,MEDIUM
9756,2026-01-20 22:30:24,91.1,5,24,23,43.259252,-2.910551,DELIVERED,6,CLEAR,HIGH
9757,2026-01-21 09:29:52,55.59,4,10,22,43.251688,-2.952178,DELIVERED,27,RAIN,LOW
9758,2026-01-10 08:35:54,53.71,5,12,11,43.226619,-2.915205,DELIVERED,30,CLEAR,LOW
9759,2026-01-11 21:17:24,41.88,3,27,24,43.264538,-2.964163,DELIVERED,38,CLEAR,HIGH
9760,2026-01-29 07:41:42,15.66,1,15,17,43.260503,-2.925295,DELIVERED,30,CLEAR,LOW
9761,2026-01-27 15:49:54,90.97,5,28,26,43.20867,-2.922312,DELIVERED,18,RAIN,LOW
9762,2026-01-05 20:03:30,49.82,5,10,20,43.291355,-2.955626,DELIVERED,49,CLEAR,LOW
9763,2026-01-18 16:46:57,73.59,6,20,17,43.268021,-2.974045,DELIVERED,34,CLEAR,MEDIUM
9764,2026-01-12 13:11:23,70.46,5,27,19,43.245149,-2.933752,DELIVERED,46,CLEAR,HIGH
9765,2026-01-23 13:52:48,54.82,4,23,19,43.220126,-2.886328,DELIVERED,42,CLEAR,MEDIUM
9766,2026-01-17 17:12:38,13.54,1,14,17,43.226561,-2.893491,DELIVERED,17,CLEAR,LOW
9767,2026-01-28 20:36:53,15.28,1,24,20,43.270294,-2.936899,DELIVERED,22,CLEAR,LOW
9768,2026-01-08 22:07:48,8.4,1,16,32,43.235752,-2.886846,DELIVERED,30,RAIN,HIGH
9769,2026-01-15 13:24:22,62.24,5,18,23,43.273905,-2.915465,DELIVERED,5,CLEAR,HIGH
9770,2026-01-13 21:09:27,88.82,6,31,27,43.227481,-2.915925,DELIVERED,48,RAIN,HIGH
9771,2026-01-03 21:49:13,30.0,3,21,27,43.219285,-2.943346,DELIVERED,21,WIND,HIGH
9772,2026-01-20 13:56:06,28.28,2,28,31,43.248605,-2.900914,DELIVERED,17,CLEAR,HIGH
9773,2026-01-01 22:54:00,12.62,1,25,26,43.226894,-2.925489,DELIVERED,39,CLEAR,HIGH
9774,2026-01-14 23:44:53,34.97,3,17,11,43.254225,-2.960382,DELIVERED,4,CLEAR,LOW
9775,2026-01-02 08:36:37,38.78,3,15,11,43.249741,-2.901704,DELIVERED,8,CLEAR,LOW
9776,2026-01-09 21:09:13,60.46,6,19,21,43.215179,-2.94959,DELIVERED,44,CLEAR,HIGH
9777,2026-01-30 21:59:48,28.16,3,16,35,43.273938,-2.930368,DELIVERED,49,RAIN,HIGH
9778,2026-01-28 23:11:59,95.95,5,33,26,43.24135,-2.980141,DELIVERED,23,CLEAR,HIGH
9779,2026-01-05 09:11:08,26.73,3,7,30,43.262691,-2.884329,DELIVERED,50,CLEAR,HIGH
9780,2026-01-04 19:00:01,7.49,1,10,27,43.204363,-2.952753,DELIVERED,49,CLEAR,HIGH
9781,2026-01-13 02:36:47,19.0,1,25,23,43.282086,-2.907924,DELIVERED,28,WIND,LOW
9782,2026-01-10 21:16:46,39.76,4,24,29,43.206833,-2.886614,DELIVERED,7,RAIN,MEDIUM
9783,2026-01-20 08:53:54,18.76,1,21,14,43.243437,-2.91572,DELIVERED,28,CLEAR,LOW
9784,2026-01-05 13:17:47,38.12,2,36,12,43.245346,-2.913071,DELIVERED,18,CLEAR,MEDIUM
9785,2026-01-18 00:35:52,40.44,2,34,12,43.28156,-2.889028,DELIVERED,23,CLEAR,LOW
9786,2026-01-10 07:43:09,9.32,1,12,23,43.235949,-2.940918,DELIVERED,44,RAIN,LOW
9787,2026-01-19 19:28:37,26.52,2,16,20,43.200615,-2.947221,DELIVERED,27,CLEAR,MEDIUM
9788,2026-01-29 13:29:39,68.92,5,29,22,43.218638,-2.892473,DELIVERED,48,RAIN,HIGH
9789,2026-01-29 01:30:07,44.41,4,13,21,43.222658,-2.970759,DELIVERED,41,RAIN,MEDIUM
9790,2026-01-01 20:52:05,38.14,3,20,19,43.250943,-2.96615,DELIVERED,39,CLEAR,MEDIUM
9791,2026-01-22 07:26:13,45.07,4,21,15,43.228382,-2.957676,DELIVERED,4,RAIN,LOW
9792,2026-01-04 00:47:09,76.18,6,14,16,43.260745,-2.953359,DELIVERED,46,CLEAR,LOW
9793,2026-01-25 03:35:44,32.71,3,13,27,43.230806,-2.938342,DELIVERED,43,WIND,MEDIUM
9794,2026-01-15 14:14:10,37.8,4,16,31,43.268568,-2.901655,DELIVERED,37,RAIN,HIGH
9795,2026-01-10 23:02:23,53.44,3,25,19,43.259249,-2.916377,DELIVERED,36,CLEAR,LOW
9796,2026-01-06 23:46:50,22.78,2,8,18,43.289916,-2.892035,DELIVERED,49,CLEAR,LOW
9797,2026-01-17 21:09:47,20.05,2,27,17,43.215743,-2.927419,DELIVERED,26,CLEAR,MEDIUM
9798,2026-01-09 13:11:18,55.76,3,28,23,43.26481,-2.938995,DELIVERED,28,CLEAR,HIGH
9799,2026-01-31 09:08:25,15.53,1,17,16,43.238852,-2.887674,DELIVERED,47,CLEAR,MEDIUM
9800,2026-01-10 20:15:13,43.74,4,12,29,43.254878,-2.959364,DELIVERED,15,RAIN,MEDIUM
9801,2026-01-28 21:31:05,39.12,4,18,18,43.204644,-2.92994,DELIVERED,49,CLEAR,MEDIUM
9802,2026-01-19 14:59:01,47.08,4,26,15,43.213069,-2.934438,DELIVERED,29,CLEAR,MEDIUM
9803,2026-01-27 01:55:52,79.02,6,18,18,43.233818,-2.9569,DELIVERED,46,CLEAR,MEDIUM
9804,2026-01-30 20:40:46,15.15,1,16,20,43.297914,-2.904235,DELIVERED,3,RAIN,LOW
9805,2026-01-30 22:12:24,89.5,6,24,25,43.252886,-2.882569,DELIVERED,13,CLEAR,HIGH
9806,2026-01-21 13:32:45,51.32,5,20,14,43.299086,-2.932989,DELIVERED,30,CLEAR,MEDIUM
9807,2026-01-13 22:07:04,38.86,3,20,19,43.206865,-2.910432,DELIVERED,8,CLEAR,MEDIUM
9808,2026-01-08 23:17:30,20.86,1,24,19,43.258346,-2.931133,DELIVERED,6,CLEAR,LOW
9809,2026-01-14 01:00:31,24.16,2,24,13,43.260693,-2.988674,DELIVERED,29,CLEAR,MEDIUM
9810,2026-01-30 05:43:05,47.69,3,21,30,43.260231,-2.954925,CANCELLED,13,RAIN,HIGH
9811,2026-01-27 19:18:48,17.64,1,16,11,43.293998,-2.951408,DELIVERED,40,CLEAR,LOW
9812,2026-01-01 15:00:21,87.05,6,15,23,43.237524,-2.958082,DELIVERED,1,RAIN,MEDIUM
9813,2026-01-03 22:28:46,25.86,3,16,30,43.241951,-2.916534,CANCELLED,50,CLEAR,HIGH
9814,2026-01-11 13:50:01,38.82,4,18,18,43.22328,-2.90365,DELIVERED,50,CLEAR,MEDIUM
9815,2026-01-01 15:04:01,20.35,2,9,16,43.259049,-2.954464,DELIVERED,43,CLEAR,LOW
9816,2026-01-28 13:54:11,65.8,5,21,27,43.222755,-2.962473,DELIVERED,17,RAIN,HIGH
9817,2026-01-27 16:42:50,50.75,4,21,15,43.239023,-2.880464,DELIVERED,45,RAIN,LOW
9818,2026-01-08 10:56:52,53.44,5,10,18,43.291647,-2.934791,CANCELLED,44,CLEAR,MEDIUM
9819,2026-01-03 21:53:25,84.3,6,28,22,43.231935,-2.985345,DELIVERED,32,CLEAR,HIGH
9820,2026-01-12 22:53:01,24.22,2,25,21,43.207367,-2.957594,CANCELLED,46,CLEAR,HIGH
9821,2026-01-31 22:58:28,9.07,1,21,17,43.259526,-2.970473,DELIVERED,7,CLEAR,MEDIUM
9822,2026-01-05 18:38:10,32.57,2,21,22,43.211693,-2.913818,DELIVERED,14,CLEAR,MEDIUM
9823,2026-01-07 11:50:45,42.82,3,20,21,43.214505,-2.901232,DELIVERED,25,WIND,LOW
9824,2026-01-20 13:04:43,10.55,1,13,26,43.208801,-2.90236,DELIVERED,15,RAIN,HIGH
9825,2026-01-20 03:00:13,49.9,4,29,26,43.226229,-2.881041,DELIVERED,22,RAIN,LOW
9826,2026-01-06 13:28:36,11.01,1,20,21,43.208472,-2.924027,DELIVERED,21,CLEAR,HIGH
9827,2026-01-17 20:52:48,109.72,6,27,17,43.205684,-2.925021,DELIVERED,33,WIND,MEDIUM
9828,2026-01-28 13:05:04,36.53,2,35,19,43.200689,-2.97663,DELIVERED,9,CLEAR,HIGH
9829,2026-01-15 20:19:40,40.84,2,25,14,43.211794,-2.945951,DELIVERED,36,CLEAR,MEDIUM
9830,2026-01-18 23:28:09,95.15,5,22,21,43.280944,-2.917535,DELIVERED,10,CLEAR,MEDIUM
9831,2026-01-19 22:35:45,29.32,3,19,26,43.269976,-2.922143,DELIVERED,15,CLEAR,HIGH
9832,2026-01-18 13:39:48,22.12,2,22,24,43.201698,-2.923475,DELIVERED,31,CLEAR,HIGH
9833,2026-01-18 09:12:17,13.93,1,12,11,43.285894,-2.925542,DELIVERED,43,CLEAR,LOW
9834,2026-01-03 22:08:57,32.9,3,26,19,43.293618,-2.961854,DELIVERED,26,CLEAR,MEDIUM
9835,2026-01-21 21:16:59,64.85,6,21,30,43.265725,-2.923037,CANCELLED,19,CLEAR,HIGH
9836,2026-01-01 10:49:53,60.44,6,12,20,43.202253,-2.912425,DELIVERED,20,CLEAR,LOW
9837,2026-01-03 17:07:49,22.15,2,20,14,43.293673,-2.924051,DELIVERED,19,CLEAR,MEDIUM
9838,2026-01-23 22:12:09,36.68,2,33,19,43.215099,-2.976701,DELIVERED,18,CLEAR,MEDIUM
9839,2026-01-15 14:34:26,77.68,6,20,26,43.256777,-2.926181,DELIVERED,27,CLEAR,HIGH
9840,2026-01-07 22:30:35,59.37,3,30,19,43.255958,-2.985265,DELIVERED,36,RAIN,MEDIUM
9841,2026-01-08 22:01:26,66.39,5,27,22,43.204711,-2.915573,DELIVERED,38,CLEAR,HIGH
9842,2026-01-29 12:17:35,39.68,4,17,15,43.268662,-2.88234,DELIVERED,31,CLEAR,LOW
9843,2026-01-07 22:34:08,77.58,6,21,19,43.207569,-2.978873,DELIVERED,5,CLEAR,MEDIUM
9844,2026-01-28 13:30:03,53.21,4,29,31,43.20285,-2.899594,DELIVERED,2,WIND,HIGH
9845,2026-01-29 13:29:14,17.53,2,14,17,43.24524,-2.947966,DELIVERED,49,CLEAR,MEDIUM
9846,2026-01-18 18:20:24,9.68,1,17,15,43.2325,-2.919497,DELIVERED,19,CLEAR,LOW
9847,2026-01-18 22:36:10,13.5,1,19,17,43.25284,-2.930389,DELIVERED,32,CLEAR,HIGH
9848,2026-01-19 22:16:33,43.68,3,25,24,43.233742,-2.935857,DELIVERED,48,WIND,HIGH
9849,2026-01-08 20:33:54,8.76,1,12,22,43.260516,-2.972401,CANCELLED,20,CLEAR,HIGH
9850,2026-01-16 21:49:20,41.52,3,21,27,43.254806,-2.98002,CANCELLED,35,WIND,HIGH
9851,2026-01-17 06:46:40,79.27,6,12,20,43.292365,-2.928541,DELIVERED,27,CLEAR,MEDIUM
9852,2026-01-17 23:50:06,62.77,5,19,19,43.251573,-2.97295,DELIVERED,3,CLEAR,MEDIUM
9853,2026-01-26 15:45:01,29.87,3,14,23,43.264987,-2.905121,DELIVERED,49,CLEAR,MEDIUM
9854,2026-01-23 13:31:06,59.69,6,23,27,43.229171,-2.915914,DELIVERED,31,WIND,HIGH
9855,2026-01-19 19:03:21,95.01,5,25,14,43.21451,-2.911777,DELIVERED,6,CLEAR,LOW
9856,2026-01-11 16:42:43,70.61,4,29,12,43.230187,-2.944135,DELIVERED,18,CLEAR,LOW
9857,2026-01-02 14:20:29,17.31,1,26,27,43.26091,-2.931633,CANCELLED,11,CLEAR,HIGH
9858,2026-01-25 23:27:06,45.03,3,27,20,43.267146,-2.97865,DELIVERED,14,CLEAR,LOW
9859,2026-01-14 06:19:20,40.95,3,16,20,43.289811,-2.978505,DELIVERED,38,CLEAR,LOW
9860,2026-01-29 12:07:46,66.69,5,22,20,43.240129,-2.97623,DELIVERED,39,CLEAR,LOW
9861,2026-01-30 21:15:24,58.48,3,36,16,43.28442,-2.911257,DELIVERED,23,CLEAR,MEDIUM
9862,2026-01-05 14:27:19,74.62,6,27,19,43.219695,-2.886324,DELIVERED,5,CLEAR,HIGH
9863,2026-01-25 11:25:00,18.74,2,22,27,43.207314,-2.972155,CANCELLED,26,RAIN,LOW
9864,2026-01-16 06:19:10,20.47,2,11,12,43.219639,-2.912283,DELIVERED,20,CLEAR,LOW
9865,2026-01-17 12:09:06,19.68,1,26,13,43.205901,-2.946799,DELIVERED,14,CLEAR,LOW
9866,2026-01-08 21:28:46,72.12,5,29,21,43.223156,-2.90315,DELIVERED,14,CLEAR,MEDIUM
9867,2026-01-04 10:58:09,53.9,4,19,14,43.22805,-2.891002,DELIVERED,38,CLEAR,LOW
9868,2026-01-02 23:21:36,34.78,3,16,16,43.221848,-2.95023,DELIVERED,4,WIND,LOW
9869,2026-01-03 22:21:28,77.06,4,36,19,43.253855,-2.950908,DELIVERED,33,CLEAR,MEDIUM
9870,2026-01-29 14:16:01,46.72,3,25,27,43.247415,-2.903793,DELIVERED,32,WIND,HIGH
9871,2026-01-06 21:30:31,48.27,4,22,26,43.217669,-2.908485,DELIVERED,35,CLEAR,HIGH
9872,2026-01-01 21:01:40,54.71,3,37,22,43.28811,-2.939072,DELIVERED,18,RAIN,HIGH
9873,2026-01-30 23:58:59,49.31,4,24,14,43.255487,-2.981228,DELIVERED,2,CLEAR,LOW
9874,2026-01-08 20:02:12,50.06,4,26,19,43.208532,-2.98755,DELIVERED,29,CLEAR,LOW
9875,2026-01-09 20:44:33,45.79,3,16,19,43.275426,-2.942426,DELIVERED,13,CLEAR,LOW
9876,2026-01-20 21:54:14,13.43,1,20,32,43.203466,-2.931221,CANCELLED,40,CLEAR,HIGH
9877,2026-01-29 20:19:22,42.04,3,23,21,43.285118,-2.93514,DELIVERED,48,WIND,LOW
9878,2026-01-15 22:25:01,63.53,5,24,22,43.227878,-2.914595,DELIVERED,46,CLEAR,HIGH
9879,2026-01-12 09:02:58,8.02,1,13,32,43.297999,-2.965521,DELIVERED,49,RAIN,MEDIUM
9880,2026-01-11 15:36:35,23.12,2,13,20,43.242556,-2.896556,DELIVERED,37,CLEAR,LOW
9881,2026-01-08 12:31:11,70.93,5,17,15,43.285489,-2.914901,DELIVERED,25,CLEAR,LOW
9882,2026-01-25 14:09:44,28.86,3,12,19,43.272288,-2.945206,DELIVERED,43,CLEAR,HIGH
9883,2026-01-22 14:33:28,15.32,1,32,23,43.200455,-2.957291,DELIVERED,22,CLEAR,MEDIUM
9884,2026-01-05 13:06:55,49.12,5,21,26,43.214589,-2.964165,DELIVERED,16,CLEAR,HIGH
9885,2026-01-20 12:08:11,62.25,6,18,22,43.273781,-2.941345,DELIVERED,47,RAIN,LOW
9886,2026-01-30 16:12:33,62.71,5,28,11,43.278662,-2.886684,DELIVERED,2,CLEAR,LOW
9887,2026-01-23 14:24:31,17.57,1,18,17,43.245816,-2.930817,DELIVERED,5,CLEAR,MEDIUM
9888,2026-01-15 22:35:04,14.67,1,27,21,43.219131,-2.899395,DELIVERED,25,WIND,HIGH
9889,2026-01-20 21:40:42,29.88,2,27,36,43.255086,-2.974966,DELIVERED,11,RAIN,HIGH
9890,2026-01-11 15:32:28,54.67,4,20,20,43.202462,-2.897653,DELIVERED,1,CLEAR,HIGH
9891,2026-01-01 21:11:56,29.96,2,26,25,43.284235,-2.909462,DELIVERED,39,WIND,HIGH
9892,2026-01-20 21:43:42,64.34,6,20,15,43.262867,-2.95973,DELIVERED,41,CLEAR,MEDIUM
9893,2026-01-25 21:42:20,47.33,4,29,24,43.205805,-2.934803,DELIVERED,24,WIND,HIGH
9894,2026-01-16 18:51:34,38.55,3,23,15,43.288681,-2.923652,DELIVERED,24,CLEAR,LOW
9895,2026-01-21 20:23:04,70.59,6,16,26,43.249608,-2.98386,DELIVERED,35,CLEAR,HIGH
9896,2026-01-27 20:15:00,27.6,2,23,25,43.263598,-2.970743,DELIVERED,22,RAIN,MEDIUM
9897,2026-01-06 22:59:06,69.68,5,32,21,43.238237,-2.970426,DELIVERED,12,CLEAR,HIGH
9898,2026-01-16 14:08:13,47.83,3,24,32,43.208631,-2.977978,DELIVERED,1,RAIN,HIGH
9899,2026-01-20 14:00:38,113.07,6,31,25,43.285587,-2.976515,DELIVERED,33,CLEAR,MEDIUM
9900,2026-01-26 13:32:29,16.93,1,19,21,43.238988,-2.914984,CANCELLED,1,CLEAR,MEDIUM
9901,2026-01-23 12:07:13,83.86,6,13,11,43.242142,-2.954319,DELIVERED,42,CLEAR,LOW
9902,2026-01-09 13:24:25,53.75,4,28,22,43.274042,-2.9715,CANCELLED,35,CLEAR,HIGH
9903,2026-01-31 06:24:13,26.96,3,12,16,43.241357,-2.971536,DELIVERED,7,CLEAR,MEDIUM
9904,2026-01-09 12:58:43,56.14,3,33,11,43.290486,-2.914118,DELIVERED,23,CLEAR,LOW
9905,2026-01-08 21:14:03,59.97,3,29,20,43.226369,-2.913455,DELIVERED,28,CLEAR,HIGH
9906,2026-01-14 06:38:15,19.03,2,17,14,43.213636,-2.981213,DELIVERED,4,CLEAR,LOW
9907,2026-01-11 03:58:21,50.15,5,19,17,43.266417,-2.974455,DELIVERED,19,CLEAR,LOW
9908,2026-01-11 02:09:40,19.4,2,17,19,43.209536,-2.975775,DELIVERED,19,CLEAR,MEDIUM
9909,2026-01-21 14:02:23,10.51,1,31,19,43.200637,-2.984653,DELIVERED,29,CLEAR,HIGH
9910,2026-01-13 10:18:11,37.64,3,11,29,43.224637,-2.909873,DELIVERED,27,RAIN,HIGH
9911,2026-01-13 13:47:00,18.23,1,20,25,43.28808,-2.931751,DELIVERED,27,CLEAR,HIGH
9912,2026-01-08 03:55:09,8.9,1,11,20,43.259117,-2.9823,DELIVERED,7,CLEAR,MEDIUM
9913,2026-01-03 08:12:53,27.95,3,16,19,43.266152,-2.884393,DELIVERED,31,CLEAR,MEDIUM
9914,2026-01-23 23:49:26,29.89,2,23,27,43.217705,-2.96855,DELIVERED,34,RAIN,MEDIUM
9915,2026-01-27 13:28:56,38.23,2,38,16,43.278204,-2.917288,DELIVERED,23,CLEAR,MEDIUM
9916,2026-01-05 12:07:47,107.46,6,29,27,43.262559,-2.917774,DELIVERED,23,CLEAR,HIGH
9917,2026-01-22 19:55:01,80.88,6,19,11,43.20978,-2.931662,DELIVERED,42,CLEAR,LOW
9918,2026-01-09 12:55:09,29.27,2,14,13,43.232929,-2.965381,DELIVERED,3,CLEAR,LOW
9919,2026-01-19 19:37:12,11.31,1,19,25,43.274961,-2.926833,DELIVERED,40,RAIN,LOW
9920,2026-01-19 14:43:13,34.63,3,30,17,43.228901,-2.933564,DELIVERED,19,CLEAR,MEDIUM
9921,2026-01-21 14:22:44,71.52,4,27,23,43.242686,-2.961114,DELIVERED,10,RAIN,HIGH
9922,2026-01-12 14:03:39,52.27,6,25,22,43.218151,-2.963137,DELIVERED,7,RAIN,HIGH
9923,2026-01-15 20:21:50,21.93,2,13,12,43.26667,-2.969321,DELIVERED,7,CLEAR,LOW
9924,2026-01-16 14:24:31,34.35,3,26,24,43.252681,-2.884573,DELIVERED,45,CLEAR,MEDIUM
9925,2026-01-10 10:48:50,14.41,1,13,20,43.258951,-2.940237,CANCELLED,21,CLEAR,LOW
9926,2026-01-03 14:06:53,26.46,2,19,29,43.225394,-2.883213,DELIVERED,8,CLEAR,HIGH
9927,2026-01-17 15:22:15,8.77,1,11,26,43.279053,-2.95899,DELIVERED,44,WIND,HIGH
9928,2026-01-26 12:16:09,52.0,5,13,17,43.26782,-2.980171,DELIVERED,47,CLEAR,MEDIUM
9929,2026-01-05 21:12:30,64.99,5,29,23,43.297245,-2.93741,DELIVERED,11,CLEAR,HIGH
9930,2026-01-27 21:59:01,11.86,1,17,22,43.284847,-2.934245,DELIVERED,40,RAIN,MEDIUM
9931,2026-01-26 20:08:13,92.98,5,27,13,43.248205,-2.961117,DELIVERED,28,CLEAR,LOW
9932,2026-01-25 02:47:32,45.52,5,8,11,43.209811,-2.954234,DELIVERED,49,CLEAR,LOW
9933,2026-01-30 20:48:10,22.83,1,30,21,43.215963,-2.940385,DELIVERED,18,CLEAR,MEDIUM
9934,2026-01-23 17:01:14,63.42,5,18,16,43.234057,-2.969785,DELIVERED,5,CLEAR,LOW
9935,2026-01-11 00:03:27,78.6,6,17,16,43.235604,-2.887575,DELIVERED,11,CLEAR,MEDIUM
9936,2026-01-13 11:17:47,8.01,1,16,14,43.259514,-2.896409,DELIVERED,19,CLEAR,LOW
9937,2026-01-12 09:42:44,58.96,6,8,16,43.221463,-2.95995,DELIVERED,43,CLEAR,MEDIUM
9938,2026-01-29 12:39:06,57.96,6,17,13,43.236834,-2.951707,DELIVERED,21,CLEAR,LOW
9939,2026-01-01 12:04:40,73.73,4,22,18,43.261851,-2.952904,DELIVERED,36,CLEAR,HIGH
9940,2026-01-31 12:04:25,41.67,3,23,17,43.251649,-2.883797,DELIVERED,12,CLEAR,MEDIUM
9941,2026-01-28 09:58:39,62.11,6,14,28,43.296716,-2.984286,DELIVERED,41,WIND,MEDIUM
9942,2026-01-20 22:00:20,54.69,4,34,27,43.221656,-2.918473,DELIVERED,48,WIND,HIGH
9943,2026-01-23 21:15:29,33.56,2,30,31,43.235933,-2.880744,DELIVERED,12,CLEAR,HIGH
9944,2026-01-27 14:17:43,40.24,3,28,18,43.201665,-2.967482,DELIVERED,22,CLEAR,HIGH
9945,2026-01-20 21:15:05,18.37,2,24,26,43.230025,-2.922934,DELIVERED,20,CLEAR,HIGH
9946,2026-01-10 14:58:10,18.17,2,23,23,43.294788,-2.957296,DELIVERED,37,CLEAR,MEDIUM
9947,2026-01-07 20:13:09,24.84,2,16,23,43.270752,-2.88903,DELIVERED,30,RAIN,LOW
9948,2026-01-25 09:55:23,67.13,5,15,12,43.234382,-2.968047,DELIVERED,42,CLEAR,LOW
9949,2026-01-11 12:36:52,18.27,2,18,16,43.236966,-2.880981,DELIVERED,21,CLEAR,LOW
9950,2026-01-25 05:05:20,52.88,5,16,17,43.211624,-2.929681,DELIVERED,26,RAIN,LOW
9951,2026-01-27 22:45:52,64.87,6,18,23,43.289257,-2.958015,DELIVERED,20,CLEAR,HIGH
9952,2026-01-30 22:25:00,46.18,3,27,19,43.205843,-2.905988,DELIVERED,32,RAIN,MEDIUM
9953,2026-01-26 02:36:41,7.54,1,9,11,43.24801,-2.98054,DELIVERED,37,CLEAR,LOW
9954,2026-01-09 11:31:12,59.24,4,22,17,43.264417,-2.9177,DELIVERED,48,RAIN,LOW
9955,2026-01-22 13:09:12,63.06,6,17,14,43.209757,-2.91838,DELIVERED,20,CLEAR,MEDIUM
9956,2026-01-01 13:12:41,17.98,1,22,21,43.229934,-2.939723,DELIVERED,1,CLEAR,MEDIUM
9957,2026-01-27 12:53:59,63.23,6,22,26,43.236642,-2.888041,DELIVERED,26,RAIN,MEDIUM
9958,2026-01-10 10:47:49,43.83,5,10,24,43.225972,-2.883543,DELIVERED,49,CLEAR,MEDIUM
9959,2026-01-18 12:20:52,29.3,3,8,20,43.277654,-2.938782,DELIVERED,43,CLEAR,LOW
9960,2026-01-23 19:43:58,88.53,5,30,19,43.260394,-2.934891,DELIVERED,18,CLEAR,LOW
9961,2026-01-21 12:11:10,29.33,3,13,18,43.269485,-2.894967,CANCELLED,21,CLEAR,LOW
9962,2026-01-19 15:38:15,41.37,3,20,23,43.291432,-2.987122,CANCELLED,25,CLEAR,MEDIUM
9963,2026-01-14 23:45:12,62.17,5,18,22,43.260577,-2.931616,DELIVERED,34,RAIN,LOW
9964,2026-01-04 20:40:46,53.53,6,12,13,43.291901,-2.94705,CANCELLED,16,CLEAR,LOW
9965,2026-01-13 22:27:47,73.59,5,26,31,43.27585,-2.928807,CANCELLED,14,WIND,HIGH
9966,2026-01-18 06:30:10,64.49,5,15,19,43.257626,-2.91003,DELIVERED,5,CLEAR,MEDIUM
9967,2026-01-31 07:53:38,31.7,2,23,16,43.289034,-2.88238,DELIVERED,12,CLEAR,LOW
9968,2026-01-07 14:15:18,53.17,4,22,25,43.227701,-2.970207,DELIVERED,35,CLEAR,HIGH
9969,2026-01-23 20:37:16,46.53,4,15,14,43.298834,-2.949072,DELIVERED,35,CLEAR,LOW
9970,2026-01-06 15:43:07,26.64,2,11,24,43.203683,-2.962848,DELIVERED,8,RAIN,HIGH
9971,2026-01-31 13:29:07,45.78,4,18,21,43.261732,-2.908217,DELIVERED,44,CLEAR,MEDIUM
9972,2026-01-30 07:27:20,28.73,3,14,18,43.224219,-2.92697,DELIVERED,15,CLEAR,LOW
9973,2026-01-30 13:58:46,27.5,2,26,15,43.211043,-2.937699,DELIVERED,13,CLEAR,MEDIUM
9974,2026-01-27 21:54:59,29.03,3,17,22,43.256535,-2.933096,DELIVERED,41,CLEAR,MEDIUM
9975,2026-01-11 12:08:32,13.38,1,19,19,43.283169,-2.95692,DELIVERED,13,CLEAR,MEDIUM
9976,2026-01-25 14:55:14,45.84,4,26,22,43.285024,-2.981473,DELIVERED,19,RAIN,MEDIUM
9977,2026-01-18 20:05:14,20.03,1,28,19,43.204632,-2.903592,DELIVERED,9,CLEAR,LOW
9978,2026-01-24 18:42:11,19.33,2,16,17,43.263998,-2.97171,DELIVERED,44,CLEAR,LOW
9979,2026-01-09 14:06:16,25.31,2,15,20,43.208352,-2.959168,DELIVERED,15,CLEAR,HIGH
9980,2026-01-27 07:16:28,17.67,1,20,26,43.240696,-2.939394,DELIVERED,25,WIND,HIGH
9981,2026-01-18 13:47:16,32.12,3,14,33,43.27915,-2.968948,DELIVERED,44,RAIN,HIGH
9982,2026-01-29 21:04:25,51.47,4,28,25,43.218316,-2.972342,DELIVERED,34,WIND,HIGH
9983,2026-01-23 21:05:08,31.93,3,27,24,43.225068,-2.913261,DELIVERED,26,CLEAR,HIGH
9984,2026-01-09 21:00:49,18.42,2,21,33,43.288961,-2.942714,DELIVERED,21,RAIN,HIGH
9985,2026-01-05 07:51:35,113.52,6,31,22,43.244982,-2.937178,DELIVERED,23,RAIN,LOW
9986,2026-01-09 07:35:32,52.27,4,15,21,43.267831,-2.925373,DELIVERED,5,WIND,MEDIUM
9987,2026-01-05 21:45:30,26.62,2,29,22,43.210918,-2.94623,DELIVERED,22,CLEAR,HIGH
9988,2026-01-06 13:50:07,36.58,2,29,18,43.217836,-2.908843,DELIVERED,10,CLEAR,HIGH
9989,2026-01-15 20:50:35,56.82,4,17,26,43.242171,-2.903713,DELIVERED,11,WIND,MEDIUM
9990,2026-01-23 19:13:10,52.31,6,13,17,43.279552,-2.910084,DELIVERED,49,WIND,LOW
9991,2026-01-16 19:24:33,42.33,3,21,19,43.253635,-2.918367,DELIVERED,25,CLEAR,LOW
9992,2026-01-18 13:30:43,59.29,6,21,32,43.206143,-2.911175,DELIVERED,37,RAIN,HIGH
9993,2026-01-04 16:54:16,43.16,3,18,15,43.215637,-2.953426,DELIVERED,48,CLEAR,MEDIUM
9994,2026-01-26 14:06:28,18.28,1,22,24,43.234995,-2.921704,DELIVERED,42,CLEAR,HIGH
9995,2026-01-30 23:56:10,54.67,6,8,24,43.256837,-2.925209,DELIVERED,37,RAIN,MEDIUM
9996,2026-01-19 12:43:21,26.08,2,24,15,43.229229,-2.880507,DELIVERED,12,CLEAR,MEDIUM
9997,2026-01-06 13:34:13,46.43,4,33,28,43.201651,-2.891892,DELIVERED,34,RAIN,HIGH
9998,2026-01-06 18:41:44,93.91,5,19,18,43.261108,-2.915136,DELIVERED,10,CLEAR,MEDIUM
9999,2026-01-24 23:17:32,66.4,5,19,19,43.22868,-2.956978,DELIVERED,46,CLEAR,MEDIUM
10000,2026-01-18 07:18:16,18.18,2,11,27,43.237712,-2.969185,DELIVERED,49,RAIN,LOW
